Using pre-set license
Built from '2022.3/respin/2022.3.62f2-4af31df585-v2' branch; Version is '2022.3.62f2 (7670c08855a9) revision 7762112'; Using compiler version '192829333'; Build Type 'Release'
OS: 'Windows 11  (10.0.22631) 64bit Core' Language: 'ru' Physical Memory: 16226 MB
BatchMode: 1, IsHumanControllingUs: 0, StartBugReporterOnCrash: 0, Is64bit: 1, IsPro: 1

COMMAND LINE ARGUMENTS:
C:\Users\Danila\UnityEditors\2022.3.62f2\Editor\Unity.exe
-adb2
-batchMode
-noUpm
-name
AssetImportWorker1
-projectPath
G:/GitHub/PopAndFly2dRunner/Pop-and-Fly-2D-Balloon-Game/2d Runner
-logFile
Logs/AssetImportWorker1.log
-srvPort
57764
Successfully changed project path to: G:/GitHub/PopAndFly2dRunner/Pop-and-Fly-2D-Balloon-Game/2d Runner
G:/GitHub/PopAndFly2dRunner/Pop-and-Fly-2D-Balloon-Game/2d Runner
[UnityMemory] Configuration Parameters - Can be set up in boot.config
    "memorysetup-bucket-allocator-granularity=16"
    "memorysetup-bucket-allocator-bucket-count=8"
    "memorysetup-bucket-allocator-block-size=33554432"
    "memorysetup-bucket-allocator-block-count=8"
    "memorysetup-main-allocator-block-size=16777216"
    "memorysetup-thread-allocator-block-size=16777216"
    "memorysetup-gfx-main-allocator-block-size=16777216"
    "memorysetup-gfx-thread-allocator-block-size=16777216"
    "memorysetup-cache-allocator-block-size=4194304"
    "memorysetup-typetree-allocator-block-size=2097152"
    "memorysetup-profiler-bucket-allocator-granularity=16"
    "memorysetup-profiler-bucket-allocator-bucket-count=8"
    "memorysetup-profiler-bucket-allocator-block-size=33554432"
    "memorysetup-profiler-bucket-allocator-block-count=8"
    "memorysetup-profiler-allocator-block-size=16777216"
    "memorysetup-profiler-editor-allocator-block-size=1048576"
    "memorysetup-temp-allocator-size-main=16777216"
    "memorysetup-job-temp-allocator-block-size=2097152"
    "memorysetup-job-temp-allocator-block-size-background=1048576"
    "memorysetup-job-temp-allocator-reduction-small-platforms=262144"
    "memorysetup-allocator-temp-initial-block-size-main=262144"
    "memorysetup-allocator-temp-initial-block-size-worker=262144"
    "memorysetup-temp-allocator-size-background-worker=32768"
    "memorysetup-temp-allocator-size-job-worker=262144"
    "memorysetup-temp-allocator-size-preload-manager=33554432"
    "memorysetup-temp-allocator-size-nav-mesh-worker=65536"
    "memorysetup-temp-allocator-size-audio-worker=65536"
    "memorysetup-temp-allocator-size-cloud-worker=32768"
    "memorysetup-temp-allocator-size-gi-baking-worker=262144"
    "memorysetup-temp-allocator-size-gfx=262144"
Player connection [34084]  Target information:

Player connection [34084]  * "[IP] 172.25.128.1 [Port] 0 [Flags] 2 [Guid] 1665542801 [EditorId] 1665542801 [Version] 1048832 [Id] WindowsEditor(7,DESKTOP-2G3Q8K8) [Debug] 1 [PackageName] WindowsEditor [ProjectName] Editor" 

Player connection [34084]  * "[IP] 169.254.53.60 [Port] 0 [Flags] 2 [Guid] 1665542801 [EditorId] 1665542801 [Version] 1048832 [Id] WindowsEditor(7,DESKTOP-2G3Q8K8) [Debug] 1 [PackageName] WindowsEditor [ProjectName] Editor" 

Player connection [34084]  * "[IP] 192.168.1.12 [Port] 0 [Flags] 2 [Guid] 1665542801 [EditorId] 1665542801 [Version] 1048832 [Id] WindowsEditor(7,DESKTOP-2G3Q8K8) [Debug] 1 [PackageName] WindowsEditor [ProjectName] Editor" 

Player connection [34084] Host joined multi-casting on [225.0.0.222:54997]...
Player connection [34084] Host joined alternative multi-casting on [225.0.0.222:34997]...
Input System module state changed to: Initialized.
[PhysX] Initialized MultithreadedTaskDispatcher with 8 workers.
Refreshing native plugins compatible for Editor in 219.11 ms, found 2 plugins.
Preloading 0 native plugins for Editor in 0.00 ms.
Initialize engine version: 2022.3.62f2 (7670c08855a9)
[Subsystems] Discovering subsystems at path C:/Users/Danila/UnityEditors/2022.3.62f2/Editor/Data/Resources/UnitySubsystems
[Subsystems] Discovering subsystems at path G:/GitHub/PopAndFly2dRunner/Pop-and-Fly-2D-Balloon-Game/2d Runner/Assets
GfxDevice: creating device client; threaded=0; jobified=0
Direct3D:
    Version:  Direct3D 11.0 [level 11.1]
    Renderer: NVIDIA GeForce GTX 1650 with Max-Q Design (ID=0x1f99)
    Vendor:   NVIDIA
    VRAM:     3935 MB
    Driver:   32.0.16.1074
Initialize mono
Mono path[0] = 'C:/Users/Danila/UnityEditors/2022.3.62f2/Editor/Data/Managed'
Mono path[1] = 'C:/Users/Danila/UnityEditors/2022.3.62f2/Editor/Data/MonoBleedingEdge/lib/mono/unityjit-win32'
Mono config path = 'C:/Users/Danila/UnityEditors/2022.3.62f2/Editor/Data/MonoBleedingEdge/etc'
Using monoOptions --debugger-agent=transport=dt_socket,embedding=1,server=y,suspend=n,address=127.0.0.1:56984
Begin MonoManager ReloadAssembly
Registering precompiled unity dll's ...
Register platform support module: C:/Users/Danila/UnityEditors/2022.3.62f2/Editor/Data/PlaybackEngines/WebGLSupport/UnityEditor.WebGL.Extensions.dll
Register platform support module: C:/Users/Danila/UnityEditors/2022.3.62f2/Editor/Data/PlaybackEngines/AndroidPlayer/UnityEditor.Android.Extensions.dll
Register platform support module: C:/Users/Danila/UnityEditors/2022.3.62f2/Editor/Data/PlaybackEngines/iOSSupport/UnityEditor.iOS.Extensions.dll
Register platform support module: C:/Users/Danila/UnityEditors/2022.3.62f2/Editor/Data/PlaybackEngines/WindowsStandaloneSupport/UnityEditor.WindowsStandalone.Extensions.dll
Registered in 0.016179 seconds.
- Loaded All Assemblies, in  1.714 seconds
Native extension for WindowsStandalone target not found
[usbmuxd] Start listen thread
[usbmuxd] Listen thread started
Native extension for iOS target not found
Native extension for Android target not found
Android Extension - Scanning For ADB Devices 492 ms
Native extension for WebGL target not found
Mono: successfully reloaded assembly
- Finished resetting the current domain, in  0.954 seconds
Domain Reload Profiling: 2665ms
	BeginReloadAssembly (222ms)
		ExecutionOrderSort (0ms)
		DisableScriptedObjects (0ms)
		BackupInstance (0ms)
		ReleaseScriptingObjects (0ms)
		CreateAndSetChildDomain (1ms)
	RebuildCommonClasses (353ms)
	RebuildNativeTypeToScriptingClass (18ms)
	initialDomainReloadingComplete (88ms)
	LoadAllAssembliesAndSetupDomain (1029ms)
		LoadAssemblies (225ms)
		RebuildTransferFunctionScriptingTraits (0ms)
		AnalyzeDomain (1021ms)
			TypeCache.Refresh (1019ms)
				TypeCache.ScanAssembly (579ms)
			ScanForSourceGeneratedMonoScriptInfo (0ms)
			ResolveRequiredComponents (1ms)
	FinalizeReload (954ms)
		ReleaseScriptCaches (0ms)
		RebuildScriptCaches (0ms)
		SetupLoadedEditorAssemblies (888ms)
			LogAssemblyErrors (0ms)
			InitializePlatformSupportModulesInManaged (657ms)
			SetLoadedEditorAssemblies (4ms)
			RefreshPlugins (0ms)
			BeforeProcessingInitializeOnLoad (3ms)
			ProcessInitializeOnLoadAttributes (150ms)
			ProcessInitializeOnLoadMethodAttributes (74ms)
			AfterProcessingInitializeOnLoad (0ms)
			EditorAssembliesLoaded (0ms)
		ExecutionOrderSort2 (0ms)
		AwakeInstancesAfterBackupRestoration (0ms)
========================================================================
Worker process is ready to serve import requests
Caller must complete domain reload
Begin MonoManager ReloadAssembly
Symbol file LoadedFromMemory is not a mono symbol file
- Loaded All Assemblies, in  3.691 seconds
Native extension for WindowsStandalone target not found
Native extension for iOS target not found
Native extension for Android target not found
Native extension for WebGL target not found
Asset Pipeline Refresh (id=90253d79256ed144594f7d9313d43658): Total: 0.000 seconds - Initiated by StopAssetImportingV2(NoUpdateAssetOptions)
[ScriptCompilation] NOT recompiling all scripts because this is an import worker process. Reason to compile was: Define symbols changed
[ScriptCompilation] NOT recompiling all scripts because this is an import worker process. Reason to compile was: Define symbols changed
Mono: successfully reloaded assembly
- Finished resetting the current domain, in  1.514 seconds
Domain Reload Profiling: 5201ms
	BeginReloadAssembly (230ms)
		ExecutionOrderSort (0ms)
		DisableScriptedObjects (6ms)
		BackupInstance (0ms)
		ReleaseScriptingObjects (0ms)
		CreateAndSetChildDomain (44ms)
	RebuildCommonClasses (61ms)
	RebuildNativeTypeToScriptingClass (26ms)
	initialDomainReloadingComplete (43ms)
	LoadAllAssembliesAndSetupDomain (3326ms)
		LoadAssemblies (2741ms)
		RebuildTransferFunctionScriptingTraits (0ms)
		AnalyzeDomain (702ms)
			TypeCache.Refresh (653ms)
				TypeCache.ScanAssembly (555ms)
			ScanForSourceGeneratedMonoScriptInfo (40ms)
			ResolveRequiredComponents (7ms)
	FinalizeReload (1515ms)
		ReleaseScriptCaches (0ms)
		RebuildScriptCaches (0ms)
		SetupLoadedEditorAssemblies (1224ms)
			LogAssemblyErrors (0ms)
			InitializePlatformSupportModulesInManaged (52ms)
			SetLoadedEditorAssemblies (7ms)
			RefreshPlugins (0ms)
			BeforeProcessingInitializeOnLoad (105ms)
			ProcessInitializeOnLoadAttributes (722ms)
			ProcessInitializeOnLoadMethodAttributes (326ms)
			AfterProcessingInitializeOnLoad (12ms)
			EditorAssembliesLoaded (0ms)
		ExecutionOrderSort2 (0ms)
		AwakeInstancesAfterBackupRestoration (10ms)
Launched and connected shader compiler UnityShaderCompiler.exe after 0.10 seconds
Refreshing native plugins compatible for Editor in 16.64 ms, found 2 plugins.
Preloading 0 native plugins for Editor in 0.00 ms.
Unloading 3837 Unused Serialized files (Serialized files now loaded: 0)
Unloading 25 unused Assets / (53.6 KB). Loaded Objects now: 4317.
Memory consumption went from 144.0 MB to 144.0 MB.
Total: 10.163200 ms (FindLiveObjects: 0.323500 ms CreateObjectMapping: 0.315600 ms MarkObjects: 9.417800 ms  DeleteObjects: 0.104700 ms)

AssetImportParameters requested are different than current active one (requested -> active):
  custom:container-demuxer-ogg: 62fdf1f143b41e24485cea50d1cbac27 -> 
  custom:video-decoder-ogg-theora: a1e56fd34408186e4bbccfd4996cb3dc -> 
  custom:framework-win-MediaFoundation: 216162199b28c13a410421893ffa2e32 -> 
  custom:CustomObjectIndexerAttribute: 9a22284fe3817be447336de3de66b15e -> 
  custom:container-demuxer-webm: 4f35f7cbe854078d1ac9338744f61a02 -> 
  custom:container-muxer-webm: aa71ff27fc2769a1b78a27578f13a17b -> 
  custom:video-decoder-webm-vp8: 9c59270c3fd7afecdb556c50c9e8de78 -> 
  custom:SearchIndexIgnoredProperties: e643bd26f0fe6173181afceb89e7c659 -> 
  custom:AudioImporter_EditorPlatform: d09bf68614088b80899f8185d706f6e7 -> 
  custom:video-encoder-webm-vp8: eb34c28f22e8b96e1ab97ce403110664 -> 
  custom:audio-decoder-ogg-vorbis: bf7c407c2cedff20999df2af8eb42d56 -> 
  custom:audio-encoder-webm-vorbis: bf7c407c2cedff20999df2af8eb42d56 -> 
========================================================================
Received Import Request.
  Time since last request: 1707860.093828 seconds.
  path: Assets/Audio/Button.wav
  artifactKey: Guid(72fb5b73bd125f44387aa3cb054aaab0) Importer(815301076,1909f56bfc062723c751e8b465ee728b)
Start importing Assets/Audio/Button.wav using Guid(72fb5b73bd125f44387aa3cb054aaab0) Importer(815301076,1909f56bfc062723c751e8b465ee728b) [PhysX] Initialized MultithreadedTaskDispatcher with 8 workers.
[PhysX] Initialized MultithreadedTaskDispatcher with 8 workers.
 -> (artifact id: '46e6d66ef08867ea635be80b1c6816ed') in 0.118351 seconds
Number of updated asset objects reloaded before import = 0
Number of asset objects unloaded after import = 2
========================================================================
Received Import Request.
  Time since last request: 0.000038 seconds.
  path: Assets/Audio/звуки кнопок.wav
  artifactKey: Guid(1eb5e40fd42a1fc4aa4344a1eafb7e3e) Importer(815301076,1909f56bfc062723c751e8b465ee728b)
Start importing Assets/Audio/звуки кнопок.wav using Guid(1eb5e40fd42a1fc4aa4344a1eafb7e3e) Importer(815301076,1909f56bfc062723c751e8b465ee728b) [PhysX] Initialized MultithreadedTaskDispatcher with 8 workers.
[PhysX] Initialized MultithreadedTaskDispatcher with 8 workers.
 -> (artifact id: '35a65a36116568a5a1105f8bb88f92cd') in 0.021510 seconds
Number of updated asset objects reloaded before import = 0
Number of asset objects unloaded after import = 2
========================================================================
Received Prepare
Caller must complete domain reload
Begin MonoManager ReloadAssembly
Symbol file LoadedFromMemory is not a mono symbol file
- Loaded All Assemblies, in  0.881 seconds
Native extension for WindowsStandalone target not found
Native extension for iOS target not found
Native extension for Android target not found
Native extension for WebGL target not found
Asset Pipeline Refresh (id=1c4bb617a7866a741b47ca1b8934da91): Total: 0.000 seconds - Initiated by StopAssetImportingV2(NoUpdateAssetOptions)
[ScriptCompilation] NOT recompiling all scripts because this is an import worker process. Reason to compile was: Define symbols changed
[ScriptCompilation] NOT recompiling all scripts because this is an import worker process. Reason to compile was: Define symbols changed
Mono: successfully reloaded assembly
- Finished resetting the current domain, in  1.348 seconds
Domain Reload Profiling: 2227ms
	BeginReloadAssembly (493ms)
		ExecutionOrderSort (0ms)
		DisableScriptedObjects (8ms)
		BackupInstance (0ms)
		ReleaseScriptingObjects (0ms)
		CreateAndSetChildDomain (56ms)
	RebuildCommonClasses (38ms)
	RebuildNativeTypeToScriptingClass (12ms)
	initialDomainReloadingComplete (33ms)
	LoadAllAssembliesAndSetupDomain (301ms)
		LoadAssemblies (358ms)
		RebuildTransferFunctionScriptingTraits (0ms)
		AnalyzeDomain (37ms)
			TypeCache.Refresh (16ms)
				TypeCache.ScanAssembly (4ms)
			ScanForSourceGeneratedMonoScriptInfo (15ms)
			ResolveRequiredComponents (5ms)
	FinalizeReload (1349ms)
		ReleaseScriptCaches (0ms)
		RebuildScriptCaches (0ms)
		SetupLoadedEditorAssemblies (761ms)
			LogAssemblyErrors (0ms)
			InitializePlatformSupportModulesInManaged (38ms)
			SetLoadedEditorAssemblies (6ms)
			RefreshPlugins (0ms)
			BeforeProcessingInitializeOnLoad (84ms)
			ProcessInitializeOnLoadAttributes (400ms)
			ProcessInitializeOnLoadMethodAttributes (224ms)
			AfterProcessingInitializeOnLoad (8ms)
			EditorAssembliesLoaded (0ms)
		ExecutionOrderSort2 (0ms)
		AwakeInstancesAfterBackupRestoration (6ms)
Refreshing native plugins compatible for Editor in 20.81 ms, found 2 plugins.
Preloading 0 native plugins for Editor in 0.00 ms.
Unloading 3816 Unused Serialized files (Serialized files now loaded: 0)
Unloading 16 unused Assets / (27.5 KB). Loaded Objects now: 4329.
Memory consumption went from 138.9 MB to 138.8 MB.
Total: 9.506200 ms (FindLiveObjects: 0.418800 ms CreateObjectMapping: 0.430500 ms MarkObjects: 8.602700 ms  DeleteObjects: 0.052800 ms)

Prepare: number of updated asset objects reloaded= 0
AssetImportParameters requested are different than current active one (requested -> active):
  custom:container-demuxer-ogg: 62fdf1f143b41e24485cea50d1cbac27 -> 
  custom:video-decoder-ogg-theora: a1e56fd34408186e4bbccfd4996cb3dc -> 
  custom:framework-win-MediaFoundation: 216162199b28c13a410421893ffa2e32 -> 
  custom:CustomObjectIndexerAttribute: 9a22284fe3817be447336de3de66b15e -> 
  custom:container-demuxer-webm: 4f35f7cbe854078d1ac9338744f61a02 -> 
  custom:container-muxer-webm: aa71ff27fc2769a1b78a27578f13a17b -> 
  custom:video-decoder-webm-vp8: 9c59270c3fd7afecdb556c50c9e8de78 -> 
  custom:SearchIndexIgnoredProperties: e643bd26f0fe6173181afceb89e7c659 -> 
  custom:AudioImporter_EditorPlatform: d09bf68614088b80899f8185d706f6e7 -> 
  custom:video-encoder-webm-vp8: eb34c28f22e8b96e1ab97ce403110664 -> 
  custom:audio-decoder-ogg-vorbis: bf7c407c2cedff20999df2af8eb42d56 -> 
  custom:audio-encoder-webm-vorbis: bf7c407c2cedff20999df2af8eb42d56 -> 
========================================================================
Received Prepare
Caller must complete domain reload
Begin MonoManager ReloadAssembly
Symbol file LoadedFromMemory is not a mono symbol file
- Loaded All Assemblies, in  1.040 seconds
Native extension for WindowsStandalone target not found
Native extension for iOS target not found
Native extension for Android target not found
Native extension for WebGL target not found
Asset Pipeline Refresh (id=542585a272c92de4c990f531f5c90e2d): Total: 0.000 seconds - Initiated by StopAssetImportingV2(NoUpdateAssetOptions)
[ScriptCompilation] NOT recompiling all scripts because this is an import worker process. Reason to compile was: Define symbols changed
[ScriptCompilation] NOT recompiling all scripts because this is an import worker process. Reason to compile was: Define symbols changed
Mono: successfully reloaded assembly
- Finished resetting the current domain, in  1.916 seconds
Domain Reload Profiling: 2954ms
	BeginReloadAssembly (565ms)
		ExecutionOrderSort (0ms)
		DisableScriptedObjects (12ms)
		BackupInstance (0ms)
		ReleaseScriptingObjects (0ms)
		CreateAndSetChildDomain (51ms)
	RebuildCommonClasses (63ms)
	RebuildNativeTypeToScriptingClass (13ms)
	initialDomainReloadingComplete (38ms)
	LoadAllAssembliesAndSetupDomain (359ms)
		LoadAssemblies (474ms)
		RebuildTransferFunctionScriptingTraits (0ms)
		AnalyzeDomain (21ms)
			TypeCache.Refresh (8ms)
				TypeCache.ScanAssembly (0ms)
			ScanForSourceGeneratedMonoScriptInfo (0ms)
			ResolveRequiredComponents (11ms)
	FinalizeReload (1917ms)
		ReleaseScriptCaches (0ms)
		RebuildScriptCaches (0ms)
		SetupLoadedEditorAssemblies (1212ms)
			LogAssemblyErrors (0ms)
			InitializePlatformSupportModulesInManaged (62ms)
			SetLoadedEditorAssemblies (8ms)
			RefreshPlugins (0ms)
			BeforeProcessingInitializeOnLoad (128ms)
			ProcessInitializeOnLoadAttributes (640ms)
			ProcessInitializeOnLoadMethodAttributes (364ms)
			AfterProcessingInitializeOnLoad (10ms)
			EditorAssembliesLoaded (0ms)
		ExecutionOrderSort2 (0ms)
		AwakeInstancesAfterBackupRestoration (9ms)
Refreshing native plugins compatible for Editor in 16.40 ms, found 2 plugins.
Preloading 0 native plugins for Editor in 0.00 ms.
Unloading 3817 Unused Serialized files (Serialized files now loaded: 0)
Unloading 16 unused Assets / (27.6 KB). Loaded Objects now: 4332.
Memory consumption went from 139.1 MB to 139.1 MB.
Total: 10.849900 ms (FindLiveObjects: 0.491300 ms CreateObjectMapping: 0.345900 ms MarkObjects: 9.951800 ms  DeleteObjects: 0.059400 ms)

Prepare: number of updated asset objects reloaded= 0
AssetImportParameters requested are different than current active one (requested -> active):
  custom:container-demuxer-ogg: 62fdf1f143b41e24485cea50d1cbac27 -> 
  custom:video-decoder-ogg-theora: a1e56fd34408186e4bbccfd4996cb3dc -> 
  custom:framework-win-MediaFoundation: 216162199b28c13a410421893ffa2e32 -> 
  custom:CustomObjectIndexerAttribute: 9a22284fe3817be447336de3de66b15e -> 
  custom:container-demuxer-webm: 4f35f7cbe854078d1ac9338744f61a02 -> 
  custom:container-muxer-webm: aa71ff27fc2769a1b78a27578f13a17b -> 
  custom:video-decoder-webm-vp8: 9c59270c3fd7afecdb556c50c9e8de78 -> 
  custom:SearchIndexIgnoredProperties: e643bd26f0fe6173181afceb89e7c659 -> 
  custom:AudioImporter_EditorPlatform: d09bf68614088b80899f8185d706f6e7 -> 
  custom:video-encoder-webm-vp8: eb34c28f22e8b96e1ab97ce403110664 -> 
  custom:audio-decoder-ogg-vorbis: bf7c407c2cedff20999df2af8eb42d56 -> 
  custom:audio-encoder-webm-vorbis: bf7c407c2cedff20999df2af8eb42d56 -> 
========================================================================
Received Prepare
Caller must complete domain reload
Begin MonoManager ReloadAssembly
Symbol file LoadedFromMemory is not a mono symbol file
- Loaded All Assemblies, in  2.936 seconds
Native extension for WindowsStandalone target not found
Native extension for iOS target not found
Native extension for Android target not found
Native extension for WebGL target not found
Asset Pipeline Refresh (id=197d213eb1b672e4583a2f0f234b4bc7): Total: 0.000 seconds - Initiated by StopAssetImportingV2(NoUpdateAssetOptions)
[ScriptCompilation] NOT recompiling all scripts because this is an import worker process. Reason to compile was: Define symbols changed
[ScriptCompilation] NOT recompiling all scripts because this is an import worker process. Reason to compile was: Define symbols changed
Mono: successfully reloaded assembly
- Finished resetting the current domain, in  4.211 seconds
Domain Reload Profiling: 7136ms
	BeginReloadAssembly (1823ms)
		ExecutionOrderSort (0ms)
		DisableScriptedObjects (7ms)
		BackupInstance (0ms)
		ReleaseScriptingObjects (0ms)
		CreateAndSetChildDomain (209ms)
	RebuildCommonClasses (142ms)
	RebuildNativeTypeToScriptingClass (54ms)
	initialDomainReloadingComplete (108ms)
	LoadAllAssembliesAndSetupDomain (797ms)
		LoadAssemblies (1106ms)
		RebuildTransferFunctionScriptingTraits (0ms)
		AnalyzeDomain (33ms)
			TypeCache.Refresh (15ms)
				TypeCache.ScanAssembly (0ms)
			ScanForSourceGeneratedMonoScriptInfo (0ms)
			ResolveRequiredComponents (16ms)
	FinalizeReload (4212ms)
		ReleaseScriptCaches (0ms)
		RebuildScriptCaches (0ms)
		SetupLoadedEditorAssemblies (1910ms)
			LogAssemblyErrors (0ms)
			InitializePlatformSupportModulesInManaged (64ms)
			SetLoadedEditorAssemblies (8ms)
			RefreshPlugins (0ms)
			BeforeProcessingInitializeOnLoad (192ms)
			ProcessInitializeOnLoadAttributes (1138ms)
			ProcessInitializeOnLoadMethodAttributes (486ms)
			AfterProcessingInitializeOnLoad (20ms)
			EditorAssembliesLoaded (1ms)
		ExecutionOrderSort2 (0ms)
		AwakeInstancesAfterBackupRestoration (16ms)
Refreshing native plugins compatible for Editor in 40.37 ms, found 2 plugins.
Preloading 0 native plugins for Editor in 0.00 ms.
Unloading 3817 Unused Serialized files (Serialized files now loaded: 0)
Unloading 16 unused Assets / (27.6 KB). Loaded Objects now: 4335.
Memory consumption went from 139.1 MB to 139.1 MB.
Total: 16.366700 ms (FindLiveObjects: 0.510000 ms CreateObjectMapping: 0.414800 ms MarkObjects: 15.367600 ms  DeleteObjects: 0.072700 ms)

Prepare: number of updated asset objects reloaded= 0
AssetImportParameters requested are different than current active one (requested -> active):
  custom:container-demuxer-ogg: 62fdf1f143b41e24485cea50d1cbac27 -> 
  custom:video-decoder-ogg-theora: a1e56fd34408186e4bbccfd4996cb3dc -> 
  custom:framework-win-MediaFoundation: 216162199b28c13a410421893ffa2e32 -> 
  custom:CustomObjectIndexerAttribute: 9a22284fe3817be447336de3de66b15e -> 
  custom:container-demuxer-webm: 4f35f7cbe854078d1ac9338744f61a02 -> 
  custom:container-muxer-webm: aa71ff27fc2769a1b78a27578f13a17b -> 
  custom:video-decoder-webm-vp8: 9c59270c3fd7afecdb556c50c9e8de78 -> 
  custom:SearchIndexIgnoredProperties: e643bd26f0fe6173181afceb89e7c659 -> 
  custom:AudioImporter_EditorPlatform: d09bf68614088b80899f8185d706f6e7 -> 
  custom:video-encoder-webm-vp8: eb34c28f22e8b96e1ab97ce403110664 -> 
  custom:audio-decoder-ogg-vorbis: bf7c407c2cedff20999df2af8eb42d56 -> 
  custom:audio-encoder-webm-vorbis: bf7c407c2cedff20999df2af8eb42d56 -> 
========================================================================
Received Prepare
Caller must complete domain reload
Begin MonoManager ReloadAssembly
Symbol file LoadedFromMemory is not a mono symbol file
- Loaded All Assemblies, in  1.945 seconds
Native extension for WindowsStandalone target not found
Native extension for iOS target not found
Native extension for Android target not found
Native extension for WebGL target not found
Asset Pipeline Refresh (id=9a0ba63b3db98c3478fd88ec70bca35a): Total: 0.000 seconds - Initiated by StopAssetImportingV2(NoUpdateAssetOptions)
[ScriptCompilation] NOT recompiling all scripts because this is an import worker process. Reason to compile was: Define symbols changed
[ScriptCompilation] NOT recompiling all scripts because this is an import worker process. Reason to compile was: Define symbols changed
Mono: successfully reloaded assembly
- Finished resetting the current domain, in  2.793 seconds
Domain Reload Profiling: 4737ms
	BeginReloadAssembly (1358ms)
		ExecutionOrderSort (0ms)
		DisableScriptedObjects (10ms)
		BackupInstance (0ms)
		ReleaseScriptingObjects (0ms)
		CreateAndSetChildDomain (75ms)
	RebuildCommonClasses (50ms)
	RebuildNativeTypeToScriptingClass (19ms)
	initialDomainReloadingComplete (43ms)
	LoadAllAssembliesAndSetupDomain (473ms)
		LoadAssemblies (581ms)
		RebuildTransferFunctionScriptingTraits (0ms)
		AnalyzeDomain (19ms)
			TypeCache.Refresh (9ms)
				TypeCache.ScanAssembly (0ms)
			ScanForSourceGeneratedMonoScriptInfo (0ms)
			ResolveRequiredComponents (9ms)
	FinalizeReload (2795ms)
		ReleaseScriptCaches (0ms)
		RebuildScriptCaches (0ms)
		SetupLoadedEditorAssemblies (994ms)
			LogAssemblyErrors (0ms)
			InitializePlatformSupportModulesInManaged (45ms)
			SetLoadedEditorAssemblies (5ms)
			RefreshPlugins (0ms)
			BeforeProcessingInitializeOnLoad (138ms)
			ProcessInitializeOnLoadAttributes (541ms)
			ProcessInitializeOnLoadMethodAttributes (253ms)
			AfterProcessingInitializeOnLoad (11ms)
			EditorAssembliesLoaded (0ms)
		ExecutionOrderSort2 (0ms)
		AwakeInstancesAfterBackupRestoration (10ms)
Refreshing native plugins compatible for Editor in 20.19 ms, found 2 plugins.
Preloading 0 native plugins for Editor in 0.00 ms.
Unloading 3817 Unused Serialized files (Serialized files now loaded: 0)
Unloading 16 unused Assets / (27.6 KB). Loaded Objects now: 4338.
Memory consumption went from 139.1 MB to 139.1 MB.
Total: 37.721400 ms (FindLiveObjects: 0.808000 ms CreateObjectMapping: 0.587500 ms MarkObjects: 36.207200 ms  DeleteObjects: 0.116900 ms)

Prepare: number of updated asset objects reloaded= 0
AssetImportParameters requested are different than current active one (requested -> active):
  custom:container-demuxer-ogg: 62fdf1f143b41e24485cea50d1cbac27 -> 
  custom:video-decoder-ogg-theora: a1e56fd34408186e4bbccfd4996cb3dc -> 
  custom:framework-win-MediaFoundation: 216162199b28c13a410421893ffa2e32 -> 
  custom:CustomObjectIndexerAttribute: 9a22284fe3817be447336de3de66b15e -> 
  custom:container-demuxer-webm: 4f35f7cbe854078d1ac9338744f61a02 -> 
  custom:container-muxer-webm: aa71ff27fc2769a1b78a27578f13a17b -> 
  custom:video-decoder-webm-vp8: 9c59270c3fd7afecdb556c50c9e8de78 -> 
  custom:SearchIndexIgnoredProperties: e643bd26f0fe6173181afceb89e7c659 -> 
  custom:AudioImporter_EditorPlatform: d09bf68614088b80899f8185d706f6e7 -> 
  custom:video-encoder-webm-vp8: eb34c28f22e8b96e1ab97ce403110664 -> 
  custom:audio-decoder-ogg-vorbis: bf7c407c2cedff20999df2af8eb42d56 -> 
  custom:audio-encoder-webm-vorbis: bf7c407c2cedff20999df2af8eb42d56 -> 
========================================================================
Received Prepare
Caller must complete domain reload
Begin MonoManager ReloadAssembly
Symbol file LoadedFromMemory is not a mono symbol file
- Loaded All Assemblies, in  1.732 seconds
Native extension for WindowsStandalone target not found
Native extension for iOS target not found
Native extension for Android target not found
Native extension for WebGL target not found
Asset Pipeline Refresh (id=e21bfe5e63a94f644919e3953fa9e11d): Total: 0.000 seconds - Initiated by StopAssetImportingV2(NoUpdateAssetOptions)
[ScriptCompilation] NOT recompiling all scripts because this is an import worker process. Reason to compile was: Define symbols changed
[ScriptCompilation] NOT recompiling all scripts because this is an import worker process. Reason to compile was: Define symbols changed
Mono: successfully reloaded assembly
- Finished resetting the current domain, in  2.897 seconds
Domain Reload Profiling: 4627ms
	BeginReloadAssembly (941ms)
		ExecutionOrderSort (0ms)
		DisableScriptedObjects (17ms)
		BackupInstance (0ms)
		ReleaseScriptingObjects (0ms)
		CreateAndSetChildDomain (56ms)
	RebuildCommonClasses (55ms)
	RebuildNativeTypeToScriptingClass (21ms)
	initialDomainReloadingComplete (50ms)
	LoadAllAssembliesAndSetupDomain (662ms)
		LoadAssemblies (858ms)
		RebuildTransferFunctionScriptingTraits (0ms)
		AnalyzeDomain (39ms)
			TypeCache.Refresh (13ms)
				TypeCache.ScanAssembly (0ms)
			ScanForSourceGeneratedMonoScriptInfo (1ms)
			ResolveRequiredComponents (23ms)
	FinalizeReload (2898ms)
		ReleaseScriptCaches (0ms)
		RebuildScriptCaches (0ms)
		SetupLoadedEditorAssemblies (1613ms)
			LogAssemblyErrors (0ms)
			InitializePlatformSupportModulesInManaged (87ms)
			SetLoadedEditorAssemblies (10ms)
			RefreshPlugins (0ms)
			BeforeProcessingInitializeOnLoad (176ms)
			ProcessInitializeOnLoadAttributes (948ms)
			ProcessInitializeOnLoadMethodAttributes (378ms)
			AfterProcessingInitializeOnLoad (13ms)
			EditorAssembliesLoaded (1ms)
		ExecutionOrderSort2 (0ms)
		AwakeInstancesAfterBackupRestoration (10ms)
Refreshing native plugins compatible for Editor in 21.98 ms, found 2 plugins.
Preloading 0 native plugins for Editor in 0.00 ms.
Unloading 3817 Unused Serialized files (Serialized files now loaded: 0)
Unloading 16 unused Assets / (27.5 KB). Loaded Objects now: 4341.
Memory consumption went from 139.1 MB to 139.1 MB.
Total: 11.382100 ms (FindLiveObjects: 0.426400 ms CreateObjectMapping: 0.528900 ms MarkObjects: 10.362500 ms  DeleteObjects: 0.062600 ms)

Prepare: number of updated asset objects reloaded= 0
AssetImportParameters requested are different than current active one (requested -> active):
  custom:container-demuxer-ogg: 62fdf1f143b41e24485cea50d1cbac27 -> 
  custom:video-decoder-ogg-theora: a1e56fd34408186e4bbccfd4996cb3dc -> 
  custom:framework-win-MediaFoundation: 216162199b28c13a410421893ffa2e32 -> 
  custom:CustomObjectIndexerAttribute: 9a22284fe3817be447336de3de66b15e -> 
  custom:container-demuxer-webm: 4f35f7cbe854078d1ac9338744f61a02 -> 
  custom:container-muxer-webm: aa71ff27fc2769a1b78a27578f13a17b -> 
  custom:video-decoder-webm-vp8: 9c59270c3fd7afecdb556c50c9e8de78 -> 
  custom:SearchIndexIgnoredProperties: e643bd26f0fe6173181afceb89e7c659 -> 
  custom:AudioImporter_EditorPlatform: d09bf68614088b80899f8185d706f6e7 -> 
  custom:video-encoder-webm-vp8: eb34c28f22e8b96e1ab97ce403110664 -> 
  custom:audio-decoder-ogg-vorbis: bf7c407c2cedff20999df2af8eb42d56 -> 
  custom:audio-encoder-webm-vorbis: bf7c407c2cedff20999df2af8eb42d56 -> 
========================================================================
Received Prepare
Caller must complete domain reload
Begin MonoManager ReloadAssembly
Symbol file LoadedFromMemory is not a mono symbol file
- Loaded All Assemblies, in  0.895 seconds
Native extension for WindowsStandalone target not found
Native extension for iOS target not found
Native extension for Android target not found
Native extension for WebGL target not found
Asset Pipeline Refresh (id=0b46022026647884cbc09517182f67be): Total: 0.000 seconds - Initiated by StopAssetImportingV2(NoUpdateAssetOptions)
[ScriptCompilation] NOT recompiling all scripts because this is an import worker process. Reason to compile was: Define symbols changed
[ScriptCompilation] NOT recompiling all scripts because this is an import worker process. Reason to compile was: Define symbols changed
Mono: successfully reloaded assembly
- Finished resetting the current domain, in  1.637 seconds
Domain Reload Profiling: 2530ms
	BeginReloadAssembly (528ms)
		ExecutionOrderSort (0ms)
		DisableScriptedObjects (12ms)
		BackupInstance (0ms)
		ReleaseScriptingObjects (0ms)
		CreateAndSetChildDomain (41ms)
	RebuildCommonClasses (47ms)
	RebuildNativeTypeToScriptingClass (17ms)
	initialDomainReloadingComplete (33ms)
	LoadAllAssembliesAndSetupDomain (267ms)
		LoadAssemblies (348ms)
		RebuildTransferFunctionScriptingTraits (0ms)
		AnalyzeDomain (13ms)
			TypeCache.Refresh (6ms)
				TypeCache.ScanAssembly (0ms)
			ScanForSourceGeneratedMonoScriptInfo (0ms)
			ResolveRequiredComponents (6ms)
	FinalizeReload (1638ms)
		ReleaseScriptCaches (0ms)
		RebuildScriptCaches (0ms)
		SetupLoadedEditorAssemblies (993ms)
			LogAssemblyErrors (0ms)
			InitializePlatformSupportModulesInManaged (57ms)
			SetLoadedEditorAssemblies (5ms)
			RefreshPlugins (0ms)
			BeforeProcessingInitializeOnLoad (99ms)
			ProcessInitializeOnLoadAttributes (514ms)
			ProcessInitializeOnLoadMethodAttributes (306ms)
			AfterProcessingInitializeOnLoad (12ms)
			EditorAssembliesLoaded (1ms)
		ExecutionOrderSort2 (0ms)
		AwakeInstancesAfterBackupRestoration (14ms)
Refreshing native plugins compatible for Editor in 21.41 ms, found 2 plugins.
Preloading 0 native plugins for Editor in 0.00 ms.
Unloading 3817 Unused Serialized files (Serialized files now loaded: 0)
Unloading 16 unused Assets / (27.5 KB). Loaded Objects now: 4344.
Memory consumption went from 139.1 MB to 139.1 MB.
Total: 11.579500 ms (FindLiveObjects: 0.354300 ms CreateObjectMapping: 0.376700 ms MarkObjects: 10.786700 ms  DeleteObjects: 0.060500 ms)

Prepare: number of updated asset objects reloaded= 0
AssetImportParameters requested are different than current active one (requested -> active):
  custom:container-demuxer-ogg: 62fdf1f143b41e24485cea50d1cbac27 -> 
  custom:video-decoder-ogg-theora: a1e56fd34408186e4bbccfd4996cb3dc -> 
  custom:framework-win-MediaFoundation: 216162199b28c13a410421893ffa2e32 -> 
  custom:CustomObjectIndexerAttribute: 9a22284fe3817be447336de3de66b15e -> 
  custom:container-demuxer-webm: 4f35f7cbe854078d1ac9338744f61a02 -> 
  custom:container-muxer-webm: aa71ff27fc2769a1b78a27578f13a17b -> 
  custom:video-decoder-webm-vp8: 9c59270c3fd7afecdb556c50c9e8de78 -> 
  custom:SearchIndexIgnoredProperties: e643bd26f0fe6173181afceb89e7c659 -> 
  custom:AudioImporter_EditorPlatform: d09bf68614088b80899f8185d706f6e7 -> 
  custom:video-encoder-webm-vp8: eb34c28f22e8b96e1ab97ce403110664 -> 
  custom:audio-decoder-ogg-vorbis: bf7c407c2cedff20999df2af8eb42d56 -> 
  custom:audio-encoder-webm-vorbis: bf7c407c2cedff20999df2af8eb42d56 -> 
========================================================================
Received Prepare
Caller must complete domain reload
Begin MonoManager ReloadAssembly
Symbol file LoadedFromMemory is not a mono symbol file
- Loaded All Assemblies, in  0.932 seconds
Native extension for WindowsStandalone target not found
Native extension for iOS target not found
Native extension for Android target not found
Native extension for WebGL target not found
Asset Pipeline Refresh (id=1f36403d82e02e447a5537e6658573ed): Total: 0.000 seconds - Initiated by StopAssetImportingV2(NoUpdateAssetOptions)
[ScriptCompilation] NOT recompiling all scripts because this is an import worker process. Reason to compile was: Define symbols changed
[ScriptCompilation] NOT recompiling all scripts because this is an import worker process. Reason to compile was: Define symbols changed
Mono: successfully reloaded assembly
- Finished resetting the current domain, in  1.770 seconds
Domain Reload Profiling: 2700ms
	BeginReloadAssembly (513ms)
		ExecutionOrderSort (0ms)
		DisableScriptedObjects (20ms)
		BackupInstance (0ms)
		ReleaseScriptingObjects (0ms)
		CreateAndSetChildDomain (44ms)
	RebuildCommonClasses (44ms)
	RebuildNativeTypeToScriptingClass (20ms)
	initialDomainReloadingComplete (46ms)
	LoadAllAssembliesAndSetupDomain (306ms)
		LoadAssemblies (384ms)
		RebuildTransferFunctionScriptingTraits (0ms)
		AnalyzeDomain (16ms)
			TypeCache.Refresh (8ms)
				TypeCache.ScanAssembly (0ms)
			ScanForSourceGeneratedMonoScriptInfo (0ms)
			ResolveRequiredComponents (7ms)
	FinalizeReload (1771ms)
		ReleaseScriptCaches (0ms)
		RebuildScriptCaches (0ms)
		SetupLoadedEditorAssemblies (1060ms)
			LogAssemblyErrors (0ms)
			InitializePlatformSupportModulesInManaged (52ms)
			SetLoadedEditorAssemblies (6ms)
			RefreshPlugins (0ms)
			BeforeProcessingInitializeOnLoad (115ms)
			ProcessInitializeOnLoadAttributes (509ms)
			ProcessInitializeOnLoadMethodAttributes (366ms)
			AfterProcessingInitializeOnLoad (11ms)
			EditorAssembliesLoaded (1ms)
		ExecutionOrderSort2 (0ms)
		AwakeInstancesAfterBackupRestoration (7ms)
Refreshing native plugins compatible for Editor in 19.31 ms, found 2 plugins.
Preloading 0 native plugins for Editor in 0.00 ms.
Unloading 3817 Unused Serialized files (Serialized files now loaded: 0)
Unloading 16 unused Assets / (27.5 KB). Loaded Objects now: 4347.
Memory consumption went from 139.1 MB to 139.1 MB.
Total: 14.533000 ms (FindLiveObjects: 0.421900 ms CreateObjectMapping: 0.314800 ms MarkObjects: 13.727100 ms  DeleteObjects: 0.065700 ms)

Prepare: number of updated asset objects reloaded= 0
AssetImportParameters requested are different than current active one (requested -> active):
  custom:container-demuxer-ogg: 62fdf1f143b41e24485cea50d1cbac27 -> 
  custom:video-decoder-ogg-theora: a1e56fd34408186e4bbccfd4996cb3dc -> 
  custom:framework-win-MediaFoundation: 216162199b28c13a410421893ffa2e32 -> 
  custom:CustomObjectIndexerAttribute: 9a22284fe3817be447336de3de66b15e -> 
  custom:container-demuxer-webm: 4f35f7cbe854078d1ac9338744f61a02 -> 
  custom:container-muxer-webm: aa71ff27fc2769a1b78a27578f13a17b -> 
  custom:video-decoder-webm-vp8: 9c59270c3fd7afecdb556c50c9e8de78 -> 
  custom:SearchIndexIgnoredProperties: e643bd26f0fe6173181afceb89e7c659 -> 
  custom:AudioImporter_EditorPlatform: d09bf68614088b80899f8185d706f6e7 -> 
  custom:video-encoder-webm-vp8: eb34c28f22e8b96e1ab97ce403110664 -> 
  custom:audio-decoder-ogg-vorbis: bf7c407c2cedff20999df2af8eb42d56 -> 
  custom:audio-encoder-webm-vorbis: bf7c407c2cedff20999df2af8eb42d56 -> 
========================================================================
Received Prepare
Caller must complete domain reload
Begin MonoManager ReloadAssembly
Symbol file LoadedFromMemory is not a mono symbol file
- Loaded All Assemblies, in  1.756 seconds
Native extension for WindowsStandalone target not found
Native extension for iOS target not found
Native extension for Android target not found
Native extension for WebGL target not found
Asset Pipeline Refresh (id=bdd07e39bc605354c8fa9321b26267de): Total: 0.000 seconds - Initiated by StopAssetImportingV2(NoUpdateAssetOptions)
[ScriptCompilation] NOT recompiling all scripts because this is an import worker process. Reason to compile was: Define symbols changed
[ScriptCompilation] NOT recompiling all scripts because this is an import worker process. Reason to compile was: Define symbols changed
Mono: successfully reloaded assembly
- Finished resetting the current domain, in  4.113 seconds
Domain Reload Profiling: 5868ms
	BeginReloadAssembly (894ms)
		ExecutionOrderSort (0ms)
		DisableScriptedObjects (9ms)
		BackupInstance (0ms)
		ReleaseScriptingObjects (0ms)
		CreateAndSetChildDomain (84ms)
	RebuildCommonClasses (101ms)
	RebuildNativeTypeToScriptingClass (30ms)
	initialDomainReloadingComplete (60ms)
	LoadAllAssembliesAndSetupDomain (669ms)
		LoadAssemblies (752ms)
		RebuildTransferFunctionScriptingTraits (0ms)
		AnalyzeDomain (77ms)
			TypeCache.Refresh (23ms)
				TypeCache.ScanAssembly (5ms)
			ScanForSourceGeneratedMonoScriptInfo (33ms)
			ResolveRequiredComponents (18ms)
	FinalizeReload (4114ms)
		ReleaseScriptCaches (0ms)
		RebuildScriptCaches (0ms)
		SetupLoadedEditorAssemblies (2806ms)
			LogAssemblyErrors (0ms)
			InitializePlatformSupportModulesInManaged (178ms)
			SetLoadedEditorAssemblies (13ms)
			RefreshPlugins (0ms)
			BeforeProcessingInitializeOnLoad (249ms)
			ProcessInitializeOnLoadAttributes (1345ms)
			ProcessInitializeOnLoadMethodAttributes (935ms)
			AfterProcessingInitializeOnLoad (82ms)
			EditorAssembliesLoaded (3ms)
		ExecutionOrderSort2 (0ms)
		AwakeInstancesAfterBackupRestoration (43ms)
Refreshing native plugins compatible for Editor in 41.04 ms, found 2 plugins.
Preloading 0 native plugins for Editor in 0.00 ms.
Unloading 3817 Unused Serialized files (Serialized files now loaded: 0)
Unloading 16 unused Assets / (27.5 KB). Loaded Objects now: 4350.
Memory consumption went from 139.1 MB to 139.1 MB.
Total: 11.789300 ms (FindLiveObjects: 0.405200 ms CreateObjectMapping: 0.694500 ms MarkObjects: 10.616500 ms  DeleteObjects: 0.070400 ms)

Prepare: number of updated asset objects reloaded= 0
AssetImportParameters requested are different than current active one (requested -> active):
  custom:container-demuxer-ogg: 62fdf1f143b41e24485cea50d1cbac27 -> 
  custom:video-decoder-ogg-theora: a1e56fd34408186e4bbccfd4996cb3dc -> 
  custom:framework-win-MediaFoundation: 216162199b28c13a410421893ffa2e32 -> 
  custom:CustomObjectIndexerAttribute: 9a22284fe3817be447336de3de66b15e -> 
  custom:container-demuxer-webm: 4f35f7cbe854078d1ac9338744f61a02 -> 
  custom:container-muxer-webm: aa71ff27fc2769a1b78a27578f13a17b -> 
  custom:video-decoder-webm-vp8: 9c59270c3fd7afecdb556c50c9e8de78 -> 
  custom:SearchIndexIgnoredProperties: e643bd26f0fe6173181afceb89e7c659 -> 
  custom:AudioImporter_EditorPlatform: d09bf68614088b80899f8185d706f6e7 -> 
  custom:video-encoder-webm-vp8: eb34c28f22e8b96e1ab97ce403110664 -> 
  custom:audio-decoder-ogg-vorbis: bf7c407c2cedff20999df2af8eb42d56 -> 
  custom:audio-encoder-webm-vorbis: bf7c407c2cedff20999df2af8eb42d56 -> 
========================================================================
Received Prepare
Caller must complete domain reload
Begin MonoManager ReloadAssembly
Symbol file LoadedFromMemory is not a mono symbol file
- Loaded All Assemblies, in  3.563 seconds
Native extension for WindowsStandalone target not found
Native extension for iOS target not found
Native extension for Android target not found
Native extension for WebGL target not found
Asset Pipeline Refresh (id=4e1d0160ea5151d4fb07a42748cc78b5): Total: 0.000 seconds - Initiated by StopAssetImportingV2(NoUpdateAssetOptions)
[ScriptCompilation] NOT recompiling all scripts because this is an import worker process. Reason to compile was: Define symbols changed
[ScriptCompilation] NOT recompiling all scripts because this is an import worker process. Reason to compile was: Define symbols changed
Mono: successfully reloaded assembly
- Finished resetting the current domain, in  4.576 seconds
Domain Reload Profiling: 8122ms
	BeginReloadAssembly (1935ms)
		ExecutionOrderSort (0ms)
		DisableScriptedObjects (57ms)
		BackupInstance (0ms)
		ReleaseScriptingObjects (0ms)
		CreateAndSetChildDomain (93ms)
	RebuildCommonClasses (237ms)
	RebuildNativeTypeToScriptingClass (59ms)
	initialDomainReloadingComplete (146ms)
	LoadAllAssembliesAndSetupDomain (1167ms)
		LoadAssemblies (1417ms)
		RebuildTransferFunctionScriptingTraits (0ms)
		AnalyzeDomain (44ms)
			TypeCache.Refresh (16ms)
				TypeCache.ScanAssembly (0ms)
			ScanForSourceGeneratedMonoScriptInfo (1ms)
			ResolveRequiredComponents (24ms)
	FinalizeReload (4578ms)
		ReleaseScriptCaches (0ms)
		RebuildScriptCaches (0ms)
		SetupLoadedEditorAssemblies (2132ms)
			LogAssemblyErrors (0ms)
			InitializePlatformSupportModulesInManaged (115ms)
			SetLoadedEditorAssemblies (20ms)
			RefreshPlugins (0ms)
			BeforeProcessingInitializeOnLoad (244ms)
			ProcessInitializeOnLoadAttributes (1162ms)
			ProcessInitializeOnLoadMethodAttributes (542ms)
			AfterProcessingInitializeOnLoad (47ms)
			EditorAssembliesLoaded (2ms)
		ExecutionOrderSort2 (0ms)
		AwakeInstancesAfterBackupRestoration (30ms)
Refreshing native plugins compatible for Editor in 45.49 ms, found 2 plugins.
Preloading 0 native plugins for Editor in 0.00 ms.
Unloading 3817 Unused Serialized files (Serialized files now loaded: 0)
Unloading 16 unused Assets / (27.5 KB). Loaded Objects now: 4353.
Memory consumption went from 139.1 MB to 139.1 MB.
Total: 35.330200 ms (FindLiveObjects: 0.549700 ms CreateObjectMapping: 0.596200 ms MarkObjects: 34.100000 ms  DeleteObjects: 0.081700 ms)

Prepare: number of updated asset objects reloaded= 0
AssetImportParameters requested are different than current active one (requested -> active):
  custom:container-demuxer-ogg: 62fdf1f143b41e24485cea50d1cbac27 -> 
  custom:video-decoder-ogg-theora: a1e56fd34408186e4bbccfd4996cb3dc -> 
  custom:framework-win-MediaFoundation: 216162199b28c13a410421893ffa2e32 -> 
  custom:CustomObjectIndexerAttribute: 9a22284fe3817be447336de3de66b15e -> 
  custom:container-demuxer-webm: 4f35f7cbe854078d1ac9338744f61a02 -> 
  custom:container-muxer-webm: aa71ff27fc2769a1b78a27578f13a17b -> 
  custom:video-decoder-webm-vp8: 9c59270c3fd7afecdb556c50c9e8de78 -> 
  custom:SearchIndexIgnoredProperties: e643bd26f0fe6173181afceb89e7c659 -> 
  custom:AudioImporter_EditorPlatform: d09bf68614088b80899f8185d706f6e7 -> 
  custom:video-encoder-webm-vp8: eb34c28f22e8b96e1ab97ce403110664 -> 
  custom:audio-decoder-ogg-vorbis: bf7c407c2cedff20999df2af8eb42d56 -> 
  custom:audio-encoder-webm-vorbis: bf7c407c2cedff20999df2af8eb42d56 -> 
========================================================================
Received Prepare
Caller must complete domain reload
Begin MonoManager ReloadAssembly
Symbol file LoadedFromMemory is not a mono symbol file
- Loaded All Assemblies, in  1.917 seconds
Native extension for WindowsStandalone target not found
Native extension for iOS target not found
Native extension for Android target not found
Native extension for WebGL target not found
Asset Pipeline Refresh (id=978a1173872d5154c9c58dac060d5525): Total: 0.000 seconds - Initiated by StopAssetImportingV2(NoUpdateAssetOptions)
[ScriptCompilation] NOT recompiling all scripts because this is an import worker process. Reason to compile was: Define symbols changed
[ScriptCompilation] NOT recompiling all scripts because this is an import worker process. Reason to compile was: Define symbols changed
Mono: successfully reloaded assembly
- Finished resetting the current domain, in  2.930 seconds
Domain Reload Profiling: 4846ms
	BeginReloadAssembly (1309ms)
		ExecutionOrderSort (0ms)
		DisableScriptedObjects (9ms)
		BackupInstance (0ms)
		ReleaseScriptingObjects (0ms)
		CreateAndSetChildDomain (77ms)
	RebuildCommonClasses (84ms)
	RebuildNativeTypeToScriptingClass (23ms)
	initialDomainReloadingComplete (39ms)
	LoadAllAssembliesAndSetupDomain (460ms)
		LoadAssemblies (581ms)
		RebuildTransferFunctionScriptingTraits (0ms)
		AnalyzeDomain (51ms)
			TypeCache.Refresh (20ms)
				TypeCache.ScanAssembly (5ms)
			ScanForSourceGeneratedMonoScriptInfo (19ms)
			ResolveRequiredComponents (10ms)
	FinalizeReload (2931ms)
		ReleaseScriptCaches (0ms)
		RebuildScriptCaches (0ms)
		SetupLoadedEditorAssemblies (1163ms)
			LogAssemblyErrors (0ms)
			InitializePlatformSupportModulesInManaged (55ms)
			SetLoadedEditorAssemblies (10ms)
			RefreshPlugins (0ms)
			BeforeProcessingInitializeOnLoad (156ms)
			ProcessInitializeOnLoadAttributes (641ms)
			ProcessInitializeOnLoadMethodAttributes (291ms)
			AfterProcessingInitializeOnLoad (9ms)
			EditorAssembliesLoaded (1ms)
		ExecutionOrderSort2 (0ms)
		AwakeInstancesAfterBackupRestoration (7ms)
Refreshing native plugins compatible for Editor in 15.66 ms, found 2 plugins.
Preloading 0 native plugins for Editor in 0.00 ms.
Unloading 3818 Unused Serialized files (Serialized files now loaded: 0)
Unloading 16 unused Assets / (27.5 KB). Loaded Objects now: 4357.
Memory consumption went from 139.2 MB to 139.1 MB.
Total: 9.842700 ms (FindLiveObjects: 0.351900 ms CreateObjectMapping: 0.497400 ms MarkObjects: 8.940600 ms  DeleteObjects: 0.050300 ms)

Prepare: number of updated asset objects reloaded= 0
AssetImportParameters requested are different than current active one (requested -> active):
  custom:container-demuxer-ogg: 62fdf1f143b41e24485cea50d1cbac27 -> 
  custom:scripting/monoscript/fileName/LevelChangerDOTween.cs: 3ae6355c15abb4e8cd36ce326e0a7996 -> 
  custom:video-decoder-ogg-theora: a1e56fd34408186e4bbccfd4996cb3dc -> 
  custom:framework-win-MediaFoundation: 216162199b28c13a410421893ffa2e32 -> 
  custom:CustomObjectIndexerAttribute: 9a22284fe3817be447336de3de66b15e -> 
  custom:container-demuxer-webm: 4f35f7cbe854078d1ac9338744f61a02 -> 
  custom:container-muxer-webm: aa71ff27fc2769a1b78a27578f13a17b -> 
  custom:video-decoder-webm-vp8: 9c59270c3fd7afecdb556c50c9e8de78 -> 
  custom:SearchIndexIgnoredProperties: e643bd26f0fe6173181afceb89e7c659 -> 
  custom:AudioImporter_EditorPlatform: d09bf68614088b80899f8185d706f6e7 -> 
  custom:video-encoder-webm-vp8: eb34c28f22e8b96e1ab97ce403110664 -> 
  custom:audio-decoder-ogg-vorbis: bf7c407c2cedff20999df2af8eb42d56 -> 
  custom:audio-encoder-webm-vorbis: bf7c407c2cedff20999df2af8eb42d56 -> 
  custom:scripting/precompiled-assembly-types:Assembly-CSharp: b7575244ed80af5f91bc446a3e8c7bfc -> b6d5beae70893ec4483681e4771dab9e
========================================================================
Received Prepare
Caller must complete domain reload
Begin MonoManager ReloadAssembly
Symbol file LoadedFromMemory is not a mono symbol file
- Loaded All Assemblies, in  0.856 seconds
Native extension for WindowsStandalone target not found
Native extension for iOS target not found
Native extension for Android target not found
Native extension for WebGL target not found
Asset Pipeline Refresh (id=77d0bd0bb15d5c84a9ce90fb43ad3ac1): Total: 0.000 seconds - Initiated by StopAssetImportingV2(NoUpdateAssetOptions)
[ScriptCompilation] NOT recompiling all scripts because this is an import worker process. Reason to compile was: Define symbols changed
[ScriptCompilation] NOT recompiling all scripts because this is an import worker process. Reason to compile was: Define symbols changed
Mono: successfully reloaded assembly
- Finished resetting the current domain, in  1.644 seconds
Domain Reload Profiling: 2498ms
	BeginReloadAssembly (458ms)
		ExecutionOrderSort (0ms)
		DisableScriptedObjects (6ms)
		BackupInstance (0ms)
		ReleaseScriptingObjects (0ms)
		CreateAndSetChildDomain (45ms)
	RebuildCommonClasses (38ms)
	RebuildNativeTypeToScriptingClass (12ms)
	initialDomainReloadingComplete (40ms)
	LoadAllAssembliesAndSetupDomain (306ms)
		LoadAssemblies (398ms)
		RebuildTransferFunctionScriptingTraits (0ms)
		AnalyzeDomain (14ms)
			TypeCache.Refresh (7ms)
				TypeCache.ScanAssembly (0ms)
			ScanForSourceGeneratedMonoScriptInfo (0ms)
			ResolveRequiredComponents (6ms)
	FinalizeReload (1644ms)
		ReleaseScriptCaches (0ms)
		RebuildScriptCaches (0ms)
		SetupLoadedEditorAssemblies (1012ms)
			LogAssemblyErrors (0ms)
			InitializePlatformSupportModulesInManaged (47ms)
			SetLoadedEditorAssemblies (5ms)
			RefreshPlugins (0ms)
			BeforeProcessingInitializeOnLoad (104ms)
			ProcessInitializeOnLoadAttributes (596ms)
			ProcessInitializeOnLoadMethodAttributes (251ms)
			AfterProcessingInitializeOnLoad (9ms)
			EditorAssembliesLoaded (1ms)
		ExecutionOrderSort2 (0ms)
		AwakeInstancesAfterBackupRestoration (8ms)
Refreshing native plugins compatible for Editor in 15.88 ms, found 2 plugins.
Preloading 0 native plugins for Editor in 0.00 ms.
Unloading 3818 Unused Serialized files (Serialized files now loaded: 0)
Unloading 16 unused Assets / (27.5 KB). Loaded Objects now: 4360.
Memory consumption went from 139.2 MB to 139.1 MB.
Total: 25.324600 ms (FindLiveObjects: 0.553000 ms CreateObjectMapping: 0.441000 ms MarkObjects: 24.259400 ms  DeleteObjects: 0.068700 ms)

Prepare: number of updated asset objects reloaded= 0
AssetImportParameters requested are different than current active one (requested -> active):
  custom:container-demuxer-ogg: 62fdf1f143b41e24485cea50d1cbac27 -> 
  custom:scripting/monoscript/fileName/LevelChangerDOTween.cs: 3ae6355c15abb4e8cd36ce326e0a7996 -> 
  custom:video-decoder-ogg-theora: a1e56fd34408186e4bbccfd4996cb3dc -> 
  custom:framework-win-MediaFoundation: 216162199b28c13a410421893ffa2e32 -> 
  custom:CustomObjectIndexerAttribute: 9a22284fe3817be447336de3de66b15e -> 
  custom:container-demuxer-webm: 4f35f7cbe854078d1ac9338744f61a02 -> 
  custom:container-muxer-webm: aa71ff27fc2769a1b78a27578f13a17b -> 
  custom:video-decoder-webm-vp8: 9c59270c3fd7afecdb556c50c9e8de78 -> 
  custom:SearchIndexIgnoredProperties: e643bd26f0fe6173181afceb89e7c659 -> 
  custom:AudioImporter_EditorPlatform: d09bf68614088b80899f8185d706f6e7 -> 
  custom:video-encoder-webm-vp8: eb34c28f22e8b96e1ab97ce403110664 -> 
  custom:audio-decoder-ogg-vorbis: bf7c407c2cedff20999df2af8eb42d56 -> 
  custom:audio-encoder-webm-vorbis: bf7c407c2cedff20999df2af8eb42d56 -> 
  custom:scripting/precompiled-assembly-types:Assembly-CSharp: b7575244ed80af5f91bc446a3e8c7bfc -> b6d5beae70893ec4483681e4771dab9e
========================================================================
Received Prepare
Caller must complete domain reload
Begin MonoManager ReloadAssembly
Symbol file LoadedFromMemory is not a mono symbol file
- Loaded All Assemblies, in  0.854 seconds
Native extension for WindowsStandalone target not found
Native extension for iOS target not found
Native extension for Android target not found
Native extension for WebGL target not found
Asset Pipeline Refresh (id=4d49127c36a284f4b9dc8cf11fc67ad9): Total: 0.000 seconds - Initiated by StopAssetImportingV2(NoUpdateAssetOptions)
[ScriptCompilation] NOT recompiling all scripts because this is an import worker process. Reason to compile was: Define symbols changed
[ScriptCompilation] NOT recompiling all scripts because this is an import worker process. Reason to compile was: Define symbols changed
Mono: successfully reloaded assembly
- Finished resetting the current domain, in  1.681 seconds
Domain Reload Profiling: 2534ms
	BeginReloadAssembly (472ms)
		ExecutionOrderSort (0ms)
		DisableScriptedObjects (11ms)
		BackupInstance (0ms)
		ReleaseScriptingObjects (0ms)
		CreateAndSetChildDomain (48ms)
	RebuildCommonClasses (38ms)
	RebuildNativeTypeToScriptingClass (15ms)
	initialDomainReloadingComplete (42ms)
	LoadAllAssembliesAndSetupDomain (287ms)
		LoadAssemblies (373ms)
		RebuildTransferFunctionScriptingTraits (0ms)
		AnalyzeDomain (19ms)
			TypeCache.Refresh (9ms)
				TypeCache.ScanAssembly (0ms)
			ScanForSourceGeneratedMonoScriptInfo (0ms)
			ResolveRequiredComponents (9ms)
	FinalizeReload (1681ms)
		ReleaseScriptCaches (0ms)
		RebuildScriptCaches (0ms)
		SetupLoadedEditorAssemblies (994ms)
			LogAssemblyErrors (0ms)
			InitializePlatformSupportModulesInManaged (54ms)
			SetLoadedEditorAssemblies (6ms)
			RefreshPlugins (0ms)
			BeforeProcessingInitializeOnLoad (132ms)
			ProcessInitializeOnLoadAttributes (556ms)
			ProcessInitializeOnLoadMethodAttributes (236ms)
			AfterProcessingInitializeOnLoad (10ms)
			EditorAssembliesLoaded (1ms)
		ExecutionOrderSort2 (0ms)
		AwakeInstancesAfterBackupRestoration (9ms)
Refreshing native plugins compatible for Editor in 16.49 ms, found 2 plugins.
Preloading 0 native plugins for Editor in 0.00 ms.
Unloading 3818 Unused Serialized files (Serialized files now loaded: 0)
Unloading 16 unused Assets / (27.5 KB). Loaded Objects now: 4363.
Memory consumption went from 139.2 MB to 139.1 MB.
Total: 13.092800 ms (FindLiveObjects: 0.342100 ms CreateObjectMapping: 0.346600 ms MarkObjects: 12.337800 ms  DeleteObjects: 0.064800 ms)

Prepare: number of updated asset objects reloaded= 0
AssetImportParameters requested are different than current active one (requested -> active):
  custom:container-demuxer-ogg: 62fdf1f143b41e24485cea50d1cbac27 -> 
  custom:scripting/monoscript/fileName/LevelChangerDOTween.cs: 3ae6355c15abb4e8cd36ce326e0a7996 -> 
  custom:video-decoder-ogg-theora: a1e56fd34408186e4bbccfd4996cb3dc -> 
  custom:framework-win-MediaFoundation: 216162199b28c13a410421893ffa2e32 -> 
  custom:CustomObjectIndexerAttribute: 9a22284fe3817be447336de3de66b15e -> 
  custom:container-demuxer-webm: 4f35f7cbe854078d1ac9338744f61a02 -> 
  custom:container-muxer-webm: aa71ff27fc2769a1b78a27578f13a17b -> 
  custom:video-decoder-webm-vp8: 9c59270c3fd7afecdb556c50c9e8de78 -> 
  custom:SearchIndexIgnoredProperties: e643bd26f0fe6173181afceb89e7c659 -> 
  custom:AudioImporter_EditorPlatform: d09bf68614088b80899f8185d706f6e7 -> 
  custom:video-encoder-webm-vp8: eb34c28f22e8b96e1ab97ce403110664 -> 
  custom:audio-decoder-ogg-vorbis: bf7c407c2cedff20999df2af8eb42d56 -> 
  custom:audio-encoder-webm-vorbis: bf7c407c2cedff20999df2af8eb42d56 -> 
  custom:scripting/precompiled-assembly-types:Assembly-CSharp: b7575244ed80af5f91bc446a3e8c7bfc -> b6d5beae70893ec4483681e4771dab9e
========================================================================
Received Prepare
Caller must complete domain reload
Begin MonoManager ReloadAssembly
Symbol file LoadedFromMemory is not a mono symbol file
- Loaded All Assemblies, in  0.868 seconds
Native extension for WindowsStandalone target not found
Native extension for iOS target not found
Native extension for Android target not found
Native extension for WebGL target not found
Asset Pipeline Refresh (id=d5535bc61d949ed498d79b60020a7b31): Total: 0.000 seconds - Initiated by StopAssetImportingV2(NoUpdateAssetOptions)
[ScriptCompilation] NOT recompiling all scripts because this is an import worker process. Reason to compile was: Define symbols changed
[ScriptCompilation] NOT recompiling all scripts because this is an import worker process. Reason to compile was: Define symbols changed
Mono: successfully reloaded assembly
- Finished resetting the current domain, in  1.254 seconds
Domain Reload Profiling: 2118ms
	BeginReloadAssembly (458ms)
		ExecutionOrderSort (0ms)
		DisableScriptedObjects (6ms)
		BackupInstance (0ms)
		ReleaseScriptingObjects (0ms)
		CreateAndSetChildDomain (42ms)
	RebuildCommonClasses (44ms)
	RebuildNativeTypeToScriptingClass (14ms)
	initialDomainReloadingComplete (33ms)
	LoadAllAssembliesAndSetupDomain (316ms)
		LoadAssemblies (380ms)
		RebuildTransferFunctionScriptingTraits (0ms)
		AnalyzeDomain (38ms)
			TypeCache.Refresh (13ms)
				TypeCache.ScanAssembly (3ms)
			ScanForSourceGeneratedMonoScriptInfo (18ms)
			ResolveRequiredComponents (7ms)
	FinalizeReload (1254ms)
		ReleaseScriptCaches (0ms)
		RebuildScriptCaches (0ms)
		SetupLoadedEditorAssemblies (670ms)
			LogAssemblyErrors (0ms)
			InitializePlatformSupportModulesInManaged (33ms)
			SetLoadedEditorAssemblies (4ms)
			RefreshPlugins (0ms)
			BeforeProcessingInitializeOnLoad (85ms)
			ProcessInitializeOnLoadAttributes (358ms)
			ProcessInitializeOnLoadMethodAttributes (182ms)
			AfterProcessingInitializeOnLoad (7ms)
			EditorAssembliesLoaded (0ms)
		ExecutionOrderSort2 (0ms)
		AwakeInstancesAfterBackupRestoration (6ms)
Refreshing native plugins compatible for Editor in 15.35 ms, found 2 plugins.
Preloading 0 native plugins for Editor in 0.00 ms.
Unloading 3818 Unused Serialized files (Serialized files now loaded: 0)
Unloading 16 unused Assets / (27.5 KB). Loaded Objects now: 4366.
Memory consumption went from 139.2 MB to 139.1 MB.
Total: 12.384600 ms (FindLiveObjects: 0.338300 ms CreateObjectMapping: 0.441800 ms MarkObjects: 11.558800 ms  DeleteObjects: 0.044500 ms)

Prepare: number of updated asset objects reloaded= 0
AssetImportParameters requested are different than current active one (requested -> active):
  custom:container-demuxer-ogg: 62fdf1f143b41e24485cea50d1cbac27 -> 
  custom:scripting/monoscript/fileName/LevelChangerDOTween.cs: 2ea35b7817de89e3c9bc7fb9c16c14c8 -> 
  custom:video-decoder-ogg-theora: a1e56fd34408186e4bbccfd4996cb3dc -> 
  custom:framework-win-MediaFoundation: 216162199b28c13a410421893ffa2e32 -> 
  custom:CustomObjectIndexerAttribute: 9a22284fe3817be447336de3de66b15e -> 
  custom:container-demuxer-webm: 4f35f7cbe854078d1ac9338744f61a02 -> 
  custom:container-muxer-webm: aa71ff27fc2769a1b78a27578f13a17b -> 
  custom:video-decoder-webm-vp8: 9c59270c3fd7afecdb556c50c9e8de78 -> 
  custom:SearchIndexIgnoredProperties: e643bd26f0fe6173181afceb89e7c659 -> 
  custom:AudioImporter_EditorPlatform: d09bf68614088b80899f8185d706f6e7 -> 
  custom:video-encoder-webm-vp8: eb34c28f22e8b96e1ab97ce403110664 -> 
  custom:audio-decoder-ogg-vorbis: bf7c407c2cedff20999df2af8eb42d56 -> 
  custom:audio-encoder-webm-vorbis: bf7c407c2cedff20999df2af8eb42d56 -> 
  custom:scripting/precompiled-assembly-types:Assembly-CSharp: b7a08ba24b2b952116cf13eb5d770e8c -> b6d5beae70893ec4483681e4771dab9e
========================================================================
Received Prepare
Caller must complete domain reload
Begin MonoManager ReloadAssembly
Symbol file LoadedFromMemory is not a mono symbol file
- Loaded All Assemblies, in  0.897 seconds
Native extension for WindowsStandalone target not found
Native extension for iOS target not found
Native extension for Android target not found
Native extension for WebGL target not found
Asset Pipeline Refresh (id=bd8a6f6d2942ba3488f56bdedfce956e): Total: 0.000 seconds - Initiated by StopAssetImportingV2(NoUpdateAssetOptions)
[ScriptCompilation] NOT recompiling all scripts because this is an import worker process. Reason to compile was: Define symbols changed
[ScriptCompilation] NOT recompiling all scripts because this is an import worker process. Reason to compile was: Define symbols changed
Mono: successfully reloaded assembly
- Finished resetting the current domain, in  1.754 seconds
Domain Reload Profiling: 2649ms
	BeginReloadAssembly (518ms)
		ExecutionOrderSort (0ms)
		DisableScriptedObjects (17ms)
		BackupInstance (0ms)
		ReleaseScriptingObjects (0ms)
		CreateAndSetChildDomain (56ms)
	RebuildCommonClasses (40ms)
	RebuildNativeTypeToScriptingClass (20ms)
	initialDomainReloadingComplete (34ms)
	LoadAllAssembliesAndSetupDomain (282ms)
		LoadAssemblies (376ms)
		RebuildTransferFunctionScriptingTraits (0ms)
		AnalyzeDomain (13ms)
			TypeCache.Refresh (6ms)
				TypeCache.ScanAssembly (0ms)
			ScanForSourceGeneratedMonoScriptInfo (0ms)
			ResolveRequiredComponents (6ms)
	FinalizeReload (1755ms)
		ReleaseScriptCaches (0ms)
		RebuildScriptCaches (0ms)
		SetupLoadedEditorAssemblies (989ms)
			LogAssemblyErrors (0ms)
			InitializePlatformSupportModulesInManaged (55ms)
			SetLoadedEditorAssemblies (5ms)
			RefreshPlugins (0ms)
			BeforeProcessingInitializeOnLoad (131ms)
			ProcessInitializeOnLoadAttributes (522ms)
			ProcessInitializeOnLoadMethodAttributes (265ms)
			AfterProcessingInitializeOnLoad (12ms)
			EditorAssembliesLoaded (1ms)
		ExecutionOrderSort2 (0ms)
		AwakeInstancesAfterBackupRestoration (9ms)
Refreshing native plugins compatible for Editor in 15.92 ms, found 2 plugins.
Preloading 0 native plugins for Editor in 0.00 ms.
Unloading 3818 Unused Serialized files (Serialized files now loaded: 0)
Unloading 16 unused Assets / (27.6 KB). Loaded Objects now: 4369.
Memory consumption went from 139.2 MB to 139.1 MB.
Total: 13.448600 ms (FindLiveObjects: 0.473700 ms CreateObjectMapping: 0.455300 ms MarkObjects: 12.465000 ms  DeleteObjects: 0.053200 ms)

Prepare: number of updated asset objects reloaded= 0
AssetImportParameters requested are different than current active one (requested -> active):
  custom:container-demuxer-ogg: 62fdf1f143b41e24485cea50d1cbac27 -> 
  custom:scripting/monoscript/fileName/LevelChangerDOTween.cs: 2ea35b7817de89e3c9bc7fb9c16c14c8 -> 
  custom:video-decoder-ogg-theora: a1e56fd34408186e4bbccfd4996cb3dc -> 
  custom:framework-win-MediaFoundation: 216162199b28c13a410421893ffa2e32 -> 
  custom:CustomObjectIndexerAttribute: 9a22284fe3817be447336de3de66b15e -> 
  custom:container-demuxer-webm: 4f35f7cbe854078d1ac9338744f61a02 -> 
  custom:container-muxer-webm: aa71ff27fc2769a1b78a27578f13a17b -> 
  custom:video-decoder-webm-vp8: 9c59270c3fd7afecdb556c50c9e8de78 -> 
  custom:SearchIndexIgnoredProperties: e643bd26f0fe6173181afceb89e7c659 -> 
  custom:AudioImporter_EditorPlatform: d09bf68614088b80899f8185d706f6e7 -> 
  custom:video-encoder-webm-vp8: eb34c28f22e8b96e1ab97ce403110664 -> 
  custom:audio-decoder-ogg-vorbis: bf7c407c2cedff20999df2af8eb42d56 -> 
  custom:audio-encoder-webm-vorbis: bf7c407c2cedff20999df2af8eb42d56 -> 
  custom:scripting/precompiled-assembly-types:Assembly-CSharp: b7a08ba24b2b952116cf13eb5d770e8c -> b6d5beae70893ec4483681e4771dab9e
========================================================================
Received Prepare
Caller must complete domain reload
Begin MonoManager ReloadAssembly
Symbol file LoadedFromMemory is not a mono symbol file
- Loaded All Assemblies, in  0.877 seconds
Native extension for WindowsStandalone target not found
Native extension for iOS target not found
Native extension for Android target not found
Native extension for WebGL target not found
Asset Pipeline Refresh (id=025f51d25d9406b4c9c3774629ed1a7a): Total: 0.000 seconds - Initiated by StopAssetImportingV2(NoUpdateAssetOptions)
[ScriptCompilation] NOT recompiling all scripts because this is an import worker process. Reason to compile was: Define symbols changed
[ScriptCompilation] NOT recompiling all scripts because this is an import worker process. Reason to compile was: Define symbols changed
Mono: successfully reloaded assembly
- Finished resetting the current domain, in  1.845 seconds
Domain Reload Profiling: 2720ms
	BeginReloadAssembly (460ms)
		ExecutionOrderSort (0ms)
		DisableScriptedObjects (6ms)
		BackupInstance (0ms)
		ReleaseScriptingObjects (0ms)
		CreateAndSetChildDomain (41ms)
	RebuildCommonClasses (54ms)
	RebuildNativeTypeToScriptingClass (22ms)
	initialDomainReloadingComplete (42ms)
	LoadAllAssembliesAndSetupDomain (296ms)
		LoadAssemblies (376ms)
		RebuildTransferFunctionScriptingTraits (0ms)
		AnalyzeDomain (19ms)
			TypeCache.Refresh (9ms)
				TypeCache.ScanAssembly (0ms)
			ScanForSourceGeneratedMonoScriptInfo (0ms)
			ResolveRequiredComponents (9ms)
	FinalizeReload (1845ms)
		ReleaseScriptCaches (0ms)
		RebuildScriptCaches (0ms)
		SetupLoadedEditorAssemblies (1128ms)
			LogAssemblyErrors (0ms)
			InitializePlatformSupportModulesInManaged (60ms)
			SetLoadedEditorAssemblies (8ms)
			RefreshPlugins (0ms)
			BeforeProcessingInitializeOnLoad (126ms)
			ProcessInitializeOnLoadAttributes (653ms)
			ProcessInitializeOnLoadMethodAttributes (271ms)
			AfterProcessingInitializeOnLoad (10ms)
			EditorAssembliesLoaded (1ms)
		ExecutionOrderSort2 (0ms)
		AwakeInstancesAfterBackupRestoration (12ms)
Refreshing native plugins compatible for Editor in 14.33 ms, found 2 plugins.
Preloading 0 native plugins for Editor in 0.00 ms.
Unloading 3818 Unused Serialized files (Serialized files now loaded: 0)
Unloading 16 unused Assets / (27.5 KB). Loaded Objects now: 4372.
Memory consumption went from 139.2 MB to 139.1 MB.
Total: 8.595300 ms (FindLiveObjects: 0.404600 ms CreateObjectMapping: 0.457600 ms MarkObjects: 7.683300 ms  DeleteObjects: 0.048300 ms)

Prepare: number of updated asset objects reloaded= 0
AssetImportParameters requested are different than current active one (requested -> active):
  custom:container-demuxer-ogg: 62fdf1f143b41e24485cea50d1cbac27 -> 
  custom:scripting/monoscript/fileName/LevelChangerDOTween.cs: 2ea35b7817de89e3c9bc7fb9c16c14c8 -> 
  custom:video-decoder-ogg-theora: a1e56fd34408186e4bbccfd4996cb3dc -> 
  custom:framework-win-MediaFoundation: 216162199b28c13a410421893ffa2e32 -> 
  custom:CustomObjectIndexerAttribute: 9a22284fe3817be447336de3de66b15e -> 
  custom:container-demuxer-webm: 4f35f7cbe854078d1ac9338744f61a02 -> 
  custom:container-muxer-webm: aa71ff27fc2769a1b78a27578f13a17b -> 
  custom:video-decoder-webm-vp8: 9c59270c3fd7afecdb556c50c9e8de78 -> 
  custom:SearchIndexIgnoredProperties: e643bd26f0fe6173181afceb89e7c659 -> 
  custom:AudioImporter_EditorPlatform: d09bf68614088b80899f8185d706f6e7 -> 
  custom:video-encoder-webm-vp8: eb34c28f22e8b96e1ab97ce403110664 -> 
  custom:audio-decoder-ogg-vorbis: bf7c407c2cedff20999df2af8eb42d56 -> 
  custom:audio-encoder-webm-vorbis: bf7c407c2cedff20999df2af8eb42d56 -> 
  custom:scripting/precompiled-assembly-types:Assembly-CSharp: b7a08ba24b2b952116cf13eb5d770e8c -> b6d5beae70893ec4483681e4771dab9e
========================================================================
Received Prepare
Caller must complete domain reload
Begin MonoManager ReloadAssembly
Symbol file LoadedFromMemory is not a mono symbol file
- Loaded All Assemblies, in  0.845 seconds
Native extension for WindowsStandalone target not found
Native extension for iOS target not found
Native extension for Android target not found
Native extension for WebGL target not found
Asset Pipeline Refresh (id=d19dc9f897c8dc942b8219e4158d357c): Total: 0.000 seconds - Initiated by StopAssetImportingV2(NoUpdateAssetOptions)
[ScriptCompilation] NOT recompiling all scripts because this is an import worker process. Reason to compile was: Define symbols changed
[ScriptCompilation] NOT recompiling all scripts because this is an import worker process. Reason to compile was: Define symbols changed
Mono: successfully reloaded assembly
- Finished resetting the current domain, in  1.736 seconds
Domain Reload Profiling: 2578ms
	BeginReloadAssembly (451ms)
		ExecutionOrderSort (0ms)
		DisableScriptedObjects (6ms)
		BackupInstance (0ms)
		ReleaseScriptingObjects (0ms)
		CreateAndSetChildDomain (40ms)
	RebuildCommonClasses (45ms)
	RebuildNativeTypeToScriptingClass (12ms)
	initialDomainReloadingComplete (31ms)
	LoadAllAssembliesAndSetupDomain (302ms)
		LoadAssemblies (385ms)
		RebuildTransferFunctionScriptingTraits (0ms)
		AnalyzeDomain (18ms)
			TypeCache.Refresh (7ms)
				TypeCache.ScanAssembly (0ms)
			ScanForSourceGeneratedMonoScriptInfo (0ms)
			ResolveRequiredComponents (9ms)
	FinalizeReload (1736ms)
		ReleaseScriptCaches (0ms)
		RebuildScriptCaches (0ms)
		SetupLoadedEditorAssemblies (1066ms)
			LogAssemblyErrors (0ms)
			InitializePlatformSupportModulesInManaged (50ms)
			SetLoadedEditorAssemblies (5ms)
			RefreshPlugins (0ms)
			BeforeProcessingInitializeOnLoad (104ms)
			ProcessInitializeOnLoadAttributes (573ms)
			ProcessInitializeOnLoadMethodAttributes (319ms)
			AfterProcessingInitializeOnLoad (14ms)
			EditorAssembliesLoaded (0ms)
		ExecutionOrderSort2 (0ms)
		AwakeInstancesAfterBackupRestoration (11ms)
Refreshing native plugins compatible for Editor in 15.58 ms, found 2 plugins.
Preloading 0 native plugins for Editor in 0.00 ms.
Unloading 3818 Unused Serialized files (Serialized files now loaded: 0)
Unloading 16 unused Assets / (27.6 KB). Loaded Objects now: 4375.
Memory consumption went from 139.2 MB to 139.1 MB.
Total: 14.464500 ms (FindLiveObjects: 0.468000 ms CreateObjectMapping: 0.527400 ms MarkObjects: 13.389600 ms  DeleteObjects: 0.078100 ms)

Prepare: number of updated asset objects reloaded= 0
AssetImportParameters requested are different than current active one (requested -> active):
  custom:container-demuxer-ogg: 62fdf1f143b41e24485cea50d1cbac27 -> 
  custom:scripting/monoscript/fileName/LevelChangerDOTween.cs: 2ea35b7817de89e3c9bc7fb9c16c14c8 -> 
  custom:video-decoder-ogg-theora: a1e56fd34408186e4bbccfd4996cb3dc -> 
  custom:framework-win-MediaFoundation: 216162199b28c13a410421893ffa2e32 -> 
  custom:CustomObjectIndexerAttribute: 9a22284fe3817be447336de3de66b15e -> 
  custom:container-demuxer-webm: 4f35f7cbe854078d1ac9338744f61a02 -> 
  custom:container-muxer-webm: aa71ff27fc2769a1b78a27578f13a17b -> 
  custom:video-decoder-webm-vp8: 9c59270c3fd7afecdb556c50c9e8de78 -> 
  custom:SearchIndexIgnoredProperties: e643bd26f0fe6173181afceb89e7c659 -> 
  custom:AudioImporter_EditorPlatform: d09bf68614088b80899f8185d706f6e7 -> 
  custom:video-encoder-webm-vp8: eb34c28f22e8b96e1ab97ce403110664 -> 
  custom:audio-decoder-ogg-vorbis: bf7c407c2cedff20999df2af8eb42d56 -> 
  custom:audio-encoder-webm-vorbis: bf7c407c2cedff20999df2af8eb42d56 -> 
  custom:scripting/precompiled-assembly-types:Assembly-CSharp: b7a08ba24b2b952116cf13eb5d770e8c -> b6d5beae70893ec4483681e4771dab9e
========================================================================
Received Prepare
Caller must complete domain reload
Begin MonoManager ReloadAssembly
Symbol file LoadedFromMemory is not a mono symbol file
- Loaded All Assemblies, in  0.853 seconds
Native extension for WindowsStandalone target not found
Native extension for iOS target not found
Native extension for Android target not found
Native extension for WebGL target not found
Asset Pipeline Refresh (id=f8472dd449609484c9e2329b63b82eba): Total: 0.000 seconds - Initiated by StopAssetImportingV2(NoUpdateAssetOptions)
[ScriptCompilation] NOT recompiling all scripts because this is an import worker process. Reason to compile was: Define symbols changed
[ScriptCompilation] NOT recompiling all scripts because this is an import worker process. Reason to compile was: Define symbols changed
Mono: successfully reloaded assembly
- Finished resetting the current domain, in  1.743 seconds
Domain Reload Profiling: 2595ms
	BeginReloadAssembly (463ms)
		ExecutionOrderSort (0ms)
		DisableScriptedObjects (8ms)
		BackupInstance (0ms)
		ReleaseScriptingObjects (0ms)
		CreateAndSetChildDomain (37ms)
	RebuildCommonClasses (48ms)
	RebuildNativeTypeToScriptingClass (13ms)
	initialDomainReloadingComplete (43ms)
	LoadAllAssembliesAndSetupDomain (285ms)
		LoadAssemblies (374ms)
		RebuildTransferFunctionScriptingTraits (0ms)
		AnalyzeDomain (14ms)
			TypeCache.Refresh (6ms)
				TypeCache.ScanAssembly (0ms)
			ScanForSourceGeneratedMonoScriptInfo (0ms)
			ResolveRequiredComponents (7ms)
	FinalizeReload (1744ms)
		ReleaseScriptCaches (0ms)
		RebuildScriptCaches (0ms)
		SetupLoadedEditorAssemblies (1012ms)
			LogAssemblyErrors (0ms)
			InitializePlatformSupportModulesInManaged (56ms)
			SetLoadedEditorAssemblies (5ms)
			RefreshPlugins (0ms)
			BeforeProcessingInitializeOnLoad (132ms)
			ProcessInitializeOnLoadAttributes (563ms)
			ProcessInitializeOnLoadMethodAttributes (246ms)
			AfterProcessingInitializeOnLoad (10ms)
			EditorAssembliesLoaded (0ms)
		ExecutionOrderSort2 (0ms)
		AwakeInstancesAfterBackupRestoration (8ms)
Refreshing native plugins compatible for Editor in 16.91 ms, found 2 plugins.
Preloading 0 native plugins for Editor in 0.00 ms.
Unloading 3818 Unused Serialized files (Serialized files now loaded: 0)
Unloading 16 unused Assets / (27.5 KB). Loaded Objects now: 4378.
Memory consumption went from 139.2 MB to 139.1 MB.
Total: 13.741900 ms (FindLiveObjects: 0.421200 ms CreateObjectMapping: 0.391400 ms MarkObjects: 12.831300 ms  DeleteObjects: 0.096100 ms)

Prepare: number of updated asset objects reloaded= 0
AssetImportParameters requested are different than current active one (requested -> active):
  custom:container-demuxer-ogg: 62fdf1f143b41e24485cea50d1cbac27 -> 
  custom:scripting/monoscript/fileName/LevelChangerDOTween.cs: 2ea35b7817de89e3c9bc7fb9c16c14c8 -> 
  custom:video-decoder-ogg-theora: a1e56fd34408186e4bbccfd4996cb3dc -> 
  custom:framework-win-MediaFoundation: 216162199b28c13a410421893ffa2e32 -> 
  custom:CustomObjectIndexerAttribute: 9a22284fe3817be447336de3de66b15e -> 
  custom:container-demuxer-webm: 4f35f7cbe854078d1ac9338744f61a02 -> 
  custom:container-muxer-webm: aa71ff27fc2769a1b78a27578f13a17b -> 
  custom:video-decoder-webm-vp8: 9c59270c3fd7afecdb556c50c9e8de78 -> 
  custom:SearchIndexIgnoredProperties: e643bd26f0fe6173181afceb89e7c659 -> 
  custom:AudioImporter_EditorPlatform: d09bf68614088b80899f8185d706f6e7 -> 
  custom:video-encoder-webm-vp8: eb34c28f22e8b96e1ab97ce403110664 -> 
  custom:audio-decoder-ogg-vorbis: bf7c407c2cedff20999df2af8eb42d56 -> 
  custom:audio-encoder-webm-vorbis: bf7c407c2cedff20999df2af8eb42d56 -> 
  custom:scripting/precompiled-assembly-types:Assembly-CSharp: b7a08ba24b2b952116cf13eb5d770e8c -> b6d5beae70893ec4483681e4771dab9e
========================================================================
Received Prepare
Caller must complete domain reload
Begin MonoManager ReloadAssembly
Symbol file LoadedFromMemory is not a mono symbol file
- Loaded All Assemblies, in  0.796 seconds
Native extension for WindowsStandalone target not found
Native extension for iOS target not found
Native extension for Android target not found
Native extension for WebGL target not found
Asset Pipeline Refresh (id=b9bab31f0cc2ddb48b51c78d84d3d790): Total: 0.000 seconds - Initiated by StopAssetImportingV2(NoUpdateAssetOptions)
[ScriptCompilation] NOT recompiling all scripts because this is an import worker process. Reason to compile was: Define symbols changed
[ScriptCompilation] NOT recompiling all scripts because this is an import worker process. Reason to compile was: Define symbols changed
Mono: successfully reloaded assembly
- Finished resetting the current domain, in  1.734 seconds
Domain Reload Profiling: 2528ms
	BeginReloadAssembly (440ms)
		ExecutionOrderSort (0ms)
		DisableScriptedObjects (6ms)
		BackupInstance (0ms)
		ReleaseScriptingObjects (0ms)
		CreateAndSetChildDomain (37ms)
	RebuildCommonClasses (35ms)
	RebuildNativeTypeToScriptingClass (12ms)
	initialDomainReloadingComplete (31ms)
	LoadAllAssembliesAndSetupDomain (275ms)
		LoadAssemblies (354ms)
		RebuildTransferFunctionScriptingTraits (0ms)
		AnalyzeDomain (14ms)
			TypeCache.Refresh (7ms)
				TypeCache.ScanAssembly (0ms)
			ScanForSourceGeneratedMonoScriptInfo (0ms)
			ResolveRequiredComponents (6ms)
	FinalizeReload (1735ms)
		ReleaseScriptCaches (0ms)
		RebuildScriptCaches (0ms)
		SetupLoadedEditorAssemblies (1048ms)
			LogAssemblyErrors (0ms)
			InitializePlatformSupportModulesInManaged (54ms)
			SetLoadedEditorAssemblies (6ms)
			RefreshPlugins (0ms)
			BeforeProcessingInitializeOnLoad (124ms)
			ProcessInitializeOnLoadAttributes (589ms)
			ProcessInitializeOnLoadMethodAttributes (266ms)
			AfterProcessingInitializeOnLoad (8ms)
			EditorAssembliesLoaded (0ms)
		ExecutionOrderSort2 (0ms)
		AwakeInstancesAfterBackupRestoration (8ms)
Refreshing native plugins compatible for Editor in 16.78 ms, found 2 plugins.
Preloading 0 native plugins for Editor in 0.00 ms.
Unloading 3818 Unused Serialized files (Serialized files now loaded: 0)
Unloading 16 unused Assets / (27.5 KB). Loaded Objects now: 4381.
Memory consumption went from 139.2 MB to 139.1 MB.
Total: 12.840200 ms (FindLiveObjects: 0.378500 ms CreateObjectMapping: 0.347500 ms MarkObjects: 12.004200 ms  DeleteObjects: 0.107900 ms)

Prepare: number of updated asset objects reloaded= 0
AssetImportParameters requested are different than current active one (requested -> active):
  custom:container-demuxer-ogg: 62fdf1f143b41e24485cea50d1cbac27 -> 
  custom:scripting/monoscript/fileName/LevelChangerDOTween.cs: 2ea35b7817de89e3c9bc7fb9c16c14c8 -> 
  custom:video-decoder-ogg-theora: a1e56fd34408186e4bbccfd4996cb3dc -> 
  custom:framework-win-MediaFoundation: 216162199b28c13a410421893ffa2e32 -> 
  custom:CustomObjectIndexerAttribute: 9a22284fe3817be447336de3de66b15e -> 
  custom:container-demuxer-webm: 4f35f7cbe854078d1ac9338744f61a02 -> 
  custom:container-muxer-webm: aa71ff27fc2769a1b78a27578f13a17b -> 
  custom:video-decoder-webm-vp8: 9c59270c3fd7afecdb556c50c9e8de78 -> 
  custom:SearchIndexIgnoredProperties: e643bd26f0fe6173181afceb89e7c659 -> 
  custom:AudioImporter_EditorPlatform: d09bf68614088b80899f8185d706f6e7 -> 
  custom:video-encoder-webm-vp8: eb34c28f22e8b96e1ab97ce403110664 -> 
  custom:audio-decoder-ogg-vorbis: bf7c407c2cedff20999df2af8eb42d56 -> 
  custom:audio-encoder-webm-vorbis: bf7c407c2cedff20999df2af8eb42d56 -> 
  custom:scripting/precompiled-assembly-types:Assembly-CSharp: b7a08ba24b2b952116cf13eb5d770e8c -> b6d5beae70893ec4483681e4771dab9e
========================================================================
Received Import Request.
  Time since last request: 2115.158645 seconds.
  path: Assets/Prefabs/BallonYellowWhite.prefab
  artifactKey: Guid(d55308a372538a44c89fcc4ae1f2eab8) Importer(815301076,1909f56bfc062723c751e8b465ee728b)
Start importing Assets/Prefabs/BallonYellowWhite.prefab using Guid(d55308a372538a44c89fcc4ae1f2eab8) Importer(815301076,1909f56bfc062723c751e8b465ee728b) [PhysX] Initialized MultithreadedTaskDispatcher with 8 workers.
 -> (artifact id: 'fb16cbb5001d5b7370eac810063e8d3d') in 0.034743 seconds
Number of updated asset objects reloaded before import = 0
Number of asset objects unloaded after import = 21
========================================================================
Received Import Request.
  Time since last request: 0.000022 seconds.
  path: Assets/Prefabs/EnemyYellowLeft.prefab
  artifactKey: Guid(82cf0425105953342bdd328a9500de38) Importer(815301076,1909f56bfc062723c751e8b465ee728b)
Start importing Assets/Prefabs/EnemyYellowLeft.prefab using Guid(82cf0425105953342bdd328a9500de38) Importer(815301076,1909f56bfc062723c751e8b465ee728b) [PhysX] Initialized MultithreadedTaskDispatcher with 8 workers.
[PhysX] Initialized MultithreadedTaskDispatcher with 8 workers.
 -> (artifact id: '5d288d9853385f708a5b35b02f96e8df') in 0.065815 seconds
Number of updated asset objects reloaded before import = 0
Number of asset objects unloaded after import = 25
========================================================================
Received Import Request.
  Time since last request: 0.000032 seconds.
  path: Assets/Prefabs/Particle SystemYellowBallonSnow.prefab
  artifactKey: Guid(0c9f6a85da2db9a4c9ff5df86dda1ec7) Importer(815301076,1909f56bfc062723c751e8b465ee728b)
Start importing Assets/Prefabs/Particle SystemYellowBallonSnow.prefab using Guid(0c9f6a85da2db9a4c9ff5df86dda1ec7) Importer(815301076,1909f56bfc062723c751e8b465ee728b) [PhysX] Initialized MultithreadedTaskDispatcher with 8 workers.
[PhysX] Initialized MultithreadedTaskDispatcher with 8 workers.
 -> (artifact id: '8bd2fd17c9480fe8b68cb37e10b11757') in 0.019450 seconds
Number of updated asset objects reloaded before import = 0
Number of asset objects unloaded after import = 6
========================================================================
Received Import Request.
  Time since last request: 0.000020 seconds.
  path: Assets/Prefabs/EnemyYellowSnow.prefab
  artifactKey: Guid(54c136792a39e0c438ed3522dcfd6a18) Importer(815301076,1909f56bfc062723c751e8b465ee728b)
Start importing Assets/Prefabs/EnemyYellowSnow.prefab using Guid(54c136792a39e0c438ed3522dcfd6a18) Importer(815301076,1909f56bfc062723c751e8b465ee728b) [PhysX] Initialized MultithreadedTaskDispatcher with 8 workers.
 -> (artifact id: '34e62a243611ae19c8488dbc188e74ad') in 0.003041 seconds
Number of updated asset objects reloaded before import = 0
Number of asset objects unloaded after import = 19
========================================================================
Received Import Request.
  Time since last request: 0.000021 seconds.
  path: Assets/Prefabs/EnemyDiagonalSnow.prefab
  artifactKey: Guid(ca4355ce8d52b474e96bf81e9a5d6946) Importer(815301076,1909f56bfc062723c751e8b465ee728b)
Start importing Assets/Prefabs/EnemyDiagonalSnow.prefab using Guid(ca4355ce8d52b474e96bf81e9a5d6946) Importer(815301076,1909f56bfc062723c751e8b465ee728b) [PhysX] Initialized MultithreadedTaskDispatcher with 8 workers.
 -> (artifact id: 'f49f1850a6f11e735d88ca187d92c65e') in 0.004529 seconds
Number of updated asset objects reloaded before import = 0
Number of asset objects unloaded after import = 19
========================================================================
Received Import Request.
  Time since last request: 0.000019 seconds.
  path: Assets/Prefabs/Lolilop.prefab
  artifactKey: Guid(ff552e97942380d47bdbcc7c184ae572) Importer(815301076,1909f56bfc062723c751e8b465ee728b)
Start importing Assets/Prefabs/Lolilop.prefab using Guid(ff552e97942380d47bdbcc7c184ae572) Importer(815301076,1909f56bfc062723c751e8b465ee728b) [PhysX] Initialized MultithreadedTaskDispatcher with 8 workers.
[PhysX] Initialized MultithreadedTaskDispatcher with 8 workers.
 -> (artifact id: 'bc16f1d01db32d9648041062d41346e4') in 0.021925 seconds
Number of updated asset objects reloaded before import = 0
Number of asset objects unloaded after import = 31
========================================================================
Received Import Request.
  Time since last request: 0.000022 seconds.
  path: Assets/Prefabs/Particle SystemYellowEnemySnow.prefab
  artifactKey: Guid(5152f2a98d696ea47a826e4802f2710d) Importer(815301076,1909f56bfc062723c751e8b465ee728b)
Start importing Assets/Prefabs/Particle SystemYellowEnemySnow.prefab using Guid(5152f2a98d696ea47a826e4802f2710d) Importer(815301076,1909f56bfc062723c751e8b465ee728b) [PhysX] Initialized MultithreadedTaskDispatcher with 8 workers.
[PhysX] Initialized MultithreadedTaskDispatcher with 8 workers.
 -> (artifact id: '24aa238e19964f71f7a47ac750b7f219') in 0.026966 seconds
Number of updated asset objects reloaded before import = 0
Number of asset objects unloaded after import = 6
========================================================================
Received Import Request.
  Time since last request: 0.000024 seconds.
  path: Assets/Prefabs/Particle System.prefab
  artifactKey: Guid(53b8c2406cc833548bb30c3387cfee4b) Importer(815301076,1909f56bfc062723c751e8b465ee728b)
Start importing Assets/Prefabs/Particle System.prefab using Guid(53b8c2406cc833548bb30c3387cfee4b) Importer(815301076,1909f56bfc062723c751e8b465ee728b) [PhysX] Initialized MultithreadedTaskDispatcher with 8 workers.
[PhysX] Initialized MultithreadedTaskDispatcher with 8 workers.
 -> (artifact id: '15519041a79bc424b438d47a2fbddf2f') in 0.028218 seconds
Number of updated asset objects reloaded before import = 0
Number of asset objects unloaded after import = 8
========================================================================
Received Import Request.
  Time since last request: 0.000031 seconds.
  path: Assets/Prefabs/EnemyDiagonalvar2White.prefab
  artifactKey: Guid(0661f661b91a7b54dafce0259f4e5f8e) Importer(815301076,1909f56bfc062723c751e8b465ee728b)
Start importing Assets/Prefabs/EnemyDiagonalvar2White.prefab using Guid(0661f661b91a7b54dafce0259f4e5f8e) Importer(815301076,1909f56bfc062723c751e8b465ee728b) [PhysX] Initialized MultithreadedTaskDispatcher with 8 workers.
 -> (artifact id: 'f8a37e971462e9d777a391a9898b48f7') in 0.004865 seconds
Number of updated asset objects reloaded before import = 0
Number of asset objects unloaded after import = 19
========================================================================
Received Import Request.
  Time since last request: 0.000045 seconds.
  path: Assets/Prefabs/EnemyDiagonalvar2.prefab
  artifactKey: Guid(c201d6c73462f134ba16a83c95a148c5) Importer(815301076,1909f56bfc062723c751e8b465ee728b)
Start importing Assets/Prefabs/EnemyDiagonalvar2.prefab using Guid(c201d6c73462f134ba16a83c95a148c5) Importer(815301076,1909f56bfc062723c751e8b465ee728b) [PhysX] Initialized MultithreadedTaskDispatcher with 8 workers.
[PhysX] Initialized MultithreadedTaskDispatcher with 8 workers.
 -> (artifact id: '4bc8d02168a8f6485c136fb3a6153921') in 0.039416 seconds
Number of updated asset objects reloaded before import = 0
Number of asset objects unloaded after import = 24
========================================================================
Received Import Request.
  Time since last request: 0.000018 seconds.
  path: Assets/Prefabs/Particle SystemBlueEnemyWhite.prefab
  artifactKey: Guid(b10961e248dc24d439dba47375814912) Importer(815301076,1909f56bfc062723c751e8b465ee728b)
Start importing Assets/Prefabs/Particle SystemBlueEnemyWhite.prefab using Guid(b10961e248dc24d439dba47375814912) Importer(815301076,1909f56bfc062723c751e8b465ee728b) [PhysX] Initialized MultithreadedTaskDispatcher with 8 workers.
[PhysX] Initialized MultithreadedTaskDispatcher with 8 workers.
 -> (artifact id: '497c6d8ef3f41b9be275ebaa16ae1896') in 0.023864 seconds
Number of updated asset objects reloaded before import = 0
Number of asset objects unloaded after import = 6
========================================================================
Received Import Request.
  Time since last request: 0.000088 seconds.
  path: Assets/Prefabs/Player.prefab
  artifactKey: Guid(615a368fd2b621147a62bc6b1b5479c9) Importer(815301076,1909f56bfc062723c751e8b465ee728b)
Start importing Assets/Prefabs/Player.prefab using Guid(615a368fd2b621147a62bc6b1b5479c9) Importer(815301076,1909f56bfc062723c751e8b465ee728b) [PhysX] Initialized MultithreadedTaskDispatcher with 8 workers.
[PhysX] Initialized MultithreadedTaskDispatcher with 8 workers.
 -> (artifact id: '7caf8f11c351a3d043573f73abd9dc4b') in 0.089688 seconds
Number of updated asset objects reloaded before import = 0
Number of asset objects unloaded after import = 165
========================================================================
Received Prepare
Caller must complete domain reload
Begin MonoManager ReloadAssembly
Symbol file LoadedFromMemory is not a mono symbol file
- Loaded All Assemblies, in  0.917 seconds
Native extension for WindowsStandalone target not found
Native extension for iOS target not found
Native extension for Android target not found
Native extension for WebGL target not found
Asset Pipeline Refresh (id=3beae26a95ddb8440a6b8b1a071433be): Total: 0.000 seconds - Initiated by StopAssetImportingV2(NoUpdateAssetOptions)
[ScriptCompilation] NOT recompiling all scripts because this is an import worker process. Reason to compile was: Define symbols changed
[ScriptCompilation] NOT recompiling all scripts because this is an import worker process. Reason to compile was: Define symbols changed
Mono: successfully reloaded assembly
- Finished resetting the current domain, in  1.529 seconds
Domain Reload Profiling: 2445ms
	BeginReloadAssembly (534ms)
		ExecutionOrderSort (0ms)
		DisableScriptedObjects (15ms)
		BackupInstance (0ms)
		ReleaseScriptingObjects (0ms)
		CreateAndSetChildDomain (44ms)
	RebuildCommonClasses (43ms)
	RebuildNativeTypeToScriptingClass (16ms)
	initialDomainReloadingComplete (41ms)
	LoadAllAssembliesAndSetupDomain (283ms)
		LoadAssemblies (361ms)
		RebuildTransferFunctionScriptingTraits (0ms)
		AnalyzeDomain (14ms)
			TypeCache.Refresh (6ms)
				TypeCache.ScanAssembly (0ms)
			ScanForSourceGeneratedMonoScriptInfo (0ms)
			ResolveRequiredComponents (6ms)
	FinalizeReload (1530ms)
		ReleaseScriptCaches (0ms)
		RebuildScriptCaches (0ms)
		SetupLoadedEditorAssemblies (896ms)
			LogAssemblyErrors (0ms)
			InitializePlatformSupportModulesInManaged (52ms)
			SetLoadedEditorAssemblies (5ms)
			RefreshPlugins (0ms)
			BeforeProcessingInitializeOnLoad (103ms)
			ProcessInitializeOnLoadAttributes (455ms)
			ProcessInitializeOnLoadMethodAttributes (269ms)
			AfterProcessingInitializeOnLoad (11ms)
			EditorAssembliesLoaded (1ms)
		ExecutionOrderSort2 (0ms)
		AwakeInstancesAfterBackupRestoration (8ms)
Refreshing native plugins compatible for Editor in 36.41 ms, found 2 plugins.
Preloading 0 native plugins for Editor in 0.00 ms.
Unloading 3817 Unused Serialized files (Serialized files now loaded: 0)
Unloading 16 unused Assets / (27.6 KB). Loaded Objects now: 4384.
Memory consumption went from 139.0 MB to 139.0 MB.
Total: 18.980800 ms (FindLiveObjects: 0.509100 ms CreateObjectMapping: 0.698200 ms MarkObjects: 17.676000 ms  DeleteObjects: 0.095900 ms)

Prepare: number of updated asset objects reloaded= 0
AssetImportParameters requested are different than current active one (requested -> active):
  custom:container-demuxer-ogg: 62fdf1f143b41e24485cea50d1cbac27 -> 
  custom:scripting/monoscript/fileName/LevelChangerDOTween.cs: 2ea35b7817de89e3c9bc7fb9c16c14c8 -> 
  custom:video-decoder-ogg-theora: a1e56fd34408186e4bbccfd4996cb3dc -> 
  custom:framework-win-MediaFoundation: 216162199b28c13a410421893ffa2e32 -> 
  custom:CustomObjectIndexerAttribute: 9a22284fe3817be447336de3de66b15e -> 
  custom:container-demuxer-webm: 4f35f7cbe854078d1ac9338744f61a02 -> 
  custom:container-muxer-webm: aa71ff27fc2769a1b78a27578f13a17b -> 
  custom:video-decoder-webm-vp8: 9c59270c3fd7afecdb556c50c9e8de78 -> 
  custom:SearchIndexIgnoredProperties: e643bd26f0fe6173181afceb89e7c659 -> 
  custom:AudioImporter_EditorPlatform: d09bf68614088b80899f8185d706f6e7 -> 
  custom:video-encoder-webm-vp8: eb34c28f22e8b96e1ab97ce403110664 -> 
  custom:audio-decoder-ogg-vorbis: bf7c407c2cedff20999df2af8eb42d56 -> 
  custom:audio-encoder-webm-vorbis: bf7c407c2cedff20999df2af8eb42d56 -> 
  custom:scripting/precompiled-assembly-types:Assembly-CSharp: b7a08ba24b2b952116cf13eb5d770e8c -> b6d5beae70893ec4483681e4771dab9e
========================================================================
Received Prepare
Caller must complete domain reload
Begin MonoManager ReloadAssembly
Symbol file LoadedFromMemory is not a mono symbol file
- Loaded All Assemblies, in  0.836 seconds
Native extension for WindowsStandalone target not found
Native extension for iOS target not found
Native extension for Android target not found
Native extension for WebGL target not found
Asset Pipeline Refresh (id=bfbf6ee021a68794cbcd32e7627b5f45): Total: 0.000 seconds - Initiated by StopAssetImportingV2(NoUpdateAssetOptions)
[ScriptCompilation] NOT recompiling all scripts because this is an import worker process. Reason to compile was: Define symbols changed
[ScriptCompilation] NOT recompiling all scripts because this is an import worker process. Reason to compile was: Define symbols changed
Mono: successfully reloaded assembly
- Finished resetting the current domain, in  1.666 seconds
Domain Reload Profiling: 2501ms
	BeginReloadAssembly (437ms)
		ExecutionOrderSort (0ms)
		DisableScriptedObjects (6ms)
		BackupInstance (0ms)
		ReleaseScriptingObjects (0ms)
		CreateAndSetChildDomain (40ms)
	RebuildCommonClasses (36ms)
	RebuildNativeTypeToScriptingClass (16ms)
	initialDomainReloadingComplete (33ms)
	LoadAllAssembliesAndSetupDomain (313ms)
		LoadAssemblies (385ms)
		RebuildTransferFunctionScriptingTraits (0ms)
		AnalyzeDomain (22ms)
			TypeCache.Refresh (10ms)
				TypeCache.ScanAssembly (0ms)
			ScanForSourceGeneratedMonoScriptInfo (0ms)
			ResolveRequiredComponents (10ms)
	FinalizeReload (1667ms)
		ReleaseScriptCaches (0ms)
		RebuildScriptCaches (0ms)
		SetupLoadedEditorAssemblies (998ms)
			LogAssemblyErrors (0ms)
			InitializePlatformSupportModulesInManaged (45ms)
			SetLoadedEditorAssemblies (4ms)
			RefreshPlugins (0ms)
			BeforeProcessingInitializeOnLoad (95ms)
			ProcessInitializeOnLoadAttributes (509ms)
			ProcessInitializeOnLoadMethodAttributes (330ms)
			AfterProcessingInitializeOnLoad (14ms)
			EditorAssembliesLoaded (1ms)
		ExecutionOrderSort2 (0ms)
		AwakeInstancesAfterBackupRestoration (10ms)
Refreshing native plugins compatible for Editor in 17.76 ms, found 2 plugins.
Preloading 0 native plugins for Editor in 0.00 ms.
Unloading 3818 Unused Serialized files (Serialized files now loaded: 0)
Unloading 16 unused Assets / (27.6 KB). Loaded Objects now: 4387.
Memory consumption went from 139.3 MB to 139.3 MB.
Total: 14.990800 ms (FindLiveObjects: 0.349700 ms CreateObjectMapping: 0.247900 ms MarkObjects: 14.307700 ms  DeleteObjects: 0.083800 ms)

Prepare: number of updated asset objects reloaded= 0
AssetImportParameters requested are different than current active one (requested -> active):
  custom:container-demuxer-ogg: 62fdf1f143b41e24485cea50d1cbac27 -> 
  custom:scripting/monoscript/fileName/LevelChangerDOTween.cs: 2ea35b7817de89e3c9bc7fb9c16c14c8 -> 
  custom:video-decoder-ogg-theora: a1e56fd34408186e4bbccfd4996cb3dc -> 
  custom:framework-win-MediaFoundation: 216162199b28c13a410421893ffa2e32 -> 
  custom:CustomObjectIndexerAttribute: 9a22284fe3817be447336de3de66b15e -> 
  custom:container-demuxer-webm: 4f35f7cbe854078d1ac9338744f61a02 -> 
  custom:container-muxer-webm: aa71ff27fc2769a1b78a27578f13a17b -> 
  custom:video-decoder-webm-vp8: 9c59270c3fd7afecdb556c50c9e8de78 -> 
  custom:SearchIndexIgnoredProperties: e643bd26f0fe6173181afceb89e7c659 -> 
  custom:AudioImporter_EditorPlatform: d09bf68614088b80899f8185d706f6e7 -> 
  custom:video-encoder-webm-vp8: eb34c28f22e8b96e1ab97ce403110664 -> 
  custom:audio-decoder-ogg-vorbis: bf7c407c2cedff20999df2af8eb42d56 -> 
  custom:audio-encoder-webm-vorbis: bf7c407c2cedff20999df2af8eb42d56 -> 
  custom:scripting/precompiled-assembly-types:Assembly-CSharp: b7a08ba24b2b952116cf13eb5d770e8c -> b6d5beae70893ec4483681e4771dab9e
========================================================================
Received Import Request.
  Time since last request: 105.418000 seconds.
  path: Assets/Prefabs/Variant3BeeEnemy.prefab
  artifactKey: Guid(6e21af1d76e1d184d88445f76860ac10) Importer(815301076,1909f56bfc062723c751e8b465ee728b)
Start importing Assets/Prefabs/Variant3BeeEnemy.prefab using Guid(6e21af1d76e1d184d88445f76860ac10) Importer(815301076,1909f56bfc062723c751e8b465ee728b) [PhysX] Initialized MultithreadedTaskDispatcher with 8 workers.
 -> (artifact id: 'dc0a6a46d5426717b4a56ed82eebad6d') in 0.036099 seconds
Number of updated asset objects reloaded before import = 0
Number of asset objects unloaded after import = 32
========================================================================
Received Import Request.
  Time since last request: 0.000025 seconds.
  path: Assets/Prefabs/Variant3Green.prefab
  artifactKey: Guid(7421621506e19e54f9997af99d289b80) Importer(815301076,1909f56bfc062723c751e8b465ee728b)
Start importing Assets/Prefabs/Variant3Green.prefab using Guid(7421621506e19e54f9997af99d289b80) Importer(815301076,1909f56bfc062723c751e8b465ee728b) [PhysX] Initialized MultithreadedTaskDispatcher with 8 workers.
 -> (artifact id: '25e13be81987560c5414531e2a7b5aeb') in 0.005216 seconds
Number of updated asset objects reloaded before import = 0
Number of asset objects unloaded after import = 32
========================================================================
Received Import Request.
  Time since last request: 0.000025 seconds.
  path: Assets/Prefabs/Variant3YellowTeleportEnemy.prefab
  artifactKey: Guid(65a93b2ce4d5b124a85fcdea00fb6e6f) Importer(815301076,1909f56bfc062723c751e8b465ee728b)
Start importing Assets/Prefabs/Variant3YellowTeleportEnemy.prefab using Guid(65a93b2ce4d5b124a85fcdea00fb6e6f) Importer(815301076,1909f56bfc062723c751e8b465ee728b) [PhysX] Initialized MultithreadedTaskDispatcher with 8 workers.
 -> (artifact id: '16db9ce45d8613e6641e1cbb55cdfc9e') in 0.005367 seconds
Number of updated asset objects reloaded before import = 0
Number of asset objects unloaded after import = 47
========================================================================
Received Import Request.
  Time since last request: 0.000018 seconds.
  path: Assets/Prefabs/снежинки (1).prefab
  artifactKey: Guid(a5acb74a341ad5940b80ff90cccd5ec6) Importer(815301076,1909f56bfc062723c751e8b465ee728b)
Start importing Assets/Prefabs/снежинки (1).prefab using Guid(a5acb74a341ad5940b80ff90cccd5ec6) Importer(815301076,1909f56bfc062723c751e8b465ee728b) [PhysX] Initialized MultithreadedTaskDispatcher with 8 workers.
 -> (artifact id: '283bec6b7d22255a1a167714af00bf68') in 0.002898 seconds
Number of updated asset objects reloaded before import = 0
Number of asset objects unloaded after import = 8
========================================================================
Received Import Request.
  Time since last request: 0.000016 seconds.
  path: Assets/Prefabs/снежинкибелые.prefab
  artifactKey: Guid(0860cdfe4d2c15e4f8b38ecf2e4df5ed) Importer(815301076,1909f56bfc062723c751e8b465ee728b)
Start importing Assets/Prefabs/снежинкибелые.prefab using Guid(0860cdfe4d2c15e4f8b38ecf2e4df5ed) Importer(815301076,1909f56bfc062723c751e8b465ee728b) [PhysX] Initialized MultithreadedTaskDispatcher with 8 workers.
 -> (artifact id: 'c91b8975d15979454f09219338e22930') in 0.002844 seconds
Number of updated asset objects reloaded before import = 0
Number of asset objects unloaded after import = 8
========================================================================
Received Import Request.
  Time since last request: 0.000031 seconds.
  path: Assets/Prefabs/Variant3SnowWhite1.prefab
  artifactKey: Guid(ceb688bcedd726c41a6f217b84ac3275) Importer(815301076,1909f56bfc062723c751e8b465ee728b)
Start importing Assets/Prefabs/Variant3SnowWhite1.prefab using Guid(ceb688bcedd726c41a6f217b84ac3275) Importer(815301076,1909f56bfc062723c751e8b465ee728b) [PhysX] Initialized MultithreadedTaskDispatcher with 8 workers.
 -> (artifact id: 'b18738042a22151f6bd79147bf782984') in 0.006942 seconds
Number of updated asset objects reloaded before import = 0
Number of asset objects unloaded after import = 48
========================================================================
Received Import Request.
  Time since last request: 0.000018 seconds.
  path: Assets/Prefabs/Variant3BlueEnemy 1.prefab
  artifactKey: Guid(e52636d511ac7364a874e38217ab3a07) Importer(815301076,1909f56bfc062723c751e8b465ee728b)
Start importing Assets/Prefabs/Variant3BlueEnemy 1.prefab using Guid(e52636d511ac7364a874e38217ab3a07) Importer(815301076,1909f56bfc062723c751e8b465ee728b) [PhysX] Initialized MultithreadedTaskDispatcher with 8 workers.
 -> (artifact id: 'c99a777b75becf1759557f4fb1d74dfe') in 0.003716 seconds
Number of updated asset objects reloaded before import = 0
Number of asset objects unloaded after import = 37
========================================================================
Received Import Request.
  Time since last request: 0.000032 seconds.
  path: Assets/Prefabs/Variant3YellowSnow.prefab
  artifactKey: Guid(8226813f3d36d6e40a1df4842ad0b538) Importer(815301076,1909f56bfc062723c751e8b465ee728b)
Start importing Assets/Prefabs/Variant3YellowSnow.prefab using Guid(8226813f3d36d6e40a1df4842ad0b538) Importer(815301076,1909f56bfc062723c751e8b465ee728b) [PhysX] Initialized MultithreadedTaskDispatcher with 8 workers.
 -> (artifact id: 'a8ec47a54ebaa694abd598b250d60c93') in 0.005055 seconds
Number of updated asset objects reloaded before import = 0
Number of asset objects unloaded after import = 31
========================================================================
Received Prepare
Caller must complete domain reload
Begin MonoManager ReloadAssembly
Symbol file LoadedFromMemory is not a mono symbol file
- Loaded All Assemblies, in  0.849 seconds
Native extension for WindowsStandalone target not found
Native extension for iOS target not found
Native extension for Android target not found
Native extension for WebGL target not found
Asset Pipeline Refresh (id=632bd666897871f4fb4ae00ad2968a2b): Total: 0.000 seconds - Initiated by StopAssetImportingV2(NoUpdateAssetOptions)
[ScriptCompilation] NOT recompiling all scripts because this is an import worker process. Reason to compile was: Define symbols changed
[ScriptCompilation] NOT recompiling all scripts because this is an import worker process. Reason to compile was: Define symbols changed
Mono: successfully reloaded assembly
- Finished resetting the current domain, in  1.635 seconds
Domain Reload Profiling: 2482ms
	BeginReloadAssembly (467ms)
		ExecutionOrderSort (0ms)
		DisableScriptedObjects (7ms)
		BackupInstance (0ms)
		ReleaseScriptingObjects (0ms)
		CreateAndSetChildDomain (41ms)
	RebuildCommonClasses (49ms)
	RebuildNativeTypeToScriptingClass (15ms)
	initialDomainReloadingComplete (40ms)
	LoadAllAssembliesAndSetupDomain (276ms)
		LoadAssemblies (357ms)
		RebuildTransferFunctionScriptingTraits (0ms)
		AnalyzeDomain (14ms)
			TypeCache.Refresh (7ms)
				TypeCache.ScanAssembly (0ms)
			ScanForSourceGeneratedMonoScriptInfo (0ms)
			ResolveRequiredComponents (6ms)
	FinalizeReload (1636ms)
		ReleaseScriptCaches (0ms)
		RebuildScriptCaches (0ms)
		SetupLoadedEditorAssemblies (1022ms)
			LogAssemblyErrors (0ms)
			InitializePlatformSupportModulesInManaged (48ms)
			SetLoadedEditorAssemblies (6ms)
			RefreshPlugins (0ms)
			BeforeProcessingInitializeOnLoad (96ms)
			ProcessInitializeOnLoadAttributes (604ms)
			ProcessInitializeOnLoadMethodAttributes (259ms)
			AfterProcessingInitializeOnLoad (10ms)
			EditorAssembliesLoaded (0ms)
		ExecutionOrderSort2 (0ms)
		AwakeInstancesAfterBackupRestoration (7ms)
Refreshing native plugins compatible for Editor in 15.69 ms, found 2 plugins.
Preloading 0 native plugins for Editor in 0.00 ms.
Unloading 3817 Unused Serialized files (Serialized files now loaded: 0)
Unloading 16 unused Assets / (27.6 KB). Loaded Objects now: 4390.
Memory consumption went from 139.1 MB to 139.0 MB.
Total: 8.176500 ms (FindLiveObjects: 0.506900 ms CreateObjectMapping: 0.314600 ms MarkObjects: 7.298000 ms  DeleteObjects: 0.055400 ms)

Prepare: number of updated asset objects reloaded= 0
AssetImportParameters requested are different than current active one (requested -> active):
  custom:container-demuxer-ogg: 62fdf1f143b41e24485cea50d1cbac27 -> 
  custom:scripting/monoscript/fileName/LevelChangerDOTween.cs: 2ea35b7817de89e3c9bc7fb9c16c14c8 -> 
  custom:video-decoder-ogg-theora: a1e56fd34408186e4bbccfd4996cb3dc -> 
  custom:framework-win-MediaFoundation: 216162199b28c13a410421893ffa2e32 -> 
  custom:CustomObjectIndexerAttribute: 9a22284fe3817be447336de3de66b15e -> 
  custom:container-demuxer-webm: 4f35f7cbe854078d1ac9338744f61a02 -> 
  custom:container-muxer-webm: aa71ff27fc2769a1b78a27578f13a17b -> 
  custom:video-decoder-webm-vp8: 9c59270c3fd7afecdb556c50c9e8de78 -> 
  custom:SearchIndexIgnoredProperties: e643bd26f0fe6173181afceb89e7c659 -> 
  custom:AudioImporter_EditorPlatform: d09bf68614088b80899f8185d706f6e7 -> 
  custom:video-encoder-webm-vp8: eb34c28f22e8b96e1ab97ce403110664 -> 
  custom:audio-decoder-ogg-vorbis: bf7c407c2cedff20999df2af8eb42d56 -> 
  custom:audio-encoder-webm-vorbis: bf7c407c2cedff20999df2af8eb42d56 -> 
  custom:scripting/precompiled-assembly-types:Assembly-CSharp: b7a08ba24b2b952116cf13eb5d770e8c -> b6d5beae70893ec4483681e4771dab9e
========================================================================
Received Prepare
Caller must complete domain reload
Begin MonoManager ReloadAssembly
Symbol file LoadedFromMemory is not a mono symbol file
- Loaded All Assemblies, in  1.620 seconds
Native extension for WindowsStandalone target not found
Native extension for iOS target not found
Native extension for Android target not found
Native extension for WebGL target not found
Asset Pipeline Refresh (id=d511daf77acff9844afcbae0fdbbca77): Total: 0.000 seconds - Initiated by StopAssetImportingV2(NoUpdateAssetOptions)
[ScriptCompilation] NOT recompiling all scripts because this is an import worker process. Reason to compile was: Define symbols changed
[ScriptCompilation] NOT recompiling all scripts because this is an import worker process. Reason to compile was: Define symbols changed
Mono: successfully reloaded assembly
- Finished resetting the current domain, in  2.530 seconds
Domain Reload Profiling: 4150ms
	BeginReloadAssembly (806ms)
		ExecutionOrderSort (0ms)
		DisableScriptedObjects (17ms)
		BackupInstance (0ms)
		ReleaseScriptingObjects (0ms)
		CreateAndSetChildDomain (78ms)
	RebuildCommonClasses (96ms)
	RebuildNativeTypeToScriptingClass (32ms)
	initialDomainReloadingComplete (69ms)
	LoadAllAssembliesAndSetupDomain (615ms)
		LoadAssemblies (681ms)
		RebuildTransferFunctionScriptingTraits (0ms)
		AnalyzeDomain (67ms)
			TypeCache.Refresh (31ms)
				TypeCache.ScanAssembly (9ms)
			ScanForSourceGeneratedMonoScriptInfo (25ms)
			ResolveRequiredComponents (10ms)
	FinalizeReload (2533ms)
		ReleaseScriptCaches (0ms)
		RebuildScriptCaches (0ms)
		SetupLoadedEditorAssemblies (1307ms)
			LogAssemblyErrors (0ms)
			InitializePlatformSupportModulesInManaged (113ms)
			SetLoadedEditorAssemblies (10ms)
			RefreshPlugins (0ms)
			BeforeProcessingInitializeOnLoad (173ms)
			ProcessInitializeOnLoadAttributes (661ms)
			ProcessInitializeOnLoadMethodAttributes (334ms)
			AfterProcessingInitializeOnLoad (15ms)
			EditorAssembliesLoaded (1ms)
		ExecutionOrderSort2 (0ms)
		AwakeInstancesAfterBackupRestoration (10ms)
Refreshing native plugins compatible for Editor in 27.66 ms, found 2 plugins.
Preloading 0 native plugins for Editor in 0.00 ms.
Unloading 3818 Unused Serialized files (Serialized files now loaded: 0)
Unloading 16 unused Assets / (27.6 KB). Loaded Objects now: 4393.
Memory consumption went from 139.3 MB to 139.3 MB.
Total: 14.693300 ms (FindLiveObjects: 0.484700 ms CreateObjectMapping: 0.446800 ms MarkObjects: 13.681400 ms  DeleteObjects: 0.078400 ms)

Prepare: number of updated asset objects reloaded= 0
AssetImportParameters requested are different than current active one (requested -> active):
  custom:container-demuxer-ogg: 62fdf1f143b41e24485cea50d1cbac27 -> 
  custom:scripting/monoscript/fileName/LevelChangerDOTween.cs: 2ea35b7817de89e3c9bc7fb9c16c14c8 -> 
  custom:video-decoder-ogg-theora: a1e56fd34408186e4bbccfd4996cb3dc -> 
  custom:framework-win-MediaFoundation: 216162199b28c13a410421893ffa2e32 -> 
  custom:CustomObjectIndexerAttribute: 9a22284fe3817be447336de3de66b15e -> 
  custom:container-demuxer-webm: 4f35f7cbe854078d1ac9338744f61a02 -> 
  custom:container-muxer-webm: aa71ff27fc2769a1b78a27578f13a17b -> 
  custom:video-decoder-webm-vp8: 9c59270c3fd7afecdb556c50c9e8de78 -> 
  custom:SearchIndexIgnoredProperties: e643bd26f0fe6173181afceb89e7c659 -> 
  custom:AudioImporter_EditorPlatform: d09bf68614088b80899f8185d706f6e7 -> 
  custom:video-encoder-webm-vp8: eb34c28f22e8b96e1ab97ce403110664 -> 
  custom:audio-decoder-ogg-vorbis: bf7c407c2cedff20999df2af8eb42d56 -> 
  custom:audio-encoder-webm-vorbis: bf7c407c2cedff20999df2af8eb42d56 -> 
  custom:scripting/precompiled-assembly-types:Assembly-CSharp: b7a08ba24b2b952116cf13eb5d770e8c -> b6d5beae70893ec4483681e4771dab9e
========================================================================
Received Import Request.
  Time since last request: 696.611143 seconds.
  path: Assets/Localization/Russian (ru).asset
  artifactKey: Guid(a9f2483f92a2e7f4993314a9816c4c19) Importer(815301076,1909f56bfc062723c751e8b465ee728b)
Start importing Assets/Localization/Russian (ru).asset using Guid(a9f2483f92a2e7f4993314a9816c4c19) Importer(815301076,1909f56bfc062723c751e8b465ee728b) [PhysX] Initialized MultithreadedTaskDispatcher with 8 workers.
 -> (artifact id: 'e231f42f1154e5f23e4425634ea6a373') in 0.013556 seconds
Number of updated asset objects reloaded before import = 0
Number of asset objects unloaded after import = 1
========================================================================
Received Prepare
Caller must complete domain reload
Begin MonoManager ReloadAssembly
Symbol file LoadedFromMemory is not a mono symbol file
- Loaded All Assemblies, in  0.911 seconds
Native extension for WindowsStandalone target not found
Native extension for iOS target not found
Native extension for Android target not found
Native extension for WebGL target not found
Asset Pipeline Refresh (id=8c6182854f039a044ac4bb3c04c0624d): Total: 0.000 seconds - Initiated by StopAssetImportingV2(NoUpdateAssetOptions)
[ScriptCompilation] NOT recompiling all scripts because this is an import worker process. Reason to compile was: Define symbols changed
[ScriptCompilation] NOT recompiling all scripts because this is an import worker process. Reason to compile was: Define symbols changed
Mono: successfully reloaded assembly
- Finished resetting the current domain, in  1.605 seconds
Domain Reload Profiling: 2514ms
	BeginReloadAssembly (510ms)
		ExecutionOrderSort (0ms)
		DisableScriptedObjects (6ms)
		BackupInstance (0ms)
		ReleaseScriptingObjects (0ms)
		CreateAndSetChildDomain (50ms)
	RebuildCommonClasses (47ms)
	RebuildNativeTypeToScriptingClass (14ms)
	initialDomainReloadingComplete (31ms)
	LoadAllAssembliesAndSetupDomain (307ms)
		LoadAssemblies (380ms)
		RebuildTransferFunctionScriptingTraits (0ms)
		AnalyzeDomain (15ms)
			TypeCache.Refresh (7ms)
				TypeCache.ScanAssembly (0ms)
			ScanForSourceGeneratedMonoScriptInfo (0ms)
			ResolveRequiredComponents (6ms)
	FinalizeReload (1606ms)
		ReleaseScriptCaches (0ms)
		RebuildScriptCaches (0ms)
		SetupLoadedEditorAssemblies (964ms)
			LogAssemblyErrors (0ms)
			InitializePlatformSupportModulesInManaged (46ms)
			SetLoadedEditorAssemblies (5ms)
			RefreshPlugins (0ms)
			BeforeProcessingInitializeOnLoad (101ms)
			ProcessInitializeOnLoadAttributes (466ms)
			ProcessInitializeOnLoadMethodAttributes (336ms)
			AfterProcessingInitializeOnLoad (10ms)
			EditorAssembliesLoaded (0ms)
		ExecutionOrderSort2 (0ms)
		AwakeInstancesAfterBackupRestoration (8ms)
Refreshing native plugins compatible for Editor in 18.50 ms, found 2 plugins.
Preloading 0 native plugins for Editor in 0.00 ms.
Unloading 3841 Unused Serialized files (Serialized files now loaded: 0)
Unloading 16 unused Assets / (27.6 KB). Loaded Objects now: 4422.
Memory consumption went from 139.4 MB to 139.4 MB.
Total: 11.522700 ms (FindLiveObjects: 0.363600 ms CreateObjectMapping: 0.372900 ms MarkObjects: 10.725400 ms  DeleteObjects: 0.059400 ms)

Prepare: number of updated asset objects reloaded= 0
AssetImportParameters requested are different than current active one (requested -> active):
  custom:container-demuxer-ogg: 62fdf1f143b41e24485cea50d1cbac27 -> 
  custom:scripting/monoscript/fileName/LevelChangerDOTween.cs: 2ea35b7817de89e3c9bc7fb9c16c14c8 -> 
  custom:video-decoder-ogg-theora: a1e56fd34408186e4bbccfd4996cb3dc -> 
  custom:framework-win-MediaFoundation: 216162199b28c13a410421893ffa2e32 -> 
  custom:CustomObjectIndexerAttribute: 9a22284fe3817be447336de3de66b15e -> 
  custom:container-demuxer-webm: 4f35f7cbe854078d1ac9338744f61a02 -> 
  custom:container-muxer-webm: aa71ff27fc2769a1b78a27578f13a17b -> 
  custom:video-decoder-webm-vp8: 9c59270c3fd7afecdb556c50c9e8de78 -> 
  custom:SearchIndexIgnoredProperties: e643bd26f0fe6173181afceb89e7c659 -> 
  custom:AudioImporter_EditorPlatform: d09bf68614088b80899f8185d706f6e7 -> 
  custom:video-encoder-webm-vp8: eb34c28f22e8b96e1ab97ce403110664 -> 
  custom:audio-decoder-ogg-vorbis: bf7c407c2cedff20999df2af8eb42d56 -> 
  custom:audio-encoder-webm-vorbis: bf7c407c2cedff20999df2af8eb42d56 -> 
  custom:scripting/precompiled-assembly-types:Assembly-CSharp: b7a08ba24b2b952116cf13eb5d770e8c -> b6d5beae70893ec4483681e4771dab9e
========================================================================
Received Prepare
Caller must complete domain reload
Begin MonoManager ReloadAssembly
Symbol file LoadedFromMemory is not a mono symbol file
- Loaded All Assemblies, in  0.857 seconds
Native extension for WindowsStandalone target not found
Native extension for iOS target not found
Native extension for Android target not found
Native extension for WebGL target not found
Asset Pipeline Refresh (id=38e054364b6d7d94387c3e185b0f545d): Total: 0.000 seconds - Initiated by StopAssetImportingV2(NoUpdateAssetOptions)
[ScriptCompilation] NOT recompiling all scripts because this is an import worker process. Reason to compile was: Define symbols changed
[ScriptCompilation] NOT recompiling all scripts because this is an import worker process. Reason to compile was: Define symbols changed
Mono: successfully reloaded assembly
- Finished resetting the current domain, in  1.733 seconds
Domain Reload Profiling: 2589ms
	BeginReloadAssembly (483ms)
		ExecutionOrderSort (0ms)
		DisableScriptedObjects (8ms)
		BackupInstance (0ms)
		ReleaseScriptingObjects (0ms)
		CreateAndSetChildDomain (38ms)
	RebuildCommonClasses (42ms)
	RebuildNativeTypeToScriptingClass (13ms)
	initialDomainReloadingComplete (34ms)
	LoadAllAssembliesAndSetupDomain (284ms)
		LoadAssemblies (370ms)
		RebuildTransferFunctionScriptingTraits (0ms)
		AnalyzeDomain (17ms)
			TypeCache.Refresh (8ms)
				TypeCache.ScanAssembly (0ms)
			ScanForSourceGeneratedMonoScriptInfo (0ms)
			ResolveRequiredComponents (8ms)
	FinalizeReload (1734ms)
		ReleaseScriptCaches (0ms)
		RebuildScriptCaches (0ms)
		SetupLoadedEditorAssemblies (1116ms)
			LogAssemblyErrors (0ms)
			InitializePlatformSupportModulesInManaged (57ms)
			SetLoadedEditorAssemblies (6ms)
			RefreshPlugins (0ms)
			BeforeProcessingInitializeOnLoad (146ms)
			ProcessInitializeOnLoadAttributes (621ms)
			ProcessInitializeOnLoadMethodAttributes (275ms)
			AfterProcessingInitializeOnLoad (10ms)
			EditorAssembliesLoaded (1ms)
		ExecutionOrderSort2 (0ms)
		AwakeInstancesAfterBackupRestoration (11ms)
Refreshing native plugins compatible for Editor in 16.78 ms, found 2 plugins.
Preloading 0 native plugins for Editor in 0.00 ms.
Unloading 3818 Unused Serialized files (Serialized files now loaded: 0)
Unloading 16 unused Assets / (27.6 KB). Loaded Objects now: 4425.
Memory consumption went from 139.5 MB to 139.5 MB.
Total: 11.168200 ms (FindLiveObjects: 0.381800 ms CreateObjectMapping: 0.390600 ms MarkObjects: 10.322300 ms  DeleteObjects: 0.071900 ms)

Prepare: number of updated asset objects reloaded= 0
AssetImportParameters requested are different than current active one (requested -> active):
  custom:container-demuxer-ogg: 62fdf1f143b41e24485cea50d1cbac27 -> 
  custom:scripting/monoscript/fileName/LevelChangerDOTween.cs: 2ea35b7817de89e3c9bc7fb9c16c14c8 -> 
  custom:video-decoder-ogg-theora: a1e56fd34408186e4bbccfd4996cb3dc -> 
  custom:framework-win-MediaFoundation: 216162199b28c13a410421893ffa2e32 -> 
  custom:CustomObjectIndexerAttribute: 9a22284fe3817be447336de3de66b15e -> 
  custom:container-demuxer-webm: 4f35f7cbe854078d1ac9338744f61a02 -> 
  custom:container-muxer-webm: aa71ff27fc2769a1b78a27578f13a17b -> 
  custom:video-decoder-webm-vp8: 9c59270c3fd7afecdb556c50c9e8de78 -> 
  custom:SearchIndexIgnoredProperties: e643bd26f0fe6173181afceb89e7c659 -> 
  custom:AudioImporter_EditorPlatform: d09bf68614088b80899f8185d706f6e7 -> 
  custom:video-encoder-webm-vp8: eb34c28f22e8b96e1ab97ce403110664 -> 
  custom:audio-decoder-ogg-vorbis: bf7c407c2cedff20999df2af8eb42d56 -> 
  custom:audio-encoder-webm-vorbis: bf7c407c2cedff20999df2af8eb42d56 -> 
  custom:scripting/precompiled-assembly-types:Assembly-CSharp: b7a08ba24b2b952116cf13eb5d770e8c -> b6d5beae70893ec4483681e4771dab9e
========================================================================
Received Prepare
Caller must complete domain reload
Begin MonoManager ReloadAssembly
Symbol file LoadedFromMemory is not a mono symbol file
- Loaded All Assemblies, in  1.452 seconds
Native extension for WindowsStandalone target not found
Native extension for iOS target not found
Native extension for Android target not found
Native extension for WebGL target not found
Asset Pipeline Refresh (id=cb3e57dcebdc11044bbe9878e405eef8): Total: 0.000 seconds - Initiated by StopAssetImportingV2(NoUpdateAssetOptions)
[ScriptCompilation] NOT recompiling all scripts because this is an import worker process. Reason to compile was: Define symbols changed
[ScriptCompilation] NOT recompiling all scripts because this is an import worker process. Reason to compile was: Define symbols changed
Mono: successfully reloaded assembly
- Finished resetting the current domain, in  2.697 seconds
Domain Reload Profiling: 4144ms
	BeginReloadAssembly (826ms)
		ExecutionOrderSort (0ms)
		DisableScriptedObjects (10ms)
		BackupInstance (0ms)
		ReleaseScriptingObjects (0ms)
		CreateAndSetChildDomain (87ms)
	RebuildCommonClasses (64ms)
	RebuildNativeTypeToScriptingClass (21ms)
	initialDomainReloadingComplete (52ms)
	LoadAllAssembliesAndSetupDomain (483ms)
		LoadAssemblies (648ms)
		RebuildTransferFunctionScriptingTraits (0ms)
		AnalyzeDomain (22ms)
			TypeCache.Refresh (8ms)
				TypeCache.ScanAssembly (0ms)
			ScanForSourceGeneratedMonoScriptInfo (0ms)
			ResolveRequiredComponents (11ms)
	FinalizeReload (2697ms)
		ReleaseScriptCaches (0ms)
		RebuildScriptCaches (0ms)
		SetupLoadedEditorAssemblies (1490ms)
			LogAssemblyErrors (0ms)
			InitializePlatformSupportModulesInManaged (55ms)
			SetLoadedEditorAssemblies (7ms)
			RefreshPlugins (0ms)
			BeforeProcessingInitializeOnLoad (187ms)
			ProcessInitializeOnLoadAttributes (817ms)
			ProcessInitializeOnLoadMethodAttributes (407ms)
			AfterProcessingInitializeOnLoad (17ms)
			EditorAssembliesLoaded (1ms)
		ExecutionOrderSort2 (0ms)
		AwakeInstancesAfterBackupRestoration (19ms)
Refreshing native plugins compatible for Editor in 21.70 ms, found 2 plugins.
Preloading 0 native plugins for Editor in 0.00 ms.
Unloading 3818 Unused Serialized files (Serialized files now loaded: 0)
Unloading 16 unused Assets / (27.6 KB). Loaded Objects now: 4428.
Memory consumption went from 139.5 MB to 139.5 MB.
Total: 12.492000 ms (FindLiveObjects: 0.460500 ms CreateObjectMapping: 0.425400 ms MarkObjects: 11.529800 ms  DeleteObjects: 0.074200 ms)

Prepare: number of updated asset objects reloaded= 0
AssetImportParameters requested are different than current active one (requested -> active):
  custom:container-demuxer-ogg: 62fdf1f143b41e24485cea50d1cbac27 -> 
  custom:scripting/monoscript/fileName/LevelChangerDOTween.cs: 2ea35b7817de89e3c9bc7fb9c16c14c8 -> 
  custom:video-decoder-ogg-theora: a1e56fd34408186e4bbccfd4996cb3dc -> 
  custom:framework-win-MediaFoundation: 216162199b28c13a410421893ffa2e32 -> 
  custom:CustomObjectIndexerAttribute: 9a22284fe3817be447336de3de66b15e -> 
  custom:container-demuxer-webm: 4f35f7cbe854078d1ac9338744f61a02 -> 
  custom:container-muxer-webm: aa71ff27fc2769a1b78a27578f13a17b -> 
  custom:video-decoder-webm-vp8: 9c59270c3fd7afecdb556c50c9e8de78 -> 
  custom:SearchIndexIgnoredProperties: e643bd26f0fe6173181afceb89e7c659 -> 
  custom:AudioImporter_EditorPlatform: d09bf68614088b80899f8185d706f6e7 -> 
  custom:video-encoder-webm-vp8: eb34c28f22e8b96e1ab97ce403110664 -> 
  custom:audio-decoder-ogg-vorbis: bf7c407c2cedff20999df2af8eb42d56 -> 
  custom:audio-encoder-webm-vorbis: bf7c407c2cedff20999df2af8eb42d56 -> 
  custom:scripting/precompiled-assembly-types:Assembly-CSharp: b7a08ba24b2b952116cf13eb5d770e8c -> b6d5beae70893ec4483681e4771dab9e
========================================================================
Received Prepare
Caller must complete domain reload
Begin MonoManager ReloadAssembly
Symbol file LoadedFromMemory is not a mono symbol file
- Loaded All Assemblies, in  0.862 seconds
Native extension for WindowsStandalone target not found
Native extension for iOS target not found
Native extension for Android target not found
Native extension for WebGL target not found
Asset Pipeline Refresh (id=bc353a52a606d414ab54b362a20d89ce): Total: 0.000 seconds - Initiated by StopAssetImportingV2(NoUpdateAssetOptions)
[ScriptCompilation] NOT recompiling all scripts because this is an import worker process. Reason to compile was: Define symbols changed
[ScriptCompilation] NOT recompiling all scripts because this is an import worker process. Reason to compile was: Define symbols changed
Mono: successfully reloaded assembly
- Finished resetting the current domain, in  1.391 seconds
Domain Reload Profiling: 2252ms
	BeginReloadAssembly (471ms)
		ExecutionOrderSort (0ms)
		DisableScriptedObjects (7ms)
		BackupInstance (0ms)
		ReleaseScriptingObjects (0ms)
		CreateAndSetChildDomain (38ms)
	RebuildCommonClasses (40ms)
	RebuildNativeTypeToScriptingClass (15ms)
	initialDomainReloadingComplete (41ms)
	LoadAllAssembliesAndSetupDomain (292ms)
		LoadAssemblies (342ms)
		RebuildTransferFunctionScriptingTraits (0ms)
		AnalyzeDomain (44ms)
			TypeCache.Refresh (20ms)
				TypeCache.ScanAssembly (6ms)
			ScanForSourceGeneratedMonoScriptInfo (17ms)
			ResolveRequiredComponents (6ms)
	FinalizeReload (1392ms)
		ReleaseScriptCaches (0ms)
		RebuildScriptCaches (0ms)
		SetupLoadedEditorAssemblies (739ms)
			LogAssemblyErrors (0ms)
			InitializePlatformSupportModulesInManaged (40ms)
			SetLoadedEditorAssemblies (7ms)
			RefreshPlugins (0ms)
			BeforeProcessingInitializeOnLoad (81ms)
			ProcessInitializeOnLoadAttributes (405ms)
			ProcessInitializeOnLoadMethodAttributes (197ms)
			AfterProcessingInitializeOnLoad (9ms)
			EditorAssembliesLoaded (0ms)
		ExecutionOrderSort2 (0ms)
		AwakeInstancesAfterBackupRestoration (11ms)
Refreshing native plugins compatible for Editor in 13.10 ms, found 2 plugins.
Preloading 0 native plugins for Editor in 0.00 ms.
Unloading 3818 Unused Serialized files (Serialized files now loaded: 0)
Unloading 16 unused Assets / (27.5 KB). Loaded Objects now: 4431.
Memory consumption went from 139.5 MB to 139.5 MB.
Total: 9.798600 ms (FindLiveObjects: 0.301700 ms CreateObjectMapping: 0.262000 ms MarkObjects: 9.182000 ms  DeleteObjects: 0.051500 ms)

Prepare: number of updated asset objects reloaded= 0
AssetImportParameters requested are different than current active one (requested -> active):
  custom:container-demuxer-ogg: 62fdf1f143b41e24485cea50d1cbac27 -> 
  custom:scripting/monoscript/fileName/LevelChangerDOTween.cs: 2ea35b7817de89e3c9bc7fb9c16c14c8 -> 
  custom:video-decoder-ogg-theora: a1e56fd34408186e4bbccfd4996cb3dc -> 
  custom:framework-win-MediaFoundation: 216162199b28c13a410421893ffa2e32 -> 
  custom:CustomObjectIndexerAttribute: 9a22284fe3817be447336de3de66b15e -> 
  custom:container-demuxer-webm: 4f35f7cbe854078d1ac9338744f61a02 -> 
  custom:container-muxer-webm: aa71ff27fc2769a1b78a27578f13a17b -> 
  custom:video-decoder-webm-vp8: 9c59270c3fd7afecdb556c50c9e8de78 -> 
  custom:SearchIndexIgnoredProperties: e643bd26f0fe6173181afceb89e7c659 -> 
  custom:AudioImporter_EditorPlatform: d09bf68614088b80899f8185d706f6e7 -> 
  custom:video-encoder-webm-vp8: eb34c28f22e8b96e1ab97ce403110664 -> 
  custom:audio-decoder-ogg-vorbis: bf7c407c2cedff20999df2af8eb42d56 -> 
  custom:audio-encoder-webm-vorbis: bf7c407c2cedff20999df2af8eb42d56 -> 
  custom:scripting/precompiled-assembly-types:Assembly-CSharp: b7a08ba24b2b952116cf13eb5d770e8c -> b6d5beae70893ec4483681e4771dab9e
========================================================================
Received Prepare
Caller must complete domain reload
Begin MonoManager ReloadAssembly
Symbol file LoadedFromMemory is not a mono symbol file
- Loaded All Assemblies, in  0.978 seconds
Native extension for WindowsStandalone target not found
Native extension for iOS target not found
Native extension for Android target not found
Native extension for WebGL target not found
Asset Pipeline Refresh (id=95ad22f72e03bd54983aaf4100692446): Total: 0.000 seconds - Initiated by StopAssetImportingV2(NoUpdateAssetOptions)
[ScriptCompilation] NOT recompiling all scripts because this is an import worker process. Reason to compile was: Define symbols changed
[ScriptCompilation] NOT recompiling all scripts because this is an import worker process. Reason to compile was: Define symbols changed
Mono: successfully reloaded assembly
- Finished resetting the current domain, in  1.338 seconds
Domain Reload Profiling: 2313ms
	BeginReloadAssembly (517ms)
		ExecutionOrderSort (0ms)
		DisableScriptedObjects (7ms)
		BackupInstance (0ms)
		ReleaseScriptingObjects (0ms)
		CreateAndSetChildDomain (43ms)
	RebuildCommonClasses (60ms)
	RebuildNativeTypeToScriptingClass (12ms)
	initialDomainReloadingComplete (41ms)
	LoadAllAssembliesAndSetupDomain (344ms)
		LoadAssemblies (415ms)
		RebuildTransferFunctionScriptingTraits (0ms)
		AnalyzeDomain (45ms)
			TypeCache.Refresh (17ms)
				TypeCache.ScanAssembly (5ms)
			ScanForSourceGeneratedMonoScriptInfo (20ms)
			ResolveRequiredComponents (6ms)
	FinalizeReload (1339ms)
		ReleaseScriptCaches (0ms)
		RebuildScriptCaches (0ms)
		SetupLoadedEditorAssemblies (717ms)
			LogAssemblyErrors (0ms)
			InitializePlatformSupportModulesInManaged (35ms)
			SetLoadedEditorAssemblies (7ms)
			RefreshPlugins (0ms)
			BeforeProcessingInitializeOnLoad (87ms)
			ProcessInitializeOnLoadAttributes (384ms)
			ProcessInitializeOnLoadMethodAttributes (198ms)
			AfterProcessingInitializeOnLoad (7ms)
			EditorAssembliesLoaded (0ms)
		ExecutionOrderSort2 (0ms)
		AwakeInstancesAfterBackupRestoration (9ms)
Refreshing native plugins compatible for Editor in 11.45 ms, found 2 plugins.
Preloading 0 native plugins for Editor in 0.00 ms.
Unloading 3818 Unused Serialized files (Serialized files now loaded: 0)
Unloading 16 unused Assets / (27.6 KB). Loaded Objects now: 4434.
Memory consumption went from 139.5 MB to 139.5 MB.
Total: 8.657000 ms (FindLiveObjects: 0.292400 ms CreateObjectMapping: 0.229600 ms MarkObjects: 8.088100 ms  DeleteObjects: 0.045800 ms)

Prepare: number of updated asset objects reloaded= 0
AssetImportParameters requested are different than current active one (requested -> active):
  custom:container-demuxer-ogg: 62fdf1f143b41e24485cea50d1cbac27 -> 
  custom:scripting/monoscript/fileName/LevelChangerDOTween.cs: 2ea35b7817de89e3c9bc7fb9c16c14c8 -> 
  custom:video-decoder-ogg-theora: a1e56fd34408186e4bbccfd4996cb3dc -> 
  custom:framework-win-MediaFoundation: 216162199b28c13a410421893ffa2e32 -> 
  custom:CustomObjectIndexerAttribute: 9a22284fe3817be447336de3de66b15e -> 
  custom:container-demuxer-webm: 4f35f7cbe854078d1ac9338744f61a02 -> 
  custom:container-muxer-webm: aa71ff27fc2769a1b78a27578f13a17b -> 
  custom:video-decoder-webm-vp8: 9c59270c3fd7afecdb556c50c9e8de78 -> 
  custom:SearchIndexIgnoredProperties: e643bd26f0fe6173181afceb89e7c659 -> 
  custom:AudioImporter_EditorPlatform: d09bf68614088b80899f8185d706f6e7 -> 
  custom:video-encoder-webm-vp8: eb34c28f22e8b96e1ab97ce403110664 -> 
  custom:audio-decoder-ogg-vorbis: bf7c407c2cedff20999df2af8eb42d56 -> 
  custom:audio-encoder-webm-vorbis: bf7c407c2cedff20999df2af8eb42d56 -> 
  custom:scripting/precompiled-assembly-types:Assembly-CSharp: b7a08ba24b2b952116cf13eb5d770e8c -> b6d5beae70893ec4483681e4771dab9e
========================================================================
Received Prepare
Caller must complete domain reload
Begin MonoManager ReloadAssembly
Symbol file LoadedFromMemory is not a mono symbol file
- Loaded All Assemblies, in  0.988 seconds
Native extension for WindowsStandalone target not found
Native extension for iOS target not found
Native extension for Android target not found
Native extension for WebGL target not found
Asset Pipeline Refresh (id=168e9dec4a872214eba90cc00245ccde): Total: 0.000 seconds - Initiated by StopAssetImportingV2(NoUpdateAssetOptions)
[ScriptCompilation] NOT recompiling all scripts because this is an import worker process. Reason to compile was: Define symbols changed
[ScriptCompilation] NOT recompiling all scripts because this is an import worker process. Reason to compile was: Define symbols changed
Mono: successfully reloaded assembly
- Finished resetting the current domain, in  1.344 seconds
Domain Reload Profiling: 2332ms
	BeginReloadAssembly (547ms)
		ExecutionOrderSort (0ms)
		DisableScriptedObjects (9ms)
		BackupInstance (0ms)
		ReleaseScriptingObjects (0ms)
		CreateAndSetChildDomain (39ms)
	RebuildCommonClasses (48ms)
	RebuildNativeTypeToScriptingClass (18ms)
	initialDomainReloadingComplete (36ms)
	LoadAllAssembliesAndSetupDomain (337ms)
		LoadAssemblies (369ms)
		RebuildTransferFunctionScriptingTraits (0ms)
		AnalyzeDomain (64ms)
			TypeCache.Refresh (19ms)
				TypeCache.ScanAssembly (5ms)
			ScanForSourceGeneratedMonoScriptInfo (33ms)
			ResolveRequiredComponents (11ms)
	FinalizeReload (1345ms)
		ReleaseScriptCaches (0ms)
		RebuildScriptCaches (0ms)
		SetupLoadedEditorAssemblies (734ms)
			LogAssemblyErrors (0ms)
			InitializePlatformSupportModulesInManaged (33ms)
			SetLoadedEditorAssemblies (4ms)
			RefreshPlugins (0ms)
			BeforeProcessingInitializeOnLoad (75ms)
			ProcessInitializeOnLoadAttributes (389ms)
			ProcessInitializeOnLoadMethodAttributes (219ms)
			AfterProcessingInitializeOnLoad (13ms)
			EditorAssembliesLoaded (0ms)
		ExecutionOrderSort2 (0ms)
		AwakeInstancesAfterBackupRestoration (12ms)
Refreshing native plugins compatible for Editor in 15.96 ms, found 2 plugins.
Preloading 0 native plugins for Editor in 0.00 ms.
Unloading 3818 Unused Serialized files (Serialized files now loaded: 0)
Unloading 16 unused Assets / (27.6 KB). Loaded Objects now: 4437.
Memory consumption went from 139.5 MB to 139.5 MB.
Total: 19.178600 ms (FindLiveObjects: 0.751800 ms CreateObjectMapping: 0.414000 ms MarkObjects: 17.885800 ms  DeleteObjects: 0.058900 ms)

Prepare: number of updated asset objects reloaded= 0
AssetImportParameters requested are different than current active one (requested -> active):
  custom:container-demuxer-ogg: 62fdf1f143b41e24485cea50d1cbac27 -> 
  custom:scripting/monoscript/fileName/LevelChangerDOTween.cs: 2ea35b7817de89e3c9bc7fb9c16c14c8 -> 
  custom:video-decoder-ogg-theora: a1e56fd34408186e4bbccfd4996cb3dc -> 
  custom:framework-win-MediaFoundation: 216162199b28c13a410421893ffa2e32 -> 
  custom:CustomObjectIndexerAttribute: 9a22284fe3817be447336de3de66b15e -> 
  custom:container-demuxer-webm: 4f35f7cbe854078d1ac9338744f61a02 -> 
  custom:container-muxer-webm: aa71ff27fc2769a1b78a27578f13a17b -> 
  custom:video-decoder-webm-vp8: 9c59270c3fd7afecdb556c50c9e8de78 -> 
  custom:SearchIndexIgnoredProperties: e643bd26f0fe6173181afceb89e7c659 -> 
  custom:AudioImporter_EditorPlatform: d09bf68614088b80899f8185d706f6e7 -> 
  custom:video-encoder-webm-vp8: eb34c28f22e8b96e1ab97ce403110664 -> 
  custom:audio-decoder-ogg-vorbis: bf7c407c2cedff20999df2af8eb42d56 -> 
  custom:audio-encoder-webm-vorbis: bf7c407c2cedff20999df2af8eb42d56 -> 
  custom:scripting/precompiled-assembly-types:Assembly-CSharp: b7a08ba24b2b952116cf13eb5d770e8c -> b6d5beae70893ec4483681e4771dab9e
========================================================================
Received Prepare
Caller must complete domain reload
Begin MonoManager ReloadAssembly
Symbol file LoadedFromMemory is not a mono symbol file
- Loaded All Assemblies, in  0.907 seconds
Native extension for WindowsStandalone target not found
Native extension for iOS target not found
Native extension for Android target not found
Native extension for WebGL target not found
Asset Pipeline Refresh (id=1c9cf6f94971a6144b88a87f1b2e7412): Total: 0.000 seconds - Initiated by StopAssetImportingV2(NoUpdateAssetOptions)
[ScriptCompilation] NOT recompiling all scripts because this is an import worker process. Reason to compile was: Define symbols changed
[ScriptCompilation] NOT recompiling all scripts because this is an import worker process. Reason to compile was: Define symbols changed
Mono: successfully reloaded assembly
- Finished resetting the current domain, in  1.641 seconds
Domain Reload Profiling: 2547ms
	BeginReloadAssembly (475ms)
		ExecutionOrderSort (0ms)
		DisableScriptedObjects (11ms)
		BackupInstance (0ms)
		ReleaseScriptingObjects (0ms)
		CreateAndSetChildDomain (37ms)
	RebuildCommonClasses (50ms)
	RebuildNativeTypeToScriptingClass (17ms)
	initialDomainReloadingComplete (35ms)
	LoadAllAssembliesAndSetupDomain (328ms)
		LoadAssemblies (395ms)
		RebuildTransferFunctionScriptingTraits (0ms)
		AnalyzeDomain (20ms)
			TypeCache.Refresh (9ms)
				TypeCache.ScanAssembly (0ms)
			ScanForSourceGeneratedMonoScriptInfo (0ms)
			ResolveRequiredComponents (10ms)
	FinalizeReload (1642ms)
		ReleaseScriptCaches (0ms)
		RebuildScriptCaches (0ms)
		SetupLoadedEditorAssemblies (1049ms)
			LogAssemblyErrors (0ms)
			InitializePlatformSupportModulesInManaged (40ms)
			SetLoadedEditorAssemblies (4ms)
			RefreshPlugins (0ms)
			BeforeProcessingInitializeOnLoad (96ms)
			ProcessInitializeOnLoadAttributes (616ms)
			ProcessInitializeOnLoadMethodAttributes (278ms)
			AfterProcessingInitializeOnLoad (13ms)
			EditorAssembliesLoaded (1ms)
		ExecutionOrderSort2 (1ms)
		AwakeInstancesAfterBackupRestoration (15ms)
Refreshing native plugins compatible for Editor in 26.68 ms, found 2 plugins.
Preloading 0 native plugins for Editor in 0.00 ms.
Unloading 3818 Unused Serialized files (Serialized files now loaded: 0)
Unloading 16 unused Assets / (29.4 KB). Loaded Objects now: 4440.
Memory consumption went from 139.5 MB to 139.5 MB.
Total: 10.270700 ms (FindLiveObjects: 0.504300 ms CreateObjectMapping: 0.639700 ms MarkObjects: 9.051900 ms  DeleteObjects: 0.073500 ms)

Prepare: number of updated asset objects reloaded= 0
AssetImportParameters requested are different than current active one (requested -> active):
  custom:container-demuxer-ogg: 62fdf1f143b41e24485cea50d1cbac27 -> 
  custom:scripting/monoscript/fileName/LevelChangerDOTween.cs: 2ea35b7817de89e3c9bc7fb9c16c14c8 -> 
  custom:video-decoder-ogg-theora: a1e56fd34408186e4bbccfd4996cb3dc -> 
  custom:framework-win-MediaFoundation: 216162199b28c13a410421893ffa2e32 -> 
  custom:CustomObjectIndexerAttribute: 9a22284fe3817be447336de3de66b15e -> 
  custom:container-demuxer-webm: 4f35f7cbe854078d1ac9338744f61a02 -> 
  custom:container-muxer-webm: aa71ff27fc2769a1b78a27578f13a17b -> 
  custom:video-decoder-webm-vp8: 9c59270c3fd7afecdb556c50c9e8de78 -> 
  custom:SearchIndexIgnoredProperties: e643bd26f0fe6173181afceb89e7c659 -> 
  custom:AudioImporter_EditorPlatform: d09bf68614088b80899f8185d706f6e7 -> 
  custom:video-encoder-webm-vp8: eb34c28f22e8b96e1ab97ce403110664 -> 
  custom:audio-decoder-ogg-vorbis: bf7c407c2cedff20999df2af8eb42d56 -> 
  custom:audio-encoder-webm-vorbis: bf7c407c2cedff20999df2af8eb42d56 -> 
  custom:scripting/precompiled-assembly-types:Assembly-CSharp: b7a08ba24b2b952116cf13eb5d770e8c -> b6d5beae70893ec4483681e4771dab9e
========================================================================
Received Prepare
Caller must complete domain reload
Begin MonoManager ReloadAssembly
Symbol file LoadedFromMemory is not a mono symbol file
- Loaded All Assemblies, in  0.870 seconds
Native extension for WindowsStandalone target not found
Native extension for iOS target not found
Native extension for Android target not found
Native extension for WebGL target not found
Asset Pipeline Refresh (id=8a851e2a11f4b764d992cb7be4ab20a7): Total: 0.000 seconds - Initiated by StopAssetImportingV2(NoUpdateAssetOptions)
[ScriptCompilation] NOT recompiling all scripts because this is an import worker process. Reason to compile was: Define symbols changed
[ScriptCompilation] NOT recompiling all scripts because this is an import worker process. Reason to compile was: Define symbols changed
Mono: successfully reloaded assembly
- Finished resetting the current domain, in  1.387 seconds
Domain Reload Profiling: 2256ms
	BeginReloadAssembly (454ms)
		ExecutionOrderSort (0ms)
		DisableScriptedObjects (7ms)
		BackupInstance (0ms)
		ReleaseScriptingObjects (0ms)
		CreateAndSetChildDomain (49ms)
	RebuildCommonClasses (53ms)
	RebuildNativeTypeToScriptingClass (15ms)
	initialDomainReloadingComplete (35ms)
	LoadAllAssembliesAndSetupDomain (310ms)
		LoadAssemblies (356ms)
		RebuildTransferFunctionScriptingTraits (0ms)
		AnalyzeDomain (42ms)
			TypeCache.Refresh (17ms)
				TypeCache.ScanAssembly (4ms)
			ScanForSourceGeneratedMonoScriptInfo (16ms)
			ResolveRequiredComponents (7ms)
	FinalizeReload (1388ms)
		ReleaseScriptCaches (0ms)
		RebuildScriptCaches (0ms)
		SetupLoadedEditorAssemblies (774ms)
			LogAssemblyErrors (0ms)
			InitializePlatformSupportModulesInManaged (44ms)
			SetLoadedEditorAssemblies (5ms)
			RefreshPlugins (0ms)
			BeforeProcessingInitializeOnLoad (89ms)
			ProcessInitializeOnLoadAttributes (425ms)
			ProcessInitializeOnLoadMethodAttributes (203ms)
			AfterProcessingInitializeOnLoad (9ms)
			EditorAssembliesLoaded (0ms)
		ExecutionOrderSort2 (0ms)
		AwakeInstancesAfterBackupRestoration (10ms)
Refreshing native plugins compatible for Editor in 17.58 ms, found 2 plugins.
Preloading 0 native plugins for Editor in 0.00 ms.
Unloading 3818 Unused Serialized files (Serialized files now loaded: 0)
Unloading 16 unused Assets / (27.5 KB). Loaded Objects now: 4443.
Memory consumption went from 139.5 MB to 139.5 MB.
Total: 7.661800 ms (FindLiveObjects: 0.349800 ms CreateObjectMapping: 0.255500 ms MarkObjects: 7.007500 ms  DeleteObjects: 0.047100 ms)

Prepare: number of updated asset objects reloaded= 0
AssetImportParameters requested are different than current active one (requested -> active):
  custom:container-demuxer-ogg: 62fdf1f143b41e24485cea50d1cbac27 -> 
  custom:scripting/monoscript/fileName/LevelChangerDOTween.cs: 2ea35b7817de89e3c9bc7fb9c16c14c8 -> 
  custom:video-decoder-ogg-theora: a1e56fd34408186e4bbccfd4996cb3dc -> 
  custom:framework-win-MediaFoundation: 216162199b28c13a410421893ffa2e32 -> 
  custom:CustomObjectIndexerAttribute: 9a22284fe3817be447336de3de66b15e -> 
  custom:container-demuxer-webm: 4f35f7cbe854078d1ac9338744f61a02 -> 
  custom:container-muxer-webm: aa71ff27fc2769a1b78a27578f13a17b -> 
  custom:video-decoder-webm-vp8: 9c59270c3fd7afecdb556c50c9e8de78 -> 
  custom:SearchIndexIgnoredProperties: e643bd26f0fe6173181afceb89e7c659 -> 
  custom:AudioImporter_EditorPlatform: d09bf68614088b80899f8185d706f6e7 -> 
  custom:video-encoder-webm-vp8: eb34c28f22e8b96e1ab97ce403110664 -> 
  custom:audio-decoder-ogg-vorbis: bf7c407c2cedff20999df2af8eb42d56 -> 
  custom:audio-encoder-webm-vorbis: bf7c407c2cedff20999df2af8eb42d56 -> 
  custom:scripting/precompiled-assembly-types:Assembly-CSharp: b7a08ba24b2b952116cf13eb5d770e8c -> b6d5beae70893ec4483681e4771dab9e
========================================================================
Received Import Request.
  Time since last request: 1170.741740 seconds.
  path: Assets/Prefabs/Player.prefab
  artifactKey: Guid(615a368fd2b621147a62bc6b1b5479c9) Importer(815301076,1909f56bfc062723c751e8b465ee728b)
Start importing Assets/Prefabs/Player.prefab using Guid(615a368fd2b621147a62bc6b1b5479c9) Importer(815301076,1909f56bfc062723c751e8b465ee728b) [PhysX] Initialized MultithreadedTaskDispatcher with 8 workers.
[PhysX] Initialized MultithreadedTaskDispatcher with 8 workers.
 -> (artifact id: 'ce70b0a6fdb7a7d966a8b801e3310543') in 0.105179 seconds
Number of updated asset objects reloaded before import = 0
Number of asset objects unloaded after import = 159
========================================================================
Received Prepare
Caller must complete domain reload
Begin MonoManager ReloadAssembly
Symbol file LoadedFromMemory is not a mono symbol file
- Loaded All Assemblies, in  0.880 seconds
Native extension for WindowsStandalone target not found
Native extension for iOS target not found
Native extension for Android target not found
Native extension for WebGL target not found
Asset Pipeline Refresh (id=6cbe63b870b65ab49a19011374f981e4): Total: 0.000 seconds - Initiated by StopAssetImportingV2(NoUpdateAssetOptions)
[ScriptCompilation] NOT recompiling all scripts because this is an import worker process. Reason to compile was: Define symbols changed
[ScriptCompilation] NOT recompiling all scripts because this is an import worker process. Reason to compile was: Define symbols changed
Mono: successfully reloaded assembly
- Finished resetting the current domain, in  1.320 seconds
Domain Reload Profiling: 2199ms
	BeginReloadAssembly (471ms)
		ExecutionOrderSort (0ms)
		DisableScriptedObjects (6ms)
		BackupInstance (0ms)
		ReleaseScriptingObjects (0ms)
		CreateAndSetChildDomain (45ms)
	RebuildCommonClasses (45ms)
	RebuildNativeTypeToScriptingClass (21ms)
	initialDomainReloadingComplete (39ms)
	LoadAllAssembliesAndSetupDomain (302ms)
		LoadAssemblies (372ms)
		RebuildTransferFunctionScriptingTraits (0ms)
		AnalyzeDomain (32ms)
			TypeCache.Refresh (13ms)
				TypeCache.ScanAssembly (3ms)
			ScanForSourceGeneratedMonoScriptInfo (13ms)
			ResolveRequiredComponents (6ms)
	FinalizeReload (1320ms)
		ReleaseScriptCaches (0ms)
		RebuildScriptCaches (0ms)
		SetupLoadedEditorAssemblies (767ms)
			LogAssemblyErrors (0ms)
			InitializePlatformSupportModulesInManaged (40ms)
			SetLoadedEditorAssemblies (5ms)
			RefreshPlugins (0ms)
			BeforeProcessingInitializeOnLoad (113ms)
			ProcessInitializeOnLoadAttributes (427ms)
			ProcessInitializeOnLoadMethodAttributes (176ms)
			AfterProcessingInitializeOnLoad (7ms)
			EditorAssembliesLoaded (0ms)
		ExecutionOrderSort2 (0ms)
		AwakeInstancesAfterBackupRestoration (10ms)
Refreshing native plugins compatible for Editor in 10.37 ms, found 2 plugins.
Preloading 0 native plugins for Editor in 0.00 ms.
Unloading 3817 Unused Serialized files (Serialized files now loaded: 0)
Unloading 16 unused Assets / (27.4 KB). Loaded Objects now: 4446.
Memory consumption went from 139.3 MB to 139.2 MB.
Total: 7.917700 ms (FindLiveObjects: 0.314100 ms CreateObjectMapping: 0.238300 ms MarkObjects: 7.315300 ms  DeleteObjects: 0.049000 ms)

Prepare: number of updated asset objects reloaded= 0
AssetImportParameters requested are different than current active one (requested -> active):
  custom:container-demuxer-ogg: 62fdf1f143b41e24485cea50d1cbac27 -> 
  custom:scripting/monoscript/fileName/LevelChangerDOTween.cs: 2ea35b7817de89e3c9bc7fb9c16c14c8 -> 
  custom:video-decoder-ogg-theora: a1e56fd34408186e4bbccfd4996cb3dc -> 
  custom:framework-win-MediaFoundation: 216162199b28c13a410421893ffa2e32 -> 
  custom:CustomObjectIndexerAttribute: 9a22284fe3817be447336de3de66b15e -> 
  custom:container-demuxer-webm: 4f35f7cbe854078d1ac9338744f61a02 -> 
  custom:container-muxer-webm: aa71ff27fc2769a1b78a27578f13a17b -> 
  custom:video-decoder-webm-vp8: 9c59270c3fd7afecdb556c50c9e8de78 -> 
  custom:SearchIndexIgnoredProperties: e643bd26f0fe6173181afceb89e7c659 -> 
  custom:AudioImporter_EditorPlatform: d09bf68614088b80899f8185d706f6e7 -> 
  custom:video-encoder-webm-vp8: eb34c28f22e8b96e1ab97ce403110664 -> 
  custom:audio-decoder-ogg-vorbis: bf7c407c2cedff20999df2af8eb42d56 -> 
  custom:audio-encoder-webm-vorbis: bf7c407c2cedff20999df2af8eb42d56 -> 
  custom:scripting/precompiled-assembly-types:Assembly-CSharp: b7a08ba24b2b952116cf13eb5d770e8c -> b6d5beae70893ec4483681e4771dab9e
========================================================================
Received Import Request.
  Time since last request: 141.135075 seconds.
  path: Assets/Prefabs/Player.prefab
  artifactKey: Guid(615a368fd2b621147a62bc6b1b5479c9) Importer(815301076,1909f56bfc062723c751e8b465ee728b)
Start importing Assets/Prefabs/Player.prefab using Guid(615a368fd2b621147a62bc6b1b5479c9) Importer(815301076,1909f56bfc062723c751e8b465ee728b) [PhysX] Initialized MultithreadedTaskDispatcher with 8 workers.
[PhysX] Initialized MultithreadedTaskDispatcher with 8 workers.
 -> (artifact id: 'a6e40e4e5d6853cfd90c853c14871ae1') in 0.086928 seconds
Number of updated asset objects reloaded before import = 0
Number of asset objects unloaded after import = 159
========================================================================
Received Prepare
Caller must complete domain reload
Begin MonoManager ReloadAssembly
Symbol file LoadedFromMemory is not a mono symbol file
- Loaded All Assemblies, in  0.803 seconds
Native extension for WindowsStandalone target not found
Native extension for iOS target not found
Native extension for Android target not found
Native extension for WebGL target not found
Asset Pipeline Refresh (id=a19cc293c0caa4b4d87426d0c1056edc): Total: 0.000 seconds - Initiated by StopAssetImportingV2(NoUpdateAssetOptions)
[ScriptCompilation] NOT recompiling all scripts because this is an import worker process. Reason to compile was: Define symbols changed
[ScriptCompilation] NOT recompiling all scripts because this is an import worker process. Reason to compile was: Define symbols changed
Mono: successfully reloaded assembly
- Finished resetting the current domain, in  1.632 seconds
Domain Reload Profiling: 2434ms
	BeginReloadAssembly (448ms)
		ExecutionOrderSort (0ms)
		DisableScriptedObjects (7ms)
		BackupInstance (0ms)
		ReleaseScriptingObjects (0ms)
		CreateAndSetChildDomain (37ms)
	RebuildCommonClasses (49ms)
	RebuildNativeTypeToScriptingClass (13ms)
	initialDomainReloadingComplete (31ms)
	LoadAllAssembliesAndSetupDomain (260ms)
		LoadAssemblies (337ms)
		RebuildTransferFunctionScriptingTraits (0ms)
		AnalyzeDomain (12ms)
			TypeCache.Refresh (6ms)
				TypeCache.ScanAssembly (0ms)
			ScanForSourceGeneratedMonoScriptInfo (0ms)
			ResolveRequiredComponents (6ms)
	FinalizeReload (1633ms)
		ReleaseScriptCaches (0ms)
		RebuildScriptCaches (0ms)
		SetupLoadedEditorAssemblies (1018ms)
			LogAssemblyErrors (0ms)
			InitializePlatformSupportModulesInManaged (40ms)
			SetLoadedEditorAssemblies (4ms)
			RefreshPlugins (0ms)
			BeforeProcessingInitializeOnLoad (86ms)
			ProcessInitializeOnLoadAttributes (501ms)
			ProcessInitializeOnLoadMethodAttributes (375ms)
			AfterProcessingInitializeOnLoad (11ms)
			EditorAssembliesLoaded (1ms)
		ExecutionOrderSort2 (0ms)
		AwakeInstancesAfterBackupRestoration (12ms)
Refreshing native plugins compatible for Editor in 17.35 ms, found 2 plugins.
Preloading 0 native plugins for Editor in 0.00 ms.
Unloading 3817 Unused Serialized files (Serialized files now loaded: 0)
Unloading 16 unused Assets / (27.5 KB). Loaded Objects now: 4449.
Memory consumption went from 139.3 MB to 139.2 MB.
Total: 8.563200 ms (FindLiveObjects: 0.373600 ms CreateObjectMapping: 0.403300 ms MarkObjects: 7.726500 ms  DeleteObjects: 0.058400 ms)

Prepare: number of updated asset objects reloaded= 0
AssetImportParameters requested are different than current active one (requested -> active):
  custom:container-demuxer-ogg: 62fdf1f143b41e24485cea50d1cbac27 -> 
  custom:scripting/monoscript/fileName/LevelChangerDOTween.cs: 2ea35b7817de89e3c9bc7fb9c16c14c8 -> 
  custom:video-decoder-ogg-theora: a1e56fd34408186e4bbccfd4996cb3dc -> 
  custom:framework-win-MediaFoundation: 216162199b28c13a410421893ffa2e32 -> 
  custom:CustomObjectIndexerAttribute: 9a22284fe3817be447336de3de66b15e -> 
  custom:container-demuxer-webm: 4f35f7cbe854078d1ac9338744f61a02 -> 
  custom:container-muxer-webm: aa71ff27fc2769a1b78a27578f13a17b -> 
  custom:video-decoder-webm-vp8: 9c59270c3fd7afecdb556c50c9e8de78 -> 
  custom:SearchIndexIgnoredProperties: e643bd26f0fe6173181afceb89e7c659 -> 
  custom:AudioImporter_EditorPlatform: d09bf68614088b80899f8185d706f6e7 -> 
  custom:video-encoder-webm-vp8: eb34c28f22e8b96e1ab97ce403110664 -> 
  custom:audio-decoder-ogg-vorbis: bf7c407c2cedff20999df2af8eb42d56 -> 
  custom:audio-encoder-webm-vorbis: bf7c407c2cedff20999df2af8eb42d56 -> 
  custom:scripting/precompiled-assembly-types:Assembly-CSharp: b7a08ba24b2b952116cf13eb5d770e8c -> b6d5beae70893ec4483681e4771dab9e
========================================================================
Received Import Request.
  Time since last request: 90.371286 seconds.
  path: Assets/Prefabs/Lolilop.prefab
  artifactKey: Guid(ff552e97942380d47bdbcc7c184ae572) Importer(815301076,1909f56bfc062723c751e8b465ee728b)
Start importing Assets/Prefabs/Lolilop.prefab using Guid(ff552e97942380d47bdbcc7c184ae572) Importer(815301076,1909f56bfc062723c751e8b465ee728b) [PhysX] Initialized MultithreadedTaskDispatcher with 8 workers.
[PhysX] Initialized MultithreadedTaskDispatcher with 8 workers.
 -> (artifact id: 'e296020e7857942fdebd9d6b88a3fab6') in 0.086430 seconds
Number of updated asset objects reloaded before import = 0
Number of asset objects unloaded after import = 31
========================================================================
Received Prepare
Caller must complete domain reload
Begin MonoManager ReloadAssembly
Symbol file LoadedFromMemory is not a mono symbol file
- Loaded All Assemblies, in  0.903 seconds
Native extension for WindowsStandalone target not found
Native extension for iOS target not found
Native extension for Android target not found
Native extension for WebGL target not found
Asset Pipeline Refresh (id=71e79321d77f25a43bd2dcdbc17286da): Total: 0.000 seconds - Initiated by StopAssetImportingV2(NoUpdateAssetOptions)
[ScriptCompilation] NOT recompiling all scripts because this is an import worker process. Reason to compile was: Define symbols changed
[ScriptCompilation] NOT recompiling all scripts because this is an import worker process. Reason to compile was: Define symbols changed
Mono: successfully reloaded assembly
- Finished resetting the current domain, in  1.717 seconds
Domain Reload Profiling: 2619ms
	BeginReloadAssembly (524ms)
		ExecutionOrderSort (0ms)
		DisableScriptedObjects (16ms)
		BackupInstance (0ms)
		ReleaseScriptingObjects (0ms)
		CreateAndSetChildDomain (43ms)
	RebuildCommonClasses (56ms)
	RebuildNativeTypeToScriptingClass (20ms)
	initialDomainReloadingComplete (31ms)
	LoadAllAssembliesAndSetupDomain (271ms)
		LoadAssemblies (380ms)
		RebuildTransferFunctionScriptingTraits (0ms)
		AnalyzeDomain (13ms)
			TypeCache.Refresh (6ms)
				TypeCache.ScanAssembly (0ms)
			ScanForSourceGeneratedMonoScriptInfo (0ms)
			ResolveRequiredComponents (6ms)
	FinalizeReload (1718ms)
		ReleaseScriptCaches (0ms)
		RebuildScriptCaches (0ms)
		SetupLoadedEditorAssemblies (975ms)
			LogAssemblyErrors (0ms)
			InitializePlatformSupportModulesInManaged (49ms)
			SetLoadedEditorAssemblies (6ms)
			RefreshPlugins (0ms)
			BeforeProcessingInitializeOnLoad (121ms)
			ProcessInitializeOnLoadAttributes (555ms)
			ProcessInitializeOnLoadMethodAttributes (235ms)
			AfterProcessingInitializeOnLoad (9ms)
			EditorAssembliesLoaded (0ms)
		ExecutionOrderSort2 (0ms)
		AwakeInstancesAfterBackupRestoration (13ms)
Refreshing native plugins compatible for Editor in 22.51 ms, found 2 plugins.
Preloading 0 native plugins for Editor in 0.00 ms.
Unloading 3817 Unused Serialized files (Serialized files now loaded: 0)
Unloading 16 unused Assets / (27.6 KB). Loaded Objects now: 4452.
Memory consumption went from 139.3 MB to 139.2 MB.
Total: 10.099700 ms (FindLiveObjects: 0.569600 ms CreateObjectMapping: 0.507400 ms MarkObjects: 8.972400 ms  DeleteObjects: 0.048800 ms)

Prepare: number of updated asset objects reloaded= 0
AssetImportParameters requested are different than current active one (requested -> active):
  custom:container-demuxer-ogg: 62fdf1f143b41e24485cea50d1cbac27 -> 
  custom:scripting/monoscript/fileName/LevelChangerDOTween.cs: 2ea35b7817de89e3c9bc7fb9c16c14c8 -> 
  custom:video-decoder-ogg-theora: a1e56fd34408186e4bbccfd4996cb3dc -> 
  custom:framework-win-MediaFoundation: 216162199b28c13a410421893ffa2e32 -> 
  custom:CustomObjectIndexerAttribute: 9a22284fe3817be447336de3de66b15e -> 
  custom:container-demuxer-webm: 4f35f7cbe854078d1ac9338744f61a02 -> 
  custom:container-muxer-webm: aa71ff27fc2769a1b78a27578f13a17b -> 
  custom:video-decoder-webm-vp8: 9c59270c3fd7afecdb556c50c9e8de78 -> 
  custom:SearchIndexIgnoredProperties: e643bd26f0fe6173181afceb89e7c659 -> 
  custom:AudioImporter_EditorPlatform: d09bf68614088b80899f8185d706f6e7 -> 
  custom:video-encoder-webm-vp8: eb34c28f22e8b96e1ab97ce403110664 -> 
  custom:audio-decoder-ogg-vorbis: bf7c407c2cedff20999df2af8eb42d56 -> 
  custom:audio-encoder-webm-vorbis: bf7c407c2cedff20999df2af8eb42d56 -> 
  custom:scripting/precompiled-assembly-types:Assembly-CSharp: b7a08ba24b2b952116cf13eb5d770e8c -> b6d5beae70893ec4483681e4771dab9e
========================================================================
Received Prepare
Caller must complete domain reload
Begin MonoManager ReloadAssembly
Symbol file LoadedFromMemory is not a mono symbol file
- Loaded All Assemblies, in  0.819 seconds
Native extension for WindowsStandalone target not found
Native extension for iOS target not found
Native extension for Android target not found
Native extension for WebGL target not found
Asset Pipeline Refresh (id=1ad9a4618ad24654693ba444bfb876ae): Total: 0.000 seconds - Initiated by StopAssetImportingV2(NoUpdateAssetOptions)
[ScriptCompilation] NOT recompiling all scripts because this is an import worker process. Reason to compile was: Define symbols changed
[ScriptCompilation] NOT recompiling all scripts because this is an import worker process. Reason to compile was: Define symbols changed
Mono: successfully reloaded assembly
- Finished resetting the current domain, in  1.432 seconds
Domain Reload Profiling: 2248ms
	BeginReloadAssembly (450ms)
		ExecutionOrderSort (0ms)
		DisableScriptedObjects (6ms)
		BackupInstance (0ms)
		ReleaseScriptingObjects (0ms)
		CreateAndSetChildDomain (42ms)
	RebuildCommonClasses (40ms)
	RebuildNativeTypeToScriptingClass (13ms)
	initialDomainReloadingComplete (33ms)
	LoadAllAssembliesAndSetupDomain (279ms)
		LoadAssemblies (359ms)
		RebuildTransferFunctionScriptingTraits (0ms)
		AnalyzeDomain (20ms)
			TypeCache.Refresh (9ms)
				TypeCache.ScanAssembly (0ms)
			ScanForSourceGeneratedMonoScriptInfo (0ms)
			ResolveRequiredComponents (9ms)
	FinalizeReload (1433ms)
		ReleaseScriptCaches (0ms)
		RebuildScriptCaches (0ms)
		SetupLoadedEditorAssemblies (853ms)
			LogAssemblyErrors (0ms)
			InitializePlatformSupportModulesInManaged (39ms)
			SetLoadedEditorAssemblies (7ms)
			RefreshPlugins (0ms)
			BeforeProcessingInitializeOnLoad (100ms)
			ProcessInitializeOnLoadAttributes (460ms)
			ProcessInitializeOnLoadMethodAttributes (239ms)
			AfterProcessingInitializeOnLoad (7ms)
			EditorAssembliesLoaded (0ms)
		ExecutionOrderSort2 (0ms)
		AwakeInstancesAfterBackupRestoration (14ms)
Refreshing native plugins compatible for Editor in 15.48 ms, found 2 plugins.
Preloading 0 native plugins for Editor in 0.00 ms.
Unloading 3818 Unused Serialized files (Serialized files now loaded: 0)
Unloading 16 unused Assets / (27.5 KB). Loaded Objects now: 4455.
Memory consumption went from 139.5 MB to 139.5 MB.
Total: 9.434400 ms (FindLiveObjects: 0.483100 ms CreateObjectMapping: 0.432000 ms MarkObjects: 8.467200 ms  DeleteObjects: 0.050300 ms)

Prepare: number of updated asset objects reloaded= 0
AssetImportParameters requested are different than current active one (requested -> active):
  custom:container-demuxer-ogg: 62fdf1f143b41e24485cea50d1cbac27 -> 
  custom:scripting/monoscript/fileName/LevelChangerDOTween.cs: 2ea35b7817de89e3c9bc7fb9c16c14c8 -> 
  custom:video-decoder-ogg-theora: a1e56fd34408186e4bbccfd4996cb3dc -> 
  custom:framework-win-MediaFoundation: 216162199b28c13a410421893ffa2e32 -> 
  custom:CustomObjectIndexerAttribute: 9a22284fe3817be447336de3de66b15e -> 
  custom:container-demuxer-webm: 4f35f7cbe854078d1ac9338744f61a02 -> 
  custom:container-muxer-webm: aa71ff27fc2769a1b78a27578f13a17b -> 
  custom:video-decoder-webm-vp8: 9c59270c3fd7afecdb556c50c9e8de78 -> 
  custom:SearchIndexIgnoredProperties: e643bd26f0fe6173181afceb89e7c659 -> 
  custom:AudioImporter_EditorPlatform: d09bf68614088b80899f8185d706f6e7 -> 
  custom:video-encoder-webm-vp8: eb34c28f22e8b96e1ab97ce403110664 -> 
  custom:audio-decoder-ogg-vorbis: bf7c407c2cedff20999df2af8eb42d56 -> 
  custom:audio-encoder-webm-vorbis: bf7c407c2cedff20999df2af8eb42d56 -> 
  custom:scripting/precompiled-assembly-types:Assembly-CSharp: b7a08ba24b2b952116cf13eb5d770e8c -> b6d5beae70893ec4483681e4771dab9e
========================================================================
Received Prepare
Caller must complete domain reload
Begin MonoManager ReloadAssembly
Symbol file LoadedFromMemory is not a mono symbol file
- Loaded All Assemblies, in  0.784 seconds
Native extension for WindowsStandalone target not found
Native extension for iOS target not found
Native extension for Android target not found
Native extension for WebGL target not found
Asset Pipeline Refresh (id=cff62b2994b6d6344abd58455659e4cc): Total: 0.000 seconds - Initiated by StopAssetImportingV2(NoUpdateAssetOptions)
[ScriptCompilation] NOT recompiling all scripts because this is an import worker process. Reason to compile was: Define symbols changed
[ScriptCompilation] NOT recompiling all scripts because this is an import worker process. Reason to compile was: Define symbols changed
Mono: successfully reloaded assembly
- Finished resetting the current domain, in  1.755 seconds
Domain Reload Profiling: 2537ms
	BeginReloadAssembly (445ms)
		ExecutionOrderSort (0ms)
		DisableScriptedObjects (7ms)
		BackupInstance (0ms)
		ReleaseScriptingObjects (0ms)
		CreateAndSetChildDomain (38ms)
	RebuildCommonClasses (43ms)
	RebuildNativeTypeToScriptingClass (12ms)
	initialDomainReloadingComplete (29ms)
	LoadAllAssembliesAndSetupDomain (253ms)
		LoadAssemblies (335ms)
		RebuildTransferFunctionScriptingTraits (0ms)
		AnalyzeDomain (13ms)
			TypeCache.Refresh (6ms)
				TypeCache.ScanAssembly (0ms)
			ScanForSourceGeneratedMonoScriptInfo (0ms)
			ResolveRequiredComponents (6ms)
	FinalizeReload (1756ms)
		ReleaseScriptCaches (0ms)
		RebuildScriptCaches (0ms)
		SetupLoadedEditorAssemblies (1213ms)
			LogAssemblyErrors (0ms)
			InitializePlatformSupportModulesInManaged (39ms)
			SetLoadedEditorAssemblies (7ms)
			RefreshPlugins (0ms)
			BeforeProcessingInitializeOnLoad (138ms)
			ProcessInitializeOnLoadAttributes (724ms)
			ProcessInitializeOnLoadMethodAttributes (295ms)
			AfterProcessingInitializeOnLoad (10ms)
			EditorAssembliesLoaded (0ms)
		ExecutionOrderSort2 (0ms)
		AwakeInstancesAfterBackupRestoration (14ms)
Refreshing native plugins compatible for Editor in 31.05 ms, found 2 plugins.
Preloading 0 native plugins for Editor in 0.00 ms.
Unloading 3818 Unused Serialized files (Serialized files now loaded: 0)
Unloading 16 unused Assets / (27.7 KB). Loaded Objects now: 4458.
Memory consumption went from 139.5 MB to 139.5 MB.
Total: 15.215300 ms (FindLiveObjects: 0.437800 ms CreateObjectMapping: 0.346800 ms MarkObjects: 14.345500 ms  DeleteObjects: 0.083300 ms)

Prepare: number of updated asset objects reloaded= 0
AssetImportParameters requested are different than current active one (requested -> active):
  custom:container-demuxer-ogg: 62fdf1f143b41e24485cea50d1cbac27 -> 
  custom:scripting/monoscript/fileName/LevelChangerDOTween.cs: 2ea35b7817de89e3c9bc7fb9c16c14c8 -> 
  custom:video-decoder-ogg-theora: a1e56fd34408186e4bbccfd4996cb3dc -> 
  custom:framework-win-MediaFoundation: 216162199b28c13a410421893ffa2e32 -> 
  custom:CustomObjectIndexerAttribute: 9a22284fe3817be447336de3de66b15e -> 
  custom:container-demuxer-webm: 4f35f7cbe854078d1ac9338744f61a02 -> 
  custom:container-muxer-webm: aa71ff27fc2769a1b78a27578f13a17b -> 
  custom:video-decoder-webm-vp8: 9c59270c3fd7afecdb556c50c9e8de78 -> 
  custom:SearchIndexIgnoredProperties: e643bd26f0fe6173181afceb89e7c659 -> 
  custom:AudioImporter_EditorPlatform: d09bf68614088b80899f8185d706f6e7 -> 
  custom:video-encoder-webm-vp8: eb34c28f22e8b96e1ab97ce403110664 -> 
  custom:audio-decoder-ogg-vorbis: bf7c407c2cedff20999df2af8eb42d56 -> 
  custom:audio-encoder-webm-vorbis: bf7c407c2cedff20999df2af8eb42d56 -> 
  custom:scripting/precompiled-assembly-types:Assembly-CSharp: b7a08ba24b2b952116cf13eb5d770e8c -> b6d5beae70893ec4483681e4771dab9e
========================================================================
Received Prepare
Caller must complete domain reload
Begin MonoManager ReloadAssembly
Symbol file LoadedFromMemory is not a mono symbol file
- Loaded All Assemblies, in  1.091 seconds
Native extension for WindowsStandalone target not found
Native extension for iOS target not found
Native extension for Android target not found
Native extension for WebGL target not found
Asset Pipeline Refresh (id=c0cc94a3518f6f840a209cec8879778e): Total: 0.000 seconds - Initiated by StopAssetImportingV2(NoUpdateAssetOptions)
[ScriptCompilation] NOT recompiling all scripts because this is an import worker process. Reason to compile was: Define symbols changed
[ScriptCompilation] NOT recompiling all scripts because this is an import worker process. Reason to compile was: Define symbols changed
Mono: successfully reloaded assembly
- Finished resetting the current domain, in  2.769 seconds
Domain Reload Profiling: 3859ms
	BeginReloadAssembly (592ms)
		ExecutionOrderSort (0ms)
		DisableScriptedObjects (17ms)
		BackupInstance (0ms)
		ReleaseScriptingObjects (0ms)
		CreateAndSetChildDomain (41ms)
	RebuildCommonClasses (53ms)
	RebuildNativeTypeToScriptingClass (13ms)
	initialDomainReloadingComplete (31ms)
	LoadAllAssembliesAndSetupDomain (400ms)
		LoadAssemblies (462ms)
		RebuildTransferFunctionScriptingTraits (0ms)
		AnalyzeDomain (71ms)
			TypeCache.Refresh (25ms)
				TypeCache.ScanAssembly (6ms)
			ScanForSourceGeneratedMonoScriptInfo (31ms)
			ResolveRequiredComponents (14ms)
	FinalizeReload (2770ms)
		ReleaseScriptCaches (0ms)
		RebuildScriptCaches (0ms)
		SetupLoadedEditorAssemblies (1549ms)
			LogAssemblyErrors (0ms)
			InitializePlatformSupportModulesInManaged (86ms)
			SetLoadedEditorAssemblies (9ms)
			RefreshPlugins (0ms)
			BeforeProcessingInitializeOnLoad (262ms)
			ProcessInitializeOnLoadAttributes (739ms)
			ProcessInitializeOnLoadMethodAttributes (436ms)
			AfterProcessingInitializeOnLoad (17ms)
			EditorAssembliesLoaded (0ms)
		ExecutionOrderSort2 (0ms)
		AwakeInstancesAfterBackupRestoration (23ms)
Refreshing native plugins compatible for Editor in 25.87 ms, found 2 plugins.
Preloading 0 native plugins for Editor in 0.00 ms.
Unloading 3818 Unused Serialized files (Serialized files now loaded: 0)
Unloading 16 unused Assets / (27.5 KB). Loaded Objects now: 4461.
Memory consumption went from 139.5 MB to 139.5 MB.
Total: 20.108700 ms (FindLiveObjects: 0.440100 ms CreateObjectMapping: 0.381200 ms MarkObjects: 19.196600 ms  DeleteObjects: 0.088700 ms)

Prepare: number of updated asset objects reloaded= 0
AssetImportParameters requested are different than current active one (requested -> active):
  custom:container-demuxer-ogg: 62fdf1f143b41e24485cea50d1cbac27 -> 
  custom:scripting/monoscript/fileName/LevelChangerDOTween.cs: 2ea35b7817de89e3c9bc7fb9c16c14c8 -> 
  custom:video-decoder-ogg-theora: a1e56fd34408186e4bbccfd4996cb3dc -> 
  custom:framework-win-MediaFoundation: 216162199b28c13a410421893ffa2e32 -> 
  custom:CustomObjectIndexerAttribute: 9a22284fe3817be447336de3de66b15e -> 
  custom:container-demuxer-webm: 4f35f7cbe854078d1ac9338744f61a02 -> 
  custom:container-muxer-webm: aa71ff27fc2769a1b78a27578f13a17b -> 
  custom:video-decoder-webm-vp8: 9c59270c3fd7afecdb556c50c9e8de78 -> 
  custom:SearchIndexIgnoredProperties: e643bd26f0fe6173181afceb89e7c659 -> 
  custom:AudioImporter_EditorPlatform: d09bf68614088b80899f8185d706f6e7 -> 
  custom:video-encoder-webm-vp8: eb34c28f22e8b96e1ab97ce403110664 -> 
  custom:audio-decoder-ogg-vorbis: bf7c407c2cedff20999df2af8eb42d56 -> 
  custom:audio-encoder-webm-vorbis: bf7c407c2cedff20999df2af8eb42d56 -> 
  custom:scripting/precompiled-assembly-types:Assembly-CSharp: b7a08ba24b2b952116cf13eb5d770e8c -> b6d5beae70893ec4483681e4771dab9e
========================================================================
Received Import Request.
  Time since last request: 196.970143 seconds.
  path: Assets/Prefabs/AllObjectOnScene.prefab
  artifactKey: Guid(560689ccf442fa54585ab74700206800) Importer(815301076,1909f56bfc062723c751e8b465ee728b)
Start importing Assets/Prefabs/AllObjectOnScene.prefab using Guid(560689ccf442fa54585ab74700206800) Importer(815301076,1909f56bfc062723c751e8b465ee728b) [PhysX] Initialized MultithreadedTaskDispatcher with 8 workers.
[PhysX] Initialized MultithreadedTaskDispatcher with 8 workers.
 -> (artifact id: '8b6b3f6060b57cda9f86346d20e360b8') in 0.237297 seconds
Number of updated asset objects reloaded before import = 0
Number of asset objects unloaded after import = 170
========================================================================
Received Prepare
Caller must complete domain reload
Begin MonoManager ReloadAssembly
Symbol file LoadedFromMemory is not a mono symbol file
- Loaded All Assemblies, in  1.248 seconds
Native extension for WindowsStandalone target not found
Native extension for iOS target not found
Native extension for Android target not found
Native extension for WebGL target not found
Asset Pipeline Refresh (id=fb8948bc5ed78d5489849e2601778a6c): Total: 0.000 seconds - Initiated by StopAssetImportingV2(NoUpdateAssetOptions)
[ScriptCompilation] NOT recompiling all scripts because this is an import worker process. Reason to compile was: Define symbols changed
[ScriptCompilation] NOT recompiling all scripts because this is an import worker process. Reason to compile was: Define symbols changed
Mono: successfully reloaded assembly
- Finished resetting the current domain, in  2.344 seconds
Domain Reload Profiling: 3588ms
	BeginReloadAssembly (614ms)
		ExecutionOrderSort (0ms)
		DisableScriptedObjects (10ms)
		BackupInstance (0ms)
		ReleaseScriptingObjects (0ms)
		CreateAndSetChildDomain (49ms)
	RebuildCommonClasses (53ms)
	RebuildNativeTypeToScriptingClass (18ms)
	initialDomainReloadingComplete (53ms)
	LoadAllAssembliesAndSetupDomain (505ms)
		LoadAssemblies (564ms)
		RebuildTransferFunctionScriptingTraits (0ms)
		AnalyzeDomain (78ms)
			TypeCache.Refresh (22ms)
				TypeCache.ScanAssembly (6ms)
			ScanForSourceGeneratedMonoScriptInfo (36ms)
			ResolveRequiredComponents (17ms)
	FinalizeReload (2345ms)
		ReleaseScriptCaches (0ms)
		RebuildScriptCaches (0ms)
		SetupLoadedEditorAssemblies (1330ms)
			LogAssemblyErrors (0ms)
			InitializePlatformSupportModulesInManaged (69ms)
			SetLoadedEditorAssemblies (15ms)
			RefreshPlugins (0ms)
			BeforeProcessingInitializeOnLoad (179ms)
			ProcessInitializeOnLoadAttributes (734ms)
			ProcessInitializeOnLoadMethodAttributes (319ms)
			AfterProcessingInitializeOnLoad (14ms)
			EditorAssembliesLoaded (0ms)
		ExecutionOrderSort2 (0ms)
		AwakeInstancesAfterBackupRestoration (14ms)
Refreshing native plugins compatible for Editor in 21.71 ms, found 2 plugins.
Preloading 0 native plugins for Editor in 0.00 ms.
Unloading 3817 Unused Serialized files (Serialized files now loaded: 0)
Unloading 17 unused Assets / (28.5 KB). Loaded Objects now: 4467.
Memory consumption went from 139.5 MB to 139.5 MB.
Total: 21.100800 ms (FindLiveObjects: 1.631700 ms CreateObjectMapping: 0.576600 ms MarkObjects: 18.351900 ms  DeleteObjects: 0.180300 ms)

Prepare: number of updated asset objects reloaded= 0
AssetImportParameters requested are different than current active one (requested -> active):
  custom:container-demuxer-ogg: 62fdf1f143b41e24485cea50d1cbac27 -> 
  custom:scripting/monoscript/fileName/LevelChangerDOTween.cs: 2ea35b7817de89e3c9bc7fb9c16c14c8 -> 
  custom:video-decoder-ogg-theora: a1e56fd34408186e4bbccfd4996cb3dc -> 
  custom:framework-win-MediaFoundation: 216162199b28c13a410421893ffa2e32 -> 
  custom:CustomObjectIndexerAttribute: 9a22284fe3817be447336de3de66b15e -> 
  custom:container-demuxer-webm: 4f35f7cbe854078d1ac9338744f61a02 -> 
  custom:container-muxer-webm: aa71ff27fc2769a1b78a27578f13a17b -> 
  custom:video-decoder-webm-vp8: 9c59270c3fd7afecdb556c50c9e8de78 -> 
  custom:SearchIndexIgnoredProperties: e643bd26f0fe6173181afceb89e7c659 -> 
  custom:AudioImporter_EditorPlatform: d09bf68614088b80899f8185d706f6e7 -> 
  custom:video-encoder-webm-vp8: eb34c28f22e8b96e1ab97ce403110664 -> 
  custom:audio-decoder-ogg-vorbis: bf7c407c2cedff20999df2af8eb42d56 -> 
  custom:audio-encoder-webm-vorbis: bf7c407c2cedff20999df2af8eb42d56 -> 
  custom:scripting/precompiled-assembly-types:Assembly-CSharp: b7a08ba24b2b952116cf13eb5d770e8c -> b6d5beae70893ec4483681e4771dab9e
========================================================================
Received Import Request.
  Time since last request: 15.111073 seconds.
  path: Assets/Prefabs/AllObjectOnScene.prefab
  artifactKey: Guid(560689ccf442fa54585ab74700206800) Importer(815301076,1909f56bfc062723c751e8b465ee728b)
Start importing Assets/Prefabs/AllObjectOnScene.prefab using Guid(560689ccf442fa54585ab74700206800) Importer(815301076,1909f56bfc062723c751e8b465ee728b) [PhysX] Initialized MultithreadedTaskDispatcher with 8 workers.
[PhysX] Initialized MultithreadedTaskDispatcher with 8 workers.
 -> (artifact id: 'c4eb3c8611767f43a45e2044561a07d6') in 0.120637 seconds
Number of updated asset objects reloaded before import = 0
Number of asset objects unloaded after import = 164
========================================================================
Received Prepare
Caller must complete domain reload
Begin MonoManager ReloadAssembly
Symbol file LoadedFromMemory is not a mono symbol file
- Loaded All Assemblies, in  0.958 seconds
Native extension for WindowsStandalone target not found
Native extension for iOS target not found
Native extension for Android target not found
Native extension for WebGL target not found
Asset Pipeline Refresh (id=a6d00889fd708fd42ad07975b2382379): Total: 0.000 seconds - Initiated by StopAssetImportingV2(NoUpdateAssetOptions)
[ScriptCompilation] NOT recompiling all scripts because this is an import worker process. Reason to compile was: Define symbols changed
[ScriptCompilation] NOT recompiling all scripts because this is an import worker process. Reason to compile was: Define symbols changed
Mono: successfully reloaded assembly
- Finished resetting the current domain, in  2.718 seconds
Domain Reload Profiling: 3676ms
	BeginReloadAssembly (483ms)
		ExecutionOrderSort (0ms)
		DisableScriptedObjects (11ms)
		BackupInstance (0ms)
		ReleaseScriptingObjects (0ms)
		CreateAndSetChildDomain (36ms)
	RebuildCommonClasses (49ms)
	RebuildNativeTypeToScriptingClass (16ms)
	initialDomainReloadingComplete (37ms)
	LoadAllAssembliesAndSetupDomain (371ms)
		LoadAssemblies (440ms)
		RebuildTransferFunctionScriptingTraits (0ms)
		AnalyzeDomain (25ms)
			TypeCache.Refresh (12ms)
				TypeCache.ScanAssembly (0ms)
			ScanForSourceGeneratedMonoScriptInfo (0ms)
			ResolveRequiredComponents (11ms)
	FinalizeReload (2719ms)
		ReleaseScriptCaches (0ms)
		RebuildScriptCaches (0ms)
		SetupLoadedEditorAssemblies (1668ms)
			LogAssemblyErrors (0ms)
			InitializePlatformSupportModulesInManaged (105ms)
			SetLoadedEditorAssemblies (10ms)
			RefreshPlugins (0ms)
			BeforeProcessingInitializeOnLoad (185ms)
			ProcessInitializeOnLoadAttributes (913ms)
			ProcessInitializeOnLoadMethodAttributes (437ms)
			AfterProcessingInitializeOnLoad (17ms)
			EditorAssembliesLoaded (1ms)
		ExecutionOrderSort2 (0ms)
		AwakeInstancesAfterBackupRestoration (20ms)
Refreshing native plugins compatible for Editor in 20.35 ms, found 2 plugins.
Preloading 0 native plugins for Editor in 0.00 ms.
Unloading 3817 Unused Serialized files (Serialized files now loaded: 0)
Unloading 17 unused Assets / (28.5 KB). Loaded Objects now: 4470.
Memory consumption went from 139.5 MB to 139.5 MB.
Total: 13.759400 ms (FindLiveObjects: 0.448100 ms CreateObjectMapping: 0.431300 ms MarkObjects: 12.809100 ms  DeleteObjects: 0.069300 ms)

Prepare: number of updated asset objects reloaded= 0
AssetImportParameters requested are different than current active one (requested -> active):
  custom:container-demuxer-ogg: 62fdf1f143b41e24485cea50d1cbac27 -> 
  custom:scripting/monoscript/fileName/LevelChangerDOTween.cs: 2ea35b7817de89e3c9bc7fb9c16c14c8 -> 
  custom:video-decoder-ogg-theora: a1e56fd34408186e4bbccfd4996cb3dc -> 
  custom:framework-win-MediaFoundation: 216162199b28c13a410421893ffa2e32 -> 
  custom:CustomObjectIndexerAttribute: 9a22284fe3817be447336de3de66b15e -> 
  custom:container-demuxer-webm: 4f35f7cbe854078d1ac9338744f61a02 -> 
  custom:container-muxer-webm: aa71ff27fc2769a1b78a27578f13a17b -> 
  custom:video-decoder-webm-vp8: 9c59270c3fd7afecdb556c50c9e8de78 -> 
  custom:SearchIndexIgnoredProperties: e643bd26f0fe6173181afceb89e7c659 -> 
  custom:AudioImporter_EditorPlatform: d09bf68614088b80899f8185d706f6e7 -> 
  custom:video-encoder-webm-vp8: eb34c28f22e8b96e1ab97ce403110664 -> 
  custom:audio-decoder-ogg-vorbis: bf7c407c2cedff20999df2af8eb42d56 -> 
  custom:audio-encoder-webm-vorbis: bf7c407c2cedff20999df2af8eb42d56 -> 
  custom:scripting/precompiled-assembly-types:Assembly-CSharp: b7a08ba24b2b952116cf13eb5d770e8c -> b6d5beae70893ec4483681e4771dab9e
========================================================================
Received Import Request.
  Time since last request: 1047.177896 seconds.
  path: Assets/Sprites/Gemini_Generated_Image_t2xte1t2xte1t2xt-Photoroom.png
  artifactKey: Guid(a4338bdd3aa843945b2254649d7b52d8) Importer(815301076,1909f56bfc062723c751e8b465ee728b)
Start importing Assets/Sprites/Gemini_Generated_Image_t2xte1t2xte1t2xt-Photoroom.png using Guid(a4338bdd3aa843945b2254649d7b52d8) Importer(815301076,1909f56bfc062723c751e8b465ee728b) [PhysX] Initialized MultithreadedTaskDispatcher with 8 workers.
[PhysX] Initialized MultithreadedTaskDispatcher with 8 workers.
 -> (artifact id: 'e280de76394c653b99a8c1191ad30fd8') in 0.231042 seconds
Number of updated asset objects reloaded before import = 0
Number of asset objects unloaded after import = 3
========================================================================
Received Prepare
Caller must complete domain reload
Begin MonoManager ReloadAssembly
Symbol file LoadedFromMemory is not a mono symbol file
- Loaded All Assemblies, in  1.628 seconds
Native extension for WindowsStandalone target not found
Native extension for iOS target not found
Native extension for Android target not found
Native extension for WebGL target not found
Asset Pipeline Refresh (id=1814182eb2b1681429e765c824c7d165): Total: 0.000 seconds - Initiated by StopAssetImportingV2(NoUpdateAssetOptions)
[ScriptCompilation] NOT recompiling all scripts because this is an import worker process. Reason to compile was: Define symbols changed
[ScriptCompilation] NOT recompiling all scripts because this is an import worker process. Reason to compile was: Define symbols changed
Mono: successfully reloaded assembly
- Finished resetting the current domain, in  2.743 seconds
Domain Reload Profiling: 4369ms
	BeginReloadAssembly (1195ms)
		ExecutionOrderSort (0ms)
		DisableScriptedObjects (9ms)
		BackupInstance (0ms)
		ReleaseScriptingObjects (0ms)
		CreateAndSetChildDomain (47ms)
	RebuildCommonClasses (52ms)
	RebuildNativeTypeToScriptingClass (21ms)
	initialDomainReloadingComplete (32ms)
	LoadAllAssembliesAndSetupDomain (325ms)
		LoadAssemblies (404ms)
		RebuildTransferFunctionScriptingTraits (0ms)
		AnalyzeDomain (37ms)
			TypeCache.Refresh (12ms)
				TypeCache.ScanAssembly (3ms)
			ScanForSourceGeneratedMonoScriptInfo (18ms)
			ResolveRequiredComponents (6ms)
	FinalizeReload (2743ms)
		ReleaseScriptCaches (0ms)
		RebuildScriptCaches (0ms)
		SetupLoadedEditorAssemblies (1202ms)
			LogAssemblyErrors (0ms)
			InitializePlatformSupportModulesInManaged (45ms)
			SetLoadedEditorAssemblies (6ms)
			RefreshPlugins (0ms)
			BeforeProcessingInitializeOnLoad (107ms)
			ProcessInitializeOnLoadAttributes (677ms)
			ProcessInitializeOnLoadMethodAttributes (354ms)
			AfterProcessingInitializeOnLoad (12ms)
			EditorAssembliesLoaded (0ms)
		ExecutionOrderSort2 (0ms)
		AwakeInstancesAfterBackupRestoration (13ms)
Refreshing native plugins compatible for Editor in 15.98 ms, found 2 plugins.
Preloading 0 native plugins for Editor in 0.00 ms.
Unloading 3817 Unused Serialized files (Serialized files now loaded: 0)
Unloading 16 unused Assets / (27.6 KB). Loaded Objects now: 4475.
Memory consumption went from 139.5 MB to 139.5 MB.
Total: 10.415700 ms (FindLiveObjects: 0.433900 ms CreateObjectMapping: 0.348300 ms MarkObjects: 9.557800 ms  DeleteObjects: 0.074000 ms)

Prepare: number of updated asset objects reloaded= 0
AssetImportParameters requested are different than current active one (requested -> active):
  custom:container-demuxer-ogg: 62fdf1f143b41e24485cea50d1cbac27 -> 
  custom:scripting/monoscript/fileName/LevelChangerDOTween.cs: 2ea35b7817de89e3c9bc7fb9c16c14c8 -> 
  custom:video-decoder-ogg-theora: a1e56fd34408186e4bbccfd4996cb3dc -> 
  custom:framework-win-MediaFoundation: 216162199b28c13a410421893ffa2e32 -> 
  custom:scripting/monoscript/fileName/NewBehaviourScript.cs: b21687ddb03d73bd9f0c1daecb9714de -> 
  custom:CustomObjectIndexerAttribute: 9a22284fe3817be447336de3de66b15e -> 
  custom:container-demuxer-webm: 4f35f7cbe854078d1ac9338744f61a02 -> 
  custom:container-muxer-webm: aa71ff27fc2769a1b78a27578f13a17b -> 
  custom:video-decoder-webm-vp8: 9c59270c3fd7afecdb556c50c9e8de78 -> 
  custom:SearchIndexIgnoredProperties: e643bd26f0fe6173181afceb89e7c659 -> 
  custom:AudioImporter_EditorPlatform: d09bf68614088b80899f8185d706f6e7 -> 
  custom:video-encoder-webm-vp8: eb34c28f22e8b96e1ab97ce403110664 -> 
  custom:audio-decoder-ogg-vorbis: bf7c407c2cedff20999df2af8eb42d56 -> 
  custom:audio-encoder-webm-vorbis: bf7c407c2cedff20999df2af8eb42d56 -> 
  custom:scripting/precompiled-assembly-types:Assembly-CSharp: 9d6cad83838381ec8bb6aca0f249a232 -> b6d5beae70893ec4483681e4771dab9e
========================================================================
Received Prepare
Caller must complete domain reload
Begin MonoManager ReloadAssembly
Symbol file LoadedFromMemory is not a mono symbol file
- Loaded All Assemblies, in  0.880 seconds
Native extension for WindowsStandalone target not found
Native extension for iOS target not found
Native extension for Android target not found
Native extension for WebGL target not found
Asset Pipeline Refresh (id=4b69d9eeb1b08f547b34e922d3c20c92): Total: 0.000 seconds - Initiated by StopAssetImportingV2(NoUpdateAssetOptions)
[ScriptCompilation] NOT recompiling all scripts because this is an import worker process. Reason to compile was: Define symbols changed
[ScriptCompilation] NOT recompiling all scripts because this is an import worker process. Reason to compile was: Define symbols changed
Mono: successfully reloaded assembly
- Finished resetting the current domain, in  1.158 seconds
Domain Reload Profiling: 2037ms
	BeginReloadAssembly (456ms)
		ExecutionOrderSort (0ms)
		DisableScriptedObjects (7ms)
		BackupInstance (0ms)
		ReleaseScriptingObjects (0ms)
		CreateAndSetChildDomain (40ms)
	RebuildCommonClasses (40ms)
	RebuildNativeTypeToScriptingClass (13ms)
	initialDomainReloadingComplete (35ms)
	LoadAllAssembliesAndSetupDomain (335ms)
		LoadAssemblies (368ms)
		RebuildTransferFunctionScriptingTraits (0ms)
		AnalyzeDomain (57ms)
			TypeCache.Refresh (26ms)
				TypeCache.ScanAssembly (4ms)
			ScanForSourceGeneratedMonoScriptInfo (22ms)
			ResolveRequiredComponents (7ms)
	FinalizeReload (1158ms)
		ReleaseScriptCaches (0ms)
		RebuildScriptCaches (0ms)
		SetupLoadedEditorAssemblies (633ms)
			LogAssemblyErrors (0ms)
			InitializePlatformSupportModulesInManaged (30ms)
			SetLoadedEditorAssemblies (3ms)
			RefreshPlugins (0ms)
			BeforeProcessingInitializeOnLoad (70ms)
			ProcessInitializeOnLoadAttributes (336ms)
			ProcessInitializeOnLoadMethodAttributes (185ms)
			AfterProcessingInitializeOnLoad (7ms)
			EditorAssembliesLoaded (0ms)
		ExecutionOrderSort2 (0ms)
		AwakeInstancesAfterBackupRestoration (9ms)
Refreshing native plugins compatible for Editor in 10.79 ms, found 2 plugins.
Preloading 0 native plugins for Editor in 0.00 ms.
Unloading 3818 Unused Serialized files (Serialized files now loaded: 0)
Unloading 16 unused Assets / (27.6 KB). Loaded Objects now: 4478.
Memory consumption went from 139.8 MB to 139.8 MB.
Total: 8.614900 ms (FindLiveObjects: 0.302700 ms CreateObjectMapping: 0.266900 ms MarkObjects: 7.998000 ms  DeleteObjects: 0.046100 ms)

Prepare: number of updated asset objects reloaded= 0
AssetImportParameters requested are different than current active one (requested -> active):
  custom:container-demuxer-ogg: 62fdf1f143b41e24485cea50d1cbac27 -> 
  custom:scripting/monoscript/fileName/LevelChangerDOTween.cs: 2ea35b7817de89e3c9bc7fb9c16c14c8 -> 
  custom:video-decoder-ogg-theora: a1e56fd34408186e4bbccfd4996cb3dc -> 
  custom:framework-win-MediaFoundation: 216162199b28c13a410421893ffa2e32 -> 
  custom:scripting/monoscript/fileName/NewBehaviourScript.cs: b21687ddb03d73bd9f0c1daecb9714de -> 
  custom:CustomObjectIndexerAttribute: 9a22284fe3817be447336de3de66b15e -> 
  custom:container-demuxer-webm: 4f35f7cbe854078d1ac9338744f61a02 -> 
  custom:container-muxer-webm: aa71ff27fc2769a1b78a27578f13a17b -> 
  custom:video-decoder-webm-vp8: 9c59270c3fd7afecdb556c50c9e8de78 -> 
  custom:SearchIndexIgnoredProperties: e643bd26f0fe6173181afceb89e7c659 -> 
  custom:AudioImporter_EditorPlatform: d09bf68614088b80899f8185d706f6e7 -> 
  custom:video-encoder-webm-vp8: eb34c28f22e8b96e1ab97ce403110664 -> 
  custom:audio-decoder-ogg-vorbis: bf7c407c2cedff20999df2af8eb42d56 -> 
  custom:audio-encoder-webm-vorbis: bf7c407c2cedff20999df2af8eb42d56 -> 
  custom:scripting/precompiled-assembly-types:Assembly-CSharp: b7a08ba24b2b952116cf13eb5d770e8c -> b6d5beae70893ec4483681e4771dab9e
========================================================================
Received Prepare
Caller must complete domain reload
Begin MonoManager ReloadAssembly
Symbol file LoadedFromMemory is not a mono symbol file
- Loaded All Assemblies, in  1.088 seconds
Native extension for WindowsStandalone target not found
Native extension for iOS target not found
Native extension for Android target not found
Native extension for WebGL target not found
Asset Pipeline Refresh (id=3a745ffc3c746f743b293f4beeef3687): Total: 0.000 seconds - Initiated by StopAssetImportingV2(NoUpdateAssetOptions)
[ScriptCompilation] NOT recompiling all scripts because this is an import worker process. Reason to compile was: Define symbols changed
[ScriptCompilation] NOT recompiling all scripts because this is an import worker process. Reason to compile was: Define symbols changed
Mono: successfully reloaded assembly
- Finished resetting the current domain, in  1.651 seconds
Domain Reload Profiling: 2737ms
	BeginReloadAssembly (619ms)
		ExecutionOrderSort (0ms)
		DisableScriptedObjects (7ms)
		BackupInstance (0ms)
		ReleaseScriptingObjects (0ms)
		CreateAndSetChildDomain (69ms)
	RebuildCommonClasses (41ms)
	RebuildNativeTypeToScriptingClass (13ms)
	initialDomainReloadingComplete (40ms)
	LoadAllAssembliesAndSetupDomain (372ms)
		LoadAssemblies (424ms)
		RebuildTransferFunctionScriptingTraits (0ms)
		AnalyzeDomain (50ms)
			TypeCache.Refresh (17ms)
				TypeCache.ScanAssembly (4ms)
			ScanForSourceGeneratedMonoScriptInfo (22ms)
			ResolveRequiredComponents (10ms)
	FinalizeReload (1652ms)
		ReleaseScriptCaches (0ms)
		RebuildScriptCaches (0ms)
		SetupLoadedEditorAssemblies (898ms)
			LogAssemblyErrors (0ms)
			InitializePlatformSupportModulesInManaged (54ms)
			SetLoadedEditorAssemblies (6ms)
			RefreshPlugins (0ms)
			BeforeProcessingInitializeOnLoad (119ms)
			ProcessInitializeOnLoadAttributes (486ms)
			ProcessInitializeOnLoadMethodAttributes (225ms)
			AfterProcessingInitializeOnLoad (8ms)
			EditorAssembliesLoaded (0ms)
		ExecutionOrderSort2 (0ms)
		AwakeInstancesAfterBackupRestoration (11ms)
Refreshing native plugins compatible for Editor in 18.95 ms, found 2 plugins.
Preloading 0 native plugins for Editor in 0.00 ms.
Unloading 3819 Unused Serialized files (Serialized files now loaded: 0)
Unloading 16 unused Assets / (27.6 KB). Loaded Objects now: 4482.
Memory consumption went from 139.8 MB to 139.8 MB.
Total: 15.395400 ms (FindLiveObjects: 0.392100 ms CreateObjectMapping: 0.367000 ms MarkObjects: 14.415900 ms  DeleteObjects: 0.218100 ms)

Prepare: number of updated asset objects reloaded= 0
AssetImportParameters requested are different than current active one (requested -> active):
  custom:container-demuxer-ogg: 62fdf1f143b41e24485cea50d1cbac27 -> 
  custom:scripting/monoscript/fileName/LevelChangerDOTween.cs: 2ea35b7817de89e3c9bc7fb9c16c14c8 -> 
  custom:video-decoder-ogg-theora: a1e56fd34408186e4bbccfd4996cb3dc -> 
  custom:framework-win-MediaFoundation: 216162199b28c13a410421893ffa2e32 -> 
  custom:scripting/monoscript/fileName/NewBehaviourScript.cs: b21687ddb03d73bd9f0c1daecb9714de -> 
  custom:CustomObjectIndexerAttribute: 9a22284fe3817be447336de3de66b15e -> 
  custom:container-demuxer-webm: 4f35f7cbe854078d1ac9338744f61a02 -> 
  custom:container-muxer-webm: aa71ff27fc2769a1b78a27578f13a17b -> 
  custom:video-decoder-webm-vp8: 9c59270c3fd7afecdb556c50c9e8de78 -> 
  custom:SearchIndexIgnoredProperties: e643bd26f0fe6173181afceb89e7c659 -> 
  custom:AudioImporter_EditorPlatform: d09bf68614088b80899f8185d706f6e7 -> 
  custom:scripting/monoscript/fileName/MainMenuSceneChange.cs: 62ccc06766bf85b1a3fce24ac4c7a804 -> 
  custom:video-encoder-webm-vp8: eb34c28f22e8b96e1ab97ce403110664 -> 
  custom:audio-decoder-ogg-vorbis: bf7c407c2cedff20999df2af8eb42d56 -> 
  custom:audio-encoder-webm-vorbis: bf7c407c2cedff20999df2af8eb42d56 -> 
  custom:scripting/precompiled-assembly-types:Assembly-CSharp: b753b0e373426e8b82a99dc7a7bfa728 -> b6d5beae70893ec4483681e4771dab9e
========================================================================
Received Import Request.
  Time since last request: 119.563620 seconds.
  path: Assets/Scripts/MainMenuSceneChange.cs
  artifactKey: Guid(9c95b4d790bd5884ba3a5341817340a9) Importer(815301076,1909f56bfc062723c751e8b465ee728b)
Start importing Assets/Scripts/MainMenuSceneChange.cs using Guid(9c95b4d790bd5884ba3a5341817340a9) Importer(815301076,1909f56bfc062723c751e8b465ee728b) [PhysX] Initialized MultithreadedTaskDispatcher with 8 workers.
 -> (artifact id: 'fca2b3a3036afc75340b0250b78d5ec2') in 0.004164 seconds
Number of updated asset objects reloaded before import = 0
Number of asset objects unloaded after import = 0
========================================================================
Received Prepare
Caller must complete domain reload
Begin MonoManager ReloadAssembly
Symbol file LoadedFromMemory is not a mono symbol file
- Loaded All Assemblies, in  0.937 seconds
Native extension for WindowsStandalone target not found
Native extension for iOS target not found
Native extension for Android target not found
Native extension for WebGL target not found
Asset Pipeline Refresh (id=91bcdf65a07d567418c4dbdc5a9b4452): Total: 0.000 seconds - Initiated by StopAssetImportingV2(NoUpdateAssetOptions)
[ScriptCompilation] NOT recompiling all scripts because this is an import worker process. Reason to compile was: Define symbols changed
[ScriptCompilation] NOT recompiling all scripts because this is an import worker process. Reason to compile was: Define symbols changed
Mono: successfully reloaded assembly
- Finished resetting the current domain, in  1.695 seconds
Domain Reload Profiling: 2631ms
	BeginReloadAssembly (515ms)
		ExecutionOrderSort (0ms)
		DisableScriptedObjects (9ms)
		BackupInstance (0ms)
		ReleaseScriptingObjects (0ms)
		CreateAndSetChildDomain (42ms)
	RebuildCommonClasses (38ms)
	RebuildNativeTypeToScriptingClass (16ms)
	initialDomainReloadingComplete (32ms)
	LoadAllAssembliesAndSetupDomain (334ms)
		LoadAssemblies (386ms)
		RebuildTransferFunctionScriptingTraits (0ms)
		AnalyzeDomain (52ms)
			TypeCache.Refresh (20ms)
				TypeCache.ScanAssembly (5ms)
			ScanForSourceGeneratedMonoScriptInfo (20ms)
			ResolveRequiredComponents (11ms)
	FinalizeReload (1696ms)
		ReleaseScriptCaches (0ms)
		RebuildScriptCaches (0ms)
		SetupLoadedEditorAssemblies (1037ms)
			LogAssemblyErrors (0ms)
			InitializePlatformSupportModulesInManaged (42ms)
			SetLoadedEditorAssemblies (5ms)
			RefreshPlugins (0ms)
			BeforeProcessingInitializeOnLoad (125ms)
			ProcessInitializeOnLoadAttributes (579ms)
			ProcessInitializeOnLoadMethodAttributes (278ms)
			AfterProcessingInitializeOnLoad (7ms)
			EditorAssembliesLoaded (0ms)
		ExecutionOrderSort2 (0ms)
		AwakeInstancesAfterBackupRestoration (13ms)
Refreshing native plugins compatible for Editor in 14.18 ms, found 2 plugins.
Preloading 0 native plugins for Editor in 0.00 ms.
Unloading 3818 Unused Serialized files (Serialized files now loaded: 0)
Unloading 16 unused Assets / (27.6 KB). Loaded Objects now: 4485.
Memory consumption went from 139.6 MB to 139.5 MB.
Total: 10.004400 ms (FindLiveObjects: 0.408500 ms CreateObjectMapping: 0.352000 ms MarkObjects: 9.187500 ms  DeleteObjects: 0.055000 ms)

Prepare: number of updated asset objects reloaded= 0
AssetImportParameters requested are different than current active one (requested -> active):
  custom:container-demuxer-ogg: 62fdf1f143b41e24485cea50d1cbac27 -> 
  custom:scripting/monoscript/fileName/LevelChangerDOTween.cs: 2ea35b7817de89e3c9bc7fb9c16c14c8 -> 
  custom:video-decoder-ogg-theora: a1e56fd34408186e4bbccfd4996cb3dc -> 
  custom:framework-win-MediaFoundation: 216162199b28c13a410421893ffa2e32 -> 
  custom:scripting/monoscript/fileName/NewBehaviourScript.cs: b21687ddb03d73bd9f0c1daecb9714de -> 
  custom:CustomObjectIndexerAttribute: 9a22284fe3817be447336de3de66b15e -> 
  custom:container-demuxer-webm: 4f35f7cbe854078d1ac9338744f61a02 -> 
  custom:container-muxer-webm: aa71ff27fc2769a1b78a27578f13a17b -> 
  custom:video-decoder-webm-vp8: 9c59270c3fd7afecdb556c50c9e8de78 -> 
  custom:SearchIndexIgnoredProperties: e643bd26f0fe6173181afceb89e7c659 -> 
  custom:AudioImporter_EditorPlatform: d09bf68614088b80899f8185d706f6e7 -> 
  custom:scripting/monoscript/fileName/MainMenuSceneChange.cs: d4425b768b31a0e779c58ed647aad071 -> 
  custom:video-encoder-webm-vp8: eb34c28f22e8b96e1ab97ce403110664 -> 
  custom:audio-decoder-ogg-vorbis: bf7c407c2cedff20999df2af8eb42d56 -> 
  custom:audio-encoder-webm-vorbis: bf7c407c2cedff20999df2af8eb42d56 -> 
  custom:scripting/precompiled-assembly-types:Assembly-CSharp: 40b29d93ca9d5e8db761bdeab03eebfb -> b6d5beae70893ec4483681e4771dab9e
========================================================================
Received Import Request.
  Time since last request: 16.257908 seconds.
  path: Assets/Scripts/MainMenuSceneChange.cs
  artifactKey: Guid(9c95b4d790bd5884ba3a5341817340a9) Importer(815301076,1909f56bfc062723c751e8b465ee728b)
Start importing Assets/Scripts/MainMenuSceneChange.cs using Guid(9c95b4d790bd5884ba3a5341817340a9) Importer(815301076,1909f56bfc062723c751e8b465ee728b) [PhysX] Initialized MultithreadedTaskDispatcher with 8 workers.
 -> (artifact id: '57ef3e3e1e8a5685bf6ef1f77eb4b12d') in 0.001823 seconds
Number of updated asset objects reloaded before import = 0
Number of asset objects unloaded after import = 0
========================================================================
Received Prepare
Caller must complete domain reload
Begin MonoManager ReloadAssembly
Symbol file LoadedFromMemory is not a mono symbol file
- Loaded All Assemblies, in  0.814 seconds
Native extension for WindowsStandalone target not found
Native extension for iOS target not found
Native extension for Android target not found
Native extension for WebGL target not found
Asset Pipeline Refresh (id=f015f6cd618259942a6fc888a3e940ad): Total: 0.000 seconds - Initiated by StopAssetImportingV2(NoUpdateAssetOptions)
[ScriptCompilation] NOT recompiling all scripts because this is an import worker process. Reason to compile was: Define symbols changed
[ScriptCompilation] NOT recompiling all scripts because this is an import worker process. Reason to compile was: Define symbols changed
Mono: successfully reloaded assembly
- Finished resetting the current domain, in  1.548 seconds
Domain Reload Profiling: 2359ms
	BeginReloadAssembly (436ms)
		ExecutionOrderSort (0ms)
		DisableScriptedObjects (7ms)
		BackupInstance (0ms)
		ReleaseScriptingObjects (0ms)
		CreateAndSetChildDomain (37ms)
	RebuildCommonClasses (50ms)
	RebuildNativeTypeToScriptingClass (13ms)
	initialDomainReloadingComplete (31ms)
	LoadAllAssembliesAndSetupDomain (281ms)
		LoadAssemblies (353ms)
		RebuildTransferFunctionScriptingTraits (0ms)
		AnalyzeDomain (18ms)
			TypeCache.Refresh (8ms)
				TypeCache.ScanAssembly (0ms)
			ScanForSourceGeneratedMonoScriptInfo (0ms)
			ResolveRequiredComponents (9ms)
	FinalizeReload (1548ms)
		ReleaseScriptCaches (0ms)
		RebuildScriptCaches (0ms)
		SetupLoadedEditorAssemblies (874ms)
			LogAssemblyErrors (0ms)
			InitializePlatformSupportModulesInManaged (47ms)
			SetLoadedEditorAssemblies (7ms)
			RefreshPlugins (0ms)
			BeforeProcessingInitializeOnLoad (100ms)
			ProcessInitializeOnLoadAttributes (457ms)
			ProcessInitializeOnLoadMethodAttributes (244ms)
			AfterProcessingInitializeOnLoad (18ms)
			EditorAssembliesLoaded (1ms)
		ExecutionOrderSort2 (0ms)
		AwakeInstancesAfterBackupRestoration (30ms)
Refreshing native plugins compatible for Editor in 19.09 ms, found 2 plugins.
Preloading 0 native plugins for Editor in 0.00 ms.
Unloading 3818 Unused Serialized files (Serialized files now loaded: 0)
Unloading 16 unused Assets / (27.6 KB). Loaded Objects now: 4488.
Memory consumption went from 139.6 MB to 139.5 MB.
Total: 14.745700 ms (FindLiveObjects: 0.429200 ms CreateObjectMapping: 0.396800 ms MarkObjects: 13.841400 ms  DeleteObjects: 0.076700 ms)

Prepare: number of updated asset objects reloaded= 0
AssetImportParameters requested are different than current active one (requested -> active):
  custom:container-demuxer-ogg: 62fdf1f143b41e24485cea50d1cbac27 -> 
  custom:scripting/monoscript/fileName/LevelChangerDOTween.cs: 2ea35b7817de89e3c9bc7fb9c16c14c8 -> 
  custom:video-decoder-ogg-theora: a1e56fd34408186e4bbccfd4996cb3dc -> 
  custom:framework-win-MediaFoundation: 216162199b28c13a410421893ffa2e32 -> 
  custom:scripting/monoscript/fileName/NewBehaviourScript.cs: b21687ddb03d73bd9f0c1daecb9714de -> 
  custom:CustomObjectIndexerAttribute: 9a22284fe3817be447336de3de66b15e -> 
  custom:container-demuxer-webm: 4f35f7cbe854078d1ac9338744f61a02 -> 
  custom:container-muxer-webm: aa71ff27fc2769a1b78a27578f13a17b -> 
  custom:video-decoder-webm-vp8: 9c59270c3fd7afecdb556c50c9e8de78 -> 
  custom:SearchIndexIgnoredProperties: e643bd26f0fe6173181afceb89e7c659 -> 
  custom:AudioImporter_EditorPlatform: d09bf68614088b80899f8185d706f6e7 -> 
  custom:scripting/monoscript/fileName/MainMenuSceneChange.cs: d4425b768b31a0e779c58ed647aad071 -> 
  custom:video-encoder-webm-vp8: eb34c28f22e8b96e1ab97ce403110664 -> 
  custom:audio-decoder-ogg-vorbis: bf7c407c2cedff20999df2af8eb42d56 -> 
  custom:audio-encoder-webm-vorbis: bf7c407c2cedff20999df2af8eb42d56 -> 
  custom:scripting/precompiled-assembly-types:Assembly-CSharp: 40b29d93ca9d5e8db761bdeab03eebfb -> b6d5beae70893ec4483681e4771dab9e
========================================================================
Received Prepare
Caller must complete domain reload
Begin MonoManager ReloadAssembly
Symbol file LoadedFromMemory is not a mono symbol file
- Loaded All Assemblies, in  0.973 seconds
Native extension for WindowsStandalone target not found
Native extension for iOS target not found
Native extension for Android target not found
Native extension for WebGL target not found
Asset Pipeline Refresh (id=27086b44ba496c2438e146bc321a8919): Total: 0.000 seconds - Initiated by StopAssetImportingV2(NoUpdateAssetOptions)
[ScriptCompilation] NOT recompiling all scripts because this is an import worker process. Reason to compile was: Define symbols changed
[ScriptCompilation] NOT recompiling all scripts because this is an import worker process. Reason to compile was: Define symbols changed
Mono: successfully reloaded assembly
- Finished resetting the current domain, in  1.512 seconds
Domain Reload Profiling: 2484ms
	BeginReloadAssembly (550ms)
		ExecutionOrderSort (0ms)
		DisableScriptedObjects (7ms)
		BackupInstance (0ms)
		ReleaseScriptingObjects (0ms)
		CreateAndSetChildDomain (42ms)
	RebuildCommonClasses (51ms)
	RebuildNativeTypeToScriptingClass (12ms)
	initialDomainReloadingComplete (41ms)
	LoadAllAssembliesAndSetupDomain (317ms)
		LoadAssemblies (404ms)
		RebuildTransferFunctionScriptingTraits (0ms)
		AnalyzeDomain (19ms)
			TypeCache.Refresh (9ms)
				TypeCache.ScanAssembly (0ms)
			ScanForSourceGeneratedMonoScriptInfo (0ms)
			ResolveRequiredComponents (9ms)
	FinalizeReload (1513ms)
		ReleaseScriptCaches (0ms)
		RebuildScriptCaches (0ms)
		SetupLoadedEditorAssemblies (859ms)
			LogAssemblyErrors (0ms)
			InitializePlatformSupportModulesInManaged (49ms)
			SetLoadedEditorAssemblies (5ms)
			RefreshPlugins (0ms)
			BeforeProcessingInitializeOnLoad (95ms)
			ProcessInitializeOnLoadAttributes (463ms)
			ProcessInitializeOnLoadMethodAttributes (239ms)
			AfterProcessingInitializeOnLoad (8ms)
			EditorAssembliesLoaded (0ms)
		ExecutionOrderSort2 (0ms)
		AwakeInstancesAfterBackupRestoration (16ms)
Refreshing native plugins compatible for Editor in 17.54 ms, found 2 plugins.
Preloading 0 native plugins for Editor in 0.00 ms.
Unloading 3819 Unused Serialized files (Serialized files now loaded: 0)
Unloading 16 unused Assets / (27.5 KB). Loaded Objects now: 4491.
Memory consumption went from 139.8 MB to 139.8 MB.
Total: 16.512900 ms (FindLiveObjects: 0.403600 ms CreateObjectMapping: 0.343000 ms MarkObjects: 15.703000 ms  DeleteObjects: 0.061900 ms)

Prepare: number of updated asset objects reloaded= 0
AssetImportParameters requested are different than current active one (requested -> active):
  custom:container-demuxer-ogg: 62fdf1f143b41e24485cea50d1cbac27 -> 
  custom:scripting/monoscript/fileName/LevelChangerDOTween.cs: 2ea35b7817de89e3c9bc7fb9c16c14c8 -> 
  custom:video-decoder-ogg-theora: a1e56fd34408186e4bbccfd4996cb3dc -> 
  custom:framework-win-MediaFoundation: 216162199b28c13a410421893ffa2e32 -> 
  custom:scripting/monoscript/fileName/NewBehaviourScript.cs: b21687ddb03d73bd9f0c1daecb9714de -> 
  custom:CustomObjectIndexerAttribute: 9a22284fe3817be447336de3de66b15e -> 
  custom:container-demuxer-webm: 4f35f7cbe854078d1ac9338744f61a02 -> 
  custom:container-muxer-webm: aa71ff27fc2769a1b78a27578f13a17b -> 
  custom:video-decoder-webm-vp8: 9c59270c3fd7afecdb556c50c9e8de78 -> 
  custom:SearchIndexIgnoredProperties: e643bd26f0fe6173181afceb89e7c659 -> 
  custom:AudioImporter_EditorPlatform: d09bf68614088b80899f8185d706f6e7 -> 
  custom:scripting/monoscript/fileName/MainMenuSceneChange.cs: d4425b768b31a0e779c58ed647aad071 -> 
  custom:video-encoder-webm-vp8: eb34c28f22e8b96e1ab97ce403110664 -> 
  custom:audio-decoder-ogg-vorbis: bf7c407c2cedff20999df2af8eb42d56 -> 
  custom:audio-encoder-webm-vorbis: bf7c407c2cedff20999df2af8eb42d56 -> 
  custom:scripting/precompiled-assembly-types:Assembly-CSharp: 40b29d93ca9d5e8db761bdeab03eebfb -> b6d5beae70893ec4483681e4771dab9e
========================================================================
Received Prepare
Caller must complete domain reload
Begin MonoManager ReloadAssembly
Symbol file LoadedFromMemory is not a mono symbol file
- Loaded All Assemblies, in  1.202 seconds
Native extension for WindowsStandalone target not found
Native extension for iOS target not found
Native extension for Android target not found
Native extension for WebGL target not found
Asset Pipeline Refresh (id=9f550465a575d5a4cb8ee366d422d975): Total: 0.000 seconds - Initiated by StopAssetImportingV2(NoUpdateAssetOptions)
[ScriptCompilation] NOT recompiling all scripts because this is an import worker process. Reason to compile was: Define symbols changed
[ScriptCompilation] NOT recompiling all scripts because this is an import worker process. Reason to compile was: Define symbols changed
Mono: successfully reloaded assembly
- Finished resetting the current domain, in  1.858 seconds
Domain Reload Profiling: 3059ms
	BeginReloadAssembly (594ms)
		ExecutionOrderSort (0ms)
		DisableScriptedObjects (13ms)
		BackupInstance (0ms)
		ReleaseScriptingObjects (0ms)
		CreateAndSetChildDomain (49ms)
	RebuildCommonClasses (49ms)
	RebuildNativeTypeToScriptingClass (20ms)
	initialDomainReloadingComplete (46ms)
	LoadAllAssembliesAndSetupDomain (491ms)
		LoadAssemblies (539ms)
		RebuildTransferFunctionScriptingTraits (0ms)
		AnalyzeDomain (81ms)
			TypeCache.Refresh (42ms)
				TypeCache.ScanAssembly (11ms)
			ScanForSourceGeneratedMonoScriptInfo (28ms)
			ResolveRequiredComponents (10ms)
	FinalizeReload (1858ms)
		ReleaseScriptCaches (0ms)
		RebuildScriptCaches (0ms)
		SetupLoadedEditorAssemblies (1091ms)
			LogAssemblyErrors (0ms)
			InitializePlatformSupportModulesInManaged (41ms)
			SetLoadedEditorAssemblies (4ms)
			RefreshPlugins (0ms)
			BeforeProcessingInitializeOnLoad (129ms)
			ProcessInitializeOnLoadAttributes (579ms)
			ProcessInitializeOnLoadMethodAttributes (321ms)
			AfterProcessingInitializeOnLoad (16ms)
			EditorAssembliesLoaded (1ms)
		ExecutionOrderSort2 (0ms)
		AwakeInstancesAfterBackupRestoration (17ms)
Refreshing native plugins compatible for Editor in 11.53 ms, found 2 plugins.
Preloading 0 native plugins for Editor in 0.00 ms.
Unloading 3820 Unused Serialized files (Serialized files now loaded: 0)
Unloading 16 unused Assets / (27.5 KB). Loaded Objects now: 4495.
Memory consumption went from 139.9 MB to 139.8 MB.
Total: 8.343200 ms (FindLiveObjects: 0.313600 ms CreateObjectMapping: 0.278900 ms MarkObjects: 7.701400 ms  DeleteObjects: 0.048000 ms)

Prepare: number of updated asset objects reloaded= 0
AssetImportParameters requested are different than current active one (requested -> active):
  custom:scripting/monoscript/fileName/AdsManager.cs: 02def8582910908d167bbb9227855ef4 -> 
  custom:container-demuxer-ogg: 62fdf1f143b41e24485cea50d1cbac27 -> 
  custom:scripting/monoscript/fileName/LevelChangerDOTween.cs: 2ea35b7817de89e3c9bc7fb9c16c14c8 -> 
  custom:video-decoder-ogg-theora: a1e56fd34408186e4bbccfd4996cb3dc -> 
  custom:framework-win-MediaFoundation: 216162199b28c13a410421893ffa2e32 -> 
  custom:scripting/monoscript/fileName/NewBehaviourScript.cs: b21687ddb03d73bd9f0c1daecb9714de -> 
  custom:CustomObjectIndexerAttribute: 9a22284fe3817be447336de3de66b15e -> 
  custom:container-demuxer-webm: 4f35f7cbe854078d1ac9338744f61a02 -> 
  custom:container-muxer-webm: aa71ff27fc2769a1b78a27578f13a17b -> 
  custom:video-decoder-webm-vp8: 9c59270c3fd7afecdb556c50c9e8de78 -> 
  custom:SearchIndexIgnoredProperties: e643bd26f0fe6173181afceb89e7c659 -> 
  custom:AudioImporter_EditorPlatform: d09bf68614088b80899f8185d706f6e7 -> 
  custom:scripting/monoscript/fileName/MainMenuSceneChange.cs: d4425b768b31a0e779c58ed647aad071 -> 
  custom:video-encoder-webm-vp8: eb34c28f22e8b96e1ab97ce403110664 -> 
  custom:audio-decoder-ogg-vorbis: bf7c407c2cedff20999df2af8eb42d56 -> 
  custom:audio-encoder-webm-vorbis: bf7c407c2cedff20999df2af8eb42d56 -> 
  custom:scripting/precompiled-assembly-types:Assembly-CSharp: fbc9217cb39108ca355cb8e22459f868 -> b6d5beae70893ec4483681e4771dab9e
========================================================================
Received Import Request.
  Time since last request: 4408.207972 seconds.
  path: Assets/Scripts/Ads/AdsManager.cs
  artifactKey: Guid(f5afc85b4cb1dca4f96c42f0dbbda7a7) Importer(815301076,1909f56bfc062723c751e8b465ee728b)
Start importing Assets/Scripts/Ads/AdsManager.cs using Guid(f5afc85b4cb1dca4f96c42f0dbbda7a7) Importer(815301076,1909f56bfc062723c751e8b465ee728b) [PhysX] Initialized MultithreadedTaskDispatcher with 8 workers.
 -> (artifact id: 'eae55a9853bef60e1a6382d6e2ed3ebe') in 0.002096 seconds
Number of updated asset objects reloaded before import = 0
Number of asset objects unloaded after import = 0
========================================================================
Received Prepare
Caller must complete domain reload
Begin MonoManager ReloadAssembly
Symbol file LoadedFromMemory is not a mono symbol file
- Loaded All Assemblies, in  0.985 seconds
Native extension for WindowsStandalone target not found
Native extension for iOS target not found
Native extension for Android target not found
Native extension for WebGL target not found
Asset Pipeline Refresh (id=8018120b5380fed4a95e6c3ca9769741): Total: 0.000 seconds - Initiated by StopAssetImportingV2(NoUpdateAssetOptions)
[ScriptCompilation] NOT recompiling all scripts because this is an import worker process. Reason to compile was: Define symbols changed
[ScriptCompilation] NOT recompiling all scripts because this is an import worker process. Reason to compile was: Define symbols changed
Mono: successfully reloaded assembly
- Finished resetting the current domain, in  1.508 seconds
Domain Reload Profiling: 2492ms
	BeginReloadAssembly (573ms)
		ExecutionOrderSort (0ms)
		DisableScriptedObjects (10ms)
		BackupInstance (0ms)
		ReleaseScriptingObjects (0ms)
		CreateAndSetChildDomain (49ms)
	RebuildCommonClasses (45ms)
	RebuildNativeTypeToScriptingClass (15ms)
	initialDomainReloadingComplete (33ms)
	LoadAllAssembliesAndSetupDomain (319ms)
		LoadAssemblies (385ms)
		RebuildTransferFunctionScriptingTraits (0ms)
		AnalyzeDomain (47ms)
			TypeCache.Refresh (15ms)
				TypeCache.ScanAssembly (4ms)
			ScanForSourceGeneratedMonoScriptInfo (20ms)
			ResolveRequiredComponents (10ms)
	FinalizeReload (1509ms)
		ReleaseScriptCaches (0ms)
		RebuildScriptCaches (0ms)
		SetupLoadedEditorAssemblies (815ms)
			LogAssemblyErrors (0ms)
			InitializePlatformSupportModulesInManaged (39ms)
			SetLoadedEditorAssemblies (4ms)
			RefreshPlugins (0ms)
			BeforeProcessingInitializeOnLoad (90ms)
			ProcessInitializeOnLoadAttributes (441ms)
			ProcessInitializeOnLoadMethodAttributes (228ms)
			AfterProcessingInitializeOnLoad (12ms)
			EditorAssembliesLoaded (0ms)
		ExecutionOrderSort2 (0ms)
		AwakeInstancesAfterBackupRestoration (12ms)
Refreshing native plugins compatible for Editor in 22.14 ms, found 2 plugins.
Preloading 0 native plugins for Editor in 0.00 ms.
Unloading 3828 Unused Serialized files (Serialized files now loaded: 0)
Unloading 16 unused Assets / (27.5 KB). Loaded Objects now: 4507.
Memory consumption went from 139.8 MB to 139.7 MB.
Total: 14.248200 ms (FindLiveObjects: 0.449600 ms CreateObjectMapping: 0.574800 ms MarkObjects: 13.168500 ms  DeleteObjects: 0.054100 ms)

Prepare: number of updated asset objects reloaded= 0
AssetImportParameters requested are different than current active one (requested -> active):
  custom:scripting/monoscript/fileName/AdsManager.cs: 02def8582910908d167bbb9227855ef4 -> 
  custom:container-demuxer-ogg: 62fdf1f143b41e24485cea50d1cbac27 -> 
  custom:scripting/monoscript/fileName/LevelChangerDOTween.cs: 2ea35b7817de89e3c9bc7fb9c16c14c8 -> 
  custom:scripting/monoscript/fileName/AnalyticsManager.cs: a0ba2baafde2834ba142b7fe92ba996d -> 
  custom:video-decoder-ogg-theora: a1e56fd34408186e4bbccfd4996cb3dc -> 
  custom:framework-win-MediaFoundation: 216162199b28c13a410421893ffa2e32 -> 
  custom:scripting/monoscript/fileName/RewardedAds.cs: d66570aae527af9da7222484b8264842 -> 
  custom:scripting/monoscript/fileName/NewBehaviourScript.cs: b21687ddb03d73bd9f0c1daecb9714de -> 
  custom:CustomObjectIndexerAttribute: 9a22284fe3817be447336de3de66b15e -> 
  custom:container-demuxer-webm: 4f35f7cbe854078d1ac9338744f61a02 -> 
  custom:container-muxer-webm: aa71ff27fc2769a1b78a27578f13a17b -> 
  custom:video-decoder-webm-vp8: 9c59270c3fd7afecdb556c50c9e8de78 -> 
  custom:scripting/monoscript/fileName/UpgradeAsset.cs: 5d0ce12d7184a3da40041fc92eb082d8 -> 
  custom:SearchIndexIgnoredProperties: e643bd26f0fe6173181afceb89e7c659 -> 
  custom:scripting/monoscript/fileName/InterstitialAds.cs: 6d333cb1dc24d5ddf3ec91bccefc0773 -> 
  custom:AudioImporter_EditorPlatform: d09bf68614088b80899f8185d706f6e7 -> 
  custom:scripting/monoscript/fileName/Upgrades.cs: efffe4420000c7dff7f2eae57efaf755 -> 
  custom:scripting/monoscript/fileName/MainMenuSceneChange.cs: d4425b768b31a0e779c58ed647aad071 -> 
  custom:scripting/monoscript/fileName/SavesYG.cs: c497cdc187148548f5d9a620311f9dc3 -> 
  custom:video-encoder-webm-vp8: eb34c28f22e8b96e1ab97ce403110664 -> 
  custom:audio-decoder-ogg-vorbis: bf7c407c2cedff20999df2af8eb42d56 -> 
  custom:scripting/monoscript/fileName/ButtonsRewarded.cs: 07495e688444a91c62dfcd44c138345c -> 
  custom:audio-encoder-webm-vorbis: bf7c407c2cedff20999df2af8eb42d56 -> 
  custom:scripting/monoscript/fileName/PurchaseManager.cs: 7ccb736f003775a5e240eec74b533b6b -> 
  custom:scripting/precompiled-assembly-types:Assembly-CSharp: bd8f1644ba05c20240403018197fea71 -> b6d5beae70893ec4483681e4771dab9e
========================================================================
Received Import Request.
  Time since last request: 639.538843 seconds.
  path: Assets/Scripts/SavesYG.cs
  artifactKey: Guid(bd7176b5f7408724c9cc66cb1fb92d2d) Importer(815301076,1909f56bfc062723c751e8b465ee728b)
Start importing Assets/Scripts/SavesYG.cs using Guid(bd7176b5f7408724c9cc66cb1fb92d2d) Importer(815301076,1909f56bfc062723c751e8b465ee728b) [PhysX] Initialized MultithreadedTaskDispatcher with 8 workers.
 -> (artifact id: '5b5a3b68e64c7749790feea771b6fdd5') in 0.009206 seconds
Number of updated asset objects reloaded before import = 0
Number of asset objects unloaded after import = 0
========================================================================
Received Import Request.
  Time since last request: 178.403663 seconds.
  path: Assets/Localization/UI_en.asset
  artifactKey: Guid(f328499c85f031a4ca9114fdf67a4dea) Importer(815301076,1909f56bfc062723c751e8b465ee728b)
Start importing Assets/Localization/UI_en.asset using Guid(f328499c85f031a4ca9114fdf67a4dea) Importer(815301076,1909f56bfc062723c751e8b465ee728b) [PhysX] Initialized MultithreadedTaskDispatcher with 8 workers.
 -> (artifact id: 'f14a709c245fade7fdf947f4e58dea98') in 0.029564 seconds
Number of updated asset objects reloaded before import = 0
Number of asset objects unloaded after import = 2
========================================================================
Received Import Request.
  Time since last request: 73.646637 seconds.
  path: Assets/Localization/UpgradeDescription Shared Data.asset
  artifactKey: Guid(b4e1c1df6e8ad0f4f876aedda4ce3130) Importer(815301076,1909f56bfc062723c751e8b465ee728b)
Start importing Assets/Localization/UpgradeDescription Shared Data.asset using Guid(b4e1c1df6e8ad0f4f876aedda4ce3130) Importer(815301076,1909f56bfc062723c751e8b465ee728b) [PhysX] Initialized MultithreadedTaskDispatcher with 8 workers.
 -> (artifact id: '395a9d3eab5068bac6ff80afa96a17f7') in 0.001269 seconds
Number of updated asset objects reloaded before import = 0
Number of asset objects unloaded after import = 1
========================================================================
Received Import Request.
  Time since last request: 0.000017 seconds.
  path: Assets/Localization/UpgradeDescription_ru.asset
  artifactKey: Guid(08c9192c3d6b20645b555d38dc7841d0) Importer(815301076,1909f56bfc062723c751e8b465ee728b)
Start importing Assets/Localization/UpgradeDescription_ru.asset using Guid(08c9192c3d6b20645b555d38dc7841d0) Importer(815301076,1909f56bfc062723c751e8b465ee728b) [PhysX] Initialized MultithreadedTaskDispatcher with 8 workers.
 -> (artifact id: 'e84919e86754ee7bdcdaf35c799acfff') in 0.001304 seconds
Number of updated asset objects reloaded before import = 0
Number of asset objects unloaded after import = 2
========================================================================
Received Prepare
Caller must complete domain reload
Begin MonoManager ReloadAssembly
Symbol file LoadedFromMemory is not a mono symbol file
- Loaded All Assemblies, in  0.962 seconds
Native extension for WindowsStandalone target not found
Native extension for iOS target not found
Native extension for Android target not found
Native extension for WebGL target not found
Asset Pipeline Refresh (id=3423b1e774bfcad47990662a3658bd6e): Total: 0.000 seconds - Initiated by StopAssetImportingV2(NoUpdateAssetOptions)
[ScriptCompilation] NOT recompiling all scripts because this is an import worker process. Reason to compile was: Define symbols changed
[ScriptCompilation] NOT recompiling all scripts because this is an import worker process. Reason to compile was: Define symbols changed
Mono: successfully reloaded assembly
- Finished resetting the current domain, in  1.664 seconds
Domain Reload Profiling: 2625ms
	BeginReloadAssembly (517ms)
		ExecutionOrderSort (0ms)
		DisableScriptedObjects (7ms)
		BackupInstance (0ms)
		ReleaseScriptingObjects (0ms)
		CreateAndSetChildDomain (39ms)
	RebuildCommonClasses (44ms)
	RebuildNativeTypeToScriptingClass (20ms)
	initialDomainReloadingComplete (42ms)
	LoadAllAssembliesAndSetupDomain (338ms)
		LoadAssemblies (383ms)
		RebuildTransferFunctionScriptingTraits (0ms)
		AnalyzeDomain (49ms)
			TypeCache.Refresh (20ms)
				TypeCache.ScanAssembly (6ms)
			ScanForSourceGeneratedMonoScriptInfo (22ms)
			ResolveRequiredComponents (6ms)
	FinalizeReload (1665ms)
		ReleaseScriptCaches (0ms)
		RebuildScriptCaches (0ms)
		SetupLoadedEditorAssemblies (979ms)
			LogAssemblyErrors (0ms)
			InitializePlatformSupportModulesInManaged (43ms)
			SetLoadedEditorAssemblies (4ms)
			RefreshPlugins (0ms)
			BeforeProcessingInitializeOnLoad (91ms)
			ProcessInitializeOnLoadAttributes (524ms)
			ProcessInitializeOnLoadMethodAttributes (307ms)
			AfterProcessingInitializeOnLoad (11ms)
			EditorAssembliesLoaded (1ms)
		ExecutionOrderSort2 (0ms)
		AwakeInstancesAfterBackupRestoration (12ms)
Refreshing native plugins compatible for Editor in 13.87 ms, found 2 plugins.
Preloading 0 native plugins for Editor in 0.00 ms.
Unloading 3829 Unused Serialized files (Serialized files now loaded: 0)
Unloading 16 unused Assets / (27.5 KB). Loaded Objects now: 4511.
Memory consumption went from 139.8 MB to 139.8 MB.
Total: 9.430900 ms (FindLiveObjects: 0.333600 ms CreateObjectMapping: 0.314500 ms MarkObjects: 8.731600 ms  DeleteObjects: 0.049800 ms)

Prepare: number of updated asset objects reloaded= 3
AssetImportParameters requested are different than current active one (requested -> active):
  custom:scripting/monoscript/fileName/AdsManager.cs: 02def8582910908d167bbb9227855ef4 -> 
  custom:container-demuxer-ogg: 62fdf1f143b41e24485cea50d1cbac27 -> 
  custom:scripting/monoscript/fileName/LevelChangerDOTween.cs: 2ea35b7817de89e3c9bc7fb9c16c14c8 -> 
  custom:scripting/monoscript/fileName/AnalyticsManager.cs: a0ba2baafde2834ba142b7fe92ba996d -> 
  custom:video-decoder-ogg-theora: a1e56fd34408186e4bbccfd4996cb3dc -> 
  custom:framework-win-MediaFoundation: 216162199b28c13a410421893ffa2e32 -> 
  custom:scripting/monoscript/fileName/RewardedAds.cs: d66570aae527af9da7222484b8264842 -> 
  custom:scripting/monoscript/fileName/NewBehaviourScript.cs: b21687ddb03d73bd9f0c1daecb9714de -> 
  custom:CustomObjectIndexerAttribute: 9a22284fe3817be447336de3de66b15e -> 
  custom:container-demuxer-webm: 4f35f7cbe854078d1ac9338744f61a02 -> 
  custom:container-muxer-webm: aa71ff27fc2769a1b78a27578f13a17b -> 
  custom:video-decoder-webm-vp8: 9c59270c3fd7afecdb556c50c9e8de78 -> 
  custom:scripting/monoscript/fileName/UpgradeAsset.cs: 5d0ce12d7184a3da40041fc92eb082d8 -> 
  custom:SearchIndexIgnoredProperties: e643bd26f0fe6173181afceb89e7c659 -> 
  custom:scripting/monoscript/fileName/InterstitialAds.cs: 6d333cb1dc24d5ddf3ec91bccefc0773 -> 
  custom:AudioImporter_EditorPlatform: d09bf68614088b80899f8185d706f6e7 -> 
  custom:scripting/monoscript/fileName/Upgrades.cs: efffe4420000c7dff7f2eae57efaf755 -> 
  custom:scripting/monoscript/fileName/MainMenuSceneChange.cs: d4425b768b31a0e779c58ed647aad071 -> 
  custom:scripting/monoscript/fileName/SavesYG.cs: c497cdc187148548f5d9a620311f9dc3 -> 
  custom:video-encoder-webm-vp8: eb34c28f22e8b96e1ab97ce403110664 -> 
  custom:audio-decoder-ogg-vorbis: bf7c407c2cedff20999df2af8eb42d56 -> 
  custom:scripting/monoscript/fileName/IAPHandler.cs: 3bbb9164e99a7b7b7a4f25c7519ce8f0 -> 
  custom:scripting/monoscript/fileName/ButtonsRewarded.cs: 07495e688444a91c62dfcd44c138345c -> 
  custom:audio-encoder-webm-vorbis: bf7c407c2cedff20999df2af8eb42d56 -> 
  custom:scripting/monoscript/fileName/PurchaseManager.cs: 7ccb736f003775a5e240eec74b533b6b -> 
  custom:scripting/precompiled-assembly-types:Assembly-CSharp: e6bd1211ae6ff57634081baa3481bf25 -> b6d5beae70893ec4483681e4771dab9e
========================================================================
Received Import Request.
  Time since last request: 195.696499 seconds.
  path: Assets/Scripts/IAPHandler.cs
  artifactKey: Guid(a6f9a08da1b08794e9f84471c037d59e) Importer(815301076,1909f56bfc062723c751e8b465ee728b)
Start importing Assets/Scripts/IAPHandler.cs using Guid(a6f9a08da1b08794e9f84471c037d59e) Importer(815301076,1909f56bfc062723c751e8b465ee728b) [PhysX] Initialized MultithreadedTaskDispatcher with 8 workers.
 -> (artifact id: '00000000000000000000000000000000') in 0.002923 seconds
Import Error Code:(4)
Message: Build asset version error: assets/scripts/iaphandler.cs in SourceAssetDB has modification time of '2026-08-23T13:46:23.7395262Z' while content on disk has modification time of '2026-08-23T13:46:32.7636444Z'
  ERROR: Build asset version error: assets/scripts/iaphandler.cs in SourceAssetDB has modification time of '2026-08-23T13:46:23.7395262Z' while content on disk has modification time of '2026-08-23T13:46:32.7636444Z'
Number of updated asset objects reloaded before import = 0
Number of asset objects unloaded after import = 0
========================================================================
Received Import Request.
  Time since last request: 0.016447 seconds.
  path: Assets/Scripts/IAPHandler.cs
  artifactKey: Guid(a6f9a08da1b08794e9f84471c037d59e) Importer(815301076,1909f56bfc062723c751e8b465ee728b)
Start importing Assets/Scripts/IAPHandler.cs using Guid(a6f9a08da1b08794e9f84471c037d59e) Importer(815301076,1909f56bfc062723c751e8b465ee728b) [PhysX] Initialized MultithreadedTaskDispatcher with 8 workers.
 -> (artifact id: '00000000000000000000000000000000') in 0.000547 seconds
Import Error Code:(4)
Message: Build asset version error: assets/scripts/iaphandler.cs in SourceAssetDB has modification time of '2026-08-23T13:46:23.7395262Z' while content on disk has modification time of '2026-08-23T13:46:32.7636444Z'
  ERROR: Build asset version error: assets/scripts/iaphandler.cs in SourceAssetDB has modification time of '2026-08-23T13:46:23.7395262Z' while content on disk has modification time of '2026-08-23T13:46:32.7636444Z'
Number of updated asset objects reloaded before import = 0
Number of asset objects unloaded after import = 0
========================================================================
Received Prepare
Caller must complete domain reload
Begin MonoManager ReloadAssembly
Symbol file LoadedFromMemory is not a mono symbol file
- Loaded All Assemblies, in  0.987 seconds
Native extension for WindowsStandalone target not found
Native extension for iOS target not found
Native extension for Android target not found
Native extension for WebGL target not found
Asset Pipeline Refresh (id=677bc6e4bfda1d542a35c38dd61e791e): Total: 0.000 seconds - Initiated by StopAssetImportingV2(NoUpdateAssetOptions)
[ScriptCompilation] NOT recompiling all scripts because this is an import worker process. Reason to compile was: Define symbols changed
[ScriptCompilation] NOT recompiling all scripts because this is an import worker process. Reason to compile was: Define symbols changed
Mono: successfully reloaded assembly
- Finished resetting the current domain, in  1.554 seconds
Domain Reload Profiling: 2539ms
	BeginReloadAssembly (526ms)
		ExecutionOrderSort (0ms)
		DisableScriptedObjects (11ms)
		BackupInstance (0ms)
		ReleaseScriptingObjects (0ms)
		CreateAndSetChildDomain (46ms)
	RebuildCommonClasses (43ms)
	RebuildNativeTypeToScriptingClass (15ms)
	initialDomainReloadingComplete (37ms)
	LoadAllAssembliesAndSetupDomain (363ms)
		LoadAssemblies (433ms)
		RebuildTransferFunctionScriptingTraits (0ms)
		AnalyzeDomain (44ms)
			TypeCache.Refresh (16ms)
				TypeCache.ScanAssembly (4ms)
			ScanForSourceGeneratedMonoScriptInfo (17ms)
			ResolveRequiredComponents (9ms)
	FinalizeReload (1554ms)
		ReleaseScriptCaches (0ms)
		RebuildScriptCaches (0ms)
		SetupLoadedEditorAssemblies (764ms)
			LogAssemblyErrors (0ms)
			InitializePlatformSupportModulesInManaged (38ms)
			SetLoadedEditorAssemblies (6ms)
			RefreshPlugins (0ms)
			BeforeProcessingInitializeOnLoad (85ms)
			ProcessInitializeOnLoadAttributes (416ms)
			ProcessInitializeOnLoadMethodAttributes (213ms)
			AfterProcessingInitializeOnLoad (7ms)
			EditorAssembliesLoaded (0ms)
		ExecutionOrderSort2 (0ms)
		AwakeInstancesAfterBackupRestoration (13ms)
Refreshing native plugins compatible for Editor in 17.74 ms, found 2 plugins.
Preloading 0 native plugins for Editor in 0.00 ms.
Unloading 3829 Unused Serialized files (Serialized files now loaded: 0)
Unloading 16 unused Assets / (27.5 KB). Loaded Objects now: 4514.
Memory consumption went from 139.8 MB to 139.8 MB.
Total: 9.238800 ms (FindLiveObjects: 0.323000 ms CreateObjectMapping: 0.285900 ms MarkObjects: 8.583200 ms  DeleteObjects: 0.045200 ms)

Prepare: number of updated asset objects reloaded= 0
AssetImportParameters requested are different than current active one (requested -> active):
  custom:scripting/monoscript/fileName/AdsManager.cs: 02def8582910908d167bbb9227855ef4 -> 
  custom:container-demuxer-ogg: 62fdf1f143b41e24485cea50d1cbac27 -> 
  custom:scripting/monoscript/fileName/LevelChangerDOTween.cs: 2ea35b7817de89e3c9bc7fb9c16c14c8 -> 
  custom:scripting/monoscript/fileName/AnalyticsManager.cs: a0ba2baafde2834ba142b7fe92ba996d -> 
  custom:video-decoder-ogg-theora: a1e56fd34408186e4bbccfd4996cb3dc -> 
  custom:framework-win-MediaFoundation: 216162199b28c13a410421893ffa2e32 -> 
  custom:scripting/monoscript/fileName/RewardedAds.cs: d66570aae527af9da7222484b8264842 -> 
  custom:scripting/monoscript/fileName/NewBehaviourScript.cs: b21687ddb03d73bd9f0c1daecb9714de -> 
  custom:CustomObjectIndexerAttribute: 9a22284fe3817be447336de3de66b15e -> 
  custom:container-demuxer-webm: 4f35f7cbe854078d1ac9338744f61a02 -> 
  custom:container-muxer-webm: aa71ff27fc2769a1b78a27578f13a17b -> 
  custom:video-decoder-webm-vp8: 9c59270c3fd7afecdb556c50c9e8de78 -> 
  custom:scripting/monoscript/fileName/UpgradeAsset.cs: 5d0ce12d7184a3da40041fc92eb082d8 -> 
  custom:SearchIndexIgnoredProperties: e643bd26f0fe6173181afceb89e7c659 -> 
  custom:scripting/monoscript/fileName/InterstitialAds.cs: 6d333cb1dc24d5ddf3ec91bccefc0773 -> 
  custom:AudioImporter_EditorPlatform: d09bf68614088b80899f8185d706f6e7 -> 
  custom:scripting/monoscript/fileName/Upgrades.cs: efffe4420000c7dff7f2eae57efaf755 -> 
  custom:scripting/monoscript/fileName/MainMenuSceneChange.cs: d4425b768b31a0e779c58ed647aad071 -> 
  custom:scripting/monoscript/fileName/SavesYG.cs: c497cdc187148548f5d9a620311f9dc3 -> 
  custom:video-encoder-webm-vp8: eb34c28f22e8b96e1ab97ce403110664 -> 
  custom:audio-decoder-ogg-vorbis: bf7c407c2cedff20999df2af8eb42d56 -> 
  custom:scripting/monoscript/fileName/IAPHandler.cs: 9c0d60c35c8d51d2451fa8bafe956467 -> 
  custom:scripting/monoscript/fileName/ButtonsRewarded.cs: 07495e688444a91c62dfcd44c138345c -> 
  custom:audio-encoder-webm-vorbis: bf7c407c2cedff20999df2af8eb42d56 -> 
  custom:scripting/monoscript/fileName/PurchaseManager.cs: 7ccb736f003775a5e240eec74b533b6b -> 
  custom:scripting/precompiled-assembly-types:Assembly-CSharp: d8d4d70c8ee572c6eb3040788a1fb02e -> b6d5beae70893ec4483681e4771dab9e
========================================================================
Received Prepare
Caller must complete domain reload
Begin MonoManager ReloadAssembly
Symbol file LoadedFromMemory is not a mono symbol file
- Loaded All Assemblies, in  1.032 seconds
Native extension for WindowsStandalone target not found
Native extension for iOS target not found
Native extension for Android target not found
Native extension for WebGL target not found
Asset Pipeline Refresh (id=c493c9a9d94305f4f9a9e2ae1f66200b): Total: 0.000 seconds - Initiated by StopAssetImportingV2(NoUpdateAssetOptions)
[ScriptCompilation] NOT recompiling all scripts because this is an import worker process. Reason to compile was: Define symbols changed
[ScriptCompilation] NOT recompiling all scripts because this is an import worker process. Reason to compile was: Define symbols changed
Mono: successfully reloaded assembly
- Finished resetting the current domain, in  1.730 seconds
Domain Reload Profiling: 2761ms
	BeginReloadAssembly (560ms)
		ExecutionOrderSort (0ms)
		DisableScriptedObjects (11ms)
		BackupInstance (0ms)
		ReleaseScriptingObjects (0ms)
		CreateAndSetChildDomain (41ms)
	RebuildCommonClasses (38ms)
	RebuildNativeTypeToScriptingClass (15ms)
	initialDomainReloadingComplete (34ms)
	LoadAllAssembliesAndSetupDomain (383ms)
		LoadAssemblies (422ms)
		RebuildTransferFunctionScriptingTraits (0ms)
		AnalyzeDomain (59ms)
			TypeCache.Refresh (27ms)
				TypeCache.ScanAssembly (6ms)
			ScanForSourceGeneratedMonoScriptInfo (23ms)
			ResolveRequiredComponents (8ms)
	FinalizeReload (1730ms)
		ReleaseScriptCaches (0ms)
		RebuildScriptCaches (0ms)
		SetupLoadedEditorAssemblies (923ms)
			LogAssemblyErrors (0ms)
			InitializePlatformSupportModulesInManaged (63ms)
			SetLoadedEditorAssemblies (6ms)
			RefreshPlugins (0ms)
			BeforeProcessingInitializeOnLoad (100ms)
			ProcessInitializeOnLoadAttributes (486ms)
			ProcessInitializeOnLoadMethodAttributes (258ms)
			AfterProcessingInitializeOnLoad (10ms)
			EditorAssembliesLoaded (0ms)
		ExecutionOrderSort2 (0ms)
		AwakeInstancesAfterBackupRestoration (13ms)
Refreshing native plugins compatible for Editor in 17.80 ms, found 2 plugins.
Preloading 0 native plugins for Editor in 0.00 ms.
Unloading 3831 Unused Serialized files (Serialized files now loaded: 0)
Unloading 16 unused Assets / (27.6 KB). Loaded Objects now: 4518.
Memory consumption went from 140.1 MB to 140.0 MB.
Total: 11.849000 ms (FindLiveObjects: 0.487200 ms CreateObjectMapping: 0.269400 ms MarkObjects: 11.045000 ms  DeleteObjects: 0.045600 ms)

Prepare: number of updated asset objects reloaded= 0
AssetImportParameters requested are different than current active one (requested -> active):
  custom:scripting/monoscript/fileName/AdsManager.cs: 02def8582910908d167bbb9227855ef4 -> 
  custom:container-demuxer-ogg: 62fdf1f143b41e24485cea50d1cbac27 -> 
  custom:scripting/monoscript/fileName/LevelChangerDOTween.cs: 2ea35b7817de89e3c9bc7fb9c16c14c8 -> 
  custom:scripting/monoscript/fileName/AnalyticsManager.cs: a0ba2baafde2834ba142b7fe92ba996d -> 
  custom:video-decoder-ogg-theora: a1e56fd34408186e4bbccfd4996cb3dc -> 
  custom:scripting/monoscript/fileName/UpgradeShop.cs: 425dce2131cd3d13f901ef25dfd99342 -> 
  custom:framework-win-MediaFoundation: 216162199b28c13a410421893ffa2e32 -> 
  custom:scripting/monoscript/fileName/RewardedAds.cs: d66570aae527af9da7222484b8264842 -> 
  custom:scripting/monoscript/fileName/NewBehaviourScript.cs: b21687ddb03d73bd9f0c1daecb9714de -> 
  custom:CustomObjectIndexerAttribute: 9a22284fe3817be447336de3de66b15e -> 
  custom:container-demuxer-webm: 4f35f7cbe854078d1ac9338744f61a02 -> 
  custom:container-muxer-webm: aa71ff27fc2769a1b78a27578f13a17b -> 
  custom:video-decoder-webm-vp8: 9c59270c3fd7afecdb556c50c9e8de78 -> 
  custom:scripting/monoscript/fileName/UpgradeAsset.cs: 5d0ce12d7184a3da40041fc92eb082d8 -> 
  custom:SearchIndexIgnoredProperties: e643bd26f0fe6173181afceb89e7c659 -> 
  custom:scripting/monoscript/fileName/InterstitialAds.cs: 6d333cb1dc24d5ddf3ec91bccefc0773 -> 
  custom:AudioImporter_EditorPlatform: d09bf68614088b80899f8185d706f6e7 -> 
  custom:scripting/monoscript/fileName/Upgrades.cs: efffe4420000c7dff7f2eae57efaf755 -> 
  custom:scripting/monoscript/fileName/MainMenuSceneChange.cs: d4425b768b31a0e779c58ed647aad071 -> 
  custom:scripting/monoscript/fileName/SavesYG.cs: c497cdc187148548f5d9a620311f9dc3 -> 
  custom:video-encoder-webm-vp8: eb34c28f22e8b96e1ab97ce403110664 -> 
  custom:audio-decoder-ogg-vorbis: bf7c407c2cedff20999df2af8eb42d56 -> 
  custom:scripting/monoscript/fileName/IAPHandler.cs: 9c0d60c35c8d51d2451fa8bafe956467 -> 
  custom:scripting/monoscript/fileName/ButtonsRewarded.cs: 07495e688444a91c62dfcd44c138345c -> 
  custom:audio-encoder-webm-vorbis: bf7c407c2cedff20999df2af8eb42d56 -> 
  custom:scripting/monoscript/fileName/PurchaseManager.cs: 7ccb736f003775a5e240eec74b533b6b -> 
  custom:scripting/precompiled-assembly-types:Assembly-CSharp: 6e30506bad90e12d7aefa5b65eb0d38d -> b6d5beae70893ec4483681e4771dab9e
========================================================================
Received Import Request.
  Time since last request: 108.082324 seconds.
  path: Assets/Scripts/Upgrades/UpgradeShop.cs
  artifactKey: Guid(32d45ccec6d57774c8e5291639bfcaa5) Importer(815301076,1909f56bfc062723c751e8b465ee728b)
Start importing Assets/Scripts/Upgrades/UpgradeShop.cs using Guid(32d45ccec6d57774c8e5291639bfcaa5) Importer(815301076,1909f56bfc062723c751e8b465ee728b) [PhysX] Initialized MultithreadedTaskDispatcher with 8 workers.
 -> (artifact id: '00000000000000000000000000000000') in 0.003475 seconds
Import Error Code:(4)
Message: Build asset version error: assets/scripts/upgrades/upgradeshop.cs in SourceAssetDB has modification time of '2026-08-23T13:48:11.8608864Z' while content on disk has modification time of '2026-08-23T13:48:20.4799158Z'
  ERROR: Build asset version error: assets/scripts/upgrades/upgradeshop.cs in SourceAssetDB has modification time of '2026-08-23T13:48:11.8608864Z' while content on disk has modification time of '2026-08-23T13:48:20.4799158Z'
Number of updated asset objects reloaded before import = 0
Number of asset objects unloaded after import = 0
========================================================================
Received Import Request.
  Time since last request: 0.003420 seconds.
  path: Assets/Scripts/Upgrades/UpgradeShop.cs
  artifactKey: Guid(32d45ccec6d57774c8e5291639bfcaa5) Importer(815301076,1909f56bfc062723c751e8b465ee728b)
Start importing Assets/Scripts/Upgrades/UpgradeShop.cs using Guid(32d45ccec6d57774c8e5291639bfcaa5) Importer(815301076,1909f56bfc062723c751e8b465ee728b) [PhysX] Initialized MultithreadedTaskDispatcher with 8 workers.
 -> (artifact id: '00000000000000000000000000000000') in 0.000479 seconds
Import Error Code:(4)
Message: Build asset version error: assets/scripts/upgrades/upgradeshop.cs in SourceAssetDB has modification time of '2026-08-23T13:48:11.8608864Z' while content on disk has modification time of '2026-08-23T13:48:20.4799158Z'
  ERROR: Build asset version error: assets/scripts/upgrades/upgradeshop.cs in SourceAssetDB has modification time of '2026-08-23T13:48:11.8608864Z' while content on disk has modification time of '2026-08-23T13:48:20.4799158Z'
Number of updated asset objects reloaded before import = 0
Number of asset objects unloaded after import = 0
========================================================================
Received Prepare
Caller must complete domain reload
Begin MonoManager ReloadAssembly
Symbol file LoadedFromMemory is not a mono symbol file
- Loaded All Assemblies, in  1.098 seconds
Native extension for WindowsStandalone target not found
Native extension for iOS target not found
Native extension for Android target not found
Native extension for WebGL target not found
Asset Pipeline Refresh (id=e601b4f01d4ae984295f068919f500b9): Total: 0.000 seconds - Initiated by StopAssetImportingV2(NoUpdateAssetOptions)
[ScriptCompilation] NOT recompiling all scripts because this is an import worker process. Reason to compile was: Define symbols changed
[ScriptCompilation] NOT recompiling all scripts because this is an import worker process. Reason to compile was: Define symbols changed
Mono: successfully reloaded assembly
- Finished resetting the current domain, in  2.280 seconds
Domain Reload Profiling: 3377ms
	BeginReloadAssembly (585ms)
		ExecutionOrderSort (0ms)
		DisableScriptedObjects (12ms)
		BackupInstance (0ms)
		ReleaseScriptingObjects (0ms)
		CreateAndSetChildDomain (45ms)
	RebuildCommonClasses (50ms)
	RebuildNativeTypeToScriptingClass (14ms)
	initialDomainReloadingComplete (34ms)
	LoadAllAssembliesAndSetupDomain (414ms)
		LoadAssemblies (479ms)
		RebuildTransferFunctionScriptingTraits (0ms)
		AnalyzeDomain (46ms)
			TypeCache.Refresh (19ms)
				TypeCache.ScanAssembly (7ms)
			ScanForSourceGeneratedMonoScriptInfo (19ms)
			ResolveRequiredComponents (8ms)
	FinalizeReload (2281ms)
		ReleaseScriptCaches (0ms)
		RebuildScriptCaches (0ms)
		SetupLoadedEditorAssemblies (1253ms)
			LogAssemblyErrors (0ms)
			InitializePlatformSupportModulesInManaged (46ms)
			SetLoadedEditorAssemblies (4ms)
			RefreshPlugins (0ms)
			BeforeProcessingInitializeOnLoad (101ms)
			ProcessInitializeOnLoadAttributes (727ms)
			ProcessInitializeOnLoadMethodAttributes (363ms)
			AfterProcessingInitializeOnLoad (11ms)
			EditorAssembliesLoaded (1ms)
		ExecutionOrderSort2 (0ms)
		AwakeInstancesAfterBackupRestoration (30ms)
Refreshing native plugins compatible for Editor in 17.82 ms, found 2 plugins.
Preloading 0 native plugins for Editor in 0.00 ms.
Unloading 3831 Unused Serialized files (Serialized files now loaded: 0)
Unloading 16 unused Assets / (27.5 KB). Loaded Objects now: 4522.
Memory consumption went from 139.8 MB to 139.8 MB.
Total: 18.525900 ms (FindLiveObjects: 1.238200 ms CreateObjectMapping: 1.165000 ms MarkObjects: 15.785200 ms  DeleteObjects: 0.332000 ms)

Prepare: number of updated asset objects reloaded= 0
AssetImportParameters requested are different than current active one (requested -> active):
  custom:scripting/monoscript/fileName/AdsManager.cs: 02def8582910908d167bbb9227855ef4 -> 
  custom:container-demuxer-ogg: 62fdf1f143b41e24485cea50d1cbac27 -> 
  custom:scripting/monoscript/fileName/LevelChangerDOTween.cs: 2ea35b7817de89e3c9bc7fb9c16c14c8 -> 
  custom:scripting/monoscript/fileName/AnalyticsManager.cs: a0ba2baafde2834ba142b7fe92ba996d -> 
  custom:video-decoder-ogg-theora: a1e56fd34408186e4bbccfd4996cb3dc -> 
  custom:scripting/monoscript/fileName/UpgradeShop.cs: 5fad3e7228b2cce1fa928888244f648c -> 
  custom:framework-win-MediaFoundation: 216162199b28c13a410421893ffa2e32 -> 
  custom:scripting/monoscript/fileName/RewardedAds.cs: d66570aae527af9da7222484b8264842 -> 
  custom:scripting/monoscript/fileName/NewBehaviourScript.cs: b21687ddb03d73bd9f0c1daecb9714de -> 
  custom:CustomObjectIndexerAttribute: 9a22284fe3817be447336de3de66b15e -> 
  custom:container-demuxer-webm: 4f35f7cbe854078d1ac9338744f61a02 -> 
  custom:container-muxer-webm: aa71ff27fc2769a1b78a27578f13a17b -> 
  custom:video-decoder-webm-vp8: 9c59270c3fd7afecdb556c50c9e8de78 -> 
  custom:scripting/monoscript/fileName/UpgradeAsset.cs: 5d0ce12d7184a3da40041fc92eb082d8 -> 
  custom:SearchIndexIgnoredProperties: e643bd26f0fe6173181afceb89e7c659 -> 
  custom:scripting/monoscript/fileName/InterstitialAds.cs: 6d333cb1dc24d5ddf3ec91bccefc0773 -> 
  custom:AudioImporter_EditorPlatform: d09bf68614088b80899f8185d706f6e7 -> 
  custom:scripting/monoscript/fileName/Upgrades.cs: efffe4420000c7dff7f2eae57efaf755 -> 
  custom:scripting/monoscript/fileName/MainMenuSceneChange.cs: d4425b768b31a0e779c58ed647aad071 -> 
  custom:scripting/monoscript/fileName/SavesYG.cs: c497cdc187148548f5d9a620311f9dc3 -> 
  custom:video-encoder-webm-vp8: eb34c28f22e8b96e1ab97ce403110664 -> 
  custom:audio-decoder-ogg-vorbis: bf7c407c2cedff20999df2af8eb42d56 -> 
  custom:scripting/monoscript/fileName/IAPHandler.cs: 9c0d60c35c8d51d2451fa8bafe956467 -> 
  custom:scripting/monoscript/fileName/ButtonsRewarded.cs: 07495e688444a91c62dfcd44c138345c -> 
  custom:audio-encoder-webm-vorbis: bf7c407c2cedff20999df2af8eb42d56 -> 
  custom:scripting/monoscript/fileName/PurchaseManager.cs: 7ccb736f003775a5e240eec74b533b6b -> 
  custom:scripting/monoscript/fileName/BuyUpgrade.cs: 7f5deeb882f8c1e3141ce9ef24e50525 -> 
  custom:scripting/precompiled-assembly-types:Assembly-CSharp: 26a63c0ffa7fe8189d13bf8f8d203619 -> b6d5beae70893ec4483681e4771dab9e
========================================================================
Received Import Request.
  Time since last request: 472.975055 seconds.
  path: Assets/Scripts/Upgrades/BuyUpgrade.cs
  artifactKey: Guid(39e6b8ad863d64445a26e3a52055e0ec) Importer(815301076,1909f56bfc062723c751e8b465ee728b)
Start importing Assets/Scripts/Upgrades/BuyUpgrade.cs using Guid(39e6b8ad863d64445a26e3a52055e0ec) Importer(815301076,1909f56bfc062723c751e8b465ee728b) [PhysX] Initialized MultithreadedTaskDispatcher with 8 workers.
 -> (artifact id: '67ada2f779ffd9aa0d62abb7ad2eca57') in 0.007484 seconds
Number of updated asset objects reloaded before import = 0
Number of asset objects unloaded after import = 0
========================================================================
Received Import Request.
  Time since last request: 2854.313929 seconds.
  path: Assets/Localization/UI_Text Shared Data.asset
  artifactKey: Guid(8c5ed725b99bc7643b221e106f9d0ef7) Importer(815301076,1909f56bfc062723c751e8b465ee728b)
Start importing Assets/Localization/UI_Text Shared Data.asset using Guid(8c5ed725b99bc7643b221e106f9d0ef7) Importer(815301076,1909f56bfc062723c751e8b465ee728b) [PhysX] Initialized MultithreadedTaskDispatcher with 8 workers.
 -> (artifact id: '86d31459b3d5176dab8a4fd5cd4f27f4') in 0.041853 seconds
Number of updated asset objects reloaded before import = 0
Number of asset objects unloaded after import = 1
========================================================================
Received Import Request.
  Time since last request: 0.000135 seconds.
  path: Assets/Localization/UpgradeDescription_en.asset
  artifactKey: Guid(b3ff4c3d1fda262439bf48b1842eff7d) Importer(815301076,1909f56bfc062723c751e8b465ee728b)
Start importing Assets/Localization/UpgradeDescription_en.asset using Guid(b3ff4c3d1fda262439bf48b1842eff7d) Importer(815301076,1909f56bfc062723c751e8b465ee728b) [PhysX] Initialized MultithreadedTaskDispatcher with 8 workers.
 -> (artifact id: '4327335ad74059b5d6d0e84e9435a113') in 0.008955 seconds
Number of updated asset objects reloaded before import = 0
Number of asset objects unloaded after import = 2
========================================================================
Received Import Request.
  Time since last request: 18.246669 seconds.
  path: Assets/Localization/UI_Text_en.asset
  artifactKey: Guid(fbafe19b117d2b749a37a5b2edb88327) Importer(815301076,1909f56bfc062723c751e8b465ee728b)
Start importing Assets/Localization/UI_Text_en.asset using Guid(fbafe19b117d2b749a37a5b2edb88327) Importer(815301076,1909f56bfc062723c751e8b465ee728b) [PhysX] Initialized MultithreadedTaskDispatcher with 8 workers.
 -> (artifact id: '9f3eac9bd1b1d35d5c41daa9e3dc3838') in 0.002040 seconds
Number of updated asset objects reloaded before import = 3
Number of asset objects unloaded after import = 2
========================================================================
Received Prepare
Caller must complete domain reload
Begin MonoManager ReloadAssembly
Symbol file LoadedFromMemory is not a mono symbol file
- Loaded All Assemblies, in  1.239 seconds
Native extension for WindowsStandalone target not found
Native extension for iOS target not found
Native extension for Android target not found
Native extension for WebGL target not found
Asset Pipeline Refresh (id=8a9aae114c76c944b83582668933823e): Total: 0.000 seconds - Initiated by StopAssetImportingV2(NoUpdateAssetOptions)
[ScriptCompilation] NOT recompiling all scripts because this is an import worker process. Reason to compile was: Define symbols changed
[ScriptCompilation] NOT recompiling all scripts because this is an import worker process. Reason to compile was: Define symbols changed
Mono: successfully reloaded assembly
- Finished resetting the current domain, in  1.967 seconds
Domain Reload Profiling: 3205ms
	BeginReloadAssembly (641ms)
		ExecutionOrderSort (0ms)
		DisableScriptedObjects (9ms)
		BackupInstance (0ms)
		ReleaseScriptingObjects (0ms)
		CreateAndSetChildDomain (63ms)
	RebuildCommonClasses (47ms)
	RebuildNativeTypeToScriptingClass (13ms)
	initialDomainReloadingComplete (42ms)
	LoadAllAssembliesAndSetupDomain (494ms)
		LoadAssemblies (618ms)
		RebuildTransferFunctionScriptingTraits (0ms)
		AnalyzeDomain (18ms)
			TypeCache.Refresh (9ms)
				TypeCache.ScanAssembly (0ms)
			ScanForSourceGeneratedMonoScriptInfo (0ms)
			ResolveRequiredComponents (7ms)
	FinalizeReload (1968ms)
		ReleaseScriptCaches (0ms)
		RebuildScriptCaches (0ms)
		SetupLoadedEditorAssemblies (1180ms)
			LogAssemblyErrors (0ms)
			InitializePlatformSupportModulesInManaged (47ms)
			SetLoadedEditorAssemblies (5ms)
			RefreshPlugins (0ms)
			BeforeProcessingInitializeOnLoad (102ms)
			ProcessInitializeOnLoadAttributes (650ms)
			ProcessInitializeOnLoadMethodAttributes (365ms)
			AfterProcessingInitializeOnLoad (10ms)
			EditorAssembliesLoaded (0ms)
		ExecutionOrderSort2 (0ms)
		AwakeInstancesAfterBackupRestoration (14ms)
Refreshing native plugins compatible for Editor in 20.08 ms, found 2 plugins.
Preloading 0 native plugins for Editor in 0.00 ms.
Unloading 3831 Unused Serialized files (Serialized files now loaded: 0)
Unloading 16 unused Assets / (27.6 KB). Loaded Objects now: 4525.
Memory consumption went from 139.8 MB to 139.8 MB.
Total: 10.438400 ms (FindLiveObjects: 0.350500 ms CreateObjectMapping: 0.300600 ms MarkObjects: 9.697700 ms  DeleteObjects: 0.087900 ms)

Prepare: number of updated asset objects reloaded= 0
AssetImportParameters requested are different than current active one (requested -> active):
  custom:scripting/monoscript/fileName/AdsManager.cs: 02def8582910908d167bbb9227855ef4 -> 
  custom:container-demuxer-ogg: 62fdf1f143b41e24485cea50d1cbac27 -> 
  custom:scripting/monoscript/fileName/LevelChangerDOTween.cs: 2ea35b7817de89e3c9bc7fb9c16c14c8 -> 
  custom:scripting/monoscript/fileName/AnalyticsManager.cs: a0ba2baafde2834ba142b7fe92ba996d -> 
  custom:video-decoder-ogg-theora: a1e56fd34408186e4bbccfd4996cb3dc -> 
  custom:scripting/monoscript/fileName/UpgradeShop.cs: 5fad3e7228b2cce1fa928888244f648c -> 
  custom:framework-win-MediaFoundation: 216162199b28c13a410421893ffa2e32 -> 
  custom:scripting/monoscript/fileName/RewardedAds.cs: d66570aae527af9da7222484b8264842 -> 
  custom:scripting/monoscript/fileName/NewBehaviourScript.cs: b21687ddb03d73bd9f0c1daecb9714de -> 
  custom:CustomObjectIndexerAttribute: 9a22284fe3817be447336de3de66b15e -> 
  custom:container-demuxer-webm: 4f35f7cbe854078d1ac9338744f61a02 -> 
  custom:container-muxer-webm: aa71ff27fc2769a1b78a27578f13a17b -> 
  custom:video-decoder-webm-vp8: 9c59270c3fd7afecdb556c50c9e8de78 -> 
  custom:scripting/monoscript/fileName/UpgradeAsset.cs: 5d0ce12d7184a3da40041fc92eb082d8 -> 
  custom:SearchIndexIgnoredProperties: e643bd26f0fe6173181afceb89e7c659 -> 
  custom:scripting/monoscript/fileName/InterstitialAds.cs: 6d333cb1dc24d5ddf3ec91bccefc0773 -> 
  custom:AudioImporter_EditorPlatform: d09bf68614088b80899f8185d706f6e7 -> 
  custom:scripting/monoscript/fileName/Upgrades.cs: efffe4420000c7dff7f2eae57efaf755 -> 
  custom:scripting/monoscript/fileName/MainMenuSceneChange.cs: d4425b768b31a0e779c58ed647aad071 -> 
  custom:scripting/monoscript/fileName/SavesYG.cs: c497cdc187148548f5d9a620311f9dc3 -> 
  custom:video-encoder-webm-vp8: eb34c28f22e8b96e1ab97ce403110664 -> 
  custom:audio-decoder-ogg-vorbis: bf7c407c2cedff20999df2af8eb42d56 -> 
  custom:scripting/monoscript/fileName/IAPHandler.cs: 9c0d60c35c8d51d2451fa8bafe956467 -> 
  custom:scripting/monoscript/fileName/ButtonsRewarded.cs: 07495e688444a91c62dfcd44c138345c -> 
  custom:audio-encoder-webm-vorbis: bf7c407c2cedff20999df2af8eb42d56 -> 
  custom:scripting/monoscript/fileName/PurchaseManager.cs: 7ccb736f003775a5e240eec74b533b6b -> 
  custom:scripting/monoscript/fileName/BuyUpgrade.cs: 7f5deeb882f8c1e3141ce9ef24e50525 -> 
  custom:scripting/precompiled-assembly-types:Assembly-CSharp: 26a63c0ffa7fe8189d13bf8f8d203619 -> b6d5beae70893ec4483681e4771dab9e
========================================================================
Received Prepare
Caller must complete domain reload
Begin MonoManager ReloadAssembly
Symbol file LoadedFromMemory is not a mono symbol file
- Loaded All Assemblies, in  1.308 seconds
Native extension for WindowsStandalone target not found
Native extension for iOS target not found
Native extension for Android target not found
Native extension for WebGL target not found
Asset Pipeline Refresh (id=c611549ddab27e044a24ba4fafdd2b1b): Total: 0.000 seconds - Initiated by StopAssetImportingV2(NoUpdateAssetOptions)
[ScriptCompilation] NOT recompiling all scripts because this is an import worker process. Reason to compile was: Define symbols changed
[ScriptCompilation] NOT recompiling all scripts because this is an import worker process. Reason to compile was: Define symbols changed
Mono: successfully reloaded assembly
- Finished resetting the current domain, in  2.479 seconds
Domain Reload Profiling: 3784ms
	BeginReloadAssembly (726ms)
		ExecutionOrderSort (0ms)
		DisableScriptedObjects (10ms)
		BackupInstance (0ms)
		ReleaseScriptingObjects (0ms)
		CreateAndSetChildDomain (68ms)
	RebuildCommonClasses (71ms)
	RebuildNativeTypeToScriptingClass (30ms)
	initialDomainReloadingComplete (50ms)
	LoadAllAssembliesAndSetupDomain (427ms)
		LoadAssemblies (585ms)
		RebuildTransferFunctionScriptingTraits (0ms)
		AnalyzeDomain (25ms)
			TypeCache.Refresh (10ms)
				TypeCache.ScanAssembly (0ms)
			ScanForSourceGeneratedMonoScriptInfo (0ms)
			ResolveRequiredComponents (13ms)
	FinalizeReload (2480ms)
		ReleaseScriptCaches (0ms)
		RebuildScriptCaches (0ms)
		SetupLoadedEditorAssemblies (1448ms)
			LogAssemblyErrors (0ms)
			InitializePlatformSupportModulesInManaged (51ms)
			SetLoadedEditorAssemblies (8ms)
			RefreshPlugins (0ms)
			BeforeProcessingInitializeOnLoad (156ms)
			ProcessInitializeOnLoadAttributes (873ms)
			ProcessInitializeOnLoadMethodAttributes (346ms)
			AfterProcessingInitializeOnLoad (14ms)
			EditorAssembliesLoaded (1ms)
		ExecutionOrderSort2 (0ms)
		AwakeInstancesAfterBackupRestoration (22ms)
Refreshing native plugins compatible for Editor in 24.12 ms, found 2 plugins.
Preloading 0 native plugins for Editor in 0.00 ms.
Unloading 3832 Unused Serialized files (Serialized files now loaded: 0)
Unloading 16 unused Assets / (27.6 KB). Loaded Objects now: 4528.
Memory consumption went from 140.1 MB to 140.1 MB.
Total: 14.365900 ms (FindLiveObjects: 0.620500 ms CreateObjectMapping: 0.518000 ms MarkObjects: 13.123500 ms  DeleteObjects: 0.102200 ms)

Prepare: number of updated asset objects reloaded= 0
AssetImportParameters requested are different than current active one (requested -> active):
  custom:scripting/monoscript/fileName/AdsManager.cs: 02def8582910908d167bbb9227855ef4 -> 
  custom:container-demuxer-ogg: 62fdf1f143b41e24485cea50d1cbac27 -> 
  custom:scripting/monoscript/fileName/LevelChangerDOTween.cs: 2ea35b7817de89e3c9bc7fb9c16c14c8 -> 
  custom:scripting/monoscript/fileName/AnalyticsManager.cs: a0ba2baafde2834ba142b7fe92ba996d -> 
  custom:video-decoder-ogg-theora: a1e56fd34408186e4bbccfd4996cb3dc -> 
  custom:scripting/monoscript/fileName/UpgradeShop.cs: 5fad3e7228b2cce1fa928888244f648c -> 
  custom:framework-win-MediaFoundation: 216162199b28c13a410421893ffa2e32 -> 
  custom:scripting/monoscript/fileName/RewardedAds.cs: d66570aae527af9da7222484b8264842 -> 
  custom:scripting/monoscript/fileName/NewBehaviourScript.cs: b21687ddb03d73bd9f0c1daecb9714de -> 
  custom:CustomObjectIndexerAttribute: 9a22284fe3817be447336de3de66b15e -> 
  custom:container-demuxer-webm: 4f35f7cbe854078d1ac9338744f61a02 -> 
  custom:container-muxer-webm: aa71ff27fc2769a1b78a27578f13a17b -> 
  custom:video-decoder-webm-vp8: 9c59270c3fd7afecdb556c50c9e8de78 -> 
  custom:scripting/monoscript/fileName/UpgradeAsset.cs: 5d0ce12d7184a3da40041fc92eb082d8 -> 
  custom:SearchIndexIgnoredProperties: e643bd26f0fe6173181afceb89e7c659 -> 
  custom:scripting/monoscript/fileName/InterstitialAds.cs: 6d333cb1dc24d5ddf3ec91bccefc0773 -> 
  custom:AudioImporter_EditorPlatform: d09bf68614088b80899f8185d706f6e7 -> 
  custom:scripting/monoscript/fileName/Upgrades.cs: efffe4420000c7dff7f2eae57efaf755 -> 
  custom:scripting/monoscript/fileName/MainMenuSceneChange.cs: d4425b768b31a0e779c58ed647aad071 -> 
  custom:scripting/monoscript/fileName/SavesYG.cs: c497cdc187148548f5d9a620311f9dc3 -> 
  custom:video-encoder-webm-vp8: eb34c28f22e8b96e1ab97ce403110664 -> 
  custom:audio-decoder-ogg-vorbis: bf7c407c2cedff20999df2af8eb42d56 -> 
  custom:scripting/monoscript/fileName/IAPHandler.cs: 9c0d60c35c8d51d2451fa8bafe956467 -> 
  custom:scripting/monoscript/fileName/ButtonsRewarded.cs: 07495e688444a91c62dfcd44c138345c -> 
  custom:audio-encoder-webm-vorbis: bf7c407c2cedff20999df2af8eb42d56 -> 
  custom:scripting/monoscript/fileName/PurchaseManager.cs: 7ccb736f003775a5e240eec74b533b6b -> 
  custom:scripting/monoscript/fileName/BuyUpgrade.cs: 7f5deeb882f8c1e3141ce9ef24e50525 -> 
  custom:scripting/precompiled-assembly-types:Assembly-CSharp: 26a63c0ffa7fe8189d13bf8f8d203619 -> b6d5beae70893ec4483681e4771dab9e
========================================================================
Received Prepare
Caller must complete domain reload
Begin MonoManager ReloadAssembly
Symbol file LoadedFromMemory is not a mono symbol file
- Loaded All Assemblies, in  1.392 seconds
Native extension for WindowsStandalone target not found
Native extension for iOS target not found
Native extension for Android target not found
Native extension for WebGL target not found
Asset Pipeline Refresh (id=4f963299527220244a83314575bb72bf): Total: 0.000 seconds - Initiated by StopAssetImportingV2(NoUpdateAssetOptions)
[ScriptCompilation] NOT recompiling all scripts because this is an import worker process. Reason to compile was: Define symbols changed
[ScriptCompilation] NOT recompiling all scripts because this is an import worker process. Reason to compile was: Define symbols changed
Mono: successfully reloaded assembly
- Finished resetting the current domain, in  1.985 seconds
Domain Reload Profiling: 3375ms
	BeginReloadAssembly (720ms)
		ExecutionOrderSort (0ms)
		DisableScriptedObjects (11ms)
		BackupInstance (0ms)
		ReleaseScriptingObjects (0ms)
		CreateAndSetChildDomain (90ms)
	RebuildCommonClasses (90ms)
	RebuildNativeTypeToScriptingClass (29ms)
	initialDomainReloadingComplete (60ms)
	LoadAllAssembliesAndSetupDomain (491ms)
		LoadAssemblies (626ms)
		RebuildTransferFunctionScriptingTraits (0ms)
		AnalyzeDomain (18ms)
			TypeCache.Refresh (7ms)
				TypeCache.ScanAssembly (0ms)
			ScanForSourceGeneratedMonoScriptInfo (0ms)
			ResolveRequiredComponents (9ms)
	FinalizeReload (1986ms)
		ReleaseScriptCaches (0ms)
		RebuildScriptCaches (0ms)
		SetupLoadedEditorAssemblies (1185ms)
			LogAssemblyErrors (0ms)
			InitializePlatformSupportModulesInManaged (47ms)
			SetLoadedEditorAssemblies (6ms)
			RefreshPlugins (0ms)
			BeforeProcessingInitializeOnLoad (171ms)
			ProcessInitializeOnLoadAttributes (645ms)
			ProcessInitializeOnLoadMethodAttributes (306ms)
			AfterProcessingInitializeOnLoad (10ms)
			EditorAssembliesLoaded (0ms)
		ExecutionOrderSort2 (0ms)
		AwakeInstancesAfterBackupRestoration (13ms)
Refreshing native plugins compatible for Editor in 21.36 ms, found 2 plugins.
Preloading 0 native plugins for Editor in 0.00 ms.
Unloading 3832 Unused Serialized files (Serialized files now loaded: 0)
Unloading 16 unused Assets / (27.6 KB). Loaded Objects now: 4531.
Memory consumption went from 140.1 MB to 140.1 MB.
Total: 17.119000 ms (FindLiveObjects: 0.400000 ms CreateObjectMapping: 1.853300 ms MarkObjects: 14.813300 ms  DeleteObjects: 0.051000 ms)

Prepare: number of updated asset objects reloaded= 0
AssetImportParameters requested are different than current active one (requested -> active):
  custom:scripting/monoscript/fileName/AdsManager.cs: 02def8582910908d167bbb9227855ef4 -> 
  custom:container-demuxer-ogg: 62fdf1f143b41e24485cea50d1cbac27 -> 
  custom:scripting/monoscript/fileName/LevelChangerDOTween.cs: 2ea35b7817de89e3c9bc7fb9c16c14c8 -> 
  custom:scripting/monoscript/fileName/AnalyticsManager.cs: a0ba2baafde2834ba142b7fe92ba996d -> 
  custom:video-decoder-ogg-theora: a1e56fd34408186e4bbccfd4996cb3dc -> 
  custom:scripting/monoscript/fileName/UpgradeShop.cs: 5fad3e7228b2cce1fa928888244f648c -> 
  custom:framework-win-MediaFoundation: 216162199b28c13a410421893ffa2e32 -> 
  custom:scripting/monoscript/fileName/RewardedAds.cs: d66570aae527af9da7222484b8264842 -> 
  custom:scripting/monoscript/fileName/NewBehaviourScript.cs: b21687ddb03d73bd9f0c1daecb9714de -> 
  custom:CustomObjectIndexerAttribute: 9a22284fe3817be447336de3de66b15e -> 
  custom:container-demuxer-webm: 4f35f7cbe854078d1ac9338744f61a02 -> 
  custom:container-muxer-webm: aa71ff27fc2769a1b78a27578f13a17b -> 
  custom:video-decoder-webm-vp8: 9c59270c3fd7afecdb556c50c9e8de78 -> 
  custom:scripting/monoscript/fileName/UpgradeAsset.cs: 5d0ce12d7184a3da40041fc92eb082d8 -> 
  custom:SearchIndexIgnoredProperties: e643bd26f0fe6173181afceb89e7c659 -> 
  custom:scripting/monoscript/fileName/InterstitialAds.cs: 6d333cb1dc24d5ddf3ec91bccefc0773 -> 
  custom:AudioImporter_EditorPlatform: d09bf68614088b80899f8185d706f6e7 -> 
  custom:scripting/monoscript/fileName/Upgrades.cs: efffe4420000c7dff7f2eae57efaf755 -> 
  custom:scripting/monoscript/fileName/MainMenuSceneChange.cs: d4425b768b31a0e779c58ed647aad071 -> 
  custom:scripting/monoscript/fileName/SavesYG.cs: c497cdc187148548f5d9a620311f9dc3 -> 
  custom:video-encoder-webm-vp8: eb34c28f22e8b96e1ab97ce403110664 -> 
  custom:audio-decoder-ogg-vorbis: bf7c407c2cedff20999df2af8eb42d56 -> 
  custom:scripting/monoscript/fileName/IAPHandler.cs: 9c0d60c35c8d51d2451fa8bafe956467 -> 
  custom:scripting/monoscript/fileName/ButtonsRewarded.cs: 07495e688444a91c62dfcd44c138345c -> 
  custom:audio-encoder-webm-vorbis: bf7c407c2cedff20999df2af8eb42d56 -> 
  custom:scripting/monoscript/fileName/PurchaseManager.cs: 7ccb736f003775a5e240eec74b533b6b -> 
  custom:scripting/monoscript/fileName/BuyUpgrade.cs: 7f5deeb882f8c1e3141ce9ef24e50525 -> 
  custom:scripting/precompiled-assembly-types:Assembly-CSharp: 26a63c0ffa7fe8189d13bf8f8d203619 -> b6d5beae70893ec4483681e4771dab9e
========================================================================
Received Prepare
Caller must complete domain reload
Begin MonoManager ReloadAssembly
Symbol file LoadedFromMemory is not a mono symbol file
- Loaded All Assemblies, in  0.861 seconds
Native extension for WindowsStandalone target not found
Native extension for iOS target not found
Native extension for Android target not found
Native extension for WebGL target not found
Asset Pipeline Refresh (id=b0216adbfbb1b184991c989adaa21a85): Total: 0.000 seconds - Initiated by StopAssetImportingV2(NoUpdateAssetOptions)
[ScriptCompilation] NOT recompiling all scripts because this is an import worker process. Reason to compile was: Define symbols changed
[ScriptCompilation] NOT recompiling all scripts because this is an import worker process. Reason to compile was: Define symbols changed
Mono: successfully reloaded assembly
- Finished resetting the current domain, in  1.582 seconds
Domain Reload Profiling: 2442ms
	BeginReloadAssembly (472ms)
		ExecutionOrderSort (0ms)
		DisableScriptedObjects (8ms)
		BackupInstance (0ms)
		ReleaseScriptingObjects (0ms)
		CreateAndSetChildDomain (45ms)
	RebuildCommonClasses (43ms)
	RebuildNativeTypeToScriptingClass (12ms)
	initialDomainReloadingComplete (42ms)
	LoadAllAssembliesAndSetupDomain (291ms)
		LoadAssemblies (378ms)
		RebuildTransferFunctionScriptingTraits (0ms)
		AnalyzeDomain (18ms)
			TypeCache.Refresh (10ms)
				TypeCache.ScanAssembly (0ms)
			ScanForSourceGeneratedMonoScriptInfo (0ms)
			ResolveRequiredComponents (6ms)
	FinalizeReload (1582ms)
		ReleaseScriptCaches (0ms)
		RebuildScriptCaches (0ms)
		SetupLoadedEditorAssemblies (988ms)
			LogAssemblyErrors (0ms)
			InitializePlatformSupportModulesInManaged (44ms)
			SetLoadedEditorAssemblies (7ms)
			RefreshPlugins (0ms)
			BeforeProcessingInitializeOnLoad (84ms)
			ProcessInitializeOnLoadAttributes (481ms)
			ProcessInitializeOnLoadMethodAttributes (354ms)
			AfterProcessingInitializeOnLoad (17ms)
			EditorAssembliesLoaded (0ms)
		ExecutionOrderSort2 (0ms)
		AwakeInstancesAfterBackupRestoration (20ms)
Refreshing native plugins compatible for Editor in 18.22 ms, found 2 plugins.
Preloading 0 native plugins for Editor in 0.00 ms.
Unloading 3832 Unused Serialized files (Serialized files now loaded: 0)
Unloading 16 unused Assets / (27.6 KB). Loaded Objects now: 4534.
Memory consumption went from 140.1 MB to 140.1 MB.
Total: 12.310900 ms (FindLiveObjects: 0.423700 ms CreateObjectMapping: 0.340200 ms MarkObjects: 11.490400 ms  DeleteObjects: 0.055100 ms)

Prepare: number of updated asset objects reloaded= 0
AssetImportParameters requested are different than current active one (requested -> active):
  custom:scripting/monoscript/fileName/AdsManager.cs: 02def8582910908d167bbb9227855ef4 -> 
  custom:container-demuxer-ogg: 62fdf1f143b41e24485cea50d1cbac27 -> 
  custom:scripting/monoscript/fileName/LevelChangerDOTween.cs: 2ea35b7817de89e3c9bc7fb9c16c14c8 -> 
  custom:scripting/monoscript/fileName/AnalyticsManager.cs: a0ba2baafde2834ba142b7fe92ba996d -> 
  custom:video-decoder-ogg-theora: a1e56fd34408186e4bbccfd4996cb3dc -> 
  custom:scripting/monoscript/fileName/UpgradeShop.cs: 5fad3e7228b2cce1fa928888244f648c -> 
  custom:framework-win-MediaFoundation: 216162199b28c13a410421893ffa2e32 -> 
  custom:scripting/monoscript/fileName/RewardedAds.cs: d66570aae527af9da7222484b8264842 -> 
  custom:scripting/monoscript/fileName/NewBehaviourScript.cs: b21687ddb03d73bd9f0c1daecb9714de -> 
  custom:CustomObjectIndexerAttribute: 9a22284fe3817be447336de3de66b15e -> 
  custom:container-demuxer-webm: 4f35f7cbe854078d1ac9338744f61a02 -> 
  custom:container-muxer-webm: aa71ff27fc2769a1b78a27578f13a17b -> 
  custom:video-decoder-webm-vp8: 9c59270c3fd7afecdb556c50c9e8de78 -> 
  custom:scripting/monoscript/fileName/UpgradeAsset.cs: 5d0ce12d7184a3da40041fc92eb082d8 -> 
  custom:SearchIndexIgnoredProperties: e643bd26f0fe6173181afceb89e7c659 -> 
  custom:scripting/monoscript/fileName/InterstitialAds.cs: 6d333cb1dc24d5ddf3ec91bccefc0773 -> 
  custom:AudioImporter_EditorPlatform: d09bf68614088b80899f8185d706f6e7 -> 
  custom:scripting/monoscript/fileName/Upgrades.cs: efffe4420000c7dff7f2eae57efaf755 -> 
  custom:scripting/monoscript/fileName/MainMenuSceneChange.cs: d4425b768b31a0e779c58ed647aad071 -> 
  custom:scripting/monoscript/fileName/SavesYG.cs: c497cdc187148548f5d9a620311f9dc3 -> 
  custom:video-encoder-webm-vp8: eb34c28f22e8b96e1ab97ce403110664 -> 
  custom:audio-decoder-ogg-vorbis: bf7c407c2cedff20999df2af8eb42d56 -> 
  custom:scripting/monoscript/fileName/IAPHandler.cs: 9c0d60c35c8d51d2451fa8bafe956467 -> 
  custom:scripting/monoscript/fileName/ButtonsRewarded.cs: 07495e688444a91c62dfcd44c138345c -> 
  custom:audio-encoder-webm-vorbis: bf7c407c2cedff20999df2af8eb42d56 -> 
  custom:scripting/monoscript/fileName/PurchaseManager.cs: 7ccb736f003775a5e240eec74b533b6b -> 
  custom:scripting/monoscript/fileName/BuyUpgrade.cs: 7f5deeb882f8c1e3141ce9ef24e50525 -> 
  custom:scripting/precompiled-assembly-types:Assembly-CSharp: 26a63c0ffa7fe8189d13bf8f8d203619 -> b6d5beae70893ec4483681e4771dab9e
========================================================================
Received Prepare
Caller must complete domain reload
Begin MonoManager ReloadAssembly
Symbol file LoadedFromMemory is not a mono symbol file
- Loaded All Assemblies, in  0.890 seconds
Native extension for WindowsStandalone target not found
Native extension for iOS target not found
Native extension for Android target not found
Native extension for WebGL target not found
Asset Pipeline Refresh (id=a4606844851939b45adb0fdff2390b0b): Total: 0.000 seconds - Initiated by StopAssetImportingV2(NoUpdateAssetOptions)
[ScriptCompilation] NOT recompiling all scripts because this is an import worker process. Reason to compile was: Define symbols changed
[ScriptCompilation] NOT recompiling all scripts because this is an import worker process. Reason to compile was: Define symbols changed
Mono: successfully reloaded assembly
- Finished resetting the current domain, in  1.515 seconds
Domain Reload Profiling: 2405ms
	BeginReloadAssembly (474ms)
		ExecutionOrderSort (0ms)
		DisableScriptedObjects (8ms)
		BackupInstance (0ms)
		ReleaseScriptingObjects (0ms)
		CreateAndSetChildDomain (38ms)
	RebuildCommonClasses (45ms)
	RebuildNativeTypeToScriptingClass (14ms)
	initialDomainReloadingComplete (41ms)
	LoadAllAssembliesAndSetupDomain (315ms)
		LoadAssemblies (393ms)
		RebuildTransferFunctionScriptingTraits (0ms)
		AnalyzeDomain (24ms)
			TypeCache.Refresh (6ms)
				TypeCache.ScanAssembly (0ms)
			ScanForSourceGeneratedMonoScriptInfo (0ms)
			ResolveRequiredComponents (15ms)
	FinalizeReload (1515ms)
		ReleaseScriptCaches (0ms)
		RebuildScriptCaches (0ms)
		SetupLoadedEditorAssemblies (885ms)
			LogAssemblyErrors (0ms)
			InitializePlatformSupportModulesInManaged (37ms)
			SetLoadedEditorAssemblies (4ms)
			RefreshPlugins (0ms)
			BeforeProcessingInitializeOnLoad (119ms)
			ProcessInitializeOnLoadAttributes (456ms)
			ProcessInitializeOnLoadMethodAttributes (258ms)
			AfterProcessingInitializeOnLoad (10ms)
			EditorAssembliesLoaded (0ms)
		ExecutionOrderSort2 (0ms)
		AwakeInstancesAfterBackupRestoration (14ms)
Refreshing native plugins compatible for Editor in 13.97 ms, found 2 plugins.
Preloading 0 native plugins for Editor in 0.00 ms.
Unloading 3832 Unused Serialized files (Serialized files now loaded: 0)
Unloading 16 unused Assets / (27.6 KB). Loaded Objects now: 4537.
Memory consumption went from 140.1 MB to 140.1 MB.
Total: 10.890000 ms (FindLiveObjects: 0.524500 ms CreateObjectMapping: 0.349800 ms MarkObjects: 9.944800 ms  DeleteObjects: 0.069400 ms)

Prepare: number of updated asset objects reloaded= 0
AssetImportParameters requested are different than current active one (requested -> active):
  custom:scripting/monoscript/fileName/AdsManager.cs: 02def8582910908d167bbb9227855ef4 -> 
  custom:container-demuxer-ogg: 62fdf1f143b41e24485cea50d1cbac27 -> 
  custom:scripting/monoscript/fileName/LevelChangerDOTween.cs: 2ea35b7817de89e3c9bc7fb9c16c14c8 -> 
  custom:scripting/monoscript/fileName/AnalyticsManager.cs: a0ba2baafde2834ba142b7fe92ba996d -> 
  custom:video-decoder-ogg-theora: a1e56fd34408186e4bbccfd4996cb3dc -> 
  custom:scripting/monoscript/fileName/UpgradeShop.cs: 5fad3e7228b2cce1fa928888244f648c -> 
  custom:framework-win-MediaFoundation: 216162199b28c13a410421893ffa2e32 -> 
  custom:scripting/monoscript/fileName/RewardedAds.cs: d66570aae527af9da7222484b8264842 -> 
  custom:scripting/monoscript/fileName/NewBehaviourScript.cs: b21687ddb03d73bd9f0c1daecb9714de -> 
  custom:CustomObjectIndexerAttribute: 9a22284fe3817be447336de3de66b15e -> 
  custom:container-demuxer-webm: 4f35f7cbe854078d1ac9338744f61a02 -> 
  custom:container-muxer-webm: aa71ff27fc2769a1b78a27578f13a17b -> 
  custom:video-decoder-webm-vp8: 9c59270c3fd7afecdb556c50c9e8de78 -> 
  custom:scripting/monoscript/fileName/UpgradeAsset.cs: 5d0ce12d7184a3da40041fc92eb082d8 -> 
  custom:SearchIndexIgnoredProperties: e643bd26f0fe6173181afceb89e7c659 -> 
  custom:scripting/monoscript/fileName/InterstitialAds.cs: 6d333cb1dc24d5ddf3ec91bccefc0773 -> 
  custom:AudioImporter_EditorPlatform: d09bf68614088b80899f8185d706f6e7 -> 
  custom:scripting/monoscript/fileName/Upgrades.cs: efffe4420000c7dff7f2eae57efaf755 -> 
  custom:scripting/monoscript/fileName/MainMenuSceneChange.cs: d4425b768b31a0e779c58ed647aad071 -> 
  custom:scripting/monoscript/fileName/SavesYG.cs: c497cdc187148548f5d9a620311f9dc3 -> 
  custom:video-encoder-webm-vp8: eb34c28f22e8b96e1ab97ce403110664 -> 
  custom:audio-decoder-ogg-vorbis: bf7c407c2cedff20999df2af8eb42d56 -> 
  custom:scripting/monoscript/fileName/IAPHandler.cs: 9c0d60c35c8d51d2451fa8bafe956467 -> 
  custom:scripting/monoscript/fileName/ButtonsRewarded.cs: 07495e688444a91c62dfcd44c138345c -> 
  custom:audio-encoder-webm-vorbis: bf7c407c2cedff20999df2af8eb42d56 -> 
  custom:scripting/monoscript/fileName/PurchaseManager.cs: 7ccb736f003775a5e240eec74b533b6b -> 
  custom:scripting/monoscript/fileName/BuyUpgrade.cs: 7f5deeb882f8c1e3141ce9ef24e50525 -> 
  custom:scripting/precompiled-assembly-types:Assembly-CSharp: 26a63c0ffa7fe8189d13bf8f8d203619 -> b6d5beae70893ec4483681e4771dab9e
========================================================================
Received Prepare
Caller must complete domain reload
Begin MonoManager ReloadAssembly
Symbol file LoadedFromMemory is not a mono symbol file
- Loaded All Assemblies, in  0.890 seconds
Native extension for WindowsStandalone target not found
Native extension for iOS target not found
Native extension for Android target not found
Native extension for WebGL target not found
Asset Pipeline Refresh (id=e7b3f7e6872b81149a7ca036ca139496): Total: 0.000 seconds - Initiated by StopAssetImportingV2(NoUpdateAssetOptions)
[ScriptCompilation] NOT recompiling all scripts because this is an import worker process. Reason to compile was: Define symbols changed
[ScriptCompilation] NOT recompiling all scripts because this is an import worker process. Reason to compile was: Define symbols changed
Mono: successfully reloaded assembly
- Finished resetting the current domain, in  2.209 seconds
Domain Reload Profiling: 3095ms
	BeginReloadAssembly (477ms)
		ExecutionOrderSort (0ms)
		DisableScriptedObjects (7ms)
		BackupInstance (0ms)
		ReleaseScriptingObjects (0ms)
		CreateAndSetChildDomain (40ms)
	RebuildCommonClasses (49ms)
	RebuildNativeTypeToScriptingClass (12ms)
	initialDomainReloadingComplete (44ms)
	LoadAllAssembliesAndSetupDomain (304ms)
		LoadAssemblies (385ms)
		RebuildTransferFunctionScriptingTraits (0ms)
		AnalyzeDomain (19ms)
			TypeCache.Refresh (10ms)
				TypeCache.ScanAssembly (0ms)
			ScanForSourceGeneratedMonoScriptInfo (1ms)
			ResolveRequiredComponents (7ms)
	FinalizeReload (2209ms)
		ReleaseScriptCaches (0ms)
		RebuildScriptCaches (0ms)
		SetupLoadedEditorAssemblies (1492ms)
			LogAssemblyErrors (0ms)
			InitializePlatformSupportModulesInManaged (78ms)
			SetLoadedEditorAssemblies (8ms)
			RefreshPlugins (0ms)
			BeforeProcessingInitializeOnLoad (130ms)
			ProcessInitializeOnLoadAttributes (877ms)
			ProcessInitializeOnLoadMethodAttributes (383ms)
			AfterProcessingInitializeOnLoad (15ms)
			EditorAssembliesLoaded (1ms)
		ExecutionOrderSort2 (0ms)
		AwakeInstancesAfterBackupRestoration (26ms)
Refreshing native plugins compatible for Editor in 22.71 ms, found 2 plugins.
Preloading 0 native plugins for Editor in 0.00 ms.
Unloading 3832 Unused Serialized files (Serialized files now loaded: 0)
Unloading 16 unused Assets / (27.6 KB). Loaded Objects now: 4540.
Memory consumption went from 140.1 MB to 140.1 MB.
Total: 19.804500 ms (FindLiveObjects: 0.877500 ms CreateObjectMapping: 0.854200 ms MarkObjects: 17.992300 ms  DeleteObjects: 0.077800 ms)

Prepare: number of updated asset objects reloaded= 1
AssetImportParameters requested are different than current active one (requested -> active):
  custom:scripting/monoscript/fileName/AdsManager.cs: 02def8582910908d167bbb9227855ef4 -> 
  custom:container-demuxer-ogg: 62fdf1f143b41e24485cea50d1cbac27 -> 
  custom:scripting/monoscript/fileName/LevelChangerDOTween.cs: 2ea35b7817de89e3c9bc7fb9c16c14c8 -> 
  custom:scripting/monoscript/fileName/AnalyticsManager.cs: a0ba2baafde2834ba142b7fe92ba996d -> 
  custom:video-decoder-ogg-theora: a1e56fd34408186e4bbccfd4996cb3dc -> 
  custom:scripting/monoscript/fileName/UpgradeShop.cs: 5fad3e7228b2cce1fa928888244f648c -> 
  custom:framework-win-MediaFoundation: 216162199b28c13a410421893ffa2e32 -> 
  custom:scripting/monoscript/fileName/RewardedAds.cs: d66570aae527af9da7222484b8264842 -> 
  custom:scripting/monoscript/fileName/NewBehaviourScript.cs: b21687ddb03d73bd9f0c1daecb9714de -> 
  custom:CustomObjectIndexerAttribute: 9a22284fe3817be447336de3de66b15e -> 
  custom:container-demuxer-webm: 4f35f7cbe854078d1ac9338744f61a02 -> 
  custom:container-muxer-webm: aa71ff27fc2769a1b78a27578f13a17b -> 
  custom:video-decoder-webm-vp8: 9c59270c3fd7afecdb556c50c9e8de78 -> 
  custom:scripting/monoscript/fileName/UpgradeAsset.cs: 5d0ce12d7184a3da40041fc92eb082d8 -> 
  custom:SearchIndexIgnoredProperties: e643bd26f0fe6173181afceb89e7c659 -> 
  custom:scripting/monoscript/fileName/InterstitialAds.cs: 6d333cb1dc24d5ddf3ec91bccefc0773 -> 
  custom:AudioImporter_EditorPlatform: d09bf68614088b80899f8185d706f6e7 -> 
  custom:scripting/monoscript/fileName/Upgrades.cs: efffe4420000c7dff7f2eae57efaf755 -> 
  custom:scripting/monoscript/fileName/MainMenuSceneChange.cs: d4425b768b31a0e779c58ed647aad071 -> 
  custom:scripting/monoscript/fileName/SavesYG.cs: c497cdc187148548f5d9a620311f9dc3 -> 
  custom:video-encoder-webm-vp8: eb34c28f22e8b96e1ab97ce403110664 -> 
  custom:audio-decoder-ogg-vorbis: bf7c407c2cedff20999df2af8eb42d56 -> 
  custom:scripting/monoscript/fileName/IAPHandler.cs: 9c0d60c35c8d51d2451fa8bafe956467 -> 
  custom:scripting/monoscript/fileName/ButtonsRewarded.cs: 07495e688444a91c62dfcd44c138345c -> 
  custom:audio-encoder-webm-vorbis: bf7c407c2cedff20999df2af8eb42d56 -> 
  custom:scripting/monoscript/fileName/PurchaseManager.cs: 7ccb736f003775a5e240eec74b533b6b -> 
  custom:scripting/monoscript/fileName/BuyUpgrade.cs: 7f5deeb882f8c1e3141ce9ef24e50525 -> 
  custom:scripting/precompiled-assembly-types:Assembly-CSharp: 26a63c0ffa7fe8189d13bf8f8d203619 -> b6d5beae70893ec4483681e4771dab9e
========================================================================
Received Prepare
Caller must complete domain reload
Begin MonoManager ReloadAssembly
Symbol file LoadedFromMemory is not a mono symbol file
- Loaded All Assemblies, in  0.981 seconds
Native extension for WindowsStandalone target not found
Native extension for iOS target not found
Native extension for Android target not found
Native extension for WebGL target not found
Asset Pipeline Refresh (id=1291757d031b22342987119353c16edc): Total: 0.000 seconds - Initiated by StopAssetImportingV2(NoUpdateAssetOptions)
[ScriptCompilation] NOT recompiling all scripts because this is an import worker process. Reason to compile was: Define symbols changed
[ScriptCompilation] NOT recompiling all scripts because this is an import worker process. Reason to compile was: Define symbols changed
Mono: successfully reloaded assembly
- Finished resetting the current domain, in  1.594 seconds
Domain Reload Profiling: 2574ms
	BeginReloadAssembly (561ms)
		ExecutionOrderSort (0ms)
		DisableScriptedObjects (7ms)
		BackupInstance (0ms)
		ReleaseScriptingObjects (0ms)
		CreateAndSetChildDomain (59ms)
	RebuildCommonClasses (49ms)
	RebuildNativeTypeToScriptingClass (30ms)
	initialDomainReloadingComplete (40ms)
	LoadAllAssembliesAndSetupDomain (298ms)
		LoadAssemblies (420ms)
		RebuildTransferFunctionScriptingTraits (0ms)
		AnalyzeDomain (16ms)
			TypeCache.Refresh (9ms)
				TypeCache.ScanAssembly (0ms)
			ScanForSourceGeneratedMonoScriptInfo (0ms)
			ResolveRequiredComponents (6ms)
	FinalizeReload (1595ms)
		ReleaseScriptCaches (0ms)
		RebuildScriptCaches (0ms)
		SetupLoadedEditorAssemblies (880ms)
			LogAssemblyErrors (0ms)
			InitializePlatformSupportModulesInManaged (40ms)
			SetLoadedEditorAssemblies (5ms)
			RefreshPlugins (0ms)
			BeforeProcessingInitializeOnLoad (79ms)
			ProcessInitializeOnLoadAttributes (472ms)
			ProcessInitializeOnLoadMethodAttributes (274ms)
			AfterProcessingInitializeOnLoad (10ms)
			EditorAssembliesLoaded (0ms)
		ExecutionOrderSort2 (0ms)
		AwakeInstancesAfterBackupRestoration (15ms)
Refreshing native plugins compatible for Editor in 21.10 ms, found 2 plugins.
Preloading 0 native plugins for Editor in 0.00 ms.
Unloading 3832 Unused Serialized files (Serialized files now loaded: 0)
Unloading 16 unused Assets / (27.5 KB). Loaded Objects now: 4543.
Memory consumption went from 140.1 MB to 140.1 MB.
Total: 19.666800 ms (FindLiveObjects: 1.478100 ms CreateObjectMapping: 1.629800 ms MarkObjects: 16.485600 ms  DeleteObjects: 0.070800 ms)

Prepare: number of updated asset objects reloaded= 0
AssetImportParameters requested are different than current active one (requested -> active):
  custom:scripting/monoscript/fileName/AdsManager.cs: 02def8582910908d167bbb9227855ef4 -> 
  custom:container-demuxer-ogg: 62fdf1f143b41e24485cea50d1cbac27 -> 
  custom:scripting/monoscript/fileName/LevelChangerDOTween.cs: 2ea35b7817de89e3c9bc7fb9c16c14c8 -> 
  custom:scripting/monoscript/fileName/AnalyticsManager.cs: a0ba2baafde2834ba142b7fe92ba996d -> 
  custom:video-decoder-ogg-theora: a1e56fd34408186e4bbccfd4996cb3dc -> 
  custom:scripting/monoscript/fileName/UpgradeShop.cs: 5fad3e7228b2cce1fa928888244f648c -> 
  custom:framework-win-MediaFoundation: 216162199b28c13a410421893ffa2e32 -> 
  custom:scripting/monoscript/fileName/RewardedAds.cs: d66570aae527af9da7222484b8264842 -> 
  custom:scripting/monoscript/fileName/NewBehaviourScript.cs: b21687ddb03d73bd9f0c1daecb9714de -> 
  custom:CustomObjectIndexerAttribute: 9a22284fe3817be447336de3de66b15e -> 
  custom:container-demuxer-webm: 4f35f7cbe854078d1ac9338744f61a02 -> 
  custom:container-muxer-webm: aa71ff27fc2769a1b78a27578f13a17b -> 
  custom:video-decoder-webm-vp8: 9c59270c3fd7afecdb556c50c9e8de78 -> 
  custom:scripting/monoscript/fileName/UpgradeAsset.cs: 5d0ce12d7184a3da40041fc92eb082d8 -> 
  custom:SearchIndexIgnoredProperties: e643bd26f0fe6173181afceb89e7c659 -> 
  custom:scripting/monoscript/fileName/InterstitialAds.cs: 6d333cb1dc24d5ddf3ec91bccefc0773 -> 
  custom:AudioImporter_EditorPlatform: d09bf68614088b80899f8185d706f6e7 -> 
  custom:scripting/monoscript/fileName/Upgrades.cs: efffe4420000c7dff7f2eae57efaf755 -> 
  custom:scripting/monoscript/fileName/MainMenuSceneChange.cs: d4425b768b31a0e779c58ed647aad071 -> 
  custom:scripting/monoscript/fileName/SavesYG.cs: c497cdc187148548f5d9a620311f9dc3 -> 
  custom:video-encoder-webm-vp8: eb34c28f22e8b96e1ab97ce403110664 -> 
  custom:audio-decoder-ogg-vorbis: bf7c407c2cedff20999df2af8eb42d56 -> 
  custom:scripting/monoscript/fileName/IAPHandler.cs: 9c0d60c35c8d51d2451fa8bafe956467 -> 
  custom:scripting/monoscript/fileName/ButtonsRewarded.cs: 07495e688444a91c62dfcd44c138345c -> 
  custom:audio-encoder-webm-vorbis: bf7c407c2cedff20999df2af8eb42d56 -> 
  custom:scripting/monoscript/fileName/PurchaseManager.cs: 7ccb736f003775a5e240eec74b533b6b -> 
  custom:scripting/monoscript/fileName/BuyUpgrade.cs: 7f5deeb882f8c1e3141ce9ef24e50525 -> 
  custom:scripting/precompiled-assembly-types:Assembly-CSharp: 26a63c0ffa7fe8189d13bf8f8d203619 -> b6d5beae70893ec4483681e4771dab9e
========================================================================
Received Prepare
Caller must complete domain reload
Begin MonoManager ReloadAssembly
Symbol file LoadedFromMemory is not a mono symbol file
- Loaded All Assemblies, in  0.924 seconds
Native extension for WindowsStandalone target not found
Native extension for iOS target not found
Native extension for Android target not found
Native extension for WebGL target not found
Asset Pipeline Refresh (id=0442b5f52c5f48f47b622dbde8f08aab): Total: 0.000 seconds - Initiated by StopAssetImportingV2(NoUpdateAssetOptions)
[ScriptCompilation] NOT recompiling all scripts because this is an import worker process. Reason to compile was: Define symbols changed
[ScriptCompilation] NOT recompiling all scripts because this is an import worker process. Reason to compile was: Define symbols changed
Mono: successfully reloaded assembly
- Finished resetting the current domain, in  1.459 seconds
Domain Reload Profiling: 2380ms
	BeginReloadAssembly (512ms)
		ExecutionOrderSort (0ms)
		DisableScriptedObjects (10ms)
		BackupInstance (0ms)
		ReleaseScriptingObjects (0ms)
		CreateAndSetChildDomain (40ms)
	RebuildCommonClasses (51ms)
	RebuildNativeTypeToScriptingClass (14ms)
	initialDomainReloadingComplete (37ms)
	LoadAllAssembliesAndSetupDomain (306ms)
		LoadAssemblies (403ms)
		RebuildTransferFunctionScriptingTraits (0ms)
		AnalyzeDomain (18ms)
			TypeCache.Refresh (9ms)
				TypeCache.ScanAssembly (0ms)
			ScanForSourceGeneratedMonoScriptInfo (0ms)
			ResolveRequiredComponents (7ms)
	FinalizeReload (1460ms)
		ReleaseScriptCaches (0ms)
		RebuildScriptCaches (0ms)
		SetupLoadedEditorAssemblies (846ms)
			LogAssemblyErrors (0ms)
			InitializePlatformSupportModulesInManaged (42ms)
			SetLoadedEditorAssemblies (4ms)
			RefreshPlugins (0ms)
			BeforeProcessingInitializeOnLoad (79ms)
			ProcessInitializeOnLoadAttributes (447ms)
			ProcessInitializeOnLoadMethodAttributes (261ms)
			AfterProcessingInitializeOnLoad (12ms)
			EditorAssembliesLoaded (1ms)
		ExecutionOrderSort2 (0ms)
		AwakeInstancesAfterBackupRestoration (13ms)
Refreshing native plugins compatible for Editor in 16.81 ms, found 2 plugins.
Preloading 0 native plugins for Editor in 0.00 ms.
Unloading 3832 Unused Serialized files (Serialized files now loaded: 0)
Unloading 16 unused Assets / (27.5 KB). Loaded Objects now: 4546.
Memory consumption went from 140.1 MB to 140.1 MB.
Total: 11.188100 ms (FindLiveObjects: 0.417300 ms CreateObjectMapping: 0.436000 ms MarkObjects: 10.255100 ms  DeleteObjects: 0.078100 ms)

Prepare: number of updated asset objects reloaded= 0
AssetImportParameters requested are different than current active one (requested -> active):
  custom:scripting/monoscript/fileName/AdsManager.cs: 02def8582910908d167bbb9227855ef4 -> 
  custom:container-demuxer-ogg: 62fdf1f143b41e24485cea50d1cbac27 -> 
  custom:scripting/monoscript/fileName/LevelChangerDOTween.cs: 2ea35b7817de89e3c9bc7fb9c16c14c8 -> 
  custom:scripting/monoscript/fileName/AnalyticsManager.cs: a0ba2baafde2834ba142b7fe92ba996d -> 
  custom:video-decoder-ogg-theora: a1e56fd34408186e4bbccfd4996cb3dc -> 
  custom:scripting/monoscript/fileName/UpgradeShop.cs: 5fad3e7228b2cce1fa928888244f648c -> 
  custom:framework-win-MediaFoundation: 216162199b28c13a410421893ffa2e32 -> 
  custom:scripting/monoscript/fileName/RewardedAds.cs: d66570aae527af9da7222484b8264842 -> 
  custom:scripting/monoscript/fileName/NewBehaviourScript.cs: b21687ddb03d73bd9f0c1daecb9714de -> 
  custom:CustomObjectIndexerAttribute: 9a22284fe3817be447336de3de66b15e -> 
  custom:container-demuxer-webm: 4f35f7cbe854078d1ac9338744f61a02 -> 
  custom:container-muxer-webm: aa71ff27fc2769a1b78a27578f13a17b -> 
  custom:video-decoder-webm-vp8: 9c59270c3fd7afecdb556c50c9e8de78 -> 
  custom:scripting/monoscript/fileName/UpgradeAsset.cs: 5d0ce12d7184a3da40041fc92eb082d8 -> 
  custom:SearchIndexIgnoredProperties: e643bd26f0fe6173181afceb89e7c659 -> 
  custom:scripting/monoscript/fileName/InterstitialAds.cs: 6d333cb1dc24d5ddf3ec91bccefc0773 -> 
  custom:AudioImporter_EditorPlatform: d09bf68614088b80899f8185d706f6e7 -> 
  custom:scripting/monoscript/fileName/Upgrades.cs: efffe4420000c7dff7f2eae57efaf755 -> 
  custom:scripting/monoscript/fileName/MainMenuSceneChange.cs: d4425b768b31a0e779c58ed647aad071 -> 
  custom:scripting/monoscript/fileName/SavesYG.cs: c497cdc187148548f5d9a620311f9dc3 -> 
  custom:video-encoder-webm-vp8: eb34c28f22e8b96e1ab97ce403110664 -> 
  custom:audio-decoder-ogg-vorbis: bf7c407c2cedff20999df2af8eb42d56 -> 
  custom:scripting/monoscript/fileName/IAPHandler.cs: 9c0d60c35c8d51d2451fa8bafe956467 -> 
  custom:scripting/monoscript/fileName/ButtonsRewarded.cs: 07495e688444a91c62dfcd44c138345c -> 
  custom:audio-encoder-webm-vorbis: bf7c407c2cedff20999df2af8eb42d56 -> 
  custom:scripting/monoscript/fileName/PurchaseManager.cs: 7ccb736f003775a5e240eec74b533b6b -> 
  custom:scripting/monoscript/fileName/BuyUpgrade.cs: 7f5deeb882f8c1e3141ce9ef24e50525 -> 
  custom:scripting/precompiled-assembly-types:Assembly-CSharp: 26a63c0ffa7fe8189d13bf8f8d203619 -> b6d5beae70893ec4483681e4771dab9e
========================================================================
Received Prepare
Caller must complete domain reload
Begin MonoManager ReloadAssembly
Symbol file LoadedFromMemory is not a mono symbol file
- Loaded All Assemblies, in  1.588 seconds
Native extension for WindowsStandalone target not found
Native extension for iOS target not found
Native extension for Android target not found
Native extension for WebGL target not found
Asset Pipeline Refresh (id=5e39162281e3a51478fd2c9d9ec3f385): Total: 0.000 seconds - Initiated by StopAssetImportingV2(NoUpdateAssetOptions)
[ScriptCompilation] NOT recompiling all scripts because this is an import worker process. Reason to compile was: Define symbols changed
[ScriptCompilation] NOT recompiling all scripts because this is an import worker process. Reason to compile was: Define symbols changed
Mono: successfully reloaded assembly
- Finished resetting the current domain, in  2.800 seconds
Domain Reload Profiling: 4385ms
	BeginReloadAssembly (855ms)
		ExecutionOrderSort (0ms)
		DisableScriptedObjects (17ms)
		BackupInstance (0ms)
		ReleaseScriptingObjects (0ms)
		CreateAndSetChildDomain (59ms)
	RebuildCommonClasses (82ms)
	RebuildNativeTypeToScriptingClass (29ms)
	initialDomainReloadingComplete (80ms)
	LoadAllAssembliesAndSetupDomain (537ms)
		LoadAssemblies (662ms)
		RebuildTransferFunctionScriptingTraits (0ms)
		AnalyzeDomain (36ms)
			TypeCache.Refresh (14ms)
				TypeCache.ScanAssembly (0ms)
			ScanForSourceGeneratedMonoScriptInfo (1ms)
			ResolveRequiredComponents (18ms)
	FinalizeReload (2801ms)
		ReleaseScriptCaches (0ms)
		RebuildScriptCaches (0ms)
		SetupLoadedEditorAssemblies (1381ms)
			LogAssemblyErrors (0ms)
			InitializePlatformSupportModulesInManaged (91ms)
			SetLoadedEditorAssemblies (11ms)
			RefreshPlugins (0ms)
			BeforeProcessingInitializeOnLoad (149ms)
			ProcessInitializeOnLoadAttributes (689ms)
			ProcessInitializeOnLoadMethodAttributes (425ms)
			AfterProcessingInitializeOnLoad (16ms)
			EditorAssembliesLoaded (1ms)
		ExecutionOrderSort2 (0ms)
		AwakeInstancesAfterBackupRestoration (21ms)
Refreshing native plugins compatible for Editor in 30.54 ms, found 2 plugins.
Preloading 0 native plugins for Editor in 0.00 ms.
Unloading 3832 Unused Serialized files (Serialized files now loaded: 0)
Unloading 16 unused Assets / (27.6 KB). Loaded Objects now: 4549.
Memory consumption went from 140.1 MB to 140.1 MB.
Total: 15.824300 ms (FindLiveObjects: 0.432800 ms CreateObjectMapping: 0.376700 ms MarkObjects: 14.944700 ms  DeleteObjects: 0.068200 ms)

Prepare: number of updated asset objects reloaded= 0
AssetImportParameters requested are different than current active one (requested -> active):
  custom:scripting/monoscript/fileName/AdsManager.cs: 02def8582910908d167bbb9227855ef4 -> 
  custom:container-demuxer-ogg: 62fdf1f143b41e24485cea50d1cbac27 -> 
  custom:scripting/monoscript/fileName/LevelChangerDOTween.cs: 2ea35b7817de89e3c9bc7fb9c16c14c8 -> 
  custom:scripting/monoscript/fileName/AnalyticsManager.cs: a0ba2baafde2834ba142b7fe92ba996d -> 
  custom:video-decoder-ogg-theora: a1e56fd34408186e4bbccfd4996cb3dc -> 
  custom:scripting/monoscript/fileName/UpgradeShop.cs: 5fad3e7228b2cce1fa928888244f648c -> 
  custom:framework-win-MediaFoundation: 216162199b28c13a410421893ffa2e32 -> 
  custom:scripting/monoscript/fileName/RewardedAds.cs: d66570aae527af9da7222484b8264842 -> 
  custom:scripting/monoscript/fileName/NewBehaviourScript.cs: b21687ddb03d73bd9f0c1daecb9714de -> 
  custom:CustomObjectIndexerAttribute: 9a22284fe3817be447336de3de66b15e -> 
  custom:container-demuxer-webm: 4f35f7cbe854078d1ac9338744f61a02 -> 
  custom:container-muxer-webm: aa71ff27fc2769a1b78a27578f13a17b -> 
  custom:video-decoder-webm-vp8: 9c59270c3fd7afecdb556c50c9e8de78 -> 
  custom:scripting/monoscript/fileName/UpgradeAsset.cs: 5d0ce12d7184a3da40041fc92eb082d8 -> 
  custom:SearchIndexIgnoredProperties: e643bd26f0fe6173181afceb89e7c659 -> 
  custom:scripting/monoscript/fileName/InterstitialAds.cs: 6d333cb1dc24d5ddf3ec91bccefc0773 -> 
  custom:AudioImporter_EditorPlatform: d09bf68614088b80899f8185d706f6e7 -> 
  custom:scripting/monoscript/fileName/Upgrades.cs: efffe4420000c7dff7f2eae57efaf755 -> 
  custom:scripting/monoscript/fileName/MainMenuSceneChange.cs: d4425b768b31a0e779c58ed647aad071 -> 
  custom:scripting/monoscript/fileName/SavesYG.cs: c497cdc187148548f5d9a620311f9dc3 -> 
  custom:video-encoder-webm-vp8: eb34c28f22e8b96e1ab97ce403110664 -> 
  custom:audio-decoder-ogg-vorbis: bf7c407c2cedff20999df2af8eb42d56 -> 
  custom:scripting/monoscript/fileName/IAPHandler.cs: 9c0d60c35c8d51d2451fa8bafe956467 -> 
  custom:scripting/monoscript/fileName/ButtonsRewarded.cs: 07495e688444a91c62dfcd44c138345c -> 
  custom:audio-encoder-webm-vorbis: bf7c407c2cedff20999df2af8eb42d56 -> 
  custom:scripting/monoscript/fileName/PurchaseManager.cs: 7ccb736f003775a5e240eec74b533b6b -> 
  custom:scripting/monoscript/fileName/BuyUpgrade.cs: 7f5deeb882f8c1e3141ce9ef24e50525 -> 
  custom:scripting/precompiled-assembly-types:Assembly-CSharp: 26a63c0ffa7fe8189d13bf8f8d203619 -> b6d5beae70893ec4483681e4771dab9e
========================================================================
Received Prepare
Caller must complete domain reload
Begin MonoManager ReloadAssembly
Symbol file LoadedFromMemory is not a mono symbol file
- Loaded All Assemblies, in  1.003 seconds
Native extension for WindowsStandalone target not found
Native extension for iOS target not found
Native extension for Android target not found
Native extension for WebGL target not found
Asset Pipeline Refresh (id=a2815089fd8ac4347b29c0838fef66cf): Total: 0.000 seconds - Initiated by StopAssetImportingV2(NoUpdateAssetOptions)
[ScriptCompilation] NOT recompiling all scripts because this is an import worker process. Reason to compile was: Define symbols changed
[ScriptCompilation] NOT recompiling all scripts because this is an import worker process. Reason to compile was: Define symbols changed
Mono: successfully reloaded assembly
- Finished resetting the current domain, in  1.688 seconds
Domain Reload Profiling: 2693ms
	BeginReloadAssembly (503ms)
		ExecutionOrderSort (0ms)
		DisableScriptedObjects (8ms)
		BackupInstance (0ms)
		ReleaseScriptingObjects (0ms)
		CreateAndSetChildDomain (48ms)
	RebuildCommonClasses (55ms)
	RebuildNativeTypeToScriptingClass (18ms)
	initialDomainReloadingComplete (39ms)
	LoadAllAssembliesAndSetupDomain (388ms)
		LoadAssemblies (419ms)
		RebuildTransferFunctionScriptingTraits (0ms)
		AnalyzeDomain (61ms)
			TypeCache.Refresh (24ms)
				TypeCache.ScanAssembly (7ms)
			ScanForSourceGeneratedMonoScriptInfo (25ms)
			ResolveRequiredComponents (10ms)
	FinalizeReload (1689ms)
		ReleaseScriptCaches (0ms)
		RebuildScriptCaches (0ms)
		SetupLoadedEditorAssemblies (929ms)
			LogAssemblyErrors (0ms)
			InitializePlatformSupportModulesInManaged (38ms)
			SetLoadedEditorAssemblies (5ms)
			RefreshPlugins (0ms)
			BeforeProcessingInitializeOnLoad (89ms)
			ProcessInitializeOnLoadAttributes (525ms)
			ProcessInitializeOnLoadMethodAttributes (260ms)
			AfterProcessingInitializeOnLoad (11ms)
			EditorAssembliesLoaded (0ms)
		ExecutionOrderSort2 (0ms)
		AwakeInstancesAfterBackupRestoration (13ms)
Refreshing native plugins compatible for Editor in 13.54 ms, found 2 plugins.
Preloading 0 native plugins for Editor in 0.00 ms.
Unloading 3832 Unused Serialized files (Serialized files now loaded: 0)
Unloading 16 unused Assets / (27.6 KB). Loaded Objects now: 4552.
Memory consumption went from 140.1 MB to 140.1 MB.
Total: 9.024500 ms (FindLiveObjects: 0.328700 ms CreateObjectMapping: 0.259000 ms MarkObjects: 8.385900 ms  DeleteObjects: 0.048900 ms)

Prepare: number of updated asset objects reloaded= 0
AssetImportParameters requested are different than current active one (requested -> active):
  custom:scripting/monoscript/fileName/AdsManager.cs: 02def8582910908d167bbb9227855ef4 -> 
  custom:container-demuxer-ogg: 62fdf1f143b41e24485cea50d1cbac27 -> 
  custom:scripting/monoscript/fileName/LevelChangerDOTween.cs: 2ea35b7817de89e3c9bc7fb9c16c14c8 -> 
  custom:scripting/monoscript/fileName/AnalyticsManager.cs: a0ba2baafde2834ba142b7fe92ba996d -> 
  custom:video-decoder-ogg-theora: a1e56fd34408186e4bbccfd4996cb3dc -> 
  custom:scripting/monoscript/fileName/UpgradeShop.cs: 5fad3e7228b2cce1fa928888244f648c -> 
  custom:framework-win-MediaFoundation: 216162199b28c13a410421893ffa2e32 -> 
  custom:scripting/monoscript/fileName/RewardedAds.cs: d66570aae527af9da7222484b8264842 -> 
  custom:scripting/monoscript/fileName/NewBehaviourScript.cs: b21687ddb03d73bd9f0c1daecb9714de -> 
  custom:CustomObjectIndexerAttribute: 9a22284fe3817be447336de3de66b15e -> 
  custom:container-demuxer-webm: 4f35f7cbe854078d1ac9338744f61a02 -> 
  custom:container-muxer-webm: aa71ff27fc2769a1b78a27578f13a17b -> 
  custom:video-decoder-webm-vp8: 9c59270c3fd7afecdb556c50c9e8de78 -> 
  custom:scripting/monoscript/fileName/UpgradeAsset.cs: 5d0ce12d7184a3da40041fc92eb082d8 -> 
  custom:SearchIndexIgnoredProperties: e643bd26f0fe6173181afceb89e7c659 -> 
  custom:scripting/monoscript/fileName/InterstitialAds.cs: 6d333cb1dc24d5ddf3ec91bccefc0773 -> 
  custom:AudioImporter_EditorPlatform: d09bf68614088b80899f8185d706f6e7 -> 
  custom:scripting/monoscript/fileName/Upgrades.cs: efffe4420000c7dff7f2eae57efaf755 -> 
  custom:scripting/monoscript/fileName/MainMenuSceneChange.cs: d4425b768b31a0e779c58ed647aad071 -> 
  custom:scripting/monoscript/fileName/SavesYG.cs: c497cdc187148548f5d9a620311f9dc3 -> 
  custom:video-encoder-webm-vp8: eb34c28f22e8b96e1ab97ce403110664 -> 
  custom:audio-decoder-ogg-vorbis: bf7c407c2cedff20999df2af8eb42d56 -> 
  custom:scripting/monoscript/fileName/IAPHandler.cs: 9c0d60c35c8d51d2451fa8bafe956467 -> 
  custom:scripting/monoscript/fileName/ButtonsRewarded.cs: 07495e688444a91c62dfcd44c138345c -> 
  custom:audio-encoder-webm-vorbis: bf7c407c2cedff20999df2af8eb42d56 -> 
  custom:scripting/monoscript/fileName/PurchaseManager.cs: 7ccb736f003775a5e240eec74b533b6b -> 
  custom:scripting/monoscript/fileName/BuyUpgrade.cs: 7f5deeb882f8c1e3141ce9ef24e50525 -> 
  custom:scripting/precompiled-assembly-types:Assembly-CSharp: 26a63c0ffa7fe8189d13bf8f8d203619 -> b6d5beae70893ec4483681e4771dab9e
========================================================================
Received Prepare
Caller must complete domain reload
Begin MonoManager ReloadAssembly
Symbol file LoadedFromMemory is not a mono symbol file
- Loaded All Assemblies, in  0.917 seconds
Native extension for WindowsStandalone target not found
Native extension for iOS target not found
Native extension for Android target not found
Native extension for WebGL target not found
Asset Pipeline Refresh (id=1ed4a38b87fa8a34c8863ac7f1d1985e): Total: 0.000 seconds - Initiated by StopAssetImportingV2(NoUpdateAssetOptions)
[ScriptCompilation] NOT recompiling all scripts because this is an import worker process. Reason to compile was: Define symbols changed
[ScriptCompilation] NOT recompiling all scripts because this is an import worker process. Reason to compile was: Define symbols changed
Mono: successfully reloaded assembly
- Finished resetting the current domain, in  1.822 seconds
Domain Reload Profiling: 2738ms
	BeginReloadAssembly (523ms)
		ExecutionOrderSort (0ms)
		DisableScriptedObjects (13ms)
		BackupInstance (0ms)
		ReleaseScriptingObjects (0ms)
		CreateAndSetChildDomain (45ms)
	RebuildCommonClasses (42ms)
	RebuildNativeTypeToScriptingClass (14ms)
	initialDomainReloadingComplete (42ms)
	LoadAllAssembliesAndSetupDomain (294ms)
		LoadAssemblies (383ms)
		RebuildTransferFunctionScriptingTraits (0ms)
		AnalyzeDomain (15ms)
			TypeCache.Refresh (6ms)
				TypeCache.ScanAssembly (0ms)
			ScanForSourceGeneratedMonoScriptInfo (0ms)
			ResolveRequiredComponents (7ms)
	FinalizeReload (1822ms)
		ReleaseScriptCaches (0ms)
		RebuildScriptCaches (0ms)
		SetupLoadedEditorAssemblies (1132ms)
			LogAssemblyErrors (0ms)
			InitializePlatformSupportModulesInManaged (66ms)
			SetLoadedEditorAssemblies (6ms)
			RefreshPlugins (0ms)
			BeforeProcessingInitializeOnLoad (142ms)
			ProcessInitializeOnLoadAttributes (642ms)
			ProcessInitializeOnLoadMethodAttributes (267ms)
			AfterProcessingInitializeOnLoad (8ms)
			EditorAssembliesLoaded (1ms)
		ExecutionOrderSort2 (0ms)
		AwakeInstancesAfterBackupRestoration (13ms)
Refreshing native plugins compatible for Editor in 15.65 ms, found 2 plugins.
Preloading 0 native plugins for Editor in 0.00 ms.
Unloading 3832 Unused Serialized files (Serialized files now loaded: 0)
Unloading 16 unused Assets / (27.6 KB). Loaded Objects now: 4555.
Memory consumption went from 140.1 MB to 140.1 MB.
Total: 11.796900 ms (FindLiveObjects: 0.465200 ms CreateObjectMapping: 0.355300 ms MarkObjects: 10.921300 ms  DeleteObjects: 0.053700 ms)

Prepare: number of updated asset objects reloaded= 0
AssetImportParameters requested are different than current active one (requested -> active):
  custom:scripting/monoscript/fileName/AdsManager.cs: 02def8582910908d167bbb9227855ef4 -> 
  custom:container-demuxer-ogg: 62fdf1f143b41e24485cea50d1cbac27 -> 
  custom:scripting/monoscript/fileName/LevelChangerDOTween.cs: 2ea35b7817de89e3c9bc7fb9c16c14c8 -> 
  custom:scripting/monoscript/fileName/AnalyticsManager.cs: a0ba2baafde2834ba142b7fe92ba996d -> 
  custom:video-decoder-ogg-theora: a1e56fd34408186e4bbccfd4996cb3dc -> 
  custom:scripting/monoscript/fileName/UpgradeShop.cs: 5fad3e7228b2cce1fa928888244f648c -> 
  custom:framework-win-MediaFoundation: 216162199b28c13a410421893ffa2e32 -> 
  custom:scripting/monoscript/fileName/RewardedAds.cs: d66570aae527af9da7222484b8264842 -> 
  custom:scripting/monoscript/fileName/NewBehaviourScript.cs: b21687ddb03d73bd9f0c1daecb9714de -> 
  custom:CustomObjectIndexerAttribute: 9a22284fe3817be447336de3de66b15e -> 
  custom:container-demuxer-webm: 4f35f7cbe854078d1ac9338744f61a02 -> 
  custom:container-muxer-webm: aa71ff27fc2769a1b78a27578f13a17b -> 
  custom:video-decoder-webm-vp8: 9c59270c3fd7afecdb556c50c9e8de78 -> 
  custom:scripting/monoscript/fileName/UpgradeAsset.cs: 5d0ce12d7184a3da40041fc92eb082d8 -> 
  custom:SearchIndexIgnoredProperties: e643bd26f0fe6173181afceb89e7c659 -> 
  custom:scripting/monoscript/fileName/InterstitialAds.cs: 6d333cb1dc24d5ddf3ec91bccefc0773 -> 
  custom:AudioImporter_EditorPlatform: d09bf68614088b80899f8185d706f6e7 -> 
  custom:scripting/monoscript/fileName/Upgrades.cs: efffe4420000c7dff7f2eae57efaf755 -> 
  custom:scripting/monoscript/fileName/MainMenuSceneChange.cs: d4425b768b31a0e779c58ed647aad071 -> 
  custom:scripting/monoscript/fileName/SavesYG.cs: c497cdc187148548f5d9a620311f9dc3 -> 
  custom:video-encoder-webm-vp8: eb34c28f22e8b96e1ab97ce403110664 -> 
  custom:audio-decoder-ogg-vorbis: bf7c407c2cedff20999df2af8eb42d56 -> 
  custom:scripting/monoscript/fileName/IAPHandler.cs: 9c0d60c35c8d51d2451fa8bafe956467 -> 
  custom:scripting/monoscript/fileName/ButtonsRewarded.cs: 07495e688444a91c62dfcd44c138345c -> 
  custom:audio-encoder-webm-vorbis: bf7c407c2cedff20999df2af8eb42d56 -> 
  custom:scripting/monoscript/fileName/PurchaseManager.cs: 7ccb736f003775a5e240eec74b533b6b -> 
  custom:scripting/monoscript/fileName/BuyUpgrade.cs: 7f5deeb882f8c1e3141ce9ef24e50525 -> 
  custom:scripting/precompiled-assembly-types:Assembly-CSharp: 26a63c0ffa7fe8189d13bf8f8d203619 -> b6d5beae70893ec4483681e4771dab9e
========================================================================
Received Prepare
Caller must complete domain reload
Begin MonoManager ReloadAssembly
Symbol file LoadedFromMemory is not a mono symbol file
- Loaded All Assemblies, in  0.894 seconds
Native extension for WindowsStandalone target not found
Native extension for iOS target not found
Native extension for Android target not found
Native extension for WebGL target not found
Asset Pipeline Refresh (id=f5ed6e7d7097a244c95b0a331198a058): Total: 0.000 seconds - Initiated by StopAssetImportingV2(NoUpdateAssetOptions)
[ScriptCompilation] NOT recompiling all scripts because this is an import worker process. Reason to compile was: Define symbols changed
[ScriptCompilation] NOT recompiling all scripts because this is an import worker process. Reason to compile was: Define symbols changed
Mono: successfully reloaded assembly
- Finished resetting the current domain, in  2.122 seconds
Domain Reload Profiling: 3014ms
	BeginReloadAssembly (497ms)
		ExecutionOrderSort (0ms)
		DisableScriptedObjects (7ms)
		BackupInstance (0ms)
		ReleaseScriptingObjects (0ms)
		CreateAndSetChildDomain (47ms)
	RebuildCommonClasses (40ms)
	RebuildNativeTypeToScriptingClass (13ms)
	initialDomainReloadingComplete (38ms)
	LoadAllAssembliesAndSetupDomain (303ms)
		LoadAssemblies (385ms)
		RebuildTransferFunctionScriptingTraits (0ms)
		AnalyzeDomain (15ms)
			TypeCache.Refresh (8ms)
				TypeCache.ScanAssembly (0ms)
			ScanForSourceGeneratedMonoScriptInfo (0ms)
			ResolveRequiredComponents (6ms)
	FinalizeReload (2123ms)
		ReleaseScriptCaches (0ms)
		RebuildScriptCaches (0ms)
		SetupLoadedEditorAssemblies (1469ms)
			LogAssemblyErrors (0ms)
			InitializePlatformSupportModulesInManaged (46ms)
			SetLoadedEditorAssemblies (6ms)
			RefreshPlugins (0ms)
			BeforeProcessingInitializeOnLoad (111ms)
			ProcessInitializeOnLoadAttributes (855ms)
			ProcessInitializeOnLoadMethodAttributes (443ms)
			AfterProcessingInitializeOnLoad (7ms)
			EditorAssembliesLoaded (0ms)
		ExecutionOrderSort2 (0ms)
		AwakeInstancesAfterBackupRestoration (17ms)
Refreshing native plugins compatible for Editor in 17.54 ms, found 2 plugins.
Preloading 0 native plugins for Editor in 0.00 ms.
Unloading 3832 Unused Serialized files (Serialized files now loaded: 0)
Unloading 16 unused Assets / (27.7 KB). Loaded Objects now: 4558.
Memory consumption went from 140.1 MB to 140.1 MB.
Total: 11.869500 ms (FindLiveObjects: 1.012000 ms CreateObjectMapping: 0.498800 ms MarkObjects: 10.288800 ms  DeleteObjects: 0.068500 ms)

Prepare: number of updated asset objects reloaded= 0
AssetImportParameters requested are different than current active one (requested -> active):
  custom:scripting/monoscript/fileName/AdsManager.cs: 02def8582910908d167bbb9227855ef4 -> 
  custom:container-demuxer-ogg: 62fdf1f143b41e24485cea50d1cbac27 -> 
  custom:scripting/monoscript/fileName/LevelChangerDOTween.cs: 2ea35b7817de89e3c9bc7fb9c16c14c8 -> 
  custom:scripting/monoscript/fileName/AnalyticsManager.cs: a0ba2baafde2834ba142b7fe92ba996d -> 
  custom:video-decoder-ogg-theora: a1e56fd34408186e4bbccfd4996cb3dc -> 
  custom:scripting/monoscript/fileName/UpgradeShop.cs: 5fad3e7228b2cce1fa928888244f648c -> 
  custom:framework-win-MediaFoundation: 216162199b28c13a410421893ffa2e32 -> 
  custom:scripting/monoscript/fileName/RewardedAds.cs: d66570aae527af9da7222484b8264842 -> 
  custom:scripting/monoscript/fileName/NewBehaviourScript.cs: b21687ddb03d73bd9f0c1daecb9714de -> 
  custom:CustomObjectIndexerAttribute: 9a22284fe3817be447336de3de66b15e -> 
  custom:container-demuxer-webm: 4f35f7cbe854078d1ac9338744f61a02 -> 
  custom:container-muxer-webm: aa71ff27fc2769a1b78a27578f13a17b -> 
  custom:video-decoder-webm-vp8: 9c59270c3fd7afecdb556c50c9e8de78 -> 
  custom:scripting/monoscript/fileName/UpgradeAsset.cs: 5d0ce12d7184a3da40041fc92eb082d8 -> 
  custom:SearchIndexIgnoredProperties: e643bd26f0fe6173181afceb89e7c659 -> 
  custom:scripting/monoscript/fileName/InterstitialAds.cs: 6d333cb1dc24d5ddf3ec91bccefc0773 -> 
  custom:AudioImporter_EditorPlatform: d09bf68614088b80899f8185d706f6e7 -> 
  custom:scripting/monoscript/fileName/Upgrades.cs: efffe4420000c7dff7f2eae57efaf755 -> 
  custom:scripting/monoscript/fileName/MainMenuSceneChange.cs: d4425b768b31a0e779c58ed647aad071 -> 
  custom:scripting/monoscript/fileName/SavesYG.cs: c497cdc187148548f5d9a620311f9dc3 -> 
  custom:video-encoder-webm-vp8: eb34c28f22e8b96e1ab97ce403110664 -> 
  custom:audio-decoder-ogg-vorbis: bf7c407c2cedff20999df2af8eb42d56 -> 
  custom:scripting/monoscript/fileName/IAPHandler.cs: 9c0d60c35c8d51d2451fa8bafe956467 -> 
  custom:scripting/monoscript/fileName/ButtonsRewarded.cs: 07495e688444a91c62dfcd44c138345c -> 
  custom:audio-encoder-webm-vorbis: bf7c407c2cedff20999df2af8eb42d56 -> 
  custom:scripting/monoscript/fileName/PurchaseManager.cs: 7ccb736f003775a5e240eec74b533b6b -> 
  custom:scripting/monoscript/fileName/BuyUpgrade.cs: 7f5deeb882f8c1e3141ce9ef24e50525 -> 
  custom:scripting/precompiled-assembly-types:Assembly-CSharp: 26a63c0ffa7fe8189d13bf8f8d203619 -> b6d5beae70893ec4483681e4771dab9e
========================================================================
Received Prepare
Caller must complete domain reload
Begin MonoManager ReloadAssembly
Symbol file LoadedFromMemory is not a mono symbol file
- Loaded All Assemblies, in  3.073 seconds
Native extension for WindowsStandalone target not found
Native extension for iOS target not found
Native extension for Android target not found
Native extension for WebGL target not found
Asset Pipeline Refresh (id=0a2f4658eec4d3643a093d461013c7d5): Total: 0.000 seconds - Initiated by StopAssetImportingV2(NoUpdateAssetOptions)
[ScriptCompilation] NOT recompiling all scripts because this is an import worker process. Reason to compile was: Define symbols changed
[ScriptCompilation] NOT recompiling all scripts because this is an import worker process. Reason to compile was: Define symbols changed
Mono: successfully reloaded assembly
- Finished resetting the current domain, in  3.777 seconds
Domain Reload Profiling: 6848ms
	BeginReloadAssembly (1595ms)
		ExecutionOrderSort (0ms)
		DisableScriptedObjects (14ms)
		BackupInstance (0ms)
		ReleaseScriptingObjects (0ms)
		CreateAndSetChildDomain (103ms)
	RebuildCommonClasses (412ms)
	RebuildNativeTypeToScriptingClass (93ms)
	initialDomainReloadingComplete (96ms)
	LoadAllAssembliesAndSetupDomain (873ms)
		LoadAssemblies (1135ms)
		RebuildTransferFunctionScriptingTraits (0ms)
		AnalyzeDomain (36ms)
			TypeCache.Refresh (12ms)
				TypeCache.ScanAssembly (0ms)
			ScanForSourceGeneratedMonoScriptInfo (1ms)
			ResolveRequiredComponents (21ms)
	FinalizeReload (3779ms)
		ReleaseScriptCaches (0ms)
		RebuildScriptCaches (0ms)
		SetupLoadedEditorAssemblies (2129ms)
			LogAssemblyErrors (0ms)
			InitializePlatformSupportModulesInManaged (103ms)
			SetLoadedEditorAssemblies (17ms)
			RefreshPlugins (0ms)
			BeforeProcessingInitializeOnLoad (209ms)
			ProcessInitializeOnLoadAttributes (1200ms)
			ProcessInitializeOnLoadMethodAttributes (584ms)
			AfterProcessingInitializeOnLoad (16ms)
			EditorAssembliesLoaded (1ms)
		ExecutionOrderSort2 (0ms)
		AwakeInstancesAfterBackupRestoration (24ms)
Refreshing native plugins compatible for Editor in 43.99 ms, found 2 plugins.
Preloading 0 native plugins for Editor in 0.00 ms.
Unloading 3832 Unused Serialized files (Serialized files now loaded: 0)
Unloading 16 unused Assets / (27.6 KB). Loaded Objects now: 4561.
Memory consumption went from 140.1 MB to 140.1 MB.
Total: 24.328600 ms (FindLiveObjects: 0.461000 ms CreateObjectMapping: 0.412500 ms MarkObjects: 23.382600 ms  DeleteObjects: 0.066000 ms)

Prepare: number of updated asset objects reloaded= 0
AssetImportParameters requested are different than current active one (requested -> active):
  custom:scripting/monoscript/fileName/AdsManager.cs: 02def8582910908d167bbb9227855ef4 -> 
  custom:container-demuxer-ogg: 62fdf1f143b41e24485cea50d1cbac27 -> 
  custom:scripting/monoscript/fileName/LevelChangerDOTween.cs: 2ea35b7817de89e3c9bc7fb9c16c14c8 -> 
  custom:scripting/monoscript/fileName/AnalyticsManager.cs: a0ba2baafde2834ba142b7fe92ba996d -> 
  custom:video-decoder-ogg-theora: a1e56fd34408186e4bbccfd4996cb3dc -> 
  custom:scripting/monoscript/fileName/UpgradeShop.cs: 5fad3e7228b2cce1fa928888244f648c -> 
  custom:framework-win-MediaFoundation: 216162199b28c13a410421893ffa2e32 -> 
  custom:scripting/monoscript/fileName/RewardedAds.cs: d66570aae527af9da7222484b8264842 -> 
  custom:scripting/monoscript/fileName/NewBehaviourScript.cs: b21687ddb03d73bd9f0c1daecb9714de -> 
  custom:CustomObjectIndexerAttribute: 9a22284fe3817be447336de3de66b15e -> 
  custom:container-demuxer-webm: 4f35f7cbe854078d1ac9338744f61a02 -> 
  custom:container-muxer-webm: aa71ff27fc2769a1b78a27578f13a17b -> 
  custom:video-decoder-webm-vp8: 9c59270c3fd7afecdb556c50c9e8de78 -> 
  custom:scripting/monoscript/fileName/UpgradeAsset.cs: 5d0ce12d7184a3da40041fc92eb082d8 -> 
  custom:SearchIndexIgnoredProperties: e643bd26f0fe6173181afceb89e7c659 -> 
  custom:scripting/monoscript/fileName/InterstitialAds.cs: 6d333cb1dc24d5ddf3ec91bccefc0773 -> 
  custom:AudioImporter_EditorPlatform: d09bf68614088b80899f8185d706f6e7 -> 
  custom:scripting/monoscript/fileName/Upgrades.cs: efffe4420000c7dff7f2eae57efaf755 -> 
  custom:scripting/monoscript/fileName/MainMenuSceneChange.cs: d4425b768b31a0e779c58ed647aad071 -> 
  custom:scripting/monoscript/fileName/SavesYG.cs: c497cdc187148548f5d9a620311f9dc3 -> 
  custom:video-encoder-webm-vp8: eb34c28f22e8b96e1ab97ce403110664 -> 
  custom:audio-decoder-ogg-vorbis: bf7c407c2cedff20999df2af8eb42d56 -> 
  custom:scripting/monoscript/fileName/IAPHandler.cs: 9c0d60c35c8d51d2451fa8bafe956467 -> 
  custom:scripting/monoscript/fileName/ButtonsRewarded.cs: 07495e688444a91c62dfcd44c138345c -> 
  custom:audio-encoder-webm-vorbis: bf7c407c2cedff20999df2af8eb42d56 -> 
  custom:scripting/monoscript/fileName/PurchaseManager.cs: 7ccb736f003775a5e240eec74b533b6b -> 
  custom:scripting/monoscript/fileName/BuyUpgrade.cs: 7f5deeb882f8c1e3141ce9ef24e50525 -> 
  custom:scripting/precompiled-assembly-types:Assembly-CSharp: 26a63c0ffa7fe8189d13bf8f8d203619 -> b6d5beae70893ec4483681e4771dab9e
========================================================================
Received Prepare
Caller must complete domain reload
Begin MonoManager ReloadAssembly
Symbol file LoadedFromMemory is not a mono symbol file
- Loaded All Assemblies, in  1.606 seconds
Native extension for WindowsStandalone target not found
Native extension for iOS target not found
Native extension for Android target not found
Native extension for WebGL target not found
Asset Pipeline Refresh (id=2bfbefedce4ffd0459e151c3887238b4): Total: 0.000 seconds - Initiated by StopAssetImportingV2(NoUpdateAssetOptions)
[ScriptCompilation] NOT recompiling all scripts because this is an import worker process. Reason to compile was: Define symbols changed
[ScriptCompilation] NOT recompiling all scripts because this is an import worker process. Reason to compile was: Define symbols changed
Mono: successfully reloaded assembly
- Finished resetting the current domain, in  3.146 seconds
Domain Reload Profiling: 4750ms
	BeginReloadAssembly (896ms)
		ExecutionOrderSort (0ms)
		DisableScriptedObjects (13ms)
		BackupInstance (0ms)
		ReleaseScriptingObjects (0ms)
		CreateAndSetChildDomain (55ms)
	RebuildCommonClasses (84ms)
	RebuildNativeTypeToScriptingClass (29ms)
	initialDomainReloadingComplete (54ms)
	LoadAllAssembliesAndSetupDomain (540ms)
		LoadAssemblies (730ms)
		RebuildTransferFunctionScriptingTraits (0ms)
		AnalyzeDomain (22ms)
			TypeCache.Refresh (11ms)
				TypeCache.ScanAssembly (0ms)
			ScanForSourceGeneratedMonoScriptInfo (1ms)
			ResolveRequiredComponents (9ms)
	FinalizeReload (3147ms)
		ReleaseScriptCaches (0ms)
		RebuildScriptCaches (0ms)
		SetupLoadedEditorAssemblies (1658ms)
			LogAssemblyErrors (0ms)
			InitializePlatformSupportModulesInManaged (85ms)
			SetLoadedEditorAssemblies (10ms)
			RefreshPlugins (0ms)
			BeforeProcessingInitializeOnLoad (129ms)
			ProcessInitializeOnLoadAttributes (792ms)
			ProcessInitializeOnLoadMethodAttributes (616ms)
			AfterProcessingInitializeOnLoad (24ms)
			EditorAssembliesLoaded (2ms)
		ExecutionOrderSort2 (0ms)
		AwakeInstancesAfterBackupRestoration (35ms)
Refreshing native plugins compatible for Editor in 40.26 ms, found 2 plugins.
Preloading 0 native plugins for Editor in 0.00 ms.
Unloading 3832 Unused Serialized files (Serialized files now loaded: 0)
Unloading 16 unused Assets / (27.6 KB). Loaded Objects now: 4564.
Memory consumption went from 140.1 MB to 140.1 MB.
Total: 16.200100 ms (FindLiveObjects: 0.447600 ms CreateObjectMapping: 0.423000 ms MarkObjects: 15.245400 ms  DeleteObjects: 0.082200 ms)

Prepare: number of updated asset objects reloaded= 0
AssetImportParameters requested are different than current active one (requested -> active):
  custom:scripting/monoscript/fileName/AdsManager.cs: 02def8582910908d167bbb9227855ef4 -> 
  custom:container-demuxer-ogg: 62fdf1f143b41e24485cea50d1cbac27 -> 
  custom:scripting/monoscript/fileName/LevelChangerDOTween.cs: 2ea35b7817de89e3c9bc7fb9c16c14c8 -> 
  custom:scripting/monoscript/fileName/AnalyticsManager.cs: a0ba2baafde2834ba142b7fe92ba996d -> 
  custom:video-decoder-ogg-theora: a1e56fd34408186e4bbccfd4996cb3dc -> 
  custom:scripting/monoscript/fileName/UpgradeShop.cs: 5fad3e7228b2cce1fa928888244f648c -> 
  custom:framework-win-MediaFoundation: 216162199b28c13a410421893ffa2e32 -> 
  custom:scripting/monoscript/fileName/RewardedAds.cs: d66570aae527af9da7222484b8264842 -> 
  custom:scripting/monoscript/fileName/NewBehaviourScript.cs: b21687ddb03d73bd9f0c1daecb9714de -> 
  custom:CustomObjectIndexerAttribute: 9a22284fe3817be447336de3de66b15e -> 
  custom:container-demuxer-webm: 4f35f7cbe854078d1ac9338744f61a02 -> 
  custom:container-muxer-webm: aa71ff27fc2769a1b78a27578f13a17b -> 
  custom:video-decoder-webm-vp8: 9c59270c3fd7afecdb556c50c9e8de78 -> 
  custom:scripting/monoscript/fileName/UpgradeAsset.cs: 5d0ce12d7184a3da40041fc92eb082d8 -> 
  custom:SearchIndexIgnoredProperties: e643bd26f0fe6173181afceb89e7c659 -> 
  custom:scripting/monoscript/fileName/InterstitialAds.cs: 6d333cb1dc24d5ddf3ec91bccefc0773 -> 
  custom:AudioImporter_EditorPlatform: d09bf68614088b80899f8185d706f6e7 -> 
  custom:scripting/monoscript/fileName/Upgrades.cs: efffe4420000c7dff7f2eae57efaf755 -> 
  custom:scripting/monoscript/fileName/MainMenuSceneChange.cs: d4425b768b31a0e779c58ed647aad071 -> 
  custom:scripting/monoscript/fileName/SavesYG.cs: c497cdc187148548f5d9a620311f9dc3 -> 
  custom:video-encoder-webm-vp8: eb34c28f22e8b96e1ab97ce403110664 -> 
  custom:audio-decoder-ogg-vorbis: bf7c407c2cedff20999df2af8eb42d56 -> 
  custom:scripting/monoscript/fileName/IAPHandler.cs: 9c0d60c35c8d51d2451fa8bafe956467 -> 
  custom:scripting/monoscript/fileName/ButtonsRewarded.cs: 07495e688444a91c62dfcd44c138345c -> 
  custom:audio-encoder-webm-vorbis: bf7c407c2cedff20999df2af8eb42d56 -> 
  custom:scripting/monoscript/fileName/PurchaseManager.cs: 7ccb736f003775a5e240eec74b533b6b -> 
  custom:scripting/monoscript/fileName/BuyUpgrade.cs: 7f5deeb882f8c1e3141ce9ef24e50525 -> 
  custom:scripting/precompiled-assembly-types:Assembly-CSharp: 26a63c0ffa7fe8189d13bf8f8d203619 -> b6d5beae70893ec4483681e4771dab9e
========================================================================
Received Prepare
Caller must complete domain reload
Begin MonoManager ReloadAssembly
Symbol file LoadedFromMemory is not a mono symbol file
- Loaded All Assemblies, in  1.294 seconds
Native extension for WindowsStandalone target not found
Native extension for iOS target not found
Native extension for Android target not found
Native extension for WebGL target not found
Asset Pipeline Refresh (id=4a185ca58f0f42d4291d2c4a98add78f): Total: 0.000 seconds - Initiated by StopAssetImportingV2(NoUpdateAssetOptions)
[ScriptCompilation] NOT recompiling all scripts because this is an import worker process. Reason to compile was: Define symbols changed
[ScriptCompilation] NOT recompiling all scripts because this is an import worker process. Reason to compile was: Define symbols changed
Mono: successfully reloaded assembly
- Finished resetting the current domain, in  2.475 seconds
Domain Reload Profiling: 3763ms
	BeginReloadAssembly (705ms)
		ExecutionOrderSort (0ms)
		DisableScriptedObjects (10ms)
		BackupInstance (0ms)
		ReleaseScriptingObjects (0ms)
		CreateAndSetChildDomain (55ms)
	RebuildCommonClasses (66ms)
	RebuildNativeTypeToScriptingClass (32ms)
	initialDomainReloadingComplete (53ms)
	LoadAllAssembliesAndSetupDomain (432ms)
		LoadAssemblies (558ms)
		RebuildTransferFunctionScriptingTraits (0ms)
		AnalyzeDomain (20ms)
			TypeCache.Refresh (9ms)
				TypeCache.ScanAssembly (0ms)
			ScanForSourceGeneratedMonoScriptInfo (0ms)
			ResolveRequiredComponents (10ms)
	FinalizeReload (2476ms)
		ReleaseScriptCaches (0ms)
		RebuildScriptCaches (0ms)
		SetupLoadedEditorAssemblies (1518ms)
			LogAssemblyErrors (0ms)
			InitializePlatformSupportModulesInManaged (61ms)
			SetLoadedEditorAssemblies (5ms)
			RefreshPlugins (0ms)
			BeforeProcessingInitializeOnLoad (143ms)
			ProcessInitializeOnLoadAttributes (912ms)
			ProcessInitializeOnLoadMethodAttributes (381ms)
			AfterProcessingInitializeOnLoad (15ms)
			EditorAssembliesLoaded (1ms)
		ExecutionOrderSort2 (0ms)
		AwakeInstancesAfterBackupRestoration (19ms)
Refreshing native plugins compatible for Editor in 29.73 ms, found 2 plugins.
Preloading 0 native plugins for Editor in 0.00 ms.
Unloading 3832 Unused Serialized files (Serialized files now loaded: 0)
Unloading 16 unused Assets / (27.6 KB). Loaded Objects now: 4567.
Memory consumption went from 140.1 MB to 140.1 MB.
Total: 11.893300 ms (FindLiveObjects: 0.468600 ms CreateObjectMapping: 0.386900 ms MarkObjects: 10.970000 ms  DeleteObjects: 0.066500 ms)

Prepare: number of updated asset objects reloaded= 0
AssetImportParameters requested are different than current active one (requested -> active):
  custom:scripting/monoscript/fileName/AdsManager.cs: 02def8582910908d167bbb9227855ef4 -> 
  custom:container-demuxer-ogg: 62fdf1f143b41e24485cea50d1cbac27 -> 
  custom:scripting/monoscript/fileName/LevelChangerDOTween.cs: 2ea35b7817de89e3c9bc7fb9c16c14c8 -> 
  custom:scripting/monoscript/fileName/AnalyticsManager.cs: a0ba2baafde2834ba142b7fe92ba996d -> 
  custom:video-decoder-ogg-theora: a1e56fd34408186e4bbccfd4996cb3dc -> 
  custom:scripting/monoscript/fileName/UpgradeShop.cs: 5fad3e7228b2cce1fa928888244f648c -> 
  custom:framework-win-MediaFoundation: 216162199b28c13a410421893ffa2e32 -> 
  custom:scripting/monoscript/fileName/RewardedAds.cs: d66570aae527af9da7222484b8264842 -> 
  custom:scripting/monoscript/fileName/NewBehaviourScript.cs: b21687ddb03d73bd9f0c1daecb9714de -> 
  custom:CustomObjectIndexerAttribute: 9a22284fe3817be447336de3de66b15e -> 
  custom:container-demuxer-webm: 4f35f7cbe854078d1ac9338744f61a02 -> 
  custom:container-muxer-webm: aa71ff27fc2769a1b78a27578f13a17b -> 
  custom:video-decoder-webm-vp8: 9c59270c3fd7afecdb556c50c9e8de78 -> 
  custom:scripting/monoscript/fileName/UpgradeAsset.cs: 5d0ce12d7184a3da40041fc92eb082d8 -> 
  custom:SearchIndexIgnoredProperties: e643bd26f0fe6173181afceb89e7c659 -> 
  custom:scripting/monoscript/fileName/InterstitialAds.cs: 6d333cb1dc24d5ddf3ec91bccefc0773 -> 
  custom:AudioImporter_EditorPlatform: d09bf68614088b80899f8185d706f6e7 -> 
  custom:scripting/monoscript/fileName/Upgrades.cs: efffe4420000c7dff7f2eae57efaf755 -> 
  custom:scripting/monoscript/fileName/MainMenuSceneChange.cs: d4425b768b31a0e779c58ed647aad071 -> 
  custom:scripting/monoscript/fileName/SavesYG.cs: c497cdc187148548f5d9a620311f9dc3 -> 
  custom:video-encoder-webm-vp8: eb34c28f22e8b96e1ab97ce403110664 -> 
  custom:audio-decoder-ogg-vorbis: bf7c407c2cedff20999df2af8eb42d56 -> 
  custom:scripting/monoscript/fileName/IAPHandler.cs: 9c0d60c35c8d51d2451fa8bafe956467 -> 
  custom:scripting/monoscript/fileName/ButtonsRewarded.cs: 07495e688444a91c62dfcd44c138345c -> 
  custom:audio-encoder-webm-vorbis: bf7c407c2cedff20999df2af8eb42d56 -> 
  custom:scripting/monoscript/fileName/PurchaseManager.cs: 7ccb736f003775a5e240eec74b533b6b -> 
  custom:scripting/monoscript/fileName/BuyUpgrade.cs: 7f5deeb882f8c1e3141ce9ef24e50525 -> 
  custom:scripting/precompiled-assembly-types:Assembly-CSharp: 26a63c0ffa7fe8189d13bf8f8d203619 -> b6d5beae70893ec4483681e4771dab9e
========================================================================
Received Prepare
Caller must complete domain reload
Begin MonoManager ReloadAssembly
Symbol file LoadedFromMemory is not a mono symbol file
- Loaded All Assemblies, in  1.328 seconds
Native extension for WindowsStandalone target not found
Native extension for iOS target not found
Native extension for Android target not found
Native extension for WebGL target not found
Asset Pipeline Refresh (id=ea331f3c2ab606445812b39a9e7fdad9): Total: 0.000 seconds - Initiated by StopAssetImportingV2(NoUpdateAssetOptions)
[ScriptCompilation] NOT recompiling all scripts because this is an import worker process. Reason to compile was: Define symbols changed
[ScriptCompilation] NOT recompiling all scripts because this is an import worker process. Reason to compile was: Define symbols changed
Mono: successfully reloaded assembly
- Finished resetting the current domain, in  2.332 seconds
Domain Reload Profiling: 3659ms
	BeginReloadAssembly (735ms)
		ExecutionOrderSort (0ms)
		DisableScriptedObjects (12ms)
		BackupInstance (0ms)
		ReleaseScriptingObjects (0ms)
		CreateAndSetChildDomain (75ms)
	RebuildCommonClasses (68ms)
	RebuildNativeTypeToScriptingClass (23ms)
	initialDomainReloadingComplete (60ms)
	LoadAllAssembliesAndSetupDomain (439ms)
		LoadAssemblies (572ms)
		RebuildTransferFunctionScriptingTraits (0ms)
		AnalyzeDomain (22ms)
			TypeCache.Refresh (11ms)
				TypeCache.ScanAssembly (0ms)
			ScanForSourceGeneratedMonoScriptInfo (0ms)
			ResolveRequiredComponents (9ms)
	FinalizeReload (2334ms)
		ReleaseScriptCaches (0ms)
		RebuildScriptCaches (0ms)
		SetupLoadedEditorAssemblies (1367ms)
			LogAssemblyErrors (0ms)
			InitializePlatformSupportModulesInManaged (76ms)
			SetLoadedEditorAssemblies (6ms)
			RefreshPlugins (0ms)
			BeforeProcessingInitializeOnLoad (142ms)
			ProcessInitializeOnLoadAttributes (734ms)
			ProcessInitializeOnLoadMethodAttributes (399ms)
			AfterProcessingInitializeOnLoad (9ms)
			EditorAssembliesLoaded (0ms)
		ExecutionOrderSort2 (0ms)
		AwakeInstancesAfterBackupRestoration (22ms)
Refreshing native plugins compatible for Editor in 30.93 ms, found 2 plugins.
Preloading 0 native plugins for Editor in 0.00 ms.
Unloading 3832 Unused Serialized files (Serialized files now loaded: 0)
Unloading 16 unused Assets / (27.6 KB). Loaded Objects now: 4570.
Memory consumption went from 140.1 MB to 140.1 MB.
Total: 18.933100 ms (FindLiveObjects: 0.446900 ms CreateObjectMapping: 0.481400 ms MarkObjects: 17.904700 ms  DeleteObjects: 0.098200 ms)

Prepare: number of updated asset objects reloaded= 0
AssetImportParameters requested are different than current active one (requested -> active):
  custom:scripting/monoscript/fileName/AdsManager.cs: 02def8582910908d167bbb9227855ef4 -> 
  custom:container-demuxer-ogg: 62fdf1f143b41e24485cea50d1cbac27 -> 
  custom:scripting/monoscript/fileName/LevelChangerDOTween.cs: 2ea35b7817de89e3c9bc7fb9c16c14c8 -> 
  custom:scripting/monoscript/fileName/AnalyticsManager.cs: a0ba2baafde2834ba142b7fe92ba996d -> 
  custom:video-decoder-ogg-theora: a1e56fd34408186e4bbccfd4996cb3dc -> 
  custom:scripting/monoscript/fileName/UpgradeShop.cs: 5fad3e7228b2cce1fa928888244f648c -> 
  custom:framework-win-MediaFoundation: 216162199b28c13a410421893ffa2e32 -> 
  custom:scripting/monoscript/fileName/RewardedAds.cs: d66570aae527af9da7222484b8264842 -> 
  custom:scripting/monoscript/fileName/NewBehaviourScript.cs: b21687ddb03d73bd9f0c1daecb9714de -> 
  custom:CustomObjectIndexerAttribute: 9a22284fe3817be447336de3de66b15e -> 
  custom:container-demuxer-webm: 4f35f7cbe854078d1ac9338744f61a02 -> 
  custom:container-muxer-webm: aa71ff27fc2769a1b78a27578f13a17b -> 
  custom:video-decoder-webm-vp8: 9c59270c3fd7afecdb556c50c9e8de78 -> 
  custom:scripting/monoscript/fileName/UpgradeAsset.cs: 5d0ce12d7184a3da40041fc92eb082d8 -> 
  custom:SearchIndexIgnoredProperties: e643bd26f0fe6173181afceb89e7c659 -> 
  custom:scripting/monoscript/fileName/InterstitialAds.cs: 6d333cb1dc24d5ddf3ec91bccefc0773 -> 
  custom:AudioImporter_EditorPlatform: d09bf68614088b80899f8185d706f6e7 -> 
  custom:scripting/monoscript/fileName/Upgrades.cs: efffe4420000c7dff7f2eae57efaf755 -> 
  custom:scripting/monoscript/fileName/MainMenuSceneChange.cs: d4425b768b31a0e779c58ed647aad071 -> 
  custom:scripting/monoscript/fileName/SavesYG.cs: c497cdc187148548f5d9a620311f9dc3 -> 
  custom:video-encoder-webm-vp8: eb34c28f22e8b96e1ab97ce403110664 -> 
  custom:audio-decoder-ogg-vorbis: bf7c407c2cedff20999df2af8eb42d56 -> 
  custom:scripting/monoscript/fileName/IAPHandler.cs: 9c0d60c35c8d51d2451fa8bafe956467 -> 
  custom:scripting/monoscript/fileName/ButtonsRewarded.cs: 07495e688444a91c62dfcd44c138345c -> 
  custom:audio-encoder-webm-vorbis: bf7c407c2cedff20999df2af8eb42d56 -> 
  custom:scripting/monoscript/fileName/PurchaseManager.cs: 7ccb736f003775a5e240eec74b533b6b -> 
  custom:scripting/monoscript/fileName/BuyUpgrade.cs: 7f5deeb882f8c1e3141ce9ef24e50525 -> 
  custom:scripting/precompiled-assembly-types:Assembly-CSharp: 26a63c0ffa7fe8189d13bf8f8d203619 -> b6d5beae70893ec4483681e4771dab9e
========================================================================
Received Prepare
Caller must complete domain reload
Begin MonoManager ReloadAssembly
Symbol file LoadedFromMemory is not a mono symbol file
- Loaded All Assemblies, in  1.528 seconds
Native extension for WindowsStandalone target not found
Native extension for iOS target not found
Native extension for Android target not found
Native extension for WebGL target not found
Asset Pipeline Refresh (id=c5db486392c835845b140e6c64092cd9): Total: 0.000 seconds - Initiated by StopAssetImportingV2(NoUpdateAssetOptions)
[ScriptCompilation] NOT recompiling all scripts because this is an import worker process. Reason to compile was: Define symbols changed
[ScriptCompilation] NOT recompiling all scripts because this is an import worker process. Reason to compile was: Define symbols changed
Mono: successfully reloaded assembly
- Finished resetting the current domain, in  3.253 seconds
Domain Reload Profiling: 4775ms
	BeginReloadAssembly (883ms)
		ExecutionOrderSort (0ms)
		DisableScriptedObjects (23ms)
		BackupInstance (0ms)
		ReleaseScriptingObjects (0ms)
		CreateAndSetChildDomain (72ms)
	RebuildCommonClasses (70ms)
	RebuildNativeTypeToScriptingClass (24ms)
	initialDomainReloadingComplete (83ms)
	LoadAllAssembliesAndSetupDomain (462ms)
		LoadAssemblies (599ms)
		RebuildTransferFunctionScriptingTraits (0ms)
		AnalyzeDomain (26ms)
			TypeCache.Refresh (12ms)
				TypeCache.ScanAssembly (0ms)
			ScanForSourceGeneratedMonoScriptInfo (0ms)
			ResolveRequiredComponents (12ms)
	FinalizeReload (3254ms)
		ReleaseScriptCaches (0ms)
		RebuildScriptCaches (0ms)
		SetupLoadedEditorAssemblies (1947ms)
			LogAssemblyErrors (0ms)
			InitializePlatformSupportModulesInManaged (74ms)
			SetLoadedEditorAssemblies (10ms)
			RefreshPlugins (0ms)
			BeforeProcessingInitializeOnLoad (209ms)
			ProcessInitializeOnLoadAttributes (986ms)
			ProcessInitializeOnLoadMethodAttributes (651ms)
			AfterProcessingInitializeOnLoad (16ms)
			EditorAssembliesLoaded (1ms)
		ExecutionOrderSort2 (0ms)
		AwakeInstancesAfterBackupRestoration (21ms)
Refreshing native plugins compatible for Editor in 27.22 ms, found 2 plugins.
Preloading 0 native plugins for Editor in 0.00 ms.
Unloading 3832 Unused Serialized files (Serialized files now loaded: 0)
Unloading 16 unused Assets / (27.6 KB). Loaded Objects now: 4573.
Memory consumption went from 140.1 MB to 140.1 MB.
Total: 37.339700 ms (FindLiveObjects: 0.733200 ms CreateObjectMapping: 0.461300 ms MarkObjects: 36.078300 ms  DeleteObjects: 0.065100 ms)

Prepare: number of updated asset objects reloaded= 0
AssetImportParameters requested are different than current active one (requested -> active):
  custom:scripting/monoscript/fileName/AdsManager.cs: 02def8582910908d167bbb9227855ef4 -> 
  custom:container-demuxer-ogg: 62fdf1f143b41e24485cea50d1cbac27 -> 
  custom:scripting/monoscript/fileName/LevelChangerDOTween.cs: 2ea35b7817de89e3c9bc7fb9c16c14c8 -> 
  custom:scripting/monoscript/fileName/AnalyticsManager.cs: a0ba2baafde2834ba142b7fe92ba996d -> 
  custom:video-decoder-ogg-theora: a1e56fd34408186e4bbccfd4996cb3dc -> 
  custom:scripting/monoscript/fileName/UpgradeShop.cs: 5fad3e7228b2cce1fa928888244f648c -> 
  custom:framework-win-MediaFoundation: 216162199b28c13a410421893ffa2e32 -> 
  custom:scripting/monoscript/fileName/RewardedAds.cs: d66570aae527af9da7222484b8264842 -> 
  custom:scripting/monoscript/fileName/NewBehaviourScript.cs: b21687ddb03d73bd9f0c1daecb9714de -> 
  custom:CustomObjectIndexerAttribute: 9a22284fe3817be447336de3de66b15e -> 
  custom:container-demuxer-webm: 4f35f7cbe854078d1ac9338744f61a02 -> 
  custom:container-muxer-webm: aa71ff27fc2769a1b78a27578f13a17b -> 
  custom:video-decoder-webm-vp8: 9c59270c3fd7afecdb556c50c9e8de78 -> 
  custom:scripting/monoscript/fileName/UpgradeAsset.cs: 5d0ce12d7184a3da40041fc92eb082d8 -> 
  custom:SearchIndexIgnoredProperties: e643bd26f0fe6173181afceb89e7c659 -> 
  custom:scripting/monoscript/fileName/InterstitialAds.cs: 6d333cb1dc24d5ddf3ec91bccefc0773 -> 
  custom:AudioImporter_EditorPlatform: d09bf68614088b80899f8185d706f6e7 -> 
  custom:scripting/monoscript/fileName/Upgrades.cs: efffe4420000c7dff7f2eae57efaf755 -> 
  custom:scripting/monoscript/fileName/MainMenuSceneChange.cs: d4425b768b31a0e779c58ed647aad071 -> 
  custom:scripting/monoscript/fileName/SavesYG.cs: c497cdc187148548f5d9a620311f9dc3 -> 
  custom:video-encoder-webm-vp8: eb34c28f22e8b96e1ab97ce403110664 -> 
  custom:audio-decoder-ogg-vorbis: bf7c407c2cedff20999df2af8eb42d56 -> 
  custom:scripting/monoscript/fileName/IAPHandler.cs: 9c0d60c35c8d51d2451fa8bafe956467 -> 
  custom:scripting/monoscript/fileName/ButtonsRewarded.cs: 07495e688444a91c62dfcd44c138345c -> 
  custom:audio-encoder-webm-vorbis: bf7c407c2cedff20999df2af8eb42d56 -> 
  custom:scripting/monoscript/fileName/PurchaseManager.cs: 7ccb736f003775a5e240eec74b533b6b -> 
  custom:scripting/monoscript/fileName/BuyUpgrade.cs: 7f5deeb882f8c1e3141ce9ef24e50525 -> 
  custom:scripting/precompiled-assembly-types:Assembly-CSharp: 26a63c0ffa7fe8189d13bf8f8d203619 -> b6d5beae70893ec4483681e4771dab9e
========================================================================
Received Prepare
Caller must complete domain reload
Begin MonoManager ReloadAssembly
Symbol file LoadedFromMemory is not a mono symbol file
- Loaded All Assemblies, in  1.860 seconds
Native extension for WindowsStandalone target not found
Native extension for iOS target not found
Native extension for Android target not found
Native extension for WebGL target not found
Asset Pipeline Refresh (id=c917eb9db77529244aa6e44b3526e988): Total: 0.000 seconds - Initiated by StopAssetImportingV2(NoUpdateAssetOptions)
[ScriptCompilation] NOT recompiling all scripts because this is an import worker process. Reason to compile was: Define symbols changed
[ScriptCompilation] NOT recompiling all scripts because this is an import worker process. Reason to compile was: Define symbols changed
Mono: successfully reloaded assembly
- Finished resetting the current domain, in  2.396 seconds
Domain Reload Profiling: 4251ms
	BeginReloadAssembly (949ms)
		ExecutionOrderSort (0ms)
		DisableScriptedObjects (11ms)
		BackupInstance (0ms)
		ReleaseScriptingObjects (0ms)
		CreateAndSetChildDomain (73ms)
	RebuildCommonClasses (70ms)
	RebuildNativeTypeToScriptingClass (24ms)
	initialDomainReloadingComplete (68ms)
	LoadAllAssembliesAndSetupDomain (743ms)
		LoadAssemblies (804ms)
		RebuildTransferFunctionScriptingTraits (0ms)
		AnalyzeDomain (92ms)
			TypeCache.Refresh (46ms)
				TypeCache.ScanAssembly (9ms)
			ScanForSourceGeneratedMonoScriptInfo (33ms)
			ResolveRequiredComponents (12ms)
	FinalizeReload (2397ms)
		ReleaseScriptCaches (0ms)
		RebuildScriptCaches (0ms)
		SetupLoadedEditorAssemblies (1261ms)
			LogAssemblyErrors (0ms)
			InitializePlatformSupportModulesInManaged (81ms)
			SetLoadedEditorAssemblies (11ms)
			RefreshPlugins (0ms)
			BeforeProcessingInitializeOnLoad (180ms)
			ProcessInitializeOnLoadAttributes (608ms)
			ProcessInitializeOnLoadMethodAttributes (369ms)
			AfterProcessingInitializeOnLoad (11ms)
			EditorAssembliesLoaded (0ms)
		ExecutionOrderSort2 (0ms)
		AwakeInstancesAfterBackupRestoration (15ms)
Refreshing native plugins compatible for Editor in 19.91 ms, found 2 plugins.
Preloading 0 native plugins for Editor in 0.00 ms.
Unloading 3832 Unused Serialized files (Serialized files now loaded: 0)
Unloading 16 unused Assets / (27.5 KB). Loaded Objects now: 4576.
Memory consumption went from 140.1 MB to 140.1 MB.
Total: 12.572500 ms (FindLiveObjects: 0.411900 ms CreateObjectMapping: 0.364100 ms MarkObjects: 11.740400 ms  DeleteObjects: 0.054800 ms)

Prepare: number of updated asset objects reloaded= 0
AssetImportParameters requested are different than current active one (requested -> active):
  custom:scripting/monoscript/fileName/AdsManager.cs: 02def8582910908d167bbb9227855ef4 -> 
  custom:container-demuxer-ogg: 62fdf1f143b41e24485cea50d1cbac27 -> 
  custom:scripting/monoscript/fileName/LevelChangerDOTween.cs: 2ea35b7817de89e3c9bc7fb9c16c14c8 -> 
  custom:scripting/monoscript/fileName/AnalyticsManager.cs: a0ba2baafde2834ba142b7fe92ba996d -> 
  custom:video-decoder-ogg-theora: a1e56fd34408186e4bbccfd4996cb3dc -> 
  custom:scripting/monoscript/fileName/UpgradeShop.cs: 5fad3e7228b2cce1fa928888244f648c -> 
  custom:framework-win-MediaFoundation: 216162199b28c13a410421893ffa2e32 -> 
  custom:scripting/monoscript/fileName/RewardedAds.cs: d66570aae527af9da7222484b8264842 -> 
  custom:scripting/monoscript/fileName/NewBehaviourScript.cs: b21687ddb03d73bd9f0c1daecb9714de -> 
  custom:CustomObjectIndexerAttribute: 9a22284fe3817be447336de3de66b15e -> 
  custom:container-demuxer-webm: 4f35f7cbe854078d1ac9338744f61a02 -> 
  custom:container-muxer-webm: aa71ff27fc2769a1b78a27578f13a17b -> 
  custom:video-decoder-webm-vp8: 9c59270c3fd7afecdb556c50c9e8de78 -> 
  custom:scripting/monoscript/fileName/UpgradeAsset.cs: 5d0ce12d7184a3da40041fc92eb082d8 -> 
  custom:SearchIndexIgnoredProperties: e643bd26f0fe6173181afceb89e7c659 -> 
  custom:scripting/monoscript/fileName/InterstitialAds.cs: 6d333cb1dc24d5ddf3ec91bccefc0773 -> 
  custom:AudioImporter_EditorPlatform: d09bf68614088b80899f8185d706f6e7 -> 
  custom:scripting/monoscript/fileName/Upgrades.cs: efffe4420000c7dff7f2eae57efaf755 -> 
  custom:scripting/monoscript/fileName/MainMenuSceneChange.cs: d4425b768b31a0e779c58ed647aad071 -> 
  custom:scripting/monoscript/fileName/SavesYG.cs: c497cdc187148548f5d9a620311f9dc3 -> 
  custom:video-encoder-webm-vp8: eb34c28f22e8b96e1ab97ce403110664 -> 
  custom:audio-decoder-ogg-vorbis: bf7c407c2cedff20999df2af8eb42d56 -> 
  custom:scripting/monoscript/fileName/IAPHandler.cs: 9c0d60c35c8d51d2451fa8bafe956467 -> 
  custom:scripting/monoscript/fileName/ButtonsRewarded.cs: 07495e688444a91c62dfcd44c138345c -> 
  custom:audio-encoder-webm-vorbis: bf7c407c2cedff20999df2af8eb42d56 -> 
  custom:scripting/monoscript/fileName/PurchaseManager.cs: 7ccb736f003775a5e240eec74b533b6b -> 
  custom:scripting/monoscript/fileName/BuyUpgrade.cs: 7f5deeb882f8c1e3141ce9ef24e50525 -> 
  custom:scripting/precompiled-assembly-types:Assembly-CSharp: 26a63c0ffa7fe8189d13bf8f8d203619 -> b6d5beae70893ec4483681e4771dab9e
========================================================================
Received Prepare
Caller must complete domain reload
Begin MonoManager ReloadAssembly
Symbol file LoadedFromMemory is not a mono symbol file
- Loaded All Assemblies, in  1.382 seconds
Native extension for WindowsStandalone target not found
Native extension for iOS target not found
Native extension for Android target not found
Native extension for WebGL target not found
Asset Pipeline Refresh (id=e985de5c1e9dd224092e261ef241f72d): Total: 0.000 seconds - Initiated by StopAssetImportingV2(NoUpdateAssetOptions)
[ScriptCompilation] NOT recompiling all scripts because this is an import worker process. Reason to compile was: Define symbols changed
[ScriptCompilation] NOT recompiling all scripts because this is an import worker process. Reason to compile was: Define symbols changed
Mono: successfully reloaded assembly
- Finished resetting the current domain, in  2.559 seconds
Domain Reload Profiling: 3927ms
	BeginReloadAssembly (763ms)
		ExecutionOrderSort (0ms)
		DisableScriptedObjects (11ms)
		BackupInstance (0ms)
		ReleaseScriptingObjects (0ms)
		CreateAndSetChildDomain (62ms)
	RebuildCommonClasses (70ms)
	RebuildNativeTypeToScriptingClass (21ms)
	initialDomainReloadingComplete (60ms)
	LoadAllAssembliesAndSetupDomain (452ms)
		LoadAssemblies (587ms)
		RebuildTransferFunctionScriptingTraits (0ms)
		AnalyzeDomain (21ms)
			TypeCache.Refresh (10ms)
				TypeCache.ScanAssembly (0ms)
			ScanForSourceGeneratedMonoScriptInfo (0ms)
			ResolveRequiredComponents (9ms)
	FinalizeReload (2559ms)
		ReleaseScriptCaches (0ms)
		RebuildScriptCaches (0ms)
		SetupLoadedEditorAssemblies (1614ms)
			LogAssemblyErrors (0ms)
			InitializePlatformSupportModulesInManaged (66ms)
			SetLoadedEditorAssemblies (6ms)
			RefreshPlugins (0ms)
			BeforeProcessingInitializeOnLoad (154ms)
			ProcessInitializeOnLoadAttributes (962ms)
			ProcessInitializeOnLoadMethodAttributes (410ms)
			AfterProcessingInitializeOnLoad (14ms)
			EditorAssembliesLoaded (1ms)
		ExecutionOrderSort2 (0ms)
		AwakeInstancesAfterBackupRestoration (21ms)
Refreshing native plugins compatible for Editor in 20.59 ms, found 2 plugins.
Preloading 0 native plugins for Editor in 0.00 ms.
Unloading 3832 Unused Serialized files (Serialized files now loaded: 0)
Unloading 16 unused Assets / (27.6 KB). Loaded Objects now: 4579.
Memory consumption went from 140.1 MB to 140.1 MB.
Total: 14.284700 ms (FindLiveObjects: 0.474400 ms CreateObjectMapping: 0.780000 ms MarkObjects: 12.907400 ms  DeleteObjects: 0.121100 ms)

Prepare: number of updated asset objects reloaded= 0
AssetImportParameters requested are different than current active one (requested -> active):
  custom:scripting/monoscript/fileName/AdsManager.cs: 02def8582910908d167bbb9227855ef4 -> 
  custom:container-demuxer-ogg: 62fdf1f143b41e24485cea50d1cbac27 -> 
  custom:scripting/monoscript/fileName/LevelChangerDOTween.cs: 2ea35b7817de89e3c9bc7fb9c16c14c8 -> 
  custom:scripting/monoscript/fileName/AnalyticsManager.cs: a0ba2baafde2834ba142b7fe92ba996d -> 
  custom:video-decoder-ogg-theora: a1e56fd34408186e4bbccfd4996cb3dc -> 
  custom:scripting/monoscript/fileName/UpgradeShop.cs: 5fad3e7228b2cce1fa928888244f648c -> 
  custom:framework-win-MediaFoundation: 216162199b28c13a410421893ffa2e32 -> 
  custom:scripting/monoscript/fileName/RewardedAds.cs: d66570aae527af9da7222484b8264842 -> 
  custom:scripting/monoscript/fileName/NewBehaviourScript.cs: b21687ddb03d73bd9f0c1daecb9714de -> 
  custom:CustomObjectIndexerAttribute: 9a22284fe3817be447336de3de66b15e -> 
  custom:container-demuxer-webm: 4f35f7cbe854078d1ac9338744f61a02 -> 
  custom:container-muxer-webm: aa71ff27fc2769a1b78a27578f13a17b -> 
  custom:video-decoder-webm-vp8: 9c59270c3fd7afecdb556c50c9e8de78 -> 
  custom:scripting/monoscript/fileName/UpgradeAsset.cs: 5d0ce12d7184a3da40041fc92eb082d8 -> 
  custom:SearchIndexIgnoredProperties: e643bd26f0fe6173181afceb89e7c659 -> 
  custom:scripting/monoscript/fileName/InterstitialAds.cs: 6d333cb1dc24d5ddf3ec91bccefc0773 -> 
  custom:AudioImporter_EditorPlatform: d09bf68614088b80899f8185d706f6e7 -> 
  custom:scripting/monoscript/fileName/Upgrades.cs: efffe4420000c7dff7f2eae57efaf755 -> 
  custom:scripting/monoscript/fileName/MainMenuSceneChange.cs: d4425b768b31a0e779c58ed647aad071 -> 
  custom:scripting/monoscript/fileName/SavesYG.cs: c497cdc187148548f5d9a620311f9dc3 -> 
  custom:video-encoder-webm-vp8: eb34c28f22e8b96e1ab97ce403110664 -> 
  custom:audio-decoder-ogg-vorbis: bf7c407c2cedff20999df2af8eb42d56 -> 
  custom:scripting/monoscript/fileName/IAPHandler.cs: 9c0d60c35c8d51d2451fa8bafe956467 -> 
  custom:scripting/monoscript/fileName/ButtonsRewarded.cs: 07495e688444a91c62dfcd44c138345c -> 
  custom:audio-encoder-webm-vorbis: bf7c407c2cedff20999df2af8eb42d56 -> 
  custom:scripting/monoscript/fileName/PurchaseManager.cs: 7ccb736f003775a5e240eec74b533b6b -> 
  custom:scripting/monoscript/fileName/BuyUpgrade.cs: 7f5deeb882f8c1e3141ce9ef24e50525 -> 
  custom:scripting/precompiled-assembly-types:Assembly-CSharp: 26a63c0ffa7fe8189d13bf8f8d203619 -> b6d5beae70893ec4483681e4771dab9e
========================================================================
Received Prepare
Caller must complete domain reload
Begin MonoManager ReloadAssembly
Symbol file LoadedFromMemory is not a mono symbol file
- Loaded All Assemblies, in  2.380 seconds
Native extension for WindowsStandalone target not found
Native extension for iOS target not found
Native extension for Android target not found
Native extension for WebGL target not found
Asset Pipeline Refresh (id=b1302531494524b42ba957bda13b70c2): Total: 0.000 seconds - Initiated by StopAssetImportingV2(NoUpdateAssetOptions)
[ScriptCompilation] NOT recompiling all scripts because this is an import worker process. Reason to compile was: Define symbols changed
[ScriptCompilation] NOT recompiling all scripts because this is an import worker process. Reason to compile was: Define symbols changed
Mono: successfully reloaded assembly
- Finished resetting the current domain, in  2.726 seconds
Domain Reload Profiling: 5104ms
	BeginReloadAssembly (1385ms)
		ExecutionOrderSort (0ms)
		DisableScriptedObjects (19ms)
		BackupInstance (0ms)
		ReleaseScriptingObjects (0ms)
		CreateAndSetChildDomain (153ms)
	RebuildCommonClasses (119ms)
	RebuildNativeTypeToScriptingClass (33ms)
	initialDomainReloadingComplete (65ms)
	LoadAllAssembliesAndSetupDomain (773ms)
		LoadAssemblies (939ms)
		RebuildTransferFunctionScriptingTraits (0ms)
		AnalyzeDomain (73ms)
			TypeCache.Refresh (27ms)
				TypeCache.ScanAssembly (8ms)
			ScanForSourceGeneratedMonoScriptInfo (33ms)
			ResolveRequiredComponents (11ms)
	FinalizeReload (2728ms)
		ReleaseScriptCaches (0ms)
		RebuildScriptCaches (0ms)
		SetupLoadedEditorAssemblies (1260ms)
			LogAssemblyErrors (0ms)
			InitializePlatformSupportModulesInManaged (62ms)
			SetLoadedEditorAssemblies (8ms)
			RefreshPlugins (0ms)
			BeforeProcessingInitializeOnLoad (131ms)
			ProcessInitializeOnLoadAttributes (639ms)
			ProcessInitializeOnLoadMethodAttributes (404ms)
			AfterProcessingInitializeOnLoad (15ms)
			EditorAssembliesLoaded (0ms)
		ExecutionOrderSort2 (0ms)
		AwakeInstancesAfterBackupRestoration (19ms)
Refreshing native plugins compatible for Editor in 20.77 ms, found 2 plugins.
Preloading 0 native plugins for Editor in 0.00 ms.
Unloading 3832 Unused Serialized files (Serialized files now loaded: 0)
Unloading 16 unused Assets / (27.6 KB). Loaded Objects now: 4582.
Memory consumption went from 140.1 MB to 140.1 MB.
Total: 13.956800 ms (FindLiveObjects: 0.526500 ms CreateObjectMapping: 0.419600 ms MarkObjects: 12.940200 ms  DeleteObjects: 0.069100 ms)

Prepare: number of updated asset objects reloaded= 0
AssetImportParameters requested are different than current active one (requested -> active):
  custom:scripting/monoscript/fileName/AdsManager.cs: 02def8582910908d167bbb9227855ef4 -> 
  custom:container-demuxer-ogg: 62fdf1f143b41e24485cea50d1cbac27 -> 
  custom:scripting/monoscript/fileName/LevelChangerDOTween.cs: 2ea35b7817de89e3c9bc7fb9c16c14c8 -> 
  custom:scripting/monoscript/fileName/AnalyticsManager.cs: a0ba2baafde2834ba142b7fe92ba996d -> 
  custom:video-decoder-ogg-theora: a1e56fd34408186e4bbccfd4996cb3dc -> 
  custom:scripting/monoscript/fileName/UpgradeShop.cs: 5fad3e7228b2cce1fa928888244f648c -> 
  custom:framework-win-MediaFoundation: 216162199b28c13a410421893ffa2e32 -> 
  custom:scripting/monoscript/fileName/RewardedAds.cs: d66570aae527af9da7222484b8264842 -> 
  custom:scripting/monoscript/fileName/NewBehaviourScript.cs: b21687ddb03d73bd9f0c1daecb9714de -> 
  custom:CustomObjectIndexerAttribute: 9a22284fe3817be447336de3de66b15e -> 
  custom:container-demuxer-webm: 4f35f7cbe854078d1ac9338744f61a02 -> 
  custom:container-muxer-webm: aa71ff27fc2769a1b78a27578f13a17b -> 
  custom:video-decoder-webm-vp8: 9c59270c3fd7afecdb556c50c9e8de78 -> 
  custom:scripting/monoscript/fileName/UpgradeAsset.cs: 5d0ce12d7184a3da40041fc92eb082d8 -> 
  custom:SearchIndexIgnoredProperties: e643bd26f0fe6173181afceb89e7c659 -> 
  custom:scripting/monoscript/fileName/InterstitialAds.cs: 6d333cb1dc24d5ddf3ec91bccefc0773 -> 
  custom:AudioImporter_EditorPlatform: d09bf68614088b80899f8185d706f6e7 -> 
  custom:scripting/monoscript/fileName/Upgrades.cs: efffe4420000c7dff7f2eae57efaf755 -> 
  custom:scripting/monoscript/fileName/MainMenuSceneChange.cs: d4425b768b31a0e779c58ed647aad071 -> 
  custom:scripting/monoscript/fileName/SavesYG.cs: c497cdc187148548f5d9a620311f9dc3 -> 
  custom:video-encoder-webm-vp8: eb34c28f22e8b96e1ab97ce403110664 -> 
  custom:audio-decoder-ogg-vorbis: bf7c407c2cedff20999df2af8eb42d56 -> 
  custom:scripting/monoscript/fileName/IAPHandler.cs: 9c0d60c35c8d51d2451fa8bafe956467 -> 
  custom:scripting/monoscript/fileName/ButtonsRewarded.cs: 07495e688444a91c62dfcd44c138345c -> 
  custom:audio-encoder-webm-vorbis: bf7c407c2cedff20999df2af8eb42d56 -> 
  custom:scripting/monoscript/fileName/PurchaseManager.cs: 7ccb736f003775a5e240eec74b533b6b -> 
  custom:scripting/monoscript/fileName/BuyUpgrade.cs: 7f5deeb882f8c1e3141ce9ef24e50525 -> 
  custom:scripting/precompiled-assembly-types:Assembly-CSharp: 26a63c0ffa7fe8189d13bf8f8d203619 -> b6d5beae70893ec4483681e4771dab9e
========================================================================
Received Prepare
Caller must complete domain reload
Begin MonoManager ReloadAssembly
Symbol file LoadedFromMemory is not a mono symbol file
- Loaded All Assemblies, in  1.446 seconds
Native extension for WindowsStandalone target not found
Native extension for iOS target not found
Native extension for Android target not found
Native extension for WebGL target not found
Asset Pipeline Refresh (id=f476096b3f1401f47ad552fe63dcd793): Total: 0.000 seconds - Initiated by StopAssetImportingV2(NoUpdateAssetOptions)
[ScriptCompilation] NOT recompiling all scripts because this is an import worker process. Reason to compile was: Define symbols changed
[ScriptCompilation] NOT recompiling all scripts because this is an import worker process. Reason to compile was: Define symbols changed
Mono: successfully reloaded assembly
- Finished resetting the current domain, in  3.153 seconds
Domain Reload Profiling: 4595ms
	BeginReloadAssembly (782ms)
		ExecutionOrderSort (0ms)
		DisableScriptedObjects (15ms)
		BackupInstance (0ms)
		ReleaseScriptingObjects (0ms)
		CreateAndSetChildDomain (69ms)
	RebuildCommonClasses (59ms)
	RebuildNativeTypeToScriptingClass (22ms)
	initialDomainReloadingComplete (64ms)
	LoadAllAssembliesAndSetupDomain (514ms)
		LoadAssemblies (640ms)
		RebuildTransferFunctionScriptingTraits (0ms)
		AnalyzeDomain (23ms)
			TypeCache.Refresh (8ms)
				TypeCache.ScanAssembly (0ms)
			ScanForSourceGeneratedMonoScriptInfo (0ms)
			ResolveRequiredComponents (13ms)
	FinalizeReload (3154ms)
		ReleaseScriptCaches (0ms)
		RebuildScriptCaches (0ms)
		SetupLoadedEditorAssemblies (1736ms)
			LogAssemblyErrors (0ms)
			InitializePlatformSupportModulesInManaged (103ms)
			SetLoadedEditorAssemblies (7ms)
			RefreshPlugins (0ms)
			BeforeProcessingInitializeOnLoad (264ms)
			ProcessInitializeOnLoadAttributes (933ms)
			ProcessInitializeOnLoadMethodAttributes (414ms)
			AfterProcessingInitializeOnLoad (14ms)
			EditorAssembliesLoaded (1ms)
		ExecutionOrderSort2 (0ms)
		AwakeInstancesAfterBackupRestoration (20ms)
Refreshing native plugins compatible for Editor in 30.42 ms, found 2 plugins.
Preloading 0 native plugins for Editor in 0.00 ms.
Unloading 3832 Unused Serialized files (Serialized files now loaded: 0)
Unloading 16 unused Assets / (27.5 KB). Loaded Objects now: 4585.
Memory consumption went from 140.1 MB to 140.1 MB.
Total: 14.908600 ms (FindLiveObjects: 0.444300 ms CreateObjectMapping: 0.492000 ms MarkObjects: 13.884600 ms  DeleteObjects: 0.086000 ms)

Prepare: number of updated asset objects reloaded= 0
AssetImportParameters requested are different than current active one (requested -> active):
  custom:scripting/monoscript/fileName/AdsManager.cs: 02def8582910908d167bbb9227855ef4 -> 
  custom:container-demuxer-ogg: 62fdf1f143b41e24485cea50d1cbac27 -> 
  custom:scripting/monoscript/fileName/LevelChangerDOTween.cs: 2ea35b7817de89e3c9bc7fb9c16c14c8 -> 
  custom:scripting/monoscript/fileName/AnalyticsManager.cs: a0ba2baafde2834ba142b7fe92ba996d -> 
  custom:video-decoder-ogg-theora: a1e56fd34408186e4bbccfd4996cb3dc -> 
  custom:scripting/monoscript/fileName/UpgradeShop.cs: 5fad3e7228b2cce1fa928888244f648c -> 
  custom:framework-win-MediaFoundation: 216162199b28c13a410421893ffa2e32 -> 
  custom:scripting/monoscript/fileName/RewardedAds.cs: d66570aae527af9da7222484b8264842 -> 
  custom:scripting/monoscript/fileName/NewBehaviourScript.cs: b21687ddb03d73bd9f0c1daecb9714de -> 
  custom:CustomObjectIndexerAttribute: 9a22284fe3817be447336de3de66b15e -> 
  custom:container-demuxer-webm: 4f35f7cbe854078d1ac9338744f61a02 -> 
  custom:container-muxer-webm: aa71ff27fc2769a1b78a27578f13a17b -> 
  custom:video-decoder-webm-vp8: 9c59270c3fd7afecdb556c50c9e8de78 -> 
  custom:scripting/monoscript/fileName/UpgradeAsset.cs: 5d0ce12d7184a3da40041fc92eb082d8 -> 
  custom:SearchIndexIgnoredProperties: e643bd26f0fe6173181afceb89e7c659 -> 
  custom:scripting/monoscript/fileName/InterstitialAds.cs: 6d333cb1dc24d5ddf3ec91bccefc0773 -> 
  custom:AudioImporter_EditorPlatform: d09bf68614088b80899f8185d706f6e7 -> 
  custom:scripting/monoscript/fileName/Upgrades.cs: efffe4420000c7dff7f2eae57efaf755 -> 
  custom:scripting/monoscript/fileName/MainMenuSceneChange.cs: d4425b768b31a0e779c58ed647aad071 -> 
  custom:scripting/monoscript/fileName/SavesYG.cs: c497cdc187148548f5d9a620311f9dc3 -> 
  custom:video-encoder-webm-vp8: eb34c28f22e8b96e1ab97ce403110664 -> 
  custom:audio-decoder-ogg-vorbis: bf7c407c2cedff20999df2af8eb42d56 -> 
  custom:scripting/monoscript/fileName/IAPHandler.cs: 9c0d60c35c8d51d2451fa8bafe956467 -> 
  custom:scripting/monoscript/fileName/ButtonsRewarded.cs: 07495e688444a91c62dfcd44c138345c -> 
  custom:audio-encoder-webm-vorbis: bf7c407c2cedff20999df2af8eb42d56 -> 
  custom:scripting/monoscript/fileName/PurchaseManager.cs: 7ccb736f003775a5e240eec74b533b6b -> 
  custom:scripting/monoscript/fileName/BuyUpgrade.cs: 7f5deeb882f8c1e3141ce9ef24e50525 -> 
  custom:scripting/precompiled-assembly-types:Assembly-CSharp: 26a63c0ffa7fe8189d13bf8f8d203619 -> b6d5beae70893ec4483681e4771dab9e
========================================================================
Received Prepare
Caller must complete domain reload
Begin MonoManager ReloadAssembly
Symbol file LoadedFromMemory is not a mono symbol file
- Loaded All Assemblies, in  0.986 seconds
Native extension for WindowsStandalone target not found
Native extension for iOS target not found
Native extension for Android target not found
Native extension for WebGL target not found
Asset Pipeline Refresh (id=3c2cb6239b64dee49a9f934c82871903): Total: 0.000 seconds - Initiated by StopAssetImportingV2(NoUpdateAssetOptions)
[ScriptCompilation] NOT recompiling all scripts because this is an import worker process. Reason to compile was: Define symbols changed
[ScriptCompilation] NOT recompiling all scripts because this is an import worker process. Reason to compile was: Define symbols changed
Mono: successfully reloaded assembly
- Finished resetting the current domain, in  1.386 seconds
Domain Reload Profiling: 2371ms
	BeginReloadAssembly (494ms)
		ExecutionOrderSort (0ms)
		DisableScriptedObjects (9ms)
		BackupInstance (0ms)
		ReleaseScriptingObjects (0ms)
		CreateAndSetChildDomain (43ms)
	RebuildCommonClasses (47ms)
	RebuildNativeTypeToScriptingClass (21ms)
	initialDomainReloadingComplete (37ms)
	LoadAllAssembliesAndSetupDomain (385ms)
		LoadAssemblies (440ms)
		RebuildTransferFunctionScriptingTraits (0ms)
		AnalyzeDomain (55ms)
			TypeCache.Refresh (23ms)
				TypeCache.ScanAssembly (5ms)
			ScanForSourceGeneratedMonoScriptInfo (23ms)
			ResolveRequiredComponents (8ms)
	FinalizeReload (1386ms)
		ReleaseScriptCaches (0ms)
		RebuildScriptCaches (0ms)
		SetupLoadedEditorAssemblies (788ms)
			LogAssemblyErrors (0ms)
			InitializePlatformSupportModulesInManaged (50ms)
			SetLoadedEditorAssemblies (4ms)
			RefreshPlugins (0ms)
			BeforeProcessingInitializeOnLoad (76ms)
			ProcessInitializeOnLoadAttributes (448ms)
			ProcessInitializeOnLoadMethodAttributes (202ms)
			AfterProcessingInitializeOnLoad (8ms)
			EditorAssembliesLoaded (0ms)
		ExecutionOrderSort2 (0ms)
		AwakeInstancesAfterBackupRestoration (12ms)
Refreshing native plugins compatible for Editor in 16.53 ms, found 2 plugins.
Preloading 0 native plugins for Editor in 0.00 ms.
Unloading 3832 Unused Serialized files (Serialized files now loaded: 0)
Unloading 16 unused Assets / (27.5 KB). Loaded Objects now: 4588.
Memory consumption went from 140.1 MB to 140.1 MB.
Total: 8.523400 ms (FindLiveObjects: 0.358300 ms CreateObjectMapping: 0.289600 ms MarkObjects: 7.825800 ms  DeleteObjects: 0.048500 ms)

Prepare: number of updated asset objects reloaded= 0
AssetImportParameters requested are different than current active one (requested -> active):
  custom:scripting/monoscript/fileName/AdsManager.cs: 02def8582910908d167bbb9227855ef4 -> 
  custom:container-demuxer-ogg: 62fdf1f143b41e24485cea50d1cbac27 -> 
  custom:scripting/monoscript/fileName/LevelChangerDOTween.cs: 2ea35b7817de89e3c9bc7fb9c16c14c8 -> 
  custom:scripting/monoscript/fileName/AnalyticsManager.cs: a0ba2baafde2834ba142b7fe92ba996d -> 
  custom:video-decoder-ogg-theora: a1e56fd34408186e4bbccfd4996cb3dc -> 
  custom:scripting/monoscript/fileName/UpgradeShop.cs: 5fad3e7228b2cce1fa928888244f648c -> 
  custom:framework-win-MediaFoundation: 216162199b28c13a410421893ffa2e32 -> 
  custom:scripting/monoscript/fileName/RewardedAds.cs: d66570aae527af9da7222484b8264842 -> 
  custom:scripting/monoscript/fileName/NewBehaviourScript.cs: b21687ddb03d73bd9f0c1daecb9714de -> 
  custom:CustomObjectIndexerAttribute: 9a22284fe3817be447336de3de66b15e -> 
  custom:container-demuxer-webm: 4f35f7cbe854078d1ac9338744f61a02 -> 
  custom:container-muxer-webm: aa71ff27fc2769a1b78a27578f13a17b -> 
  custom:video-decoder-webm-vp8: 9c59270c3fd7afecdb556c50c9e8de78 -> 
  custom:scripting/monoscript/fileName/UpgradeAsset.cs: 5d0ce12d7184a3da40041fc92eb082d8 -> 
  custom:SearchIndexIgnoredProperties: e643bd26f0fe6173181afceb89e7c659 -> 
  custom:scripting/monoscript/fileName/InterstitialAds.cs: 6d333cb1dc24d5ddf3ec91bccefc0773 -> 
  custom:AudioImporter_EditorPlatform: d09bf68614088b80899f8185d706f6e7 -> 
  custom:scripting/monoscript/fileName/Upgrades.cs: efffe4420000c7dff7f2eae57efaf755 -> 
  custom:scripting/monoscript/fileName/MainMenuSceneChange.cs: d4425b768b31a0e779c58ed647aad071 -> 
  custom:scripting/monoscript/fileName/SavesYG.cs: c497cdc187148548f5d9a620311f9dc3 -> 
  custom:video-encoder-webm-vp8: eb34c28f22e8b96e1ab97ce403110664 -> 
  custom:audio-decoder-ogg-vorbis: bf7c407c2cedff20999df2af8eb42d56 -> 
  custom:scripting/monoscript/fileName/IAPHandler.cs: 9c0d60c35c8d51d2451fa8bafe956467 -> 
  custom:scripting/monoscript/fileName/ButtonsRewarded.cs: 07495e688444a91c62dfcd44c138345c -> 
  custom:audio-encoder-webm-vorbis: bf7c407c2cedff20999df2af8eb42d56 -> 
  custom:scripting/monoscript/fileName/PurchaseManager.cs: 7ccb736f003775a5e240eec74b533b6b -> 
  custom:scripting/monoscript/fileName/BuyUpgrade.cs: 7f5deeb882f8c1e3141ce9ef24e50525 -> 
  custom:scripting/precompiled-assembly-types:Assembly-CSharp: 26a63c0ffa7fe8189d13bf8f8d203619 -> b6d5beae70893ec4483681e4771dab9e
========================================================================
Received Prepare
Caller must complete domain reload
Begin MonoManager ReloadAssembly
Symbol file LoadedFromMemory is not a mono symbol file
- Loaded All Assemblies, in  1.136 seconds
Native extension for WindowsStandalone target not found
Native extension for iOS target not found
Native extension for Android target not found
Native extension for WebGL target not found
Asset Pipeline Refresh (id=783897bff6e312446950b95285665f82): Total: 0.000 seconds - Initiated by StopAssetImportingV2(NoUpdateAssetOptions)
[ScriptCompilation] NOT recompiling all scripts because this is an import worker process. Reason to compile was: Define symbols changed
[ScriptCompilation] NOT recompiling all scripts because this is an import worker process. Reason to compile was: Define symbols changed
Mono: successfully reloaded assembly
- Finished resetting the current domain, in  1.217 seconds
Domain Reload Profiling: 2350ms
	BeginReloadAssembly (572ms)
		ExecutionOrderSort (0ms)
		DisableScriptedObjects (8ms)
		BackupInstance (0ms)
		ReleaseScriptingObjects (0ms)
		CreateAndSetChildDomain (52ms)
	RebuildCommonClasses (67ms)
	RebuildNativeTypeToScriptingClass (31ms)
	initialDomainReloadingComplete (51ms)
	LoadAllAssembliesAndSetupDomain (413ms)
		LoadAssemblies (502ms)
		RebuildTransferFunctionScriptingTraits (0ms)
		AnalyzeDomain (41ms)
			TypeCache.Refresh (15ms)
				TypeCache.ScanAssembly (3ms)
			ScanForSourceGeneratedMonoScriptInfo (18ms)
			ResolveRequiredComponents (7ms)
	FinalizeReload (1217ms)
		ReleaseScriptCaches (0ms)
		RebuildScriptCaches (0ms)
		SetupLoadedEditorAssemblies (714ms)
			LogAssemblyErrors (0ms)
			InitializePlatformSupportModulesInManaged (33ms)
			SetLoadedEditorAssemblies (4ms)
			RefreshPlugins (0ms)
			BeforeProcessingInitializeOnLoad (78ms)
			ProcessInitializeOnLoadAttributes (392ms)
			ProcessInitializeOnLoadMethodAttributes (198ms)
			AfterProcessingInitializeOnLoad (7ms)
			EditorAssembliesLoaded (0ms)
		ExecutionOrderSort2 (0ms)
		AwakeInstancesAfterBackupRestoration (11ms)
Refreshing native plugins compatible for Editor in 14.15 ms, found 2 plugins.
Preloading 0 native plugins for Editor in 0.00 ms.
Unloading 3831 Unused Serialized files (Serialized files now loaded: 0)
Unloading 16 unused Assets / (27.6 KB). Loaded Objects now: 4591.
Memory consumption went from 140.1 MB to 140.1 MB.
Total: 13.495300 ms (FindLiveObjects: 0.322200 ms CreateObjectMapping: 0.406000 ms MarkObjects: 12.690300 ms  DeleteObjects: 0.075100 ms)

Prepare: number of updated asset objects reloaded= 0
AssetImportParameters requested are different than current active one (requested -> active):
  custom:scripting/monoscript/fileName/AdsManager.cs: 02def8582910908d167bbb9227855ef4 -> 
  custom:container-demuxer-ogg: 62fdf1f143b41e24485cea50d1cbac27 -> 
  custom:scripting/monoscript/fileName/LevelChangerDOTween.cs: 2ea35b7817de89e3c9bc7fb9c16c14c8 -> 
  custom:scripting/monoscript/fileName/AnalyticsManager.cs: a0ba2baafde2834ba142b7fe92ba996d -> 
  custom:video-decoder-ogg-theora: a1e56fd34408186e4bbccfd4996cb3dc -> 
  custom:scripting/monoscript/fileName/UpgradeShop.cs: 5fad3e7228b2cce1fa928888244f648c -> 
  custom:framework-win-MediaFoundation: 216162199b28c13a410421893ffa2e32 -> 
  custom:scripting/monoscript/fileName/RewardedAds.cs: d66570aae527af9da7222484b8264842 -> 
  custom:scripting/monoscript/fileName/NewBehaviourScript.cs: b21687ddb03d73bd9f0c1daecb9714de -> 
  custom:CustomObjectIndexerAttribute: 9a22284fe3817be447336de3de66b15e -> 
  custom:container-demuxer-webm: 4f35f7cbe854078d1ac9338744f61a02 -> 
  custom:container-muxer-webm: aa71ff27fc2769a1b78a27578f13a17b -> 
  custom:video-decoder-webm-vp8: 9c59270c3fd7afecdb556c50c9e8de78 -> 
  custom:scripting/monoscript/fileName/UpgradeAsset.cs: 5d0ce12d7184a3da40041fc92eb082d8 -> 
  custom:SearchIndexIgnoredProperties: e643bd26f0fe6173181afceb89e7c659 -> 
  custom:scripting/monoscript/fileName/InterstitialAds.cs: 6d333cb1dc24d5ddf3ec91bccefc0773 -> 
  custom:AudioImporter_EditorPlatform: d09bf68614088b80899f8185d706f6e7 -> 
  custom:scripting/monoscript/fileName/Upgrades.cs: efffe4420000c7dff7f2eae57efaf755 -> 
  custom:scripting/monoscript/fileName/MainMenuSceneChange.cs: d4425b768b31a0e779c58ed647aad071 -> 
  custom:scripting/monoscript/fileName/SavesYG.cs: c497cdc187148548f5d9a620311f9dc3 -> 
  custom:video-encoder-webm-vp8: eb34c28f22e8b96e1ab97ce403110664 -> 
  custom:audio-decoder-ogg-vorbis: bf7c407c2cedff20999df2af8eb42d56 -> 
  custom:scripting/monoscript/fileName/IAPHandler.cs: 9c0d60c35c8d51d2451fa8bafe956467 -> 
  custom:scripting/monoscript/fileName/ButtonsRewarded.cs: 07495e688444a91c62dfcd44c138345c -> 
  custom:audio-encoder-webm-vorbis: bf7c407c2cedff20999df2af8eb42d56 -> 
  custom:scripting/monoscript/fileName/PurchaseManager.cs: 7ccb736f003775a5e240eec74b533b6b -> 
  custom:scripting/monoscript/fileName/BuyUpgrade.cs: 7f5deeb882f8c1e3141ce9ef24e50525 -> 
  custom:scripting/precompiled-assembly-types:Assembly-CSharp: faa9eb1ddfa78a4636cdf6dcde42d85f -> b6d5beae70893ec4483681e4771dab9e
========================================================================
Received Prepare
Caller must complete domain reload
Begin MonoManager ReloadAssembly
Symbol file LoadedFromMemory is not a mono symbol file
- Loaded All Assemblies, in  1.273 seconds
Native extension for WindowsStandalone target not found
Native extension for iOS target not found
Native extension for Android target not found
Native extension for WebGL target not found
Asset Pipeline Refresh (id=6dba281c2a6e30349a7e913077f806fe): Total: 0.000 seconds - Initiated by StopAssetImportingV2(NoUpdateAssetOptions)
[ScriptCompilation] NOT recompiling all scripts because this is an import worker process. Reason to compile was: Define symbols changed
[ScriptCompilation] NOT recompiling all scripts because this is an import worker process. Reason to compile was: Define symbols changed
Mono: successfully reloaded assembly
- Finished resetting the current domain, in  1.461 seconds
Domain Reload Profiling: 2733ms
	BeginReloadAssembly (605ms)
		ExecutionOrderSort (0ms)
		DisableScriptedObjects (14ms)
		BackupInstance (0ms)
		ReleaseScriptingObjects (0ms)
		CreateAndSetChildDomain (44ms)
	RebuildCommonClasses (51ms)
	RebuildNativeTypeToScriptingClass (17ms)
	initialDomainReloadingComplete (43ms)
	LoadAllAssembliesAndSetupDomain (555ms)
		LoadAssemblies (598ms)
		RebuildTransferFunctionScriptingTraits (0ms)
		AnalyzeDomain (83ms)
			TypeCache.Refresh (34ms)
				TypeCache.ScanAssembly (9ms)
			ScanForSourceGeneratedMonoScriptInfo (28ms)
			ResolveRequiredComponents (20ms)
	FinalizeReload (1462ms)
		ReleaseScriptCaches (0ms)
		RebuildScriptCaches (0ms)
		SetupLoadedEditorAssemblies (788ms)
			LogAssemblyErrors (0ms)
			InitializePlatformSupportModulesInManaged (39ms)
			SetLoadedEditorAssemblies (5ms)
			RefreshPlugins (0ms)
			BeforeProcessingInitializeOnLoad (84ms)
			ProcessInitializeOnLoadAttributes (435ms)
			ProcessInitializeOnLoadMethodAttributes (215ms)
			AfterProcessingInitializeOnLoad (10ms)
			EditorAssembliesLoaded (0ms)
		ExecutionOrderSort2 (0ms)
		AwakeInstancesAfterBackupRestoration (12ms)
Refreshing native plugins compatible for Editor in 20.37 ms, found 2 plugins.
Preloading 0 native plugins for Editor in 0.00 ms.
Unloading 3831 Unused Serialized files (Serialized files now loaded: 0)
Unloading 16 unused Assets / (27.6 KB). Loaded Objects now: 4594.
Memory consumption went from 140.1 MB to 140.1 MB.
Total: 9.271100 ms (FindLiveObjects: 0.315000 ms CreateObjectMapping: 0.264700 ms MarkObjects: 8.644000 ms  DeleteObjects: 0.046300 ms)

Prepare: number of updated asset objects reloaded= 0
AssetImportParameters requested are different than current active one (requested -> active):
  custom:scripting/monoscript/fileName/AdsManager.cs: 02def8582910908d167bbb9227855ef4 -> 
  custom:container-demuxer-ogg: 62fdf1f143b41e24485cea50d1cbac27 -> 
  custom:scripting/monoscript/fileName/LevelChangerDOTween.cs: 2ea35b7817de89e3c9bc7fb9c16c14c8 -> 
  custom:scripting/monoscript/fileName/AnalyticsManager.cs: a0ba2baafde2834ba142b7fe92ba996d -> 
  custom:video-decoder-ogg-theora: a1e56fd34408186e4bbccfd4996cb3dc -> 
  custom:scripting/monoscript/fileName/UpgradeShop.cs: 5fad3e7228b2cce1fa928888244f648c -> 
  custom:framework-win-MediaFoundation: 216162199b28c13a410421893ffa2e32 -> 
  custom:scripting/monoscript/fileName/RewardedAds.cs: d66570aae527af9da7222484b8264842 -> 
  custom:scripting/monoscript/fileName/NewBehaviourScript.cs: b21687ddb03d73bd9f0c1daecb9714de -> 
  custom:CustomObjectIndexerAttribute: 9a22284fe3817be447336de3de66b15e -> 
  custom:container-demuxer-webm: 4f35f7cbe854078d1ac9338744f61a02 -> 
  custom:container-muxer-webm: aa71ff27fc2769a1b78a27578f13a17b -> 
  custom:video-decoder-webm-vp8: 9c59270c3fd7afecdb556c50c9e8de78 -> 
  custom:scripting/monoscript/fileName/UpgradeAsset.cs: 5d0ce12d7184a3da40041fc92eb082d8 -> 
  custom:SearchIndexIgnoredProperties: e643bd26f0fe6173181afceb89e7c659 -> 
  custom:scripting/monoscript/fileName/InterstitialAds.cs: 6d333cb1dc24d5ddf3ec91bccefc0773 -> 
  custom:AudioImporter_EditorPlatform: d09bf68614088b80899f8185d706f6e7 -> 
  custom:scripting/monoscript/fileName/Upgrades.cs: efffe4420000c7dff7f2eae57efaf755 -> 
  custom:scripting/monoscript/fileName/MainMenuSceneChange.cs: d4425b768b31a0e779c58ed647aad071 -> 
  custom:scripting/monoscript/fileName/SavesYG.cs: c497cdc187148548f5d9a620311f9dc3 -> 
  custom:video-encoder-webm-vp8: eb34c28f22e8b96e1ab97ce403110664 -> 
  custom:audio-decoder-ogg-vorbis: bf7c407c2cedff20999df2af8eb42d56 -> 
  custom:scripting/monoscript/fileName/IAPHandler.cs: 9c0d60c35c8d51d2451fa8bafe956467 -> 
  custom:scripting/monoscript/fileName/ButtonsRewarded.cs: 07495e688444a91c62dfcd44c138345c -> 
  custom:audio-encoder-webm-vorbis: bf7c407c2cedff20999df2af8eb42d56 -> 
  custom:scripting/monoscript/fileName/PurchaseManager.cs: 7ccb736f003775a5e240eec74b533b6b -> 
  custom:scripting/monoscript/fileName/BuyUpgrade.cs: 7f5deeb882f8c1e3141ce9ef24e50525 -> 
  custom:scripting/precompiled-assembly-types:Assembly-CSharp: faa9eb1ddfa78a4636cdf6dcde42d85f -> b6d5beae70893ec4483681e4771dab9e
========================================================================
Received Prepare
Caller must complete domain reload
Begin MonoManager ReloadAssembly
Symbol file LoadedFromMemory is not a mono symbol file
- Loaded All Assemblies, in  0.995 seconds
Native extension for WindowsStandalone target not found
Native extension for iOS target not found
Native extension for Android target not found
Native extension for WebGL target not found
Asset Pipeline Refresh (id=faf4b6299d8e63044ad231250fc1602f): Total: 0.000 seconds - Initiated by StopAssetImportingV2(NoUpdateAssetOptions)
[ScriptCompilation] NOT recompiling all scripts because this is an import worker process. Reason to compile was: Define symbols changed
[ScriptCompilation] NOT recompiling all scripts because this is an import worker process. Reason to compile was: Define symbols changed
Mono: successfully reloaded assembly
- Finished resetting the current domain, in  2.644 seconds
Domain Reload Profiling: 3639ms
	BeginReloadAssembly (563ms)
		ExecutionOrderSort (0ms)
		DisableScriptedObjects (11ms)
		BackupInstance (0ms)
		ReleaseScriptingObjects (0ms)
		CreateAndSetChildDomain (45ms)
	RebuildCommonClasses (47ms)
	RebuildNativeTypeToScriptingClass (15ms)
	initialDomainReloadingComplete (38ms)
	LoadAllAssembliesAndSetupDomain (332ms)
		LoadAssemblies (447ms)
		RebuildTransferFunctionScriptingTraits (0ms)
		AnalyzeDomain (22ms)
			TypeCache.Refresh (9ms)
				TypeCache.ScanAssembly (0ms)
			ScanForSourceGeneratedMonoScriptInfo (0ms)
			ResolveRequiredComponents (10ms)
	FinalizeReload (2644ms)
		ReleaseScriptCaches (0ms)
		RebuildScriptCaches (0ms)
		SetupLoadedEditorAssemblies (1735ms)
			LogAssemblyErrors (0ms)
			InitializePlatformSupportModulesInManaged (145ms)
			SetLoadedEditorAssemblies (9ms)
			RefreshPlugins (0ms)
			BeforeProcessingInitializeOnLoad (255ms)
			ProcessInitializeOnLoadAttributes (948ms)
			ProcessInitializeOnLoadMethodAttributes (365ms)
			AfterProcessingInitializeOnLoad (12ms)
			EditorAssembliesLoaded (0ms)
		ExecutionOrderSort2 (0ms)
		AwakeInstancesAfterBackupRestoration (15ms)
Refreshing native plugins compatible for Editor in 18.25 ms, found 2 plugins.
Preloading 0 native plugins for Editor in 0.00 ms.
Unloading 3831 Unused Serialized files (Serialized files now loaded: 0)
Unloading 16 unused Assets / (27.7 KB). Loaded Objects now: 4597.
Memory consumption went from 140.1 MB to 140.1 MB.
Total: 11.526100 ms (FindLiveObjects: 0.557800 ms CreateObjectMapping: 0.406200 ms MarkObjects: 10.483700 ms  DeleteObjects: 0.076300 ms)

Prepare: number of updated asset objects reloaded= 0
AssetImportParameters requested are different than current active one (requested -> active):
  custom:scripting/monoscript/fileName/AdsManager.cs: 02def8582910908d167bbb9227855ef4 -> 
  custom:container-demuxer-ogg: 62fdf1f143b41e24485cea50d1cbac27 -> 
  custom:scripting/monoscript/fileName/LevelChangerDOTween.cs: 2ea35b7817de89e3c9bc7fb9c16c14c8 -> 
  custom:scripting/monoscript/fileName/AnalyticsManager.cs: a0ba2baafde2834ba142b7fe92ba996d -> 
  custom:video-decoder-ogg-theora: a1e56fd34408186e4bbccfd4996cb3dc -> 
  custom:scripting/monoscript/fileName/UpgradeShop.cs: 5fad3e7228b2cce1fa928888244f648c -> 
  custom:framework-win-MediaFoundation: 216162199b28c13a410421893ffa2e32 -> 
  custom:scripting/monoscript/fileName/RewardedAds.cs: d66570aae527af9da7222484b8264842 -> 
  custom:scripting/monoscript/fileName/NewBehaviourScript.cs: b21687ddb03d73bd9f0c1daecb9714de -> 
  custom:CustomObjectIndexerAttribute: 9a22284fe3817be447336de3de66b15e -> 
  custom:container-demuxer-webm: 4f35f7cbe854078d1ac9338744f61a02 -> 
  custom:container-muxer-webm: aa71ff27fc2769a1b78a27578f13a17b -> 
  custom:video-decoder-webm-vp8: 9c59270c3fd7afecdb556c50c9e8de78 -> 
  custom:scripting/monoscript/fileName/UpgradeAsset.cs: 5d0ce12d7184a3da40041fc92eb082d8 -> 
  custom:SearchIndexIgnoredProperties: e643bd26f0fe6173181afceb89e7c659 -> 
  custom:scripting/monoscript/fileName/InterstitialAds.cs: 6d333cb1dc24d5ddf3ec91bccefc0773 -> 
  custom:AudioImporter_EditorPlatform: d09bf68614088b80899f8185d706f6e7 -> 
  custom:scripting/monoscript/fileName/Upgrades.cs: efffe4420000c7dff7f2eae57efaf755 -> 
  custom:scripting/monoscript/fileName/MainMenuSceneChange.cs: d4425b768b31a0e779c58ed647aad071 -> 
  custom:scripting/monoscript/fileName/SavesYG.cs: c497cdc187148548f5d9a620311f9dc3 -> 
  custom:video-encoder-webm-vp8: eb34c28f22e8b96e1ab97ce403110664 -> 
  custom:audio-decoder-ogg-vorbis: bf7c407c2cedff20999df2af8eb42d56 -> 
  custom:scripting/monoscript/fileName/IAPHandler.cs: 9c0d60c35c8d51d2451fa8bafe956467 -> 
  custom:scripting/monoscript/fileName/ButtonsRewarded.cs: 07495e688444a91c62dfcd44c138345c -> 
  custom:audio-encoder-webm-vorbis: bf7c407c2cedff20999df2af8eb42d56 -> 
  custom:scripting/monoscript/fileName/PurchaseManager.cs: 7ccb736f003775a5e240eec74b533b6b -> 
  custom:scripting/monoscript/fileName/BuyUpgrade.cs: 7f5deeb882f8c1e3141ce9ef24e50525 -> 
  custom:scripting/precompiled-assembly-types:Assembly-CSharp: faa9eb1ddfa78a4636cdf6dcde42d85f -> b6d5beae70893ec4483681e4771dab9e
========================================================================
Received Prepare
Caller must complete domain reload
Begin MonoManager ReloadAssembly
Symbol file LoadedFromMemory is not a mono symbol file
- Loaded All Assemblies, in  1.844 seconds
Native extension for WindowsStandalone target not found
Native extension for iOS target not found
Native extension for Android target not found
Native extension for WebGL target not found
Asset Pipeline Refresh (id=9722f593f35c8b640aa719507ea5dbe3): Total: 0.000 seconds - Initiated by StopAssetImportingV2(NoUpdateAssetOptions)
[ScriptCompilation] NOT recompiling all scripts because this is an import worker process. Reason to compile was: Define symbols changed
[ScriptCompilation] NOT recompiling all scripts because this is an import worker process. Reason to compile was: Define symbols changed
Mono: successfully reloaded assembly
- Finished resetting the current domain, in  2.738 seconds
Domain Reload Profiling: 4576ms
	BeginReloadAssembly (914ms)
		ExecutionOrderSort (0ms)
		DisableScriptedObjects (16ms)
		BackupInstance (0ms)
		ReleaseScriptingObjects (0ms)
		CreateAndSetChildDomain (78ms)
	RebuildCommonClasses (89ms)
	RebuildNativeTypeToScriptingClass (28ms)
	initialDomainReloadingComplete (71ms)
	LoadAllAssembliesAndSetupDomain (736ms)
		LoadAssemblies (874ms)
		RebuildTransferFunctionScriptingTraits (0ms)
		AnalyzeDomain (81ms)
			TypeCache.Refresh (31ms)
				TypeCache.ScanAssembly (10ms)
			ScanForSourceGeneratedMonoScriptInfo (33ms)
			ResolveRequiredComponents (15ms)
	FinalizeReload (2739ms)
		ReleaseScriptCaches (0ms)
		RebuildScriptCaches (0ms)
		SetupLoadedEditorAssemblies (1561ms)
			LogAssemblyErrors (0ms)
			InitializePlatformSupportModulesInManaged (84ms)
			SetLoadedEditorAssemblies (10ms)
			RefreshPlugins (0ms)
			BeforeProcessingInitializeOnLoad (191ms)
			ProcessInitializeOnLoadAttributes (887ms)
			ProcessInitializeOnLoadMethodAttributes (369ms)
			AfterProcessingInitializeOnLoad (19ms)
			EditorAssembliesLoaded (1ms)
		ExecutionOrderSort2 (0ms)
		AwakeInstancesAfterBackupRestoration (19ms)
Refreshing native plugins compatible for Editor in 28.81 ms, found 2 plugins.
Preloading 0 native plugins for Editor in 0.00 ms.
Unloading 3831 Unused Serialized files (Serialized files now loaded: 0)
Unloading 16 unused Assets / (27.6 KB). Loaded Objects now: 4600.
Memory consumption went from 140.1 MB to 140.1 MB.
Total: 11.620800 ms (FindLiveObjects: 0.563600 ms CreateObjectMapping: 0.462000 ms MarkObjects: 10.505300 ms  DeleteObjects: 0.088000 ms)

Prepare: number of updated asset objects reloaded= 0
AssetImportParameters requested are different than current active one (requested -> active):
  custom:scripting/monoscript/fileName/AdsManager.cs: 02def8582910908d167bbb9227855ef4 -> 
  custom:container-demuxer-ogg: 62fdf1f143b41e24485cea50d1cbac27 -> 
  custom:scripting/monoscript/fileName/LevelChangerDOTween.cs: 2ea35b7817de89e3c9bc7fb9c16c14c8 -> 
  custom:scripting/monoscript/fileName/AnalyticsManager.cs: a0ba2baafde2834ba142b7fe92ba996d -> 
  custom:video-decoder-ogg-theora: a1e56fd34408186e4bbccfd4996cb3dc -> 
  custom:scripting/monoscript/fileName/UpgradeShop.cs: 5fad3e7228b2cce1fa928888244f648c -> 
  custom:framework-win-MediaFoundation: 216162199b28c13a410421893ffa2e32 -> 
  custom:scripting/monoscript/fileName/RewardedAds.cs: d66570aae527af9da7222484b8264842 -> 
  custom:scripting/monoscript/fileName/NewBehaviourScript.cs: b21687ddb03d73bd9f0c1daecb9714de -> 
  custom:CustomObjectIndexerAttribute: 9a22284fe3817be447336de3de66b15e -> 
  custom:container-demuxer-webm: 4f35f7cbe854078d1ac9338744f61a02 -> 
  custom:container-muxer-webm: aa71ff27fc2769a1b78a27578f13a17b -> 
  custom:video-decoder-webm-vp8: 9c59270c3fd7afecdb556c50c9e8de78 -> 
  custom:scripting/monoscript/fileName/UpgradeAsset.cs: 5d0ce12d7184a3da40041fc92eb082d8 -> 
  custom:SearchIndexIgnoredProperties: e643bd26f0fe6173181afceb89e7c659 -> 
  custom:scripting/monoscript/fileName/InterstitialAds.cs: 6d333cb1dc24d5ddf3ec91bccefc0773 -> 
  custom:AudioImporter_EditorPlatform: d09bf68614088b80899f8185d706f6e7 -> 
  custom:scripting/monoscript/fileName/Upgrades.cs: efffe4420000c7dff7f2eae57efaf755 -> 
  custom:scripting/monoscript/fileName/MainMenuSceneChange.cs: d4425b768b31a0e779c58ed647aad071 -> 
  custom:scripting/monoscript/fileName/SavesYG.cs: c497cdc187148548f5d9a620311f9dc3 -> 
  custom:video-encoder-webm-vp8: eb34c28f22e8b96e1ab97ce403110664 -> 
  custom:audio-decoder-ogg-vorbis: bf7c407c2cedff20999df2af8eb42d56 -> 
  custom:scripting/monoscript/fileName/IAPHandler.cs: 9c0d60c35c8d51d2451fa8bafe956467 -> 
  custom:scripting/monoscript/fileName/ButtonsRewarded.cs: 07495e688444a91c62dfcd44c138345c -> 
  custom:audio-encoder-webm-vorbis: bf7c407c2cedff20999df2af8eb42d56 -> 
  custom:scripting/monoscript/fileName/PurchaseManager.cs: 7ccb736f003775a5e240eec74b533b6b -> 
  custom:scripting/monoscript/fileName/BuyUpgrade.cs: 7f5deeb882f8c1e3141ce9ef24e50525 -> 
  custom:scripting/precompiled-assembly-types:Assembly-CSharp: faa9eb1ddfa78a4636cdf6dcde42d85f -> b6d5beae70893ec4483681e4771dab9e
========================================================================
Received Prepare
Caller must complete domain reload
Begin MonoManager ReloadAssembly
Symbol file LoadedFromMemory is not a mono symbol file
- Loaded All Assemblies, in  3.192 seconds
Native extension for WindowsStandalone target not found
Native extension for iOS target not found
Native extension for Android target not found
Native extension for WebGL target not found
Asset Pipeline Refresh (id=6baea3c29bf9fa7488d5729170176cd1): Total: 0.000 seconds - Initiated by StopAssetImportingV2(NoUpdateAssetOptions)
[ScriptCompilation] NOT recompiling all scripts because this is an import worker process. Reason to compile was: Define symbols changed
[ScriptCompilation] NOT recompiling all scripts because this is an import worker process. Reason to compile was: Define symbols changed
Mono: successfully reloaded assembly
- Finished resetting the current domain, in  3.777 seconds
Domain Reload Profiling: 6937ms
	BeginReloadAssembly (1699ms)
		ExecutionOrderSort (0ms)
		DisableScriptedObjects (39ms)
		BackupInstance (0ms)
		ReleaseScriptingObjects (0ms)
		CreateAndSetChildDomain (128ms)
	RebuildCommonClasses (141ms)
	RebuildNativeTypeToScriptingClass (56ms)
	initialDomainReloadingComplete (146ms)
	LoadAllAssembliesAndSetupDomain (1117ms)
		LoadAssemblies (1607ms)
		RebuildTransferFunctionScriptingTraits (0ms)
		AnalyzeDomain (102ms)
			TypeCache.Refresh (43ms)
				TypeCache.ScanAssembly (10ms)
			ScanForSourceGeneratedMonoScriptInfo (40ms)
			ResolveRequiredComponents (17ms)
	FinalizeReload (3778ms)
		ReleaseScriptCaches (0ms)
		RebuildScriptCaches (0ms)
		SetupLoadedEditorAssemblies (2270ms)
			LogAssemblyErrors (0ms)
			InitializePlatformSupportModulesInManaged (115ms)
			SetLoadedEditorAssemblies (11ms)
			RefreshPlugins (0ms)
			BeforeProcessingInitializeOnLoad (183ms)
			ProcessInitializeOnLoadAttributes (1336ms)
			ProcessInitializeOnLoadMethodAttributes (602ms)
			AfterProcessingInitializeOnLoad (21ms)
			EditorAssembliesLoaded (1ms)
		ExecutionOrderSort2 (0ms)
		AwakeInstancesAfterBackupRestoration (26ms)
Script is not up to date after domain reload: guid(dd811a47f45ccb642b7933a03e32618d) path("Assets/Scripts/GameManager.cs") state(2)
Refreshing native plugins compatible for Editor in 46.18 ms, found 2 plugins.
Preloading 0 native plugins for Editor in 0.00 ms.
Unloading 3831 Unused Serialized files (Serialized files now loaded: 0)
Unloading 16 unused Assets / (27.5 KB). Loaded Objects now: 4603.
Memory consumption went from 140.1 MB to 140.1 MB.
Total: 29.119100 ms (FindLiveObjects: 0.747300 ms CreateObjectMapping: 0.596800 ms MarkObjects: 27.682100 ms  DeleteObjects: 0.090800 ms)

Prepare: number of updated asset objects reloaded= 0
AssetImportParameters requested are different than current active one (requested -> active):
  custom:scripting/monoscript/fileName/AdsManager.cs: 02def8582910908d167bbb9227855ef4 -> 
  custom:container-demuxer-ogg: 62fdf1f143b41e24485cea50d1cbac27 -> 
  custom:scripting/monoscript/fileName/LevelChangerDOTween.cs: 2ea35b7817de89e3c9bc7fb9c16c14c8 -> 
  custom:scripting/monoscript/fileName/AnalyticsManager.cs: a0ba2baafde2834ba142b7fe92ba996d -> 
  custom:video-decoder-ogg-theora: a1e56fd34408186e4bbccfd4996cb3dc -> 
  custom:scripting/monoscript/fileName/UpgradeShop.cs: 5fad3e7228b2cce1fa928888244f648c -> 
  custom:framework-win-MediaFoundation: 216162199b28c13a410421893ffa2e32 -> 
  custom:scripting/monoscript/fileName/RewardedAds.cs: d66570aae527af9da7222484b8264842 -> 
  custom:scripting/monoscript/fileName/NewBehaviourScript.cs: b21687ddb03d73bd9f0c1daecb9714de -> 
  custom:CustomObjectIndexerAttribute: 9a22284fe3817be447336de3de66b15e -> 
  custom:container-demuxer-webm: 4f35f7cbe854078d1ac9338744f61a02 -> 
  custom:container-muxer-webm: aa71ff27fc2769a1b78a27578f13a17b -> 
  custom:video-decoder-webm-vp8: 9c59270c3fd7afecdb556c50c9e8de78 -> 
  custom:scripting/monoscript/fileName/UpgradeAsset.cs: 5d0ce12d7184a3da40041fc92eb082d8 -> 
  custom:SearchIndexIgnoredProperties: e643bd26f0fe6173181afceb89e7c659 -> 
  custom:scripting/monoscript/fileName/InterstitialAds.cs: 6d333cb1dc24d5ddf3ec91bccefc0773 -> 
  custom:AudioImporter_EditorPlatform: d09bf68614088b80899f8185d706f6e7 -> 
  custom:scripting/monoscript/fileName/Upgrades.cs: efffe4420000c7dff7f2eae57efaf755 -> 
  custom:scripting/monoscript/fileName/MainMenuSceneChange.cs: d4425b768b31a0e779c58ed647aad071 -> 
  custom:scripting/monoscript/fileName/SavesYG.cs: c497cdc187148548f5d9a620311f9dc3 -> 
  custom:video-encoder-webm-vp8: eb34c28f22e8b96e1ab97ce403110664 -> 
  custom:audio-decoder-ogg-vorbis: bf7c407c2cedff20999df2af8eb42d56 -> 
  custom:scripting/monoscript/fileName/IAPHandler.cs: 9c0d60c35c8d51d2451fa8bafe956467 -> 
  custom:scripting/monoscript/fileName/ButtonsRewarded.cs: 07495e688444a91c62dfcd44c138345c -> 
  custom:audio-encoder-webm-vorbis: bf7c407c2cedff20999df2af8eb42d56 -> 
  custom:scripting/monoscript/fileName/PurchaseManager.cs: 7ccb736f003775a5e240eec74b533b6b -> 
  custom:scripting/monoscript/fileName/BuyUpgrade.cs: 7f5deeb882f8c1e3141ce9ef24e50525 -> 
  custom:scripting/precompiled-assembly-types:Assembly-CSharp: faa9eb1ddfa78a4636cdf6dcde42d85f -> b6d5beae70893ec4483681e4771dab9e
========================================================================
Received Prepare
Caller must complete domain reload
Begin MonoManager ReloadAssembly
Symbol file LoadedFromMemory is not a mono symbol file
- Loaded All Assemblies, in  2.488 seconds
Native extension for WindowsStandalone target not found
Native extension for iOS target not found
Native extension for Android target not found
Native extension for WebGL target not found
Asset Pipeline Refresh (id=1178a1ed3fbc23044ab55e7c745822d3): Total: 0.000 seconds - Initiated by StopAssetImportingV2(NoUpdateAssetOptions)
[ScriptCompilation] NOT recompiling all scripts because this is an import worker process. Reason to compile was: Define symbols changed
[ScriptCompilation] NOT recompiling all scripts because this is an import worker process. Reason to compile was: Define symbols changed
Mono: successfully reloaded assembly
- Finished resetting the current domain, in  2.126 seconds
Domain Reload Profiling: 4611ms
	BeginReloadAssembly (1442ms)
		ExecutionOrderSort (0ms)
		DisableScriptedObjects (17ms)
		BackupInstance (0ms)
		ReleaseScriptingObjects (0ms)
		CreateAndSetChildDomain (107ms)
	RebuildCommonClasses (140ms)
	RebuildNativeTypeToScriptingClass (35ms)
	initialDomainReloadingComplete (82ms)
	LoadAllAssembliesAndSetupDomain (785ms)
		LoadAssemblies (1218ms)
		RebuildTransferFunctionScriptingTraits (0ms)
		AnalyzeDomain (97ms)
			TypeCache.Refresh (45ms)
				TypeCache.ScanAssembly (17ms)
			ScanForSourceGeneratedMonoScriptInfo (37ms)
			ResolveRequiredComponents (13ms)
	FinalizeReload (2126ms)
		ReleaseScriptCaches (0ms)
		RebuildScriptCaches (0ms)
		SetupLoadedEditorAssemblies (1171ms)
			LogAssemblyErrors (0ms)
			InitializePlatformSupportModulesInManaged (59ms)
			SetLoadedEditorAssemblies (6ms)
			RefreshPlugins (0ms)
			BeforeProcessingInitializeOnLoad (116ms)
			ProcessInitializeOnLoadAttributes (627ms)
			ProcessInitializeOnLoadMethodAttributes (347ms)
			AfterProcessingInitializeOnLoad (16ms)
			EditorAssembliesLoaded (1ms)
		ExecutionOrderSort2 (0ms)
		AwakeInstancesAfterBackupRestoration (16ms)
Refreshing native plugins compatible for Editor in 25.39 ms, found 2 plugins.
Preloading 0 native plugins for Editor in 0.00 ms.
Unloading 3831 Unused Serialized files (Serialized files now loaded: 0)
Unloading 16 unused Assets / (27.5 KB). Loaded Objects now: 4606.
Memory consumption went from 140.1 MB to 140.1 MB.
Total: 17.905500 ms (FindLiveObjects: 0.521600 ms CreateObjectMapping: 0.444000 ms MarkObjects: 16.877600 ms  DeleteObjects: 0.060500 ms)

Prepare: number of updated asset objects reloaded= 0
AssetImportParameters requested are different than current active one (requested -> active):
  custom:scripting/monoscript/fileName/AdsManager.cs: 02def8582910908d167bbb9227855ef4 -> 
  custom:container-demuxer-ogg: 62fdf1f143b41e24485cea50d1cbac27 -> 
  custom:scripting/monoscript/fileName/LevelChangerDOTween.cs: 2ea35b7817de89e3c9bc7fb9c16c14c8 -> 
  custom:scripting/monoscript/fileName/AnalyticsManager.cs: a0ba2baafde2834ba142b7fe92ba996d -> 
  custom:video-decoder-ogg-theora: a1e56fd34408186e4bbccfd4996cb3dc -> 
  custom:scripting/monoscript/fileName/UpgradeShop.cs: 5fad3e7228b2cce1fa928888244f648c -> 
  custom:framework-win-MediaFoundation: 216162199b28c13a410421893ffa2e32 -> 
  custom:scripting/monoscript/fileName/RewardedAds.cs: d66570aae527af9da7222484b8264842 -> 
  custom:scripting/monoscript/fileName/NewBehaviourScript.cs: b21687ddb03d73bd9f0c1daecb9714de -> 
  custom:CustomObjectIndexerAttribute: 9a22284fe3817be447336de3de66b15e -> 
  custom:container-demuxer-webm: 4f35f7cbe854078d1ac9338744f61a02 -> 
  custom:container-muxer-webm: aa71ff27fc2769a1b78a27578f13a17b -> 
  custom:video-decoder-webm-vp8: 9c59270c3fd7afecdb556c50c9e8de78 -> 
  custom:scripting/monoscript/fileName/UpgradeAsset.cs: 5d0ce12d7184a3da40041fc92eb082d8 -> 
  custom:SearchIndexIgnoredProperties: e643bd26f0fe6173181afceb89e7c659 -> 
  custom:scripting/monoscript/fileName/InterstitialAds.cs: 6d333cb1dc24d5ddf3ec91bccefc0773 -> 
  custom:AudioImporter_EditorPlatform: d09bf68614088b80899f8185d706f6e7 -> 
  custom:scripting/monoscript/fileName/Upgrades.cs: efffe4420000c7dff7f2eae57efaf755 -> 
  custom:scripting/monoscript/fileName/MainMenuSceneChange.cs: d4425b768b31a0e779c58ed647aad071 -> 
  custom:scripting/monoscript/fileName/SavesYG.cs: c497cdc187148548f5d9a620311f9dc3 -> 
  custom:video-encoder-webm-vp8: eb34c28f22e8b96e1ab97ce403110664 -> 
  custom:audio-decoder-ogg-vorbis: bf7c407c2cedff20999df2af8eb42d56 -> 
  custom:scripting/monoscript/fileName/IAPHandler.cs: 9c0d60c35c8d51d2451fa8bafe956467 -> 
  custom:scripting/monoscript/fileName/ButtonsRewarded.cs: 07495e688444a91c62dfcd44c138345c -> 
  custom:audio-encoder-webm-vorbis: bf7c407c2cedff20999df2af8eb42d56 -> 
  custom:scripting/monoscript/fileName/PurchaseManager.cs: 7ccb736f003775a5e240eec74b533b6b -> 
  custom:scripting/monoscript/fileName/BuyUpgrade.cs: 7f5deeb882f8c1e3141ce9ef24e50525 -> 
  custom:scripting/precompiled-assembly-types:Assembly-CSharp: faa9eb1ddfa78a4636cdf6dcde42d85f -> b6d5beae70893ec4483681e4771dab9e
========================================================================
Received Prepare
Caller must complete domain reload
Begin MonoManager ReloadAssembly
Symbol file LoadedFromMemory is not a mono symbol file
- Loaded All Assemblies, in  2.738 seconds
Native extension for WindowsStandalone target not found
Native extension for iOS target not found
Native extension for Android target not found
Native extension for WebGL target not found
Asset Pipeline Refresh (id=7109b2ddb42a10c449e8d8467c40a4b3): Total: 0.000 seconds - Initiated by StopAssetImportingV2(NoUpdateAssetOptions)
[ScriptCompilation] NOT recompiling all scripts because this is an import worker process. Reason to compile was: Define symbols changed
[ScriptCompilation] NOT recompiling all scripts because this is an import worker process. Reason to compile was: Define symbols changed
Mono: successfully reloaded assembly
- Finished resetting the current domain, in  2.616 seconds
Domain Reload Profiling: 5353ms
	BeginReloadAssembly (1638ms)
		ExecutionOrderSort (0ms)
		DisableScriptedObjects (19ms)
		BackupInstance (0ms)
		ReleaseScriptingObjects (0ms)
		CreateAndSetChildDomain (178ms)
	RebuildCommonClasses (109ms)
	RebuildNativeTypeToScriptingClass (38ms)
	initialDomainReloadingComplete (71ms)
	LoadAllAssembliesAndSetupDomain (880ms)
		LoadAssemblies (1005ms)
		RebuildTransferFunctionScriptingTraits (0ms)
		AnalyzeDomain (126ms)
			TypeCache.Refresh (55ms)
				TypeCache.ScanAssembly (17ms)
			ScanForSourceGeneratedMonoScriptInfo (48ms)
			ResolveRequiredComponents (20ms)
	FinalizeReload (2617ms)
		ReleaseScriptCaches (0ms)
		RebuildScriptCaches (0ms)
		SetupLoadedEditorAssemblies (1437ms)
			LogAssemblyErrors (0ms)
			InitializePlatformSupportModulesInManaged (48ms)
			SetLoadedEditorAssemblies (8ms)
			RefreshPlugins (0ms)
			BeforeProcessingInitializeOnLoad (129ms)
			ProcessInitializeOnLoadAttributes (813ms)
			ProcessInitializeOnLoadMethodAttributes (423ms)
			AfterProcessingInitializeOnLoad (17ms)
			EditorAssembliesLoaded (1ms)
		ExecutionOrderSort2 (0ms)
		AwakeInstancesAfterBackupRestoration (21ms)
Refreshing native plugins compatible for Editor in 27.21 ms, found 2 plugins.
Preloading 0 native plugins for Editor in 0.00 ms.
Unloading 3831 Unused Serialized files (Serialized files now loaded: 0)
Unloading 16 unused Assets / (27.6 KB). Loaded Objects now: 4609.
Memory consumption went from 140.1 MB to 140.1 MB.
Total: 17.299300 ms (FindLiveObjects: 0.419800 ms CreateObjectMapping: 0.353900 ms MarkObjects: 16.444100 ms  DeleteObjects: 0.080000 ms)

Prepare: number of updated asset objects reloaded= 0
AssetImportParameters requested are different than current active one (requested -> active):
  custom:scripting/monoscript/fileName/AdsManager.cs: 02def8582910908d167bbb9227855ef4 -> 
  custom:container-demuxer-ogg: 62fdf1f143b41e24485cea50d1cbac27 -> 
  custom:scripting/monoscript/fileName/LevelChangerDOTween.cs: 2ea35b7817de89e3c9bc7fb9c16c14c8 -> 
  custom:scripting/monoscript/fileName/AnalyticsManager.cs: a0ba2baafde2834ba142b7fe92ba996d -> 
  custom:video-decoder-ogg-theora: a1e56fd34408186e4bbccfd4996cb3dc -> 
  custom:scripting/monoscript/fileName/UpgradeShop.cs: 5fad3e7228b2cce1fa928888244f648c -> 
  custom:framework-win-MediaFoundation: 216162199b28c13a410421893ffa2e32 -> 
  custom:scripting/monoscript/fileName/RewardedAds.cs: d66570aae527af9da7222484b8264842 -> 
  custom:scripting/monoscript/fileName/NewBehaviourScript.cs: b21687ddb03d73bd9f0c1daecb9714de -> 
  custom:CustomObjectIndexerAttribute: 9a22284fe3817be447336de3de66b15e -> 
  custom:container-demuxer-webm: 4f35f7cbe854078d1ac9338744f61a02 -> 
  custom:container-muxer-webm: aa71ff27fc2769a1b78a27578f13a17b -> 
  custom:video-decoder-webm-vp8: 9c59270c3fd7afecdb556c50c9e8de78 -> 
  custom:scripting/monoscript/fileName/UpgradeAsset.cs: 5d0ce12d7184a3da40041fc92eb082d8 -> 
  custom:SearchIndexIgnoredProperties: e643bd26f0fe6173181afceb89e7c659 -> 
  custom:scripting/monoscript/fileName/InterstitialAds.cs: 6d333cb1dc24d5ddf3ec91bccefc0773 -> 
  custom:AudioImporter_EditorPlatform: d09bf68614088b80899f8185d706f6e7 -> 
  custom:scripting/monoscript/fileName/Upgrades.cs: efffe4420000c7dff7f2eae57efaf755 -> 
  custom:scripting/monoscript/fileName/MainMenuSceneChange.cs: d4425b768b31a0e779c58ed647aad071 -> 
  custom:scripting/monoscript/fileName/SavesYG.cs: c497cdc187148548f5d9a620311f9dc3 -> 
  custom:video-encoder-webm-vp8: eb34c28f22e8b96e1ab97ce403110664 -> 
  custom:audio-decoder-ogg-vorbis: bf7c407c2cedff20999df2af8eb42d56 -> 
  custom:scripting/monoscript/fileName/IAPHandler.cs: 9c0d60c35c8d51d2451fa8bafe956467 -> 
  custom:scripting/monoscript/fileName/ButtonsRewarded.cs: 07495e688444a91c62dfcd44c138345c -> 
  custom:audio-encoder-webm-vorbis: bf7c407c2cedff20999df2af8eb42d56 -> 
  custom:scripting/monoscript/fileName/PurchaseManager.cs: 7ccb736f003775a5e240eec74b533b6b -> 
  custom:scripting/monoscript/fileName/BuyUpgrade.cs: 7f5deeb882f8c1e3141ce9ef24e50525 -> 
  custom:scripting/precompiled-assembly-types:Assembly-CSharp: faa9eb1ddfa78a4636cdf6dcde42d85f -> b6d5beae70893ec4483681e4771dab9e
========================================================================
Received Prepare
Caller must complete domain reload
Begin MonoManager ReloadAssembly
Symbol file LoadedFromMemory is not a mono symbol file
- Loaded All Assemblies, in  2.022 seconds
Native extension for WindowsStandalone target not found
Native extension for iOS target not found
Native extension for Android target not found
Native extension for WebGL target not found
Asset Pipeline Refresh (id=eb20b33a5c3435147813f037b206cdf7): Total: 0.000 seconds - Initiated by StopAssetImportingV2(NoUpdateAssetOptions)
[ScriptCompilation] NOT recompiling all scripts because this is an import worker process. Reason to compile was: Define symbols changed
[ScriptCompilation] NOT recompiling all scripts because this is an import worker process. Reason to compile was: Define symbols changed
Mono: successfully reloaded assembly
- Finished resetting the current domain, in  3.314 seconds
Domain Reload Profiling: 5331ms
	BeginReloadAssembly (1140ms)
		ExecutionOrderSort (0ms)
		DisableScriptedObjects (17ms)
		BackupInstance (0ms)
		ReleaseScriptingObjects (0ms)
		CreateAndSetChildDomain (83ms)
	RebuildCommonClasses (98ms)
	RebuildNativeTypeToScriptingClass (33ms)
	initialDomainReloadingComplete (76ms)
	LoadAllAssembliesAndSetupDomain (670ms)
		LoadAssemblies (839ms)
		RebuildTransferFunctionScriptingTraits (0ms)
		AnalyzeDomain (31ms)
			TypeCache.Refresh (12ms)
				TypeCache.ScanAssembly (0ms)
			ScanForSourceGeneratedMonoScriptInfo (0ms)
			ResolveRequiredComponents (16ms)
	FinalizeReload (3315ms)
		ReleaseScriptCaches (0ms)
		RebuildScriptCaches (0ms)
		SetupLoadedEditorAssemblies (2009ms)
			LogAssemblyErrors (0ms)
			InitializePlatformSupportModulesInManaged (80ms)
			SetLoadedEditorAssemblies (10ms)
			RefreshPlugins (0ms)
			BeforeProcessingInitializeOnLoad (206ms)
			ProcessInitializeOnLoadAttributes (1211ms)
			ProcessInitializeOnLoadMethodAttributes (485ms)
			AfterProcessingInitializeOnLoad (16ms)
			EditorAssembliesLoaded (0ms)
		ExecutionOrderSort2 (0ms)
		AwakeInstancesAfterBackupRestoration (33ms)
Refreshing native plugins compatible for Editor in 31.48 ms, found 2 plugins.
Preloading 0 native plugins for Editor in 0.00 ms.
Unloading 3831 Unused Serialized files (Serialized files now loaded: 0)
Unloading 16 unused Assets / (27.6 KB). Loaded Objects now: 4612.
Memory consumption went from 140.1 MB to 140.1 MB.
Total: 15.927500 ms (FindLiveObjects: 0.540000 ms CreateObjectMapping: 0.387900 ms MarkObjects: 14.891000 ms  DeleteObjects: 0.106900 ms)

Prepare: number of updated asset objects reloaded= 0
AssetImportParameters requested are different than current active one (requested -> active):
  custom:scripting/monoscript/fileName/AdsManager.cs: 02def8582910908d167bbb9227855ef4 -> 
  custom:container-demuxer-ogg: 62fdf1f143b41e24485cea50d1cbac27 -> 
  custom:scripting/monoscript/fileName/LevelChangerDOTween.cs: 2ea35b7817de89e3c9bc7fb9c16c14c8 -> 
  custom:scripting/monoscript/fileName/AnalyticsManager.cs: a0ba2baafde2834ba142b7fe92ba996d -> 
  custom:video-decoder-ogg-theora: a1e56fd34408186e4bbccfd4996cb3dc -> 
  custom:scripting/monoscript/fileName/UpgradeShop.cs: 5fad3e7228b2cce1fa928888244f648c -> 
  custom:framework-win-MediaFoundation: 216162199b28c13a410421893ffa2e32 -> 
  custom:scripting/monoscript/fileName/RewardedAds.cs: d66570aae527af9da7222484b8264842 -> 
  custom:scripting/monoscript/fileName/NewBehaviourScript.cs: b21687ddb03d73bd9f0c1daecb9714de -> 
  custom:CustomObjectIndexerAttribute: 9a22284fe3817be447336de3de66b15e -> 
  custom:container-demuxer-webm: 4f35f7cbe854078d1ac9338744f61a02 -> 
  custom:container-muxer-webm: aa71ff27fc2769a1b78a27578f13a17b -> 
  custom:video-decoder-webm-vp8: 9c59270c3fd7afecdb556c50c9e8de78 -> 
  custom:scripting/monoscript/fileName/UpgradeAsset.cs: 5d0ce12d7184a3da40041fc92eb082d8 -> 
  custom:SearchIndexIgnoredProperties: e643bd26f0fe6173181afceb89e7c659 -> 
  custom:scripting/monoscript/fileName/InterstitialAds.cs: 6d333cb1dc24d5ddf3ec91bccefc0773 -> 
  custom:AudioImporter_EditorPlatform: d09bf68614088b80899f8185d706f6e7 -> 
  custom:scripting/monoscript/fileName/Upgrades.cs: efffe4420000c7dff7f2eae57efaf755 -> 
  custom:scripting/monoscript/fileName/MainMenuSceneChange.cs: d4425b768b31a0e779c58ed647aad071 -> 
  custom:scripting/monoscript/fileName/SavesYG.cs: c497cdc187148548f5d9a620311f9dc3 -> 
  custom:video-encoder-webm-vp8: eb34c28f22e8b96e1ab97ce403110664 -> 
  custom:audio-decoder-ogg-vorbis: bf7c407c2cedff20999df2af8eb42d56 -> 
  custom:scripting/monoscript/fileName/IAPHandler.cs: 9c0d60c35c8d51d2451fa8bafe956467 -> 
  custom:scripting/monoscript/fileName/ButtonsRewarded.cs: 07495e688444a91c62dfcd44c138345c -> 
  custom:audio-encoder-webm-vorbis: bf7c407c2cedff20999df2af8eb42d56 -> 
  custom:scripting/monoscript/fileName/PurchaseManager.cs: 7ccb736f003775a5e240eec74b533b6b -> 
  custom:scripting/monoscript/fileName/BuyUpgrade.cs: 7f5deeb882f8c1e3141ce9ef24e50525 -> 
  custom:scripting/precompiled-assembly-types:Assembly-CSharp: faa9eb1ddfa78a4636cdf6dcde42d85f -> b6d5beae70893ec4483681e4771dab9e
========================================================================
Received Prepare
Caller must complete domain reload
Begin MonoManager ReloadAssembly
Symbol file LoadedFromMemory is not a mono symbol file
- Loaded All Assemblies, in  1.027 seconds
Native extension for WindowsStandalone target not found
Native extension for iOS target not found
Native extension for Android target not found
Native extension for WebGL target not found
Asset Pipeline Refresh (id=5ac02b568522c084592cc4b5760269f6): Total: 0.000 seconds - Initiated by StopAssetImportingV2(NoUpdateAssetOptions)
[ScriptCompilation] NOT recompiling all scripts because this is an import worker process. Reason to compile was: Define symbols changed
[ScriptCompilation] NOT recompiling all scripts because this is an import worker process. Reason to compile was: Define symbols changed
Mono: successfully reloaded assembly
- Finished resetting the current domain, in  1.787 seconds
Domain Reload Profiling: 2813ms
	BeginReloadAssembly (565ms)
		ExecutionOrderSort (0ms)
		DisableScriptedObjects (11ms)
		BackupInstance (0ms)
		ReleaseScriptingObjects (0ms)
		CreateAndSetChildDomain (51ms)
	RebuildCommonClasses (41ms)
	RebuildNativeTypeToScriptingClass (13ms)
	initialDomainReloadingComplete (42ms)
	LoadAllAssembliesAndSetupDomain (365ms)
		LoadAssemblies (437ms)
		RebuildTransferFunctionScriptingTraits (0ms)
		AnalyzeDomain (44ms)
			TypeCache.Refresh (18ms)
				TypeCache.ScanAssembly (6ms)
			ScanForSourceGeneratedMonoScriptInfo (16ms)
			ResolveRequiredComponents (9ms)
	FinalizeReload (1787ms)
		ReleaseScriptCaches (0ms)
		RebuildScriptCaches (0ms)
		SetupLoadedEditorAssemblies (810ms)
			LogAssemblyErrors (0ms)
			InitializePlatformSupportModulesInManaged (34ms)
			SetLoadedEditorAssemblies (5ms)
			RefreshPlugins (0ms)
			BeforeProcessingInitializeOnLoad (93ms)
			ProcessInitializeOnLoadAttributes (433ms)
			ProcessInitializeOnLoadMethodAttributes (235ms)
			AfterProcessingInitializeOnLoad (9ms)
			EditorAssembliesLoaded (0ms)
		ExecutionOrderSort2 (0ms)
		AwakeInstancesAfterBackupRestoration (13ms)
Refreshing native plugins compatible for Editor in 14.41 ms, found 2 plugins.
Preloading 0 native plugins for Editor in 0.00 ms.
Unloading 3831 Unused Serialized files (Serialized files now loaded: 0)
Unloading 16 unused Assets / (27.6 KB). Loaded Objects now: 4615.
Memory consumption went from 140.1 MB to 140.1 MB.
Total: 10.920200 ms (FindLiveObjects: 0.435000 ms CreateObjectMapping: 0.439700 ms MarkObjects: 9.996900 ms  DeleteObjects: 0.047400 ms)

Prepare: number of updated asset objects reloaded= 0
AssetImportParameters requested are different than current active one (requested -> active):
  custom:scripting/monoscript/fileName/AdsManager.cs: 02def8582910908d167bbb9227855ef4 -> 
  custom:container-demuxer-ogg: 62fdf1f143b41e24485cea50d1cbac27 -> 
  custom:scripting/monoscript/fileName/LevelChangerDOTween.cs: 2ea35b7817de89e3c9bc7fb9c16c14c8 -> 
  custom:scripting/monoscript/fileName/AnalyticsManager.cs: a0ba2baafde2834ba142b7fe92ba996d -> 
  custom:video-decoder-ogg-theora: a1e56fd34408186e4bbccfd4996cb3dc -> 
  custom:scripting/monoscript/fileName/UpgradeShop.cs: 5fad3e7228b2cce1fa928888244f648c -> 
  custom:framework-win-MediaFoundation: 216162199b28c13a410421893ffa2e32 -> 
  custom:scripting/monoscript/fileName/RewardedAds.cs: d66570aae527af9da7222484b8264842 -> 
  custom:scripting/monoscript/fileName/NewBehaviourScript.cs: b21687ddb03d73bd9f0c1daecb9714de -> 
  custom:CustomObjectIndexerAttribute: 9a22284fe3817be447336de3de66b15e -> 
  custom:container-demuxer-webm: 4f35f7cbe854078d1ac9338744f61a02 -> 
  custom:container-muxer-webm: aa71ff27fc2769a1b78a27578f13a17b -> 
  custom:video-decoder-webm-vp8: 9c59270c3fd7afecdb556c50c9e8de78 -> 
  custom:scripting/monoscript/fileName/UpgradeAsset.cs: 5d0ce12d7184a3da40041fc92eb082d8 -> 
  custom:SearchIndexIgnoredProperties: e643bd26f0fe6173181afceb89e7c659 -> 
  custom:scripting/monoscript/fileName/InterstitialAds.cs: 6d333cb1dc24d5ddf3ec91bccefc0773 -> 
  custom:AudioImporter_EditorPlatform: d09bf68614088b80899f8185d706f6e7 -> 
  custom:scripting/monoscript/fileName/Upgrades.cs: efffe4420000c7dff7f2eae57efaf755 -> 
  custom:scripting/monoscript/fileName/MainMenuSceneChange.cs: d4425b768b31a0e779c58ed647aad071 -> 
  custom:scripting/monoscript/fileName/SavesYG.cs: c497cdc187148548f5d9a620311f9dc3 -> 
  custom:video-encoder-webm-vp8: eb34c28f22e8b96e1ab97ce403110664 -> 
  custom:audio-decoder-ogg-vorbis: bf7c407c2cedff20999df2af8eb42d56 -> 
  custom:scripting/monoscript/fileName/IAPHandler.cs: 9c0d60c35c8d51d2451fa8bafe956467 -> 
  custom:scripting/monoscript/fileName/ButtonsRewarded.cs: 07495e688444a91c62dfcd44c138345c -> 
  custom:audio-encoder-webm-vorbis: bf7c407c2cedff20999df2af8eb42d56 -> 
  custom:scripting/monoscript/fileName/PurchaseManager.cs: 7ccb736f003775a5e240eec74b533b6b -> 
  custom:scripting/monoscript/fileName/BuyUpgrade.cs: 7f5deeb882f8c1e3141ce9ef24e50525 -> 
  custom:scripting/precompiled-assembly-types:Assembly-CSharp: 220dc792bf19982011f4146fd284c5a7 -> b6d5beae70893ec4483681e4771dab9e
========================================================================
Received Prepare
Caller must complete domain reload
Begin MonoManager ReloadAssembly
Symbol file LoadedFromMemory is not a mono symbol file
- Loaded All Assemblies, in  0.993 seconds
Native extension for WindowsStandalone target not found
Native extension for iOS target not found
Native extension for Android target not found
Native extension for WebGL target not found
Asset Pipeline Refresh (id=0ba01c0e86224fd4e87ab20be7d0b200): Total: 0.000 seconds - Initiated by StopAssetImportingV2(NoUpdateAssetOptions)
[ScriptCompilation] NOT recompiling all scripts because this is an import worker process. Reason to compile was: Define symbols changed
[ScriptCompilation] NOT recompiling all scripts because this is an import worker process. Reason to compile was: Define symbols changed
Mono: successfully reloaded assembly
- Finished resetting the current domain, in  1.910 seconds
Domain Reload Profiling: 2900ms
	BeginReloadAssembly (547ms)
		ExecutionOrderSort (0ms)
		DisableScriptedObjects (7ms)
		BackupInstance (0ms)
		ReleaseScriptingObjects (0ms)
		CreateAndSetChildDomain (41ms)
	RebuildCommonClasses (55ms)
	RebuildNativeTypeToScriptingClass (17ms)
	initialDomainReloadingComplete (38ms)
	LoadAllAssembliesAndSetupDomain (333ms)
		LoadAssemblies (441ms)
		RebuildTransferFunctionScriptingTraits (0ms)
		AnalyzeDomain (20ms)
			TypeCache.Refresh (9ms)
				TypeCache.ScanAssembly (0ms)
			ScanForSourceGeneratedMonoScriptInfo (0ms)
			ResolveRequiredComponents (9ms)
	FinalizeReload (1911ms)
		ReleaseScriptCaches (0ms)
		RebuildScriptCaches (0ms)
		SetupLoadedEditorAssemblies (1187ms)
			LogAssemblyErrors (0ms)
			InitializePlatformSupportModulesInManaged (51ms)
			SetLoadedEditorAssemblies (5ms)
			RefreshPlugins (0ms)
			BeforeProcessingInitializeOnLoad (130ms)
			ProcessInitializeOnLoadAttributes (579ms)
			ProcessInitializeOnLoadMethodAttributes (411ms)
			AfterProcessingInitializeOnLoad (11ms)
			EditorAssembliesLoaded (0ms)
		ExecutionOrderSort2 (0ms)
		AwakeInstancesAfterBackupRestoration (33ms)
Refreshing native plugins compatible for Editor in 20.44 ms, found 2 plugins.
Preloading 0 native plugins for Editor in 0.00 ms.
Unloading 3831 Unused Serialized files (Serialized files now loaded: 0)
Unloading 16 unused Assets / (27.5 KB). Loaded Objects now: 4618.
Memory consumption went from 140.1 MB to 140.1 MB.
Total: 15.806500 ms (FindLiveObjects: 0.358600 ms CreateObjectMapping: 0.859600 ms MarkObjects: 14.462100 ms  DeleteObjects: 0.124400 ms)

Prepare: number of updated asset objects reloaded= 0
AssetImportParameters requested are different than current active one (requested -> active):
  custom:scripting/monoscript/fileName/AdsManager.cs: 02def8582910908d167bbb9227855ef4 -> 
  custom:container-demuxer-ogg: 62fdf1f143b41e24485cea50d1cbac27 -> 
  custom:scripting/monoscript/fileName/LevelChangerDOTween.cs: 2ea35b7817de89e3c9bc7fb9c16c14c8 -> 
  custom:scripting/monoscript/fileName/AnalyticsManager.cs: a0ba2baafde2834ba142b7fe92ba996d -> 
  custom:video-decoder-ogg-theora: a1e56fd34408186e4bbccfd4996cb3dc -> 
  custom:scripting/monoscript/fileName/UpgradeShop.cs: 5fad3e7228b2cce1fa928888244f648c -> 
  custom:framework-win-MediaFoundation: 216162199b28c13a410421893ffa2e32 -> 
  custom:scripting/monoscript/fileName/RewardedAds.cs: d66570aae527af9da7222484b8264842 -> 
  custom:scripting/monoscript/fileName/NewBehaviourScript.cs: b21687ddb03d73bd9f0c1daecb9714de -> 
  custom:CustomObjectIndexerAttribute: 9a22284fe3817be447336de3de66b15e -> 
  custom:container-demuxer-webm: 4f35f7cbe854078d1ac9338744f61a02 -> 
  custom:container-muxer-webm: aa71ff27fc2769a1b78a27578f13a17b -> 
  custom:video-decoder-webm-vp8: 9c59270c3fd7afecdb556c50c9e8de78 -> 
  custom:scripting/monoscript/fileName/UpgradeAsset.cs: 5d0ce12d7184a3da40041fc92eb082d8 -> 
  custom:SearchIndexIgnoredProperties: e643bd26f0fe6173181afceb89e7c659 -> 
  custom:scripting/monoscript/fileName/InterstitialAds.cs: 6d333cb1dc24d5ddf3ec91bccefc0773 -> 
  custom:AudioImporter_EditorPlatform: d09bf68614088b80899f8185d706f6e7 -> 
  custom:scripting/monoscript/fileName/Upgrades.cs: efffe4420000c7dff7f2eae57efaf755 -> 
  custom:scripting/monoscript/fileName/MainMenuSceneChange.cs: d4425b768b31a0e779c58ed647aad071 -> 
  custom:scripting/monoscript/fileName/SavesYG.cs: c497cdc187148548f5d9a620311f9dc3 -> 
  custom:video-encoder-webm-vp8: eb34c28f22e8b96e1ab97ce403110664 -> 
  custom:audio-decoder-ogg-vorbis: bf7c407c2cedff20999df2af8eb42d56 -> 
  custom:scripting/monoscript/fileName/IAPHandler.cs: 9c0d60c35c8d51d2451fa8bafe956467 -> 
  custom:scripting/monoscript/fileName/ButtonsRewarded.cs: 07495e688444a91c62dfcd44c138345c -> 
  custom:audio-encoder-webm-vorbis: bf7c407c2cedff20999df2af8eb42d56 -> 
  custom:scripting/monoscript/fileName/PurchaseManager.cs: 7ccb736f003775a5e240eec74b533b6b -> 
  custom:scripting/monoscript/fileName/BuyUpgrade.cs: 7f5deeb882f8c1e3141ce9ef24e50525 -> 
  custom:scripting/precompiled-assembly-types:Assembly-CSharp: 220dc792bf19982011f4146fd284c5a7 -> b6d5beae70893ec4483681e4771dab9e
========================================================================
Received Prepare
Caller must complete domain reload
Begin MonoManager ReloadAssembly
Symbol file LoadedFromMemory is not a mono symbol file
- Loaded All Assemblies, in  1.822 seconds
Native extension for WindowsStandalone target not found
Native extension for iOS target not found
Native extension for Android target not found
Native extension for WebGL target not found
Asset Pipeline Refresh (id=e0c7313909f7ff940833175c435deb02): Total: 0.000 seconds - Initiated by StopAssetImportingV2(NoUpdateAssetOptions)
[ScriptCompilation] NOT recompiling all scripts because this is an import worker process. Reason to compile was: Define symbols changed
[ScriptCompilation] NOT recompiling all scripts because this is an import worker process. Reason to compile was: Define symbols changed
Mono: successfully reloaded assembly
- Finished resetting the current domain, in  2.722 seconds
Domain Reload Profiling: 4540ms
	BeginReloadAssembly (835ms)
		ExecutionOrderSort (0ms)
		DisableScriptedObjects (11ms)
		BackupInstance (0ms)
		ReleaseScriptingObjects (0ms)
		CreateAndSetChildDomain (73ms)
	RebuildCommonClasses (68ms)
	RebuildNativeTypeToScriptingClass (37ms)
	initialDomainReloadingComplete (77ms)
	LoadAllAssembliesAndSetupDomain (801ms)
		LoadAssemblies (890ms)
		RebuildTransferFunctionScriptingTraits (0ms)
		AnalyzeDomain (82ms)
			TypeCache.Refresh (34ms)
				TypeCache.ScanAssembly (7ms)
			ScanForSourceGeneratedMonoScriptInfo (32ms)
			ResolveRequiredComponents (14ms)
	FinalizeReload (2723ms)
		ReleaseScriptCaches (0ms)
		RebuildScriptCaches (0ms)
		SetupLoadedEditorAssemblies (1517ms)
			LogAssemblyErrors (0ms)
			InitializePlatformSupportModulesInManaged (68ms)
			SetLoadedEditorAssemblies (9ms)
			RefreshPlugins (0ms)
			BeforeProcessingInitializeOnLoad (156ms)
			ProcessInitializeOnLoadAttributes (871ms)
			ProcessInitializeOnLoadMethodAttributes (397ms)
			AfterProcessingInitializeOnLoad (16ms)
			EditorAssembliesLoaded (0ms)
		ExecutionOrderSort2 (0ms)
		AwakeInstancesAfterBackupRestoration (18ms)
Refreshing native plugins compatible for Editor in 28.24 ms, found 2 plugins.
Preloading 0 native plugins for Editor in 0.00 ms.
Unloading 3831 Unused Serialized files (Serialized files now loaded: 0)
Unloading 16 unused Assets / (27.5 KB). Loaded Objects now: 4621.
Memory consumption went from 140.1 MB to 140.1 MB.
Total: 12.231500 ms (FindLiveObjects: 0.580800 ms CreateObjectMapping: 0.451000 ms MarkObjects: 11.133100 ms  DeleteObjects: 0.064400 ms)

Prepare: number of updated asset objects reloaded= 0
AssetImportParameters requested are different than current active one (requested -> active):
  custom:scripting/monoscript/fileName/AdsManager.cs: 02def8582910908d167bbb9227855ef4 -> 
  custom:container-demuxer-ogg: 62fdf1f143b41e24485cea50d1cbac27 -> 
  custom:scripting/monoscript/fileName/LevelChangerDOTween.cs: 2ea35b7817de89e3c9bc7fb9c16c14c8 -> 
  custom:scripting/monoscript/fileName/AnalyticsManager.cs: a0ba2baafde2834ba142b7fe92ba996d -> 
  custom:video-decoder-ogg-theora: a1e56fd34408186e4bbccfd4996cb3dc -> 
  custom:scripting/monoscript/fileName/UpgradeShop.cs: 5fad3e7228b2cce1fa928888244f648c -> 
  custom:framework-win-MediaFoundation: 216162199b28c13a410421893ffa2e32 -> 
  custom:scripting/monoscript/fileName/RewardedAds.cs: d66570aae527af9da7222484b8264842 -> 
  custom:scripting/monoscript/fileName/NewBehaviourScript.cs: b21687ddb03d73bd9f0c1daecb9714de -> 
  custom:CustomObjectIndexerAttribute: 9a22284fe3817be447336de3de66b15e -> 
  custom:container-demuxer-webm: 4f35f7cbe854078d1ac9338744f61a02 -> 
  custom:container-muxer-webm: aa71ff27fc2769a1b78a27578f13a17b -> 
  custom:video-decoder-webm-vp8: 9c59270c3fd7afecdb556c50c9e8de78 -> 
  custom:scripting/monoscript/fileName/UpgradeAsset.cs: 5d0ce12d7184a3da40041fc92eb082d8 -> 
  custom:SearchIndexIgnoredProperties: e643bd26f0fe6173181afceb89e7c659 -> 
  custom:scripting/monoscript/fileName/InterstitialAds.cs: 6d333cb1dc24d5ddf3ec91bccefc0773 -> 
  custom:AudioImporter_EditorPlatform: d09bf68614088b80899f8185d706f6e7 -> 
  custom:scripting/monoscript/fileName/Upgrades.cs: efffe4420000c7dff7f2eae57efaf755 -> 
  custom:scripting/monoscript/fileName/MainMenuSceneChange.cs: d4425b768b31a0e779c58ed647aad071 -> 
  custom:scripting/monoscript/fileName/SavesYG.cs: c497cdc187148548f5d9a620311f9dc3 -> 
  custom:video-encoder-webm-vp8: eb34c28f22e8b96e1ab97ce403110664 -> 
  custom:audio-decoder-ogg-vorbis: bf7c407c2cedff20999df2af8eb42d56 -> 
  custom:scripting/monoscript/fileName/IAPHandler.cs: 9c0d60c35c8d51d2451fa8bafe956467 -> 
  custom:scripting/monoscript/fileName/ButtonsRewarded.cs: 07495e688444a91c62dfcd44c138345c -> 
  custom:audio-encoder-webm-vorbis: bf7c407c2cedff20999df2af8eb42d56 -> 
  custom:scripting/monoscript/fileName/PurchaseManager.cs: 7ccb736f003775a5e240eec74b533b6b -> 
  custom:scripting/monoscript/fileName/BuyUpgrade.cs: 7f5deeb882f8c1e3141ce9ef24e50525 -> 
  custom:scripting/precompiled-assembly-types:Assembly-CSharp: 220dc792bf19982011f4146fd284c5a7 -> b6d5beae70893ec4483681e4771dab9e
========================================================================
Received Prepare
Caller must complete domain reload
Begin MonoManager ReloadAssembly
Symbol file LoadedFromMemory is not a mono symbol file
- Loaded All Assemblies, in  1.583 seconds
Native extension for WindowsStandalone target not found
Native extension for iOS target not found
Native extension for Android target not found
Native extension for WebGL target not found
Asset Pipeline Refresh (id=d436b424e37c88945bd62ec73e361df4): Total: 0.000 seconds - Initiated by StopAssetImportingV2(NoUpdateAssetOptions)
[ScriptCompilation] NOT recompiling all scripts because this is an import worker process. Reason to compile was: Define symbols changed
[ScriptCompilation] NOT recompiling all scripts because this is an import worker process. Reason to compile was: Define symbols changed
Mono: successfully reloaded assembly
- Finished resetting the current domain, in  2.922 seconds
Domain Reload Profiling: 4503ms
	BeginReloadAssembly (881ms)
		ExecutionOrderSort (0ms)
		DisableScriptedObjects (13ms)
		BackupInstance (0ms)
		ReleaseScriptingObjects (1ms)
		CreateAndSetChildDomain (98ms)
	RebuildCommonClasses (85ms)
	RebuildNativeTypeToScriptingClass (32ms)
	initialDomainReloadingComplete (67ms)
	LoadAllAssembliesAndSetupDomain (514ms)
		LoadAssemblies (662ms)
		RebuildTransferFunctionScriptingTraits (0ms)
		AnalyzeDomain (33ms)
			TypeCache.Refresh (14ms)
				TypeCache.ScanAssembly (0ms)
			ScanForSourceGeneratedMonoScriptInfo (0ms)
			ResolveRequiredComponents (17ms)
	FinalizeReload (2923ms)
		ReleaseScriptCaches (0ms)
		RebuildScriptCaches (0ms)
		SetupLoadedEditorAssemblies (1698ms)
			LogAssemblyErrors (0ms)
			InitializePlatformSupportModulesInManaged (83ms)
			SetLoadedEditorAssemblies (12ms)
			RefreshPlugins (0ms)
			BeforeProcessingInitializeOnLoad (225ms)
			ProcessInitializeOnLoadAttributes (910ms)
			ProcessInitializeOnLoadMethodAttributes (452ms)
			AfterProcessingInitializeOnLoad (16ms)
			EditorAssembliesLoaded (1ms)
		ExecutionOrderSort2 (0ms)
		AwakeInstancesAfterBackupRestoration (18ms)
Refreshing native plugins compatible for Editor in 26.49 ms, found 2 plugins.
Preloading 0 native plugins for Editor in 0.00 ms.
Unloading 3831 Unused Serialized files (Serialized files now loaded: 0)
Unloading 16 unused Assets / (27.6 KB). Loaded Objects now: 4624.
Memory consumption went from 140.2 MB to 140.1 MB.
Total: 12.679300 ms (FindLiveObjects: 0.399000 ms CreateObjectMapping: 0.333100 ms MarkObjects: 11.890300 ms  DeleteObjects: 0.055400 ms)

Prepare: number of updated asset objects reloaded= 0
AssetImportParameters requested are different than current active one (requested -> active):
  custom:scripting/monoscript/fileName/AdsManager.cs: 02def8582910908d167bbb9227855ef4 -> 
  custom:container-demuxer-ogg: 62fdf1f143b41e24485cea50d1cbac27 -> 
  custom:scripting/monoscript/fileName/LevelChangerDOTween.cs: 2ea35b7817de89e3c9bc7fb9c16c14c8 -> 
  custom:scripting/monoscript/fileName/AnalyticsManager.cs: a0ba2baafde2834ba142b7fe92ba996d -> 
  custom:video-decoder-ogg-theora: a1e56fd34408186e4bbccfd4996cb3dc -> 
  custom:scripting/monoscript/fileName/UpgradeShop.cs: 5fad3e7228b2cce1fa928888244f648c -> 
  custom:framework-win-MediaFoundation: 216162199b28c13a410421893ffa2e32 -> 
  custom:scripting/monoscript/fileName/RewardedAds.cs: d66570aae527af9da7222484b8264842 -> 
  custom:scripting/monoscript/fileName/NewBehaviourScript.cs: b21687ddb03d73bd9f0c1daecb9714de -> 
  custom:CustomObjectIndexerAttribute: 9a22284fe3817be447336de3de66b15e -> 
  custom:container-demuxer-webm: 4f35f7cbe854078d1ac9338744f61a02 -> 
  custom:container-muxer-webm: aa71ff27fc2769a1b78a27578f13a17b -> 
  custom:video-decoder-webm-vp8: 9c59270c3fd7afecdb556c50c9e8de78 -> 
  custom:scripting/monoscript/fileName/UpgradeAsset.cs: 5d0ce12d7184a3da40041fc92eb082d8 -> 
  custom:SearchIndexIgnoredProperties: e643bd26f0fe6173181afceb89e7c659 -> 
  custom:scripting/monoscript/fileName/InterstitialAds.cs: 6d333cb1dc24d5ddf3ec91bccefc0773 -> 
  custom:AudioImporter_EditorPlatform: d09bf68614088b80899f8185d706f6e7 -> 
  custom:scripting/monoscript/fileName/Upgrades.cs: efffe4420000c7dff7f2eae57efaf755 -> 
  custom:scripting/monoscript/fileName/MainMenuSceneChange.cs: d4425b768b31a0e779c58ed647aad071 -> 
  custom:scripting/monoscript/fileName/SavesYG.cs: c497cdc187148548f5d9a620311f9dc3 -> 
  custom:video-encoder-webm-vp8: eb34c28f22e8b96e1ab97ce403110664 -> 
  custom:audio-decoder-ogg-vorbis: bf7c407c2cedff20999df2af8eb42d56 -> 
  custom:scripting/monoscript/fileName/IAPHandler.cs: 9c0d60c35c8d51d2451fa8bafe956467 -> 
  custom:scripting/monoscript/fileName/ButtonsRewarded.cs: 07495e688444a91c62dfcd44c138345c -> 
  custom:audio-encoder-webm-vorbis: bf7c407c2cedff20999df2af8eb42d56 -> 
  custom:scripting/monoscript/fileName/PurchaseManager.cs: 7ccb736f003775a5e240eec74b533b6b -> 
  custom:scripting/monoscript/fileName/BuyUpgrade.cs: 7f5deeb882f8c1e3141ce9ef24e50525 -> 
  custom:scripting/precompiled-assembly-types:Assembly-CSharp: 220dc792bf19982011f4146fd284c5a7 -> b6d5beae70893ec4483681e4771dab9e
========================================================================
Received Prepare
Caller must complete domain reload
Begin MonoManager ReloadAssembly
Symbol file LoadedFromMemory is not a mono symbol file
- Loaded All Assemblies, in  1.809 seconds
Native extension for WindowsStandalone target not found
Native extension for iOS target not found
Native extension for Android target not found
Native extension for WebGL target not found
Asset Pipeline Refresh (id=14d3d42db63164f4db24bf1c2404149f): Total: 0.000 seconds - Initiated by StopAssetImportingV2(NoUpdateAssetOptions)
[ScriptCompilation] NOT recompiling all scripts because this is an import worker process. Reason to compile was: Define symbols changed
[ScriptCompilation] NOT recompiling all scripts because this is an import worker process. Reason to compile was: Define symbols changed
Mono: successfully reloaded assembly
- Finished resetting the current domain, in  2.941 seconds
Domain Reload Profiling: 4747ms
	BeginReloadAssembly (742ms)
		ExecutionOrderSort (0ms)
		DisableScriptedObjects (15ms)
		BackupInstance (0ms)
		ReleaseScriptingObjects (0ms)
		CreateAndSetChildDomain (56ms)
	RebuildCommonClasses (62ms)
	RebuildNativeTypeToScriptingClass (21ms)
	initialDomainReloadingComplete (52ms)
	LoadAllAssembliesAndSetupDomain (927ms)
		LoadAssemblies (957ms)
		RebuildTransferFunctionScriptingTraits (0ms)
		AnalyzeDomain (116ms)
			TypeCache.Refresh (32ms)
				TypeCache.ScanAssembly (11ms)
			ScanForSourceGeneratedMonoScriptInfo (68ms)
			ResolveRequiredComponents (14ms)
	FinalizeReload (2942ms)
		ReleaseScriptCaches (0ms)
		RebuildScriptCaches (0ms)
		SetupLoadedEditorAssemblies (1610ms)
			LogAssemblyErrors (0ms)
			InitializePlatformSupportModulesInManaged (114ms)
			SetLoadedEditorAssemblies (22ms)
			RefreshPlugins (0ms)
			BeforeProcessingInitializeOnLoad (198ms)
			ProcessInitializeOnLoadAttributes (820ms)
			ProcessInitializeOnLoadMethodAttributes (440ms)
			AfterProcessingInitializeOnLoad (14ms)
			EditorAssembliesLoaded (1ms)
		ExecutionOrderSort2 (0ms)
		AwakeInstancesAfterBackupRestoration (18ms)
Refreshing native plugins compatible for Editor in 24.81 ms, found 2 plugins.
Preloading 0 native plugins for Editor in 0.00 ms.
Unloading 3831 Unused Serialized files (Serialized files now loaded: 0)
Unloading 16 unused Assets / (27.6 KB). Loaded Objects now: 4627.
Memory consumption went from 140.2 MB to 140.1 MB.
Total: 13.444500 ms (FindLiveObjects: 0.897600 ms CreateObjectMapping: 0.497100 ms MarkObjects: 11.986500 ms  DeleteObjects: 0.061300 ms)

Prepare: number of updated asset objects reloaded= 0
AssetImportParameters requested are different than current active one (requested -> active):
  custom:scripting/monoscript/fileName/AdsManager.cs: 02def8582910908d167bbb9227855ef4 -> 
  custom:container-demuxer-ogg: 62fdf1f143b41e24485cea50d1cbac27 -> 
  custom:scripting/monoscript/fileName/LevelChangerDOTween.cs: 2ea35b7817de89e3c9bc7fb9c16c14c8 -> 
  custom:scripting/monoscript/fileName/AnalyticsManager.cs: a0ba2baafde2834ba142b7fe92ba996d -> 
  custom:video-decoder-ogg-theora: a1e56fd34408186e4bbccfd4996cb3dc -> 
  custom:scripting/monoscript/fileName/UpgradeShop.cs: 5fad3e7228b2cce1fa928888244f648c -> 
  custom:framework-win-MediaFoundation: 216162199b28c13a410421893ffa2e32 -> 
  custom:scripting/monoscript/fileName/RewardedAds.cs: d66570aae527af9da7222484b8264842 -> 
  custom:scripting/monoscript/fileName/NewBehaviourScript.cs: b21687ddb03d73bd9f0c1daecb9714de -> 
  custom:CustomObjectIndexerAttribute: 9a22284fe3817be447336de3de66b15e -> 
  custom:container-demuxer-webm: 4f35f7cbe854078d1ac9338744f61a02 -> 
  custom:container-muxer-webm: aa71ff27fc2769a1b78a27578f13a17b -> 
  custom:video-decoder-webm-vp8: 9c59270c3fd7afecdb556c50c9e8de78 -> 
  custom:scripting/monoscript/fileName/UpgradeAsset.cs: 5d0ce12d7184a3da40041fc92eb082d8 -> 
  custom:SearchIndexIgnoredProperties: e643bd26f0fe6173181afceb89e7c659 -> 
  custom:scripting/monoscript/fileName/InterstitialAds.cs: 6d333cb1dc24d5ddf3ec91bccefc0773 -> 
  custom:AudioImporter_EditorPlatform: d09bf68614088b80899f8185d706f6e7 -> 
  custom:scripting/monoscript/fileName/Upgrades.cs: efffe4420000c7dff7f2eae57efaf755 -> 
  custom:scripting/monoscript/fileName/MainMenuSceneChange.cs: d4425b768b31a0e779c58ed647aad071 -> 
  custom:scripting/monoscript/fileName/SavesYG.cs: c497cdc187148548f5d9a620311f9dc3 -> 
  custom:video-encoder-webm-vp8: eb34c28f22e8b96e1ab97ce403110664 -> 
  custom:audio-decoder-ogg-vorbis: bf7c407c2cedff20999df2af8eb42d56 -> 
  custom:scripting/monoscript/fileName/IAPHandler.cs: 9c0d60c35c8d51d2451fa8bafe956467 -> 
  custom:scripting/monoscript/fileName/ButtonsRewarded.cs: 07495e688444a91c62dfcd44c138345c -> 
  custom:audio-encoder-webm-vorbis: bf7c407c2cedff20999df2af8eb42d56 -> 
  custom:scripting/monoscript/fileName/PurchaseManager.cs: 7ccb736f003775a5e240eec74b533b6b -> 
  custom:scripting/monoscript/fileName/BuyUpgrade.cs: 7f5deeb882f8c1e3141ce9ef24e50525 -> 
  custom:scripting/precompiled-assembly-types:Assembly-CSharp: cba96f98099d0dd55b2ce613889323c1 -> b6d5beae70893ec4483681e4771dab9e
========================================================================
Received Prepare
Caller must complete domain reload
Begin MonoManager ReloadAssembly
Symbol file LoadedFromMemory is not a mono symbol file
- Loaded All Assemblies, in  1.007 seconds
Native extension for WindowsStandalone target not found
Native extension for iOS target not found
Native extension for Android target not found
Native extension for WebGL target not found
Asset Pipeline Refresh (id=62eba95a3b2e19b4eaf43546d757630b): Total: 0.000 seconds - Initiated by StopAssetImportingV2(NoUpdateAssetOptions)
[ScriptCompilation] NOT recompiling all scripts because this is an import worker process. Reason to compile was: Define symbols changed
[ScriptCompilation] NOT recompiling all scripts because this is an import worker process. Reason to compile was: Define symbols changed
Mono: successfully reloaded assembly
- Finished resetting the current domain, in  1.834 seconds
Domain Reload Profiling: 2839ms
	BeginReloadAssembly (547ms)
		ExecutionOrderSort (0ms)
		DisableScriptedObjects (13ms)
		BackupInstance (0ms)
		ReleaseScriptingObjects (0ms)
		CreateAndSetChildDomain (42ms)
	RebuildCommonClasses (51ms)
	RebuildNativeTypeToScriptingClass (13ms)
	initialDomainReloadingComplete (43ms)
	LoadAllAssembliesAndSetupDomain (351ms)
		LoadAssemblies (413ms)
		RebuildTransferFunctionScriptingTraits (0ms)
		AnalyzeDomain (40ms)
			TypeCache.Refresh (17ms)
				TypeCache.ScanAssembly (5ms)
			ScanForSourceGeneratedMonoScriptInfo (15ms)
			ResolveRequiredComponents (7ms)
	FinalizeReload (1835ms)
		ReleaseScriptCaches (0ms)
		RebuildScriptCaches (0ms)
		SetupLoadedEditorAssemblies (912ms)
			LogAssemblyErrors (0ms)
			InitializePlatformSupportModulesInManaged (31ms)
			SetLoadedEditorAssemblies (4ms)
			RefreshPlugins (0ms)
			BeforeProcessingInitializeOnLoad (78ms)
			ProcessInitializeOnLoadAttributes (507ms)
			ProcessInitializeOnLoadMethodAttributes (281ms)
			AfterProcessingInitializeOnLoad (11ms)
			EditorAssembliesLoaded (1ms)
		ExecutionOrderSort2 (0ms)
		AwakeInstancesAfterBackupRestoration (14ms)
Refreshing native plugins compatible for Editor in 18.02 ms, found 2 plugins.
Preloading 0 native plugins for Editor in 0.00 ms.
Unloading 3831 Unused Serialized files (Serialized files now loaded: 0)
Unloading 16 unused Assets / (27.5 KB). Loaded Objects now: 4630.
Memory consumption went from 140.2 MB to 140.1 MB.
Total: 10.344700 ms (FindLiveObjects: 0.961500 ms CreateObjectMapping: 0.402200 ms MarkObjects: 8.925000 ms  DeleteObjects: 0.051200 ms)

Prepare: number of updated asset objects reloaded= 0
AssetImportParameters requested are different than current active one (requested -> active):
  custom:scripting/monoscript/fileName/AdsManager.cs: 02def8582910908d167bbb9227855ef4 -> 
  custom:container-demuxer-ogg: 62fdf1f143b41e24485cea50d1cbac27 -> 
  custom:scripting/monoscript/fileName/LevelChangerDOTween.cs: 2ea35b7817de89e3c9bc7fb9c16c14c8 -> 
  custom:scripting/monoscript/fileName/AnalyticsManager.cs: a0ba2baafde2834ba142b7fe92ba996d -> 
  custom:video-decoder-ogg-theora: a1e56fd34408186e4bbccfd4996cb3dc -> 
  custom:scripting/monoscript/fileName/UpgradeShop.cs: 5fad3e7228b2cce1fa928888244f648c -> 
  custom:framework-win-MediaFoundation: 216162199b28c13a410421893ffa2e32 -> 
  custom:scripting/monoscript/fileName/RewardedAds.cs: d66570aae527af9da7222484b8264842 -> 
  custom:scripting/monoscript/fileName/NewBehaviourScript.cs: b21687ddb03d73bd9f0c1daecb9714de -> 
  custom:CustomObjectIndexerAttribute: 9a22284fe3817be447336de3de66b15e -> 
  custom:container-demuxer-webm: 4f35f7cbe854078d1ac9338744f61a02 -> 
  custom:container-muxer-webm: aa71ff27fc2769a1b78a27578f13a17b -> 
  custom:video-decoder-webm-vp8: 9c59270c3fd7afecdb556c50c9e8de78 -> 
  custom:scripting/monoscript/fileName/UpgradeAsset.cs: 5d0ce12d7184a3da40041fc92eb082d8 -> 
  custom:SearchIndexIgnoredProperties: e643bd26f0fe6173181afceb89e7c659 -> 
  custom:scripting/monoscript/fileName/InterstitialAds.cs: 6d333cb1dc24d5ddf3ec91bccefc0773 -> 
  custom:AudioImporter_EditorPlatform: d09bf68614088b80899f8185d706f6e7 -> 
  custom:scripting/monoscript/fileName/Upgrades.cs: efffe4420000c7dff7f2eae57efaf755 -> 
  custom:scripting/monoscript/fileName/MainMenuSceneChange.cs: d4425b768b31a0e779c58ed647aad071 -> 
  custom:scripting/monoscript/fileName/SavesYG.cs: c497cdc187148548f5d9a620311f9dc3 -> 
  custom:video-encoder-webm-vp8: eb34c28f22e8b96e1ab97ce403110664 -> 
  custom:audio-decoder-ogg-vorbis: bf7c407c2cedff20999df2af8eb42d56 -> 
  custom:scripting/monoscript/fileName/IAPHandler.cs: 9c0d60c35c8d51d2451fa8bafe956467 -> 
  custom:scripting/monoscript/fileName/ButtonsRewarded.cs: 07495e688444a91c62dfcd44c138345c -> 
  custom:audio-encoder-webm-vorbis: bf7c407c2cedff20999df2af8eb42d56 -> 
  custom:scripting/monoscript/fileName/PurchaseManager.cs: 7ccb736f003775a5e240eec74b533b6b -> 
  custom:scripting/monoscript/fileName/BuyUpgrade.cs: 7f5deeb882f8c1e3141ce9ef24e50525 -> 
  custom:scripting/precompiled-assembly-types:Assembly-CSharp: cba96f98099d0dd55b2ce613889323c1 -> b6d5beae70893ec4483681e4771dab9e
========================================================================
Received Prepare
Caller must complete domain reload
Begin MonoManager ReloadAssembly
Symbol file LoadedFromMemory is not a mono symbol file
- Loaded All Assemblies, in  0.903 seconds
Native extension for WindowsStandalone target not found
Native extension for iOS target not found
Native extension for Android target not found
Native extension for WebGL target not found
Asset Pipeline Refresh (id=9512b416ef5e5564a9807dc70033cd88): Total: 0.000 seconds - Initiated by StopAssetImportingV2(NoUpdateAssetOptions)
[ScriptCompilation] NOT recompiling all scripts because this is an import worker process. Reason to compile was: Define symbols changed
[ScriptCompilation] NOT recompiling all scripts because this is an import worker process. Reason to compile was: Define symbols changed
Mono: successfully reloaded assembly
- Finished resetting the current domain, in  1.518 seconds
Domain Reload Profiling: 2419ms
	BeginReloadAssembly (493ms)
		ExecutionOrderSort (0ms)
		DisableScriptedObjects (7ms)
		BackupInstance (0ms)
		ReleaseScriptingObjects (0ms)
		CreateAndSetChildDomain (46ms)
	RebuildCommonClasses (51ms)
	RebuildNativeTypeToScriptingClass (14ms)
	initialDomainReloadingComplete (39ms)
	LoadAllAssembliesAndSetupDomain (303ms)
		LoadAssemblies (393ms)
		RebuildTransferFunctionScriptingTraits (0ms)
		AnalyzeDomain (16ms)
			TypeCache.Refresh (9ms)
				TypeCache.ScanAssembly (0ms)
			ScanForSourceGeneratedMonoScriptInfo (0ms)
			ResolveRequiredComponents (6ms)
	FinalizeReload (1518ms)
		ReleaseScriptCaches (0ms)
		RebuildScriptCaches (0ms)
		SetupLoadedEditorAssemblies (898ms)
			LogAssemblyErrors (0ms)
			InitializePlatformSupportModulesInManaged (35ms)
			SetLoadedEditorAssemblies (5ms)
			RefreshPlugins (0ms)
			BeforeProcessingInitializeOnLoad (87ms)
			ProcessInitializeOnLoadAttributes (498ms)
			ProcessInitializeOnLoadMethodAttributes (267ms)
			AfterProcessingInitializeOnLoad (8ms)
			EditorAssembliesLoaded (0ms)
		ExecutionOrderSort2 (0ms)
		AwakeInstancesAfterBackupRestoration (12ms)
Refreshing native plugins compatible for Editor in 14.48 ms, found 2 plugins.
Preloading 0 native plugins for Editor in 0.00 ms.
Unloading 3831 Unused Serialized files (Serialized files now loaded: 0)
Unloading 16 unused Assets / (27.5 KB). Loaded Objects now: 4633.
Memory consumption went from 140.2 MB to 140.1 MB.
Total: 11.731100 ms (FindLiveObjects: 0.342900 ms CreateObjectMapping: 0.263200 ms MarkObjects: 11.075700 ms  DeleteObjects: 0.047700 ms)

Prepare: number of updated asset objects reloaded= 0
AssetImportParameters requested are different than current active one (requested -> active):
  custom:scripting/monoscript/fileName/AdsManager.cs: 02def8582910908d167bbb9227855ef4 -> 
  custom:container-demuxer-ogg: 62fdf1f143b41e24485cea50d1cbac27 -> 
  custom:scripting/monoscript/fileName/LevelChangerDOTween.cs: 2ea35b7817de89e3c9bc7fb9c16c14c8 -> 
  custom:scripting/monoscript/fileName/AnalyticsManager.cs: a0ba2baafde2834ba142b7fe92ba996d -> 
  custom:video-decoder-ogg-theora: a1e56fd34408186e4bbccfd4996cb3dc -> 
  custom:scripting/monoscript/fileName/UpgradeShop.cs: 5fad3e7228b2cce1fa928888244f648c -> 
  custom:framework-win-MediaFoundation: 216162199b28c13a410421893ffa2e32 -> 
  custom:scripting/monoscript/fileName/RewardedAds.cs: d66570aae527af9da7222484b8264842 -> 
  custom:scripting/monoscript/fileName/NewBehaviourScript.cs: b21687ddb03d73bd9f0c1daecb9714de -> 
  custom:CustomObjectIndexerAttribute: 9a22284fe3817be447336de3de66b15e -> 
  custom:container-demuxer-webm: 4f35f7cbe854078d1ac9338744f61a02 -> 
  custom:container-muxer-webm: aa71ff27fc2769a1b78a27578f13a17b -> 
  custom:video-decoder-webm-vp8: 9c59270c3fd7afecdb556c50c9e8de78 -> 
  custom:scripting/monoscript/fileName/UpgradeAsset.cs: 5d0ce12d7184a3da40041fc92eb082d8 -> 
  custom:SearchIndexIgnoredProperties: e643bd26f0fe6173181afceb89e7c659 -> 
  custom:scripting/monoscript/fileName/InterstitialAds.cs: 6d333cb1dc24d5ddf3ec91bccefc0773 -> 
  custom:AudioImporter_EditorPlatform: d09bf68614088b80899f8185d706f6e7 -> 
  custom:scripting/monoscript/fileName/Upgrades.cs: efffe4420000c7dff7f2eae57efaf755 -> 
  custom:scripting/monoscript/fileName/MainMenuSceneChange.cs: d4425b768b31a0e779c58ed647aad071 -> 
  custom:scripting/monoscript/fileName/SavesYG.cs: c497cdc187148548f5d9a620311f9dc3 -> 
  custom:video-encoder-webm-vp8: eb34c28f22e8b96e1ab97ce403110664 -> 
  custom:audio-decoder-ogg-vorbis: bf7c407c2cedff20999df2af8eb42d56 -> 
  custom:scripting/monoscript/fileName/IAPHandler.cs: 9c0d60c35c8d51d2451fa8bafe956467 -> 
  custom:scripting/monoscript/fileName/ButtonsRewarded.cs: 07495e688444a91c62dfcd44c138345c -> 
  custom:audio-encoder-webm-vorbis: bf7c407c2cedff20999df2af8eb42d56 -> 
  custom:scripting/monoscript/fileName/PurchaseManager.cs: 7ccb736f003775a5e240eec74b533b6b -> 
  custom:scripting/monoscript/fileName/BuyUpgrade.cs: 7f5deeb882f8c1e3141ce9ef24e50525 -> 
  custom:scripting/precompiled-assembly-types:Assembly-CSharp: cba96f98099d0dd55b2ce613889323c1 -> b6d5beae70893ec4483681e4771dab9e
========================================================================
Received Prepare
Caller must complete domain reload
Begin MonoManager ReloadAssembly
Symbol file LoadedFromMemory is not a mono symbol file
- Loaded All Assemblies, in  1.610 seconds
Native extension for WindowsStandalone target not found
Native extension for iOS target not found
Native extension for Android target not found
Native extension for WebGL target not found
Asset Pipeline Refresh (id=d03aff24ca6307941b1f84105411a5f0): Total: 0.000 seconds - Initiated by StopAssetImportingV2(NoUpdateAssetOptions)
[ScriptCompilation] NOT recompiling all scripts because this is an import worker process. Reason to compile was: Define symbols changed
[ScriptCompilation] NOT recompiling all scripts because this is an import worker process. Reason to compile was: Define symbols changed
Mono: successfully reloaded assembly
- Finished resetting the current domain, in  2.024 seconds
Domain Reload Profiling: 3629ms
	BeginReloadAssembly (841ms)
		ExecutionOrderSort (0ms)
		DisableScriptedObjects (16ms)
		BackupInstance (0ms)
		ReleaseScriptingObjects (0ms)
		CreateAndSetChildDomain (64ms)
	RebuildCommonClasses (66ms)
	RebuildNativeTypeToScriptingClass (23ms)
	initialDomainReloadingComplete (52ms)
	LoadAllAssembliesAndSetupDomain (622ms)
		LoadAssemblies (693ms)
		RebuildTransferFunctionScriptingTraits (0ms)
		AnalyzeDomain (95ms)
			TypeCache.Refresh (36ms)
				TypeCache.ScanAssembly (10ms)
			ScanForSourceGeneratedMonoScriptInfo (44ms)
			ResolveRequiredComponents (13ms)
	FinalizeReload (2025ms)
		ReleaseScriptCaches (0ms)
		RebuildScriptCaches (0ms)
		SetupLoadedEditorAssemblies (1060ms)
			LogAssemblyErrors (0ms)
			InitializePlatformSupportModulesInManaged (49ms)
			SetLoadedEditorAssemblies (5ms)
			RefreshPlugins (0ms)
			BeforeProcessingInitializeOnLoad (124ms)
			ProcessInitializeOnLoadAttributes (592ms)
			ProcessInitializeOnLoadMethodAttributes (277ms)
			AfterProcessingInitializeOnLoad (12ms)
			EditorAssembliesLoaded (1ms)
		ExecutionOrderSort2 (0ms)
		AwakeInstancesAfterBackupRestoration (13ms)
Refreshing native plugins compatible for Editor in 21.51 ms, found 2 plugins.
Preloading 0 native plugins for Editor in 0.00 ms.
Unloading 3831 Unused Serialized files (Serialized files now loaded: 0)
Unloading 16 unused Assets / (27.6 KB). Loaded Objects now: 4636.
Memory consumption went from 140.2 MB to 140.1 MB.
Total: 10.277500 ms (FindLiveObjects: 0.414000 ms CreateObjectMapping: 0.327100 ms MarkObjects: 9.477600 ms  DeleteObjects: 0.057300 ms)

Prepare: number of updated asset objects reloaded= 0
AssetImportParameters requested are different than current active one (requested -> active):
  custom:scripting/monoscript/fileName/AdsManager.cs: 02def8582910908d167bbb9227855ef4 -> 
  custom:container-demuxer-ogg: 62fdf1f143b41e24485cea50d1cbac27 -> 
  custom:scripting/monoscript/fileName/LevelChangerDOTween.cs: 2ea35b7817de89e3c9bc7fb9c16c14c8 -> 
  custom:scripting/monoscript/fileName/AnalyticsManager.cs: a0ba2baafde2834ba142b7fe92ba996d -> 
  custom:video-decoder-ogg-theora: a1e56fd34408186e4bbccfd4996cb3dc -> 
  custom:scripting/monoscript/fileName/UpgradeShop.cs: 5fad3e7228b2cce1fa928888244f648c -> 
  custom:framework-win-MediaFoundation: 216162199b28c13a410421893ffa2e32 -> 
  custom:scripting/monoscript/fileName/RewardedAds.cs: d66570aae527af9da7222484b8264842 -> 
  custom:scripting/monoscript/fileName/NewBehaviourScript.cs: b21687ddb03d73bd9f0c1daecb9714de -> 
  custom:CustomObjectIndexerAttribute: 9a22284fe3817be447336de3de66b15e -> 
  custom:container-demuxer-webm: 4f35f7cbe854078d1ac9338744f61a02 -> 
  custom:container-muxer-webm: aa71ff27fc2769a1b78a27578f13a17b -> 
  custom:video-decoder-webm-vp8: 9c59270c3fd7afecdb556c50c9e8de78 -> 
  custom:scripting/monoscript/fileName/UpgradeAsset.cs: 5d0ce12d7184a3da40041fc92eb082d8 -> 
  custom:SearchIndexIgnoredProperties: e643bd26f0fe6173181afceb89e7c659 -> 
  custom:scripting/monoscript/fileName/InterstitialAds.cs: 6d333cb1dc24d5ddf3ec91bccefc0773 -> 
  custom:AudioImporter_EditorPlatform: d09bf68614088b80899f8185d706f6e7 -> 
  custom:scripting/monoscript/fileName/Upgrades.cs: efffe4420000c7dff7f2eae57efaf755 -> 
  custom:scripting/monoscript/fileName/MainMenuSceneChange.cs: d4425b768b31a0e779c58ed647aad071 -> 
  custom:scripting/monoscript/fileName/SavesYG.cs: c497cdc187148548f5d9a620311f9dc3 -> 
  custom:video-encoder-webm-vp8: eb34c28f22e8b96e1ab97ce403110664 -> 
  custom:audio-decoder-ogg-vorbis: bf7c407c2cedff20999df2af8eb42d56 -> 
  custom:scripting/monoscript/fileName/IAPHandler.cs: 9c0d60c35c8d51d2451fa8bafe956467 -> 
  custom:scripting/monoscript/fileName/ButtonsRewarded.cs: 07495e688444a91c62dfcd44c138345c -> 
  custom:audio-encoder-webm-vorbis: bf7c407c2cedff20999df2af8eb42d56 -> 
  custom:scripting/monoscript/fileName/PurchaseManager.cs: 7ccb736f003775a5e240eec74b533b6b -> 
  custom:scripting/monoscript/fileName/BuyUpgrade.cs: 7f5deeb882f8c1e3141ce9ef24e50525 -> 
  custom:scripting/precompiled-assembly-types:Assembly-CSharp: cba96f98099d0dd55b2ce613889323c1 -> b6d5beae70893ec4483681e4771dab9e
========================================================================
Received Prepare
Caller must complete domain reload
Begin MonoManager ReloadAssembly
Symbol file LoadedFromMemory is not a mono symbol file
- Loaded All Assemblies, in  1.365 seconds
Native extension for WindowsStandalone target not found
Native extension for iOS target not found
Native extension for Android target not found
Native extension for WebGL target not found
Asset Pipeline Refresh (id=209a909c00118a6469c691a3d57a1c35): Total: 0.000 seconds - Initiated by StopAssetImportingV2(NoUpdateAssetOptions)
[ScriptCompilation] NOT recompiling all scripts because this is an import worker process. Reason to compile was: Define symbols changed
[ScriptCompilation] NOT recompiling all scripts because this is an import worker process. Reason to compile was: Define symbols changed
Mono: successfully reloaded assembly
- Finished resetting the current domain, in  2.631 seconds
Domain Reload Profiling: 3995ms
	BeginReloadAssembly (786ms)
		ExecutionOrderSort (0ms)
		DisableScriptedObjects (13ms)
		BackupInstance (0ms)
		ReleaseScriptingObjects (0ms)
		CreateAndSetChildDomain (57ms)
	RebuildCommonClasses (70ms)
	RebuildNativeTypeToScriptingClass (20ms)
	initialDomainReloadingComplete (53ms)
	LoadAllAssembliesAndSetupDomain (434ms)
		LoadAssemblies (586ms)
		RebuildTransferFunctionScriptingTraits (0ms)
		AnalyzeDomain (25ms)
			TypeCache.Refresh (10ms)
				TypeCache.ScanAssembly (0ms)
			ScanForSourceGeneratedMonoScriptInfo (0ms)
			ResolveRequiredComponents (12ms)
	FinalizeReload (2632ms)
		ReleaseScriptCaches (0ms)
		RebuildScriptCaches (0ms)
		SetupLoadedEditorAssemblies (1615ms)
			LogAssemblyErrors (0ms)
			InitializePlatformSupportModulesInManaged (64ms)
			SetLoadedEditorAssemblies (7ms)
			RefreshPlugins (0ms)
			BeforeProcessingInitializeOnLoad (156ms)
			ProcessInitializeOnLoadAttributes (878ms)
			ProcessInitializeOnLoadMethodAttributes (495ms)
			AfterProcessingInitializeOnLoad (15ms)
			EditorAssembliesLoaded (1ms)
		ExecutionOrderSort2 (0ms)
		AwakeInstancesAfterBackupRestoration (20ms)
Refreshing native plugins compatible for Editor in 28.56 ms, found 2 plugins.
Preloading 0 native plugins for Editor in 0.00 ms.
Unloading 3831 Unused Serialized files (Serialized files now loaded: 0)
Unloading 16 unused Assets / (27.6 KB). Loaded Objects now: 4639.
Memory consumption went from 140.2 MB to 140.1 MB.
Total: 18.396400 ms (FindLiveObjects: 0.473700 ms CreateObjectMapping: 0.535500 ms MarkObjects: 17.285600 ms  DeleteObjects: 0.099700 ms)

Prepare: number of updated asset objects reloaded= 0
AssetImportParameters requested are different than current active one (requested -> active):
  custom:scripting/monoscript/fileName/AdsManager.cs: 02def8582910908d167bbb9227855ef4 -> 
  custom:container-demuxer-ogg: 62fdf1f143b41e24485cea50d1cbac27 -> 
  custom:scripting/monoscript/fileName/LevelChangerDOTween.cs: 2ea35b7817de89e3c9bc7fb9c16c14c8 -> 
  custom:scripting/monoscript/fileName/AnalyticsManager.cs: a0ba2baafde2834ba142b7fe92ba996d -> 
  custom:video-decoder-ogg-theora: a1e56fd34408186e4bbccfd4996cb3dc -> 
  custom:scripting/monoscript/fileName/UpgradeShop.cs: 5fad3e7228b2cce1fa928888244f648c -> 
  custom:framework-win-MediaFoundation: 216162199b28c13a410421893ffa2e32 -> 
  custom:scripting/monoscript/fileName/RewardedAds.cs: d66570aae527af9da7222484b8264842 -> 
  custom:scripting/monoscript/fileName/NewBehaviourScript.cs: b21687ddb03d73bd9f0c1daecb9714de -> 
  custom:CustomObjectIndexerAttribute: 9a22284fe3817be447336de3de66b15e -> 
  custom:container-demuxer-webm: 4f35f7cbe854078d1ac9338744f61a02 -> 
  custom:container-muxer-webm: aa71ff27fc2769a1b78a27578f13a17b -> 
  custom:video-decoder-webm-vp8: 9c59270c3fd7afecdb556c50c9e8de78 -> 
  custom:scripting/monoscript/fileName/UpgradeAsset.cs: 5d0ce12d7184a3da40041fc92eb082d8 -> 
  custom:SearchIndexIgnoredProperties: e643bd26f0fe6173181afceb89e7c659 -> 
  custom:scripting/monoscript/fileName/InterstitialAds.cs: 6d333cb1dc24d5ddf3ec91bccefc0773 -> 
  custom:AudioImporter_EditorPlatform: d09bf68614088b80899f8185d706f6e7 -> 
  custom:scripting/monoscript/fileName/Upgrades.cs: efffe4420000c7dff7f2eae57efaf755 -> 
  custom:scripting/monoscript/fileName/MainMenuSceneChange.cs: d4425b768b31a0e779c58ed647aad071 -> 
  custom:scripting/monoscript/fileName/SavesYG.cs: c497cdc187148548f5d9a620311f9dc3 -> 
  custom:video-encoder-webm-vp8: eb34c28f22e8b96e1ab97ce403110664 -> 
  custom:audio-decoder-ogg-vorbis: bf7c407c2cedff20999df2af8eb42d56 -> 
  custom:scripting/monoscript/fileName/IAPHandler.cs: 9c0d60c35c8d51d2451fa8bafe956467 -> 
  custom:scripting/monoscript/fileName/ButtonsRewarded.cs: 07495e688444a91c62dfcd44c138345c -> 
  custom:audio-encoder-webm-vorbis: bf7c407c2cedff20999df2af8eb42d56 -> 
  custom:scripting/monoscript/fileName/PurchaseManager.cs: 7ccb736f003775a5e240eec74b533b6b -> 
  custom:scripting/monoscript/fileName/BuyUpgrade.cs: 7f5deeb882f8c1e3141ce9ef24e50525 -> 
  custom:scripting/precompiled-assembly-types:Assembly-CSharp: cba96f98099d0dd55b2ce613889323c1 -> b6d5beae70893ec4483681e4771dab9e
========================================================================
Received Prepare
Caller must complete domain reload
Begin MonoManager ReloadAssembly
Symbol file LoadedFromMemory is not a mono symbol file
- Loaded All Assemblies, in  2.292 seconds
Native extension for WindowsStandalone target not found
Native extension for iOS target not found
Native extension for Android target not found
Native extension for WebGL target not found
Asset Pipeline Refresh (id=ee03e8d5b41fadf4ba0627dbb0ae45d6): Total: 0.000 seconds - Initiated by StopAssetImportingV2(NoUpdateAssetOptions)
[ScriptCompilation] NOT recompiling all scripts because this is an import worker process. Reason to compile was: Define symbols changed
[ScriptCompilation] NOT recompiling all scripts because this is an import worker process. Reason to compile was: Define symbols changed
Mono: successfully reloaded assembly
- Finished resetting the current domain, in  3.660 seconds
Domain Reload Profiling: 5947ms
	BeginReloadAssembly (934ms)
		ExecutionOrderSort (0ms)
		DisableScriptedObjects (17ms)
		BackupInstance (0ms)
		ReleaseScriptingObjects (0ms)
		CreateAndSetChildDomain (80ms)
	RebuildCommonClasses (88ms)
	RebuildNativeTypeToScriptingClass (74ms)
	initialDomainReloadingComplete (124ms)
	LoadAllAssembliesAndSetupDomain (1066ms)
		LoadAssemblies (1181ms)
		RebuildTransferFunctionScriptingTraits (0ms)
		AnalyzeDomain (96ms)
			TypeCache.Refresh (34ms)
				TypeCache.ScanAssembly (10ms)
			ScanForSourceGeneratedMonoScriptInfo (42ms)
			ResolveRequiredComponents (18ms)
	FinalizeReload (3661ms)
		ReleaseScriptCaches (0ms)
		RebuildScriptCaches (0ms)
		SetupLoadedEditorAssemblies (1965ms)
			LogAssemblyErrors (0ms)
			InitializePlatformSupportModulesInManaged (82ms)
			SetLoadedEditorAssemblies (7ms)
			RefreshPlugins (0ms)
			BeforeProcessingInitializeOnLoad (341ms)
			ProcessInitializeOnLoadAttributes (1059ms)
			ProcessInitializeOnLoadMethodAttributes (461ms)
			AfterProcessingInitializeOnLoad (13ms)
			EditorAssembliesLoaded (1ms)
		ExecutionOrderSort2 (0ms)
		AwakeInstancesAfterBackupRestoration (18ms)
Refreshing native plugins compatible for Editor in 21.55 ms, found 2 plugins.
Preloading 0 native plugins for Editor in 0.00 ms.
Unloading 3831 Unused Serialized files (Serialized files now loaded: 0)
Unloading 16 unused Assets / (27.6 KB). Loaded Objects now: 4642.
Memory consumption went from 140.2 MB to 140.1 MB.
Total: 13.567200 ms (FindLiveObjects: 0.434800 ms CreateObjectMapping: 0.369400 ms MarkObjects: 12.696800 ms  DeleteObjects: 0.064800 ms)

Prepare: number of updated asset objects reloaded= 0
AssetImportParameters requested are different than current active one (requested -> active):
  custom:scripting/monoscript/fileName/AdsManager.cs: 02def8582910908d167bbb9227855ef4 -> 
  custom:container-demuxer-ogg: 62fdf1f143b41e24485cea50d1cbac27 -> 
  custom:scripting/monoscript/fileName/LevelChangerDOTween.cs: 2ea35b7817de89e3c9bc7fb9c16c14c8 -> 
  custom:scripting/monoscript/fileName/AnalyticsManager.cs: a0ba2baafde2834ba142b7fe92ba996d -> 
  custom:video-decoder-ogg-theora: a1e56fd34408186e4bbccfd4996cb3dc -> 
  custom:scripting/monoscript/fileName/UpgradeShop.cs: 5fad3e7228b2cce1fa928888244f648c -> 
  custom:framework-win-MediaFoundation: 216162199b28c13a410421893ffa2e32 -> 
  custom:scripting/monoscript/fileName/RewardedAds.cs: d66570aae527af9da7222484b8264842 -> 
  custom:scripting/monoscript/fileName/NewBehaviourScript.cs: b21687ddb03d73bd9f0c1daecb9714de -> 
  custom:CustomObjectIndexerAttribute: 9a22284fe3817be447336de3de66b15e -> 
  custom:container-demuxer-webm: 4f35f7cbe854078d1ac9338744f61a02 -> 
  custom:container-muxer-webm: aa71ff27fc2769a1b78a27578f13a17b -> 
  custom:video-decoder-webm-vp8: 9c59270c3fd7afecdb556c50c9e8de78 -> 
  custom:scripting/monoscript/fileName/UpgradeAsset.cs: 5d0ce12d7184a3da40041fc92eb082d8 -> 
  custom:SearchIndexIgnoredProperties: e643bd26f0fe6173181afceb89e7c659 -> 
  custom:scripting/monoscript/fileName/InterstitialAds.cs: 6d333cb1dc24d5ddf3ec91bccefc0773 -> 
  custom:AudioImporter_EditorPlatform: d09bf68614088b80899f8185d706f6e7 -> 
  custom:scripting/monoscript/fileName/Upgrades.cs: efffe4420000c7dff7f2eae57efaf755 -> 
  custom:scripting/monoscript/fileName/MainMenuSceneChange.cs: d4425b768b31a0e779c58ed647aad071 -> 
  custom:scripting/monoscript/fileName/SavesYG.cs: c497cdc187148548f5d9a620311f9dc3 -> 
  custom:video-encoder-webm-vp8: eb34c28f22e8b96e1ab97ce403110664 -> 
  custom:audio-decoder-ogg-vorbis: bf7c407c2cedff20999df2af8eb42d56 -> 
  custom:scripting/monoscript/fileName/IAPHandler.cs: 9c0d60c35c8d51d2451fa8bafe956467 -> 
  custom:scripting/monoscript/fileName/ButtonsRewarded.cs: 07495e688444a91c62dfcd44c138345c -> 
  custom:audio-encoder-webm-vorbis: bf7c407c2cedff20999df2af8eb42d56 -> 
  custom:scripting/monoscript/fileName/PurchaseManager.cs: 7ccb736f003775a5e240eec74b533b6b -> 
  custom:scripting/monoscript/fileName/BuyUpgrade.cs: 7f5deeb882f8c1e3141ce9ef24e50525 -> 
  custom:scripting/precompiled-assembly-types:Assembly-CSharp: cba96f98099d0dd55b2ce613889323c1 -> b6d5beae70893ec4483681e4771dab9e
========================================================================
Received Prepare
Caller must complete domain reload
Begin MonoManager ReloadAssembly
Symbol file LoadedFromMemory is not a mono symbol file
- Loaded All Assemblies, in  1.442 seconds
Native extension for WindowsStandalone target not found
Native extension for iOS target not found
Native extension for Android target not found
Native extension for WebGL target not found
Asset Pipeline Refresh (id=1fb4af644ed679545885775d4bc389c8): Total: 0.000 seconds - Initiated by StopAssetImportingV2(NoUpdateAssetOptions)
[ScriptCompilation] NOT recompiling all scripts because this is an import worker process. Reason to compile was: Define symbols changed
[ScriptCompilation] NOT recompiling all scripts because this is an import worker process. Reason to compile was: Define symbols changed
Mono: successfully reloaded assembly
- Finished resetting the current domain, in  2.722 seconds
Domain Reload Profiling: 4162ms
	BeginReloadAssembly (746ms)
		ExecutionOrderSort (0ms)
		DisableScriptedObjects (14ms)
		BackupInstance (0ms)
		ReleaseScriptingObjects (0ms)
		CreateAndSetChildDomain (62ms)
	RebuildCommonClasses (75ms)
	RebuildNativeTypeToScriptingClass (27ms)
	initialDomainReloadingComplete (61ms)
	LoadAllAssembliesAndSetupDomain (530ms)
		LoadAssemblies (655ms)
		RebuildTransferFunctionScriptingTraits (0ms)
		AnalyzeDomain (41ms)
			TypeCache.Refresh (17ms)
				TypeCache.ScanAssembly (0ms)
			ScanForSourceGeneratedMonoScriptInfo (1ms)
			ResolveRequiredComponents (21ms)
	FinalizeReload (2723ms)
		ReleaseScriptCaches (0ms)
		RebuildScriptCaches (0ms)
		SetupLoadedEditorAssemblies (1570ms)
			LogAssemblyErrors (0ms)
			InitializePlatformSupportModulesInManaged (63ms)
			SetLoadedEditorAssemblies (9ms)
			RefreshPlugins (0ms)
			BeforeProcessingInitializeOnLoad (163ms)
			ProcessInitializeOnLoadAttributes (863ms)
			ProcessInitializeOnLoadMethodAttributes (453ms)
			AfterProcessingInitializeOnLoad (17ms)
			EditorAssembliesLoaded (1ms)
		ExecutionOrderSort2 (0ms)
		AwakeInstancesAfterBackupRestoration (23ms)
Refreshing native plugins compatible for Editor in 20.63 ms, found 2 plugins.
Preloading 0 native plugins for Editor in 0.00 ms.
Unloading 3831 Unused Serialized files (Serialized files now loaded: 0)
Unloading 16 unused Assets / (27.6 KB). Loaded Objects now: 4645.
Memory consumption went from 140.2 MB to 140.1 MB.
Total: 13.845000 ms (FindLiveObjects: 0.639600 ms CreateObjectMapping: 0.440500 ms MarkObjects: 12.679500 ms  DeleteObjects: 0.083600 ms)

Prepare: number of updated asset objects reloaded= 0
AssetImportParameters requested are different than current active one (requested -> active):
  custom:scripting/monoscript/fileName/AdsManager.cs: 02def8582910908d167bbb9227855ef4 -> 
  custom:container-demuxer-ogg: 62fdf1f143b41e24485cea50d1cbac27 -> 
  custom:scripting/monoscript/fileName/LevelChangerDOTween.cs: 2ea35b7817de89e3c9bc7fb9c16c14c8 -> 
  custom:scripting/monoscript/fileName/AnalyticsManager.cs: a0ba2baafde2834ba142b7fe92ba996d -> 
  custom:video-decoder-ogg-theora: a1e56fd34408186e4bbccfd4996cb3dc -> 
  custom:scripting/monoscript/fileName/UpgradeShop.cs: 5fad3e7228b2cce1fa928888244f648c -> 
  custom:framework-win-MediaFoundation: 216162199b28c13a410421893ffa2e32 -> 
  custom:scripting/monoscript/fileName/RewardedAds.cs: d66570aae527af9da7222484b8264842 -> 
  custom:scripting/monoscript/fileName/NewBehaviourScript.cs: b21687ddb03d73bd9f0c1daecb9714de -> 
  custom:CustomObjectIndexerAttribute: 9a22284fe3817be447336de3de66b15e -> 
  custom:container-demuxer-webm: 4f35f7cbe854078d1ac9338744f61a02 -> 
  custom:container-muxer-webm: aa71ff27fc2769a1b78a27578f13a17b -> 
  custom:video-decoder-webm-vp8: 9c59270c3fd7afecdb556c50c9e8de78 -> 
  custom:scripting/monoscript/fileName/UpgradeAsset.cs: 5d0ce12d7184a3da40041fc92eb082d8 -> 
  custom:SearchIndexIgnoredProperties: e643bd26f0fe6173181afceb89e7c659 -> 
  custom:scripting/monoscript/fileName/InterstitialAds.cs: 6d333cb1dc24d5ddf3ec91bccefc0773 -> 
  custom:AudioImporter_EditorPlatform: d09bf68614088b80899f8185d706f6e7 -> 
  custom:scripting/monoscript/fileName/Upgrades.cs: efffe4420000c7dff7f2eae57efaf755 -> 
  custom:scripting/monoscript/fileName/MainMenuSceneChange.cs: d4425b768b31a0e779c58ed647aad071 -> 
  custom:scripting/monoscript/fileName/SavesYG.cs: c497cdc187148548f5d9a620311f9dc3 -> 
  custom:video-encoder-webm-vp8: eb34c28f22e8b96e1ab97ce403110664 -> 
  custom:audio-decoder-ogg-vorbis: bf7c407c2cedff20999df2af8eb42d56 -> 
  custom:scripting/monoscript/fileName/IAPHandler.cs: 9c0d60c35c8d51d2451fa8bafe956467 -> 
  custom:scripting/monoscript/fileName/ButtonsRewarded.cs: 07495e688444a91c62dfcd44c138345c -> 
  custom:audio-encoder-webm-vorbis: bf7c407c2cedff20999df2af8eb42d56 -> 
  custom:scripting/monoscript/fileName/PurchaseManager.cs: 7ccb736f003775a5e240eec74b533b6b -> 
  custom:scripting/monoscript/fileName/BuyUpgrade.cs: 7f5deeb882f8c1e3141ce9ef24e50525 -> 
  custom:scripting/precompiled-assembly-types:Assembly-CSharp: cba96f98099d0dd55b2ce613889323c1 -> b6d5beae70893ec4483681e4771dab9e
========================================================================
Received Prepare
Caller must complete domain reload
Begin MonoManager ReloadAssembly
Symbol file LoadedFromMemory is not a mono symbol file
- Loaded All Assemblies, in  1.670 seconds
Native extension for WindowsStandalone target not found
Native extension for iOS target not found
Native extension for Android target not found
Native extension for WebGL target not found
Asset Pipeline Refresh (id=0cff39db4be5ff3488e7bd5a1c779d9a): Total: 0.000 seconds - Initiated by StopAssetImportingV2(NoUpdateAssetOptions)
[ScriptCompilation] NOT recompiling all scripts because this is an import worker process. Reason to compile was: Define symbols changed
[ScriptCompilation] NOT recompiling all scripts because this is an import worker process. Reason to compile was: Define symbols changed
Mono: successfully reloaded assembly
- Finished resetting the current domain, in  7.444 seconds
Domain Reload Profiling: 9111ms
	BeginReloadAssembly (754ms)
		ExecutionOrderSort (0ms)
		DisableScriptedObjects (15ms)
		BackupInstance (0ms)
		ReleaseScriptingObjects (0ms)
		CreateAndSetChildDomain (65ms)
	RebuildCommonClasses (60ms)
	RebuildNativeTypeToScriptingClass (29ms)
	initialDomainReloadingComplete (62ms)
	LoadAllAssembliesAndSetupDomain (761ms)
		LoadAssemblies (869ms)
		RebuildTransferFunctionScriptingTraits (0ms)
		AnalyzeDomain (62ms)
			TypeCache.Refresh (21ms)
				TypeCache.ScanAssembly (6ms)
			ScanForSourceGeneratedMonoScriptInfo (23ms)
			ResolveRequiredComponents (16ms)
	FinalizeReload (7446ms)
		ReleaseScriptCaches (0ms)
		RebuildScriptCaches (0ms)
		SetupLoadedEditorAssemblies (6308ms)
			LogAssemblyErrors (0ms)
			InitializePlatformSupportModulesInManaged (78ms)
			SetLoadedEditorAssemblies (12ms)
			RefreshPlugins (0ms)
			BeforeProcessingInitializeOnLoad (178ms)
			ProcessInitializeOnLoadAttributes (4687ms)
			ProcessInitializeOnLoadMethodAttributes (1300ms)
			AfterProcessingInitializeOnLoad (52ms)
			EditorAssembliesLoaded (1ms)
		ExecutionOrderSort2 (0ms)
		AwakeInstancesAfterBackupRestoration (39ms)
Refreshing native plugins compatible for Editor in 33.67 ms, found 2 plugins.
Preloading 0 native plugins for Editor in 0.00 ms.
Unloading 3832 Unused Serialized files (Serialized files now loaded: 0)
Unloading 16 unused Assets / (27.6 KB). Loaded Objects now: 4649.
Memory consumption went from 140.2 MB to 140.2 MB.
Total: 18.989700 ms (FindLiveObjects: 0.662700 ms CreateObjectMapping: 0.471500 ms MarkObjects: 17.762100 ms  DeleteObjects: 0.091200 ms)

Prepare: number of updated asset objects reloaded= 0
AssetImportParameters requested are different than current active one (requested -> active):
  custom:scripting/monoscript/fileName/AdsManager.cs: 02def8582910908d167bbb9227855ef4 -> 
  custom:container-demuxer-ogg: 62fdf1f143b41e24485cea50d1cbac27 -> 
  custom:scripting/monoscript/fileName/LevelChangerDOTween.cs: 2ea35b7817de89e3c9bc7fb9c16c14c8 -> 
  custom:scripting/monoscript/fileName/AnalyticsManager.cs: a0ba2baafde2834ba142b7fe92ba996d -> 
  custom:video-decoder-ogg-theora: a1e56fd34408186e4bbccfd4996cb3dc -> 
  custom:scripting/monoscript/fileName/UpgradeShop.cs: 5fad3e7228b2cce1fa928888244f648c -> 
  custom:framework-win-MediaFoundation: 216162199b28c13a410421893ffa2e32 -> 
  custom:scripting/monoscript/fileName/RewardedAds.cs: d66570aae527af9da7222484b8264842 -> 
  custom:scripting/monoscript/fileName/NewBehaviourScript.cs: b21687ddb03d73bd9f0c1daecb9714de -> 
  custom:scripting/monoscript/fileName/ObjectPoolManager.cs: da9c366c131223b3e8881c65a4f04910 -> 
  custom:CustomObjectIndexerAttribute: 9a22284fe3817be447336de3de66b15e -> 
  custom:container-demuxer-webm: 4f35f7cbe854078d1ac9338744f61a02 -> 
  custom:container-muxer-webm: aa71ff27fc2769a1b78a27578f13a17b -> 
  custom:video-decoder-webm-vp8: 9c59270c3fd7afecdb556c50c9e8de78 -> 
  custom:scripting/monoscript/fileName/UpgradeAsset.cs: 5d0ce12d7184a3da40041fc92eb082d8 -> 
  custom:SearchIndexIgnoredProperties: e643bd26f0fe6173181afceb89e7c659 -> 
  custom:scripting/monoscript/fileName/InterstitialAds.cs: 6d333cb1dc24d5ddf3ec91bccefc0773 -> 
  custom:AudioImporter_EditorPlatform: d09bf68614088b80899f8185d706f6e7 -> 
  custom:scripting/monoscript/fileName/Upgrades.cs: efffe4420000c7dff7f2eae57efaf755 -> 
  custom:scripting/monoscript/fileName/MainMenuSceneChange.cs: d4425b768b31a0e779c58ed647aad071 -> 
  custom:scripting/monoscript/fileName/SavesYG.cs: c497cdc187148548f5d9a620311f9dc3 -> 
  custom:video-encoder-webm-vp8: eb34c28f22e8b96e1ab97ce403110664 -> 
  custom:audio-decoder-ogg-vorbis: bf7c407c2cedff20999df2af8eb42d56 -> 
  custom:scripting/monoscript/fileName/IAPHandler.cs: 9c0d60c35c8d51d2451fa8bafe956467 -> 
  custom:scripting/monoscript/fileName/ButtonsRewarded.cs: 07495e688444a91c62dfcd44c138345c -> 
  custom:audio-encoder-webm-vorbis: bf7c407c2cedff20999df2af8eb42d56 -> 
  custom:scripting/monoscript/fileName/PurchaseManager.cs: 7ccb736f003775a5e240eec74b533b6b -> 
  custom:scripting/monoscript/fileName/BuyUpgrade.cs: 7f5deeb882f8c1e3141ce9ef24e50525 -> 
  custom:scripting/precompiled-assembly-types:Assembly-CSharp: 73afcbbbe46cfc5245f89493ef964ceb -> b6d5beae70893ec4483681e4771dab9e
========================================================================
Received Prepare
Caller must complete domain reload
Begin MonoManager ReloadAssembly
Symbol file LoadedFromMemory is not a mono symbol file
- Loaded All Assemblies, in  1.577 seconds
Native extension for WindowsStandalone target not found
Native extension for iOS target not found
Native extension for Android target not found
Native extension for WebGL target not found
Asset Pipeline Refresh (id=57d1c59dee40b304d8a7ecbdaa07cf9d): Total: 0.000 seconds - Initiated by StopAssetImportingV2(NoUpdateAssetOptions)
[ScriptCompilation] NOT recompiling all scripts because this is an import worker process. Reason to compile was: Define symbols changed
[ScriptCompilation] NOT recompiling all scripts because this is an import worker process. Reason to compile was: Define symbols changed
Mono: successfully reloaded assembly
- Finished resetting the current domain, in  2.900 seconds
Domain Reload Profiling: 4476ms
	BeginReloadAssembly (742ms)
		ExecutionOrderSort (0ms)
		DisableScriptedObjects (9ms)
		BackupInstance (0ms)
		ReleaseScriptingObjects (0ms)
		CreateAndSetChildDomain (61ms)
	RebuildCommonClasses (61ms)
	RebuildNativeTypeToScriptingClass (22ms)
	initialDomainReloadingComplete (58ms)
	LoadAllAssembliesAndSetupDomain (692ms)
		LoadAssemblies (771ms)
		RebuildTransferFunctionScriptingTraits (0ms)
		AnalyzeDomain (71ms)
			TypeCache.Refresh (26ms)
				TypeCache.ScanAssembly (5ms)
			ScanForSourceGeneratedMonoScriptInfo (25ms)
			ResolveRequiredComponents (18ms)
	FinalizeReload (2901ms)
		ReleaseScriptCaches (0ms)
		RebuildScriptCaches (0ms)
		SetupLoadedEditorAssemblies (1596ms)
			LogAssemblyErrors (0ms)
			InitializePlatformSupportModulesInManaged (78ms)
			SetLoadedEditorAssemblies (13ms)
			RefreshPlugins (0ms)
			BeforeProcessingInitializeOnLoad (181ms)
			ProcessInitializeOnLoadAttributes (817ms)
			ProcessInitializeOnLoadMethodAttributes (487ms)
			AfterProcessingInitializeOnLoad (19ms)
			EditorAssembliesLoaded (1ms)
		ExecutionOrderSort2 (0ms)
		AwakeInstancesAfterBackupRestoration (24ms)
Refreshing native plugins compatible for Editor in 24.66 ms, found 2 plugins.
Preloading 0 native plugins for Editor in 0.00 ms.
Unloading 3832 Unused Serialized files (Serialized files now loaded: 0)
Unloading 16 unused Assets / (27.5 KB). Loaded Objects now: 4652.
Memory consumption went from 140.2 MB to 140.2 MB.
Total: 15.992200 ms (FindLiveObjects: 0.639100 ms CreateObjectMapping: 0.510600 ms MarkObjects: 14.760500 ms  DeleteObjects: 0.080100 ms)

Prepare: number of updated asset objects reloaded= 0
AssetImportParameters requested are different than current active one (requested -> active):
  custom:scripting/monoscript/fileName/AdsManager.cs: 02def8582910908d167bbb9227855ef4 -> 
  custom:container-demuxer-ogg: 62fdf1f143b41e24485cea50d1cbac27 -> 
  custom:scripting/monoscript/fileName/LevelChangerDOTween.cs: 2ea35b7817de89e3c9bc7fb9c16c14c8 -> 
  custom:scripting/monoscript/fileName/AnalyticsManager.cs: a0ba2baafde2834ba142b7fe92ba996d -> 
  custom:video-decoder-ogg-theora: a1e56fd34408186e4bbccfd4996cb3dc -> 
  custom:scripting/monoscript/fileName/UpgradeShop.cs: 5fad3e7228b2cce1fa928888244f648c -> 
  custom:framework-win-MediaFoundation: 216162199b28c13a410421893ffa2e32 -> 
  custom:scripting/monoscript/fileName/RewardedAds.cs: d66570aae527af9da7222484b8264842 -> 
  custom:scripting/monoscript/fileName/NewBehaviourScript.cs: b21687ddb03d73bd9f0c1daecb9714de -> 
  custom:scripting/monoscript/fileName/ObjectPoolManager.cs: da9c366c131223b3e8881c65a4f04910 -> 
  custom:CustomObjectIndexerAttribute: 9a22284fe3817be447336de3de66b15e -> 
  custom:container-demuxer-webm: 4f35f7cbe854078d1ac9338744f61a02 -> 
  custom:container-muxer-webm: aa71ff27fc2769a1b78a27578f13a17b -> 
  custom:video-decoder-webm-vp8: 9c59270c3fd7afecdb556c50c9e8de78 -> 
  custom:scripting/monoscript/fileName/UpgradeAsset.cs: 5d0ce12d7184a3da40041fc92eb082d8 -> 
  custom:SearchIndexIgnoredProperties: e643bd26f0fe6173181afceb89e7c659 -> 
  custom:scripting/monoscript/fileName/InterstitialAds.cs: 6d333cb1dc24d5ddf3ec91bccefc0773 -> 
  custom:AudioImporter_EditorPlatform: d09bf68614088b80899f8185d706f6e7 -> 
  custom:scripting/monoscript/fileName/Upgrades.cs: efffe4420000c7dff7f2eae57efaf755 -> 
  custom:scripting/monoscript/fileName/MainMenuSceneChange.cs: d4425b768b31a0e779c58ed647aad071 -> 
  custom:scripting/monoscript/fileName/SavesYG.cs: c497cdc187148548f5d9a620311f9dc3 -> 
  custom:video-encoder-webm-vp8: eb34c28f22e8b96e1ab97ce403110664 -> 
  custom:audio-decoder-ogg-vorbis: bf7c407c2cedff20999df2af8eb42d56 -> 
  custom:scripting/monoscript/fileName/IAPHandler.cs: 9c0d60c35c8d51d2451fa8bafe956467 -> 
  custom:scripting/monoscript/fileName/ButtonsRewarded.cs: 07495e688444a91c62dfcd44c138345c -> 
  custom:audio-encoder-webm-vorbis: bf7c407c2cedff20999df2af8eb42d56 -> 
  custom:scripting/monoscript/fileName/PurchaseManager.cs: 7ccb736f003775a5e240eec74b533b6b -> 
  custom:scripting/monoscript/fileName/BuyUpgrade.cs: 7f5deeb882f8c1e3141ce9ef24e50525 -> 
  custom:scripting/precompiled-assembly-types:Assembly-CSharp: 73afcbbbe46cfc5245f89493ef964ceb -> b6d5beae70893ec4483681e4771dab9e
========================================================================
Received Import Request.
  Time since last request: 8227.471238 seconds.
  path: Assets/Scripts/ObjectPoolManager.cs
  artifactKey: Guid(e6a4e6367e4eb8f48ac7dc0e52fa2082) Importer(815301076,1909f56bfc062723c751e8b465ee728b)
Start importing Assets/Scripts/ObjectPoolManager.cs using Guid(e6a4e6367e4eb8f48ac7dc0e52fa2082) Importer(815301076,1909f56bfc062723c751e8b465ee728b) [PhysX] Initialized MultithreadedTaskDispatcher with 8 workers.
 -> (artifact id: '1c84fe18d3ffc8082dfc1e6a51bc25b4') in 0.008925 seconds
Number of updated asset objects reloaded before import = 0
Number of asset objects unloaded after import = 0
========================================================================
Received Prepare
Caller must complete domain reload
Begin MonoManager ReloadAssembly
Symbol file LoadedFromMemory is not a mono symbol file
- Loaded All Assemblies, in  1.328 seconds
Native extension for WindowsStandalone target not found
Native extension for iOS target not found
Native extension for Android target not found
Native extension for WebGL target not found
Asset Pipeline Refresh (id=0e81dd92a67e9b144b1bfb162ed8b95b): Total: 0.000 seconds - Initiated by StopAssetImportingV2(NoUpdateAssetOptions)
[ScriptCompilation] NOT recompiling all scripts because this is an import worker process. Reason to compile was: Define symbols changed
[ScriptCompilation] NOT recompiling all scripts because this is an import worker process. Reason to compile was: Define symbols changed
Mono: successfully reloaded assembly
- Finished resetting the current domain, in  2.407 seconds
Domain Reload Profiling: 3730ms
	BeginReloadAssembly (681ms)
		ExecutionOrderSort (0ms)
		DisableScriptedObjects (9ms)
		BackupInstance (0ms)
		ReleaseScriptingObjects (0ms)
		CreateAndSetChildDomain (60ms)
	RebuildCommonClasses (70ms)
	RebuildNativeTypeToScriptingClass (19ms)
	initialDomainReloadingComplete (66ms)
	LoadAllAssembliesAndSetupDomain (486ms)
		LoadAssemblies (601ms)
		RebuildTransferFunctionScriptingTraits (0ms)
		AnalyzeDomain (25ms)
			TypeCache.Refresh (8ms)
				TypeCache.ScanAssembly (0ms)
			ScanForSourceGeneratedMonoScriptInfo (0ms)
			ResolveRequiredComponents (15ms)
	FinalizeReload (2408ms)
		ReleaseScriptCaches (0ms)
		RebuildScriptCaches (0ms)
		SetupLoadedEditorAssemblies (1493ms)
			LogAssemblyErrors (0ms)
			InitializePlatformSupportModulesInManaged (57ms)
			SetLoadedEditorAssemblies (8ms)
			RefreshPlugins (0ms)
			BeforeProcessingInitializeOnLoad (150ms)
			ProcessInitializeOnLoadAttributes (744ms)
			ProcessInitializeOnLoadMethodAttributes (517ms)
			AfterProcessingInitializeOnLoad (17ms)
			EditorAssembliesLoaded (1ms)
		ExecutionOrderSort2 (0ms)
		AwakeInstancesAfterBackupRestoration (18ms)
Refreshing native plugins compatible for Editor in 22.72 ms, found 2 plugins.
Preloading 0 native plugins for Editor in 0.00 ms.
Unloading 3831 Unused Serialized files (Serialized files now loaded: 0)
Unloading 16 unused Assets / (27.5 KB). Loaded Objects now: 4655.
Memory consumption went from 139.9 MB to 139.9 MB.
Total: 17.228900 ms (FindLiveObjects: 0.446500 ms CreateObjectMapping: 0.368700 ms MarkObjects: 16.339600 ms  DeleteObjects: 0.072300 ms)

Prepare: number of updated asset objects reloaded= 0
AssetImportParameters requested are different than current active one (requested -> active):
  custom:scripting/monoscript/fileName/AdsManager.cs: 02def8582910908d167bbb9227855ef4 -> 
  custom:container-demuxer-ogg: 62fdf1f143b41e24485cea50d1cbac27 -> 
  custom:scripting/monoscript/fileName/LevelChangerDOTween.cs: 2ea35b7817de89e3c9bc7fb9c16c14c8 -> 
  custom:scripting/monoscript/fileName/AnalyticsManager.cs: a0ba2baafde2834ba142b7fe92ba996d -> 
  custom:video-decoder-ogg-theora: a1e56fd34408186e4bbccfd4996cb3dc -> 
  custom:scripting/monoscript/fileName/UpgradeShop.cs: 5fad3e7228b2cce1fa928888244f648c -> 
  custom:framework-win-MediaFoundation: 216162199b28c13a410421893ffa2e32 -> 
  custom:scripting/monoscript/fileName/RewardedAds.cs: d66570aae527af9da7222484b8264842 -> 
  custom:scripting/monoscript/fileName/NewBehaviourScript.cs: b21687ddb03d73bd9f0c1daecb9714de -> 
  custom:scripting/monoscript/fileName/ObjectPoolManager.cs: da9c366c131223b3e8881c65a4f04910 -> 
  custom:CustomObjectIndexerAttribute: 9a22284fe3817be447336de3de66b15e -> 
  custom:container-demuxer-webm: 4f35f7cbe854078d1ac9338744f61a02 -> 
  custom:container-muxer-webm: aa71ff27fc2769a1b78a27578f13a17b -> 
  custom:video-decoder-webm-vp8: 9c59270c3fd7afecdb556c50c9e8de78 -> 
  custom:scripting/monoscript/fileName/UpgradeAsset.cs: 5d0ce12d7184a3da40041fc92eb082d8 -> 
  custom:SearchIndexIgnoredProperties: e643bd26f0fe6173181afceb89e7c659 -> 
  custom:scripting/monoscript/fileName/InterstitialAds.cs: 6d333cb1dc24d5ddf3ec91bccefc0773 -> 
  custom:AudioImporter_EditorPlatform: d09bf68614088b80899f8185d706f6e7 -> 
  custom:scripting/monoscript/fileName/Upgrades.cs: efffe4420000c7dff7f2eae57efaf755 -> 
  custom:scripting/monoscript/fileName/MainMenuSceneChange.cs: d4425b768b31a0e779c58ed647aad071 -> 
  custom:scripting/monoscript/fileName/SavesYG.cs: c497cdc187148548f5d9a620311f9dc3 -> 
  custom:video-encoder-webm-vp8: eb34c28f22e8b96e1ab97ce403110664 -> 
  custom:audio-decoder-ogg-vorbis: bf7c407c2cedff20999df2af8eb42d56 -> 
  custom:scripting/monoscript/fileName/IAPHandler.cs: 9c0d60c35c8d51d2451fa8bafe956467 -> 
  custom:scripting/monoscript/fileName/ButtonsRewarded.cs: 07495e688444a91c62dfcd44c138345c -> 
  custom:audio-encoder-webm-vorbis: bf7c407c2cedff20999df2af8eb42d56 -> 
  custom:scripting/monoscript/fileName/PurchaseManager.cs: 7ccb736f003775a5e240eec74b533b6b -> 
  custom:scripting/monoscript/fileName/BuyUpgrade.cs: 7f5deeb882f8c1e3141ce9ef24e50525 -> 
  custom:scripting/precompiled-assembly-types:Assembly-CSharp: 73afcbbbe46cfc5245f89493ef964ceb -> b6d5beae70893ec4483681e4771dab9e
========================================================================
Received Prepare
Caller must complete domain reload
Begin MonoManager ReloadAssembly
Symbol file LoadedFromMemory is not a mono symbol file
- Loaded All Assemblies, in  1.702 seconds
Native extension for WindowsStandalone target not found
Native extension for iOS target not found
Native extension for Android target not found
Native extension for WebGL target not found
Asset Pipeline Refresh (id=633fd4c4a75f81d478a6f7adf84877dc): Total: 0.000 seconds - Initiated by StopAssetImportingV2(NoUpdateAssetOptions)
[ScriptCompilation] NOT recompiling all scripts because this is an import worker process. Reason to compile was: Define symbols changed
[ScriptCompilation] NOT recompiling all scripts because this is an import worker process. Reason to compile was: Define symbols changed
Mono: successfully reloaded assembly
- Finished resetting the current domain, in  2.402 seconds
Domain Reload Profiling: 4101ms
	BeginReloadAssembly (815ms)
		ExecutionOrderSort (0ms)
		DisableScriptedObjects (10ms)
		BackupInstance (0ms)
		ReleaseScriptingObjects (0ms)
		CreateAndSetChildDomain (63ms)
	RebuildCommonClasses (62ms)
	RebuildNativeTypeToScriptingClass (26ms)
	initialDomainReloadingComplete (64ms)
	LoadAllAssembliesAndSetupDomain (731ms)
		LoadAssemblies (812ms)
		RebuildTransferFunctionScriptingTraits (0ms)
		AnalyzeDomain (85ms)
			TypeCache.Refresh (31ms)
				TypeCache.ScanAssembly (9ms)
			ScanForSourceGeneratedMonoScriptInfo (36ms)
			ResolveRequiredComponents (16ms)
	FinalizeReload (2403ms)
		ReleaseScriptCaches (0ms)
		RebuildScriptCaches (0ms)
		SetupLoadedEditorAssemblies (1200ms)
			LogAssemblyErrors (0ms)
			InitializePlatformSupportModulesInManaged (68ms)
			SetLoadedEditorAssemblies (8ms)
			RefreshPlugins (0ms)
			BeforeProcessingInitializeOnLoad (149ms)
			ProcessInitializeOnLoadAttributes (625ms)
			ProcessInitializeOnLoadMethodAttributes (334ms)
			AfterProcessingInitializeOnLoad (15ms)
			EditorAssembliesLoaded (1ms)
		ExecutionOrderSort2 (0ms)
		AwakeInstancesAfterBackupRestoration (17ms)
Refreshing native plugins compatible for Editor in 20.54 ms, found 2 plugins.
Preloading 0 native plugins for Editor in 0.00 ms.
Unloading 3832 Unused Serialized files (Serialized files now loaded: 0)
Unloading 16 unused Assets / (27.6 KB). Loaded Objects now: 4658.
Memory consumption went from 140.2 MB to 140.2 MB.
Total: 11.038600 ms (FindLiveObjects: 0.413700 ms CreateObjectMapping: 0.346500 ms MarkObjects: 10.192300 ms  DeleteObjects: 0.084300 ms)

Prepare: number of updated asset objects reloaded= 0
AssetImportParameters requested are different than current active one (requested -> active):
  custom:scripting/monoscript/fileName/AdsManager.cs: 02def8582910908d167bbb9227855ef4 -> 
  custom:container-demuxer-ogg: 62fdf1f143b41e24485cea50d1cbac27 -> 
  custom:scripting/monoscript/fileName/LevelChangerDOTween.cs: 2ea35b7817de89e3c9bc7fb9c16c14c8 -> 
  custom:scripting/monoscript/fileName/AnalyticsManager.cs: a0ba2baafde2834ba142b7fe92ba996d -> 
  custom:video-decoder-ogg-theora: a1e56fd34408186e4bbccfd4996cb3dc -> 
  custom:scripting/monoscript/fileName/UpgradeShop.cs: 5fad3e7228b2cce1fa928888244f648c -> 
  custom:framework-win-MediaFoundation: 216162199b28c13a410421893ffa2e32 -> 
  custom:scripting/monoscript/fileName/RewardedAds.cs: d66570aae527af9da7222484b8264842 -> 
  custom:scripting/monoscript/fileName/NewBehaviourScript.cs: b21687ddb03d73bd9f0c1daecb9714de -> 
  custom:scripting/monoscript/fileName/ObjectPoolManager.cs: da9c366c131223b3e8881c65a4f04910 -> 
  custom:CustomObjectIndexerAttribute: 9a22284fe3817be447336de3de66b15e -> 
  custom:container-demuxer-webm: 4f35f7cbe854078d1ac9338744f61a02 -> 
  custom:container-muxer-webm: aa71ff27fc2769a1b78a27578f13a17b -> 
  custom:video-decoder-webm-vp8: 9c59270c3fd7afecdb556c50c9e8de78 -> 
  custom:scripting/monoscript/fileName/UpgradeAsset.cs: 5d0ce12d7184a3da40041fc92eb082d8 -> 
  custom:SearchIndexIgnoredProperties: e643bd26f0fe6173181afceb89e7c659 -> 
  custom:scripting/monoscript/fileName/InterstitialAds.cs: 6d333cb1dc24d5ddf3ec91bccefc0773 -> 
  custom:AudioImporter_EditorPlatform: d09bf68614088b80899f8185d706f6e7 -> 
  custom:scripting/monoscript/fileName/Upgrades.cs: efffe4420000c7dff7f2eae57efaf755 -> 
  custom:scripting/monoscript/fileName/MainMenuSceneChange.cs: d4425b768b31a0e779c58ed647aad071 -> 
  custom:scripting/monoscript/fileName/SavesYG.cs: c497cdc187148548f5d9a620311f9dc3 -> 
  custom:video-encoder-webm-vp8: eb34c28f22e8b96e1ab97ce403110664 -> 
  custom:audio-decoder-ogg-vorbis: bf7c407c2cedff20999df2af8eb42d56 -> 
  custom:scripting/monoscript/fileName/IAPHandler.cs: 9c0d60c35c8d51d2451fa8bafe956467 -> 
  custom:scripting/monoscript/fileName/ButtonsRewarded.cs: 07495e688444a91c62dfcd44c138345c -> 
  custom:audio-encoder-webm-vorbis: bf7c407c2cedff20999df2af8eb42d56 -> 
  custom:scripting/monoscript/fileName/PurchaseManager.cs: 7ccb736f003775a5e240eec74b533b6b -> 
  custom:scripting/monoscript/fileName/BuyUpgrade.cs: 7f5deeb882f8c1e3141ce9ef24e50525 -> 
  custom:scripting/precompiled-assembly-types:Assembly-CSharp: 73afcbbbe46cfc5245f89493ef964ceb -> b6d5beae70893ec4483681e4771dab9e
========================================================================
Received Prepare
Caller must complete domain reload
Begin MonoManager ReloadAssembly
Symbol file LoadedFromMemory is not a mono symbol file
- Loaded All Assemblies, in  1.221 seconds
Native extension for WindowsStandalone target not found
Native extension for iOS target not found
Native extension for Android target not found
Native extension for WebGL target not found
Asset Pipeline Refresh (id=55849809b44f80743a43fdf5cfec455a): Total: 0.000 seconds - Initiated by StopAssetImportingV2(NoUpdateAssetOptions)
[ScriptCompilation] NOT recompiling all scripts because this is an import worker process. Reason to compile was: Define symbols changed
[ScriptCompilation] NOT recompiling all scripts because this is an import worker process. Reason to compile was: Define symbols changed
Mono: successfully reloaded assembly
- Finished resetting the current domain, in  2.149 seconds
Domain Reload Profiling: 3370ms
	BeginReloadAssembly (720ms)
		ExecutionOrderSort (0ms)
		DisableScriptedObjects (12ms)
		BackupInstance (0ms)
		ReleaseScriptingObjects (0ms)
		CreateAndSetChildDomain (59ms)
	RebuildCommonClasses (57ms)
	RebuildNativeTypeToScriptingClass (20ms)
	initialDomainReloadingComplete (46ms)
	LoadAllAssembliesAndSetupDomain (374ms)
		LoadAssemblies (506ms)
		RebuildTransferFunctionScriptingTraits (0ms)
		AnalyzeDomain (19ms)
			TypeCache.Refresh (8ms)
				TypeCache.ScanAssembly (0ms)
			ScanForSourceGeneratedMonoScriptInfo (0ms)
			ResolveRequiredComponents (9ms)
	FinalizeReload (2152ms)
		ReleaseScriptCaches (0ms)
		RebuildScriptCaches (0ms)
		SetupLoadedEditorAssemblies (1254ms)
			LogAssemblyErrors (0ms)
			InitializePlatformSupportModulesInManaged (55ms)
			SetLoadedEditorAssemblies (9ms)
			RefreshPlugins (0ms)
			BeforeProcessingInitializeOnLoad (127ms)
			ProcessInitializeOnLoadAttributes (673ms)
			ProcessInitializeOnLoadMethodAttributes (372ms)
			AfterProcessingInitializeOnLoad (18ms)
			EditorAssembliesLoaded (1ms)
		ExecutionOrderSort2 (0ms)
		AwakeInstancesAfterBackupRestoration (21ms)
Refreshing native plugins compatible for Editor in 34.77 ms, found 2 plugins.
Preloading 0 native plugins for Editor in 0.00 ms.
Unloading 3832 Unused Serialized files (Serialized files now loaded: 0)
Unloading 16 unused Assets / (27.7 KB). Loaded Objects now: 4661.
Memory consumption went from 140.2 MB to 140.2 MB.
Total: 20.686000 ms (FindLiveObjects: 0.510300 ms CreateObjectMapping: 1.316600 ms MarkObjects: 18.775800 ms  DeleteObjects: 0.081300 ms)

Prepare: number of updated asset objects reloaded= 0
AssetImportParameters requested are different than current active one (requested -> active):
  custom:scripting/monoscript/fileName/AdsManager.cs: 02def8582910908d167bbb9227855ef4 -> 
  custom:container-demuxer-ogg: 62fdf1f143b41e24485cea50d1cbac27 -> 
  custom:scripting/monoscript/fileName/LevelChangerDOTween.cs: 2ea35b7817de89e3c9bc7fb9c16c14c8 -> 
  custom:scripting/monoscript/fileName/AnalyticsManager.cs: a0ba2baafde2834ba142b7fe92ba996d -> 
  custom:video-decoder-ogg-theora: a1e56fd34408186e4bbccfd4996cb3dc -> 
  custom:scripting/monoscript/fileName/UpgradeShop.cs: 5fad3e7228b2cce1fa928888244f648c -> 
  custom:framework-win-MediaFoundation: 216162199b28c13a410421893ffa2e32 -> 
  custom:scripting/monoscript/fileName/RewardedAds.cs: d66570aae527af9da7222484b8264842 -> 
  custom:scripting/monoscript/fileName/NewBehaviourScript.cs: b21687ddb03d73bd9f0c1daecb9714de -> 
  custom:scripting/monoscript/fileName/ObjectPoolManager.cs: da9c366c131223b3e8881c65a4f04910 -> 
  custom:CustomObjectIndexerAttribute: 9a22284fe3817be447336de3de66b15e -> 
  custom:container-demuxer-webm: 4f35f7cbe854078d1ac9338744f61a02 -> 
  custom:container-muxer-webm: aa71ff27fc2769a1b78a27578f13a17b -> 
  custom:video-decoder-webm-vp8: 9c59270c3fd7afecdb556c50c9e8de78 -> 
  custom:scripting/monoscript/fileName/UpgradeAsset.cs: 5d0ce12d7184a3da40041fc92eb082d8 -> 
  custom:SearchIndexIgnoredProperties: e643bd26f0fe6173181afceb89e7c659 -> 
  custom:scripting/monoscript/fileName/InterstitialAds.cs: 6d333cb1dc24d5ddf3ec91bccefc0773 -> 
  custom:AudioImporter_EditorPlatform: d09bf68614088b80899f8185d706f6e7 -> 
  custom:scripting/monoscript/fileName/Upgrades.cs: efffe4420000c7dff7f2eae57efaf755 -> 
  custom:scripting/monoscript/fileName/MainMenuSceneChange.cs: d4425b768b31a0e779c58ed647aad071 -> 
  custom:scripting/monoscript/fileName/SavesYG.cs: c497cdc187148548f5d9a620311f9dc3 -> 
  custom:video-encoder-webm-vp8: eb34c28f22e8b96e1ab97ce403110664 -> 
  custom:audio-decoder-ogg-vorbis: bf7c407c2cedff20999df2af8eb42d56 -> 
  custom:scripting/monoscript/fileName/IAPHandler.cs: 9c0d60c35c8d51d2451fa8bafe956467 -> 
  custom:scripting/monoscript/fileName/ButtonsRewarded.cs: 07495e688444a91c62dfcd44c138345c -> 
  custom:audio-encoder-webm-vorbis: bf7c407c2cedff20999df2af8eb42d56 -> 
  custom:scripting/monoscript/fileName/PurchaseManager.cs: 7ccb736f003775a5e240eec74b533b6b -> 
  custom:scripting/monoscript/fileName/BuyUpgrade.cs: 7f5deeb882f8c1e3141ce9ef24e50525 -> 
  custom:scripting/precompiled-assembly-types:Assembly-CSharp: 73afcbbbe46cfc5245f89493ef964ceb -> b6d5beae70893ec4483681e4771dab9e
========================================================================
Received Prepare
Caller must complete domain reload
Begin MonoManager ReloadAssembly
Symbol file LoadedFromMemory is not a mono symbol file
- Loaded All Assemblies, in  1.095 seconds
Native extension for WindowsStandalone target not found
Native extension for iOS target not found
Native extension for Android target not found
Native extension for WebGL target not found
Asset Pipeline Refresh (id=a23a92b0468745e4f9ca907b9b9f8637): Total: 0.000 seconds - Initiated by StopAssetImportingV2(NoUpdateAssetOptions)
[ScriptCompilation] NOT recompiling all scripts because this is an import worker process. Reason to compile was: Define symbols changed
[ScriptCompilation] NOT recompiling all scripts because this is an import worker process. Reason to compile was: Define symbols changed
Mono: successfully reloaded assembly
- Finished resetting the current domain, in  2.189 seconds
Domain Reload Profiling: 3282ms
	BeginReloadAssembly (567ms)
		ExecutionOrderSort (0ms)
		DisableScriptedObjects (7ms)
		BackupInstance (0ms)
		ReleaseScriptingObjects (0ms)
		CreateAndSetChildDomain (60ms)
	RebuildCommonClasses (66ms)
	RebuildNativeTypeToScriptingClass (23ms)
	initialDomainReloadingComplete (57ms)
	LoadAllAssembliesAndSetupDomain (380ms)
		LoadAssemblies (484ms)
		RebuildTransferFunctionScriptingTraits (0ms)
		AnalyzeDomain (22ms)
			TypeCache.Refresh (10ms)
				TypeCache.ScanAssembly (0ms)
			ScanForSourceGeneratedMonoScriptInfo (0ms)
			ResolveRequiredComponents (10ms)
	FinalizeReload (2190ms)
		ReleaseScriptCaches (0ms)
		RebuildScriptCaches (0ms)
		SetupLoadedEditorAssemblies (1258ms)
			LogAssemblyErrors (0ms)
			InitializePlatformSupportModulesInManaged (61ms)
			SetLoadedEditorAssemblies (8ms)
			RefreshPlugins (0ms)
			BeforeProcessingInitializeOnLoad (155ms)
			ProcessInitializeOnLoadAttributes (655ms)
			ProcessInitializeOnLoadMethodAttributes (361ms)
			AfterProcessingInitializeOnLoad (18ms)
			EditorAssembliesLoaded (1ms)
		ExecutionOrderSort2 (1ms)
		AwakeInstancesAfterBackupRestoration (23ms)
Refreshing native plugins compatible for Editor in 47.86 ms, found 2 plugins.
Preloading 0 native plugins for Editor in 0.00 ms.
Unloading 3832 Unused Serialized files (Serialized files now loaded: 0)
Unloading 16 unused Assets / (27.6 KB). Loaded Objects now: 4664.
Memory consumption went from 140.2 MB to 140.2 MB.
Total: 22.984300 ms (FindLiveObjects: 0.919600 ms CreateObjectMapping: 0.604200 ms MarkObjects: 21.346400 ms  DeleteObjects: 0.111100 ms)

Prepare: number of updated asset objects reloaded= 0
AssetImportParameters requested are different than current active one (requested -> active):
  custom:scripting/monoscript/fileName/AdsManager.cs: 02def8582910908d167bbb9227855ef4 -> 
  custom:container-demuxer-ogg: 62fdf1f143b41e24485cea50d1cbac27 -> 
  custom:scripting/monoscript/fileName/LevelChangerDOTween.cs: 2ea35b7817de89e3c9bc7fb9c16c14c8 -> 
  custom:scripting/monoscript/fileName/AnalyticsManager.cs: a0ba2baafde2834ba142b7fe92ba996d -> 
  custom:video-decoder-ogg-theora: a1e56fd34408186e4bbccfd4996cb3dc -> 
  custom:scripting/monoscript/fileName/UpgradeShop.cs: 5fad3e7228b2cce1fa928888244f648c -> 
  custom:framework-win-MediaFoundation: 216162199b28c13a410421893ffa2e32 -> 
  custom:scripting/monoscript/fileName/RewardedAds.cs: d66570aae527af9da7222484b8264842 -> 
  custom:scripting/monoscript/fileName/NewBehaviourScript.cs: b21687ddb03d73bd9f0c1daecb9714de -> 
  custom:scripting/monoscript/fileName/ObjectPoolManager.cs: da9c366c131223b3e8881c65a4f04910 -> 
  custom:CustomObjectIndexerAttribute: 9a22284fe3817be447336de3de66b15e -> 
  custom:container-demuxer-webm: 4f35f7cbe854078d1ac9338744f61a02 -> 
  custom:container-muxer-webm: aa71ff27fc2769a1b78a27578f13a17b -> 
  custom:video-decoder-webm-vp8: 9c59270c3fd7afecdb556c50c9e8de78 -> 
  custom:scripting/monoscript/fileName/UpgradeAsset.cs: 5d0ce12d7184a3da40041fc92eb082d8 -> 
  custom:SearchIndexIgnoredProperties: e643bd26f0fe6173181afceb89e7c659 -> 
  custom:scripting/monoscript/fileName/InterstitialAds.cs: 6d333cb1dc24d5ddf3ec91bccefc0773 -> 
  custom:AudioImporter_EditorPlatform: d09bf68614088b80899f8185d706f6e7 -> 
  custom:scripting/monoscript/fileName/Upgrades.cs: efffe4420000c7dff7f2eae57efaf755 -> 
  custom:scripting/monoscript/fileName/MainMenuSceneChange.cs: d4425b768b31a0e779c58ed647aad071 -> 
  custom:scripting/monoscript/fileName/SavesYG.cs: c497cdc187148548f5d9a620311f9dc3 -> 
  custom:video-encoder-webm-vp8: eb34c28f22e8b96e1ab97ce403110664 -> 
  custom:audio-decoder-ogg-vorbis: bf7c407c2cedff20999df2af8eb42d56 -> 
  custom:scripting/monoscript/fileName/IAPHandler.cs: 9c0d60c35c8d51d2451fa8bafe956467 -> 
  custom:scripting/monoscript/fileName/ButtonsRewarded.cs: 07495e688444a91c62dfcd44c138345c -> 
  custom:audio-encoder-webm-vorbis: bf7c407c2cedff20999df2af8eb42d56 -> 
  custom:scripting/monoscript/fileName/PurchaseManager.cs: 7ccb736f003775a5e240eec74b533b6b -> 
  custom:scripting/monoscript/fileName/BuyUpgrade.cs: 7f5deeb882f8c1e3141ce9ef24e50525 -> 
  custom:scripting/precompiled-assembly-types:Assembly-CSharp: 73afcbbbe46cfc5245f89493ef964ceb -> b6d5beae70893ec4483681e4771dab9e
========================================================================
Received Prepare
Caller must complete domain reload
Begin MonoManager ReloadAssembly
Symbol file LoadedFromMemory is not a mono symbol file
- Loaded All Assemblies, in  1.323 seconds
Native extension for WindowsStandalone target not found
Native extension for iOS target not found
Native extension for Android target not found
Native extension for WebGL target not found
Asset Pipeline Refresh (id=d3634379d760d32448708e3de6c520b7): Total: 0.000 seconds - Initiated by StopAssetImportingV2(NoUpdateAssetOptions)
[ScriptCompilation] NOT recompiling all scripts because this is an import worker process. Reason to compile was: Define symbols changed
[ScriptCompilation] NOT recompiling all scripts because this is an import worker process. Reason to compile was: Define symbols changed
Mono: successfully reloaded assembly
- Finished resetting the current domain, in  2.221 seconds
Domain Reload Profiling: 3542ms
	BeginReloadAssembly (683ms)
		ExecutionOrderSort (0ms)
		DisableScriptedObjects (12ms)
		BackupInstance (0ms)
		ReleaseScriptingObjects (0ms)
		CreateAndSetChildDomain (61ms)
	RebuildCommonClasses (67ms)
	RebuildNativeTypeToScriptingClass (24ms)
	initialDomainReloadingComplete (48ms)
	LoadAllAssembliesAndSetupDomain (499ms)
		LoadAssemblies (588ms)
		RebuildTransferFunctionScriptingTraits (0ms)
		AnalyzeDomain (58ms)
			TypeCache.Refresh (19ms)
				TypeCache.ScanAssembly (5ms)
			ScanForSourceGeneratedMonoScriptInfo (26ms)
			ResolveRequiredComponents (11ms)
	FinalizeReload (2222ms)
		ReleaseScriptCaches (0ms)
		RebuildScriptCaches (0ms)
		SetupLoadedEditorAssemblies (1174ms)
			LogAssemblyErrors (0ms)
			InitializePlatformSupportModulesInManaged (61ms)
			SetLoadedEditorAssemblies (10ms)
			RefreshPlugins (0ms)
			BeforeProcessingInitializeOnLoad (123ms)
			ProcessInitializeOnLoadAttributes (654ms)
			ProcessInitializeOnLoadMethodAttributes (315ms)
			AfterProcessingInitializeOnLoad (12ms)
			EditorAssembliesLoaded (0ms)
		ExecutionOrderSort2 (0ms)
		AwakeInstancesAfterBackupRestoration (16ms)
Refreshing native plugins compatible for Editor in 20.96 ms, found 2 plugins.
Preloading 0 native plugins for Editor in 0.00 ms.
Unloading 3832 Unused Serialized files (Serialized files now loaded: 0)
Unloading 16 unused Assets / (27.5 KB). Loaded Objects now: 4667.
Memory consumption went from 140.2 MB to 140.2 MB.
Total: 17.617900 ms (FindLiveObjects: 0.403000 ms CreateObjectMapping: 0.341300 ms MarkObjects: 16.814000 ms  DeleteObjects: 0.057900 ms)

Prepare: number of updated asset objects reloaded= 0
AssetImportParameters requested are different than current active one (requested -> active):
  custom:scripting/monoscript/fileName/AdsManager.cs: 02def8582910908d167bbb9227855ef4 -> 
  custom:container-demuxer-ogg: 62fdf1f143b41e24485cea50d1cbac27 -> 
  custom:scripting/monoscript/fileName/LevelChangerDOTween.cs: 2ea35b7817de89e3c9bc7fb9c16c14c8 -> 
  custom:scripting/monoscript/fileName/AnalyticsManager.cs: a0ba2baafde2834ba142b7fe92ba996d -> 
  custom:video-decoder-ogg-theora: a1e56fd34408186e4bbccfd4996cb3dc -> 
  custom:scripting/monoscript/fileName/UpgradeShop.cs: 5fad3e7228b2cce1fa928888244f648c -> 
  custom:framework-win-MediaFoundation: 216162199b28c13a410421893ffa2e32 -> 
  custom:scripting/monoscript/fileName/RewardedAds.cs: d66570aae527af9da7222484b8264842 -> 
  custom:scripting/monoscript/fileName/NewBehaviourScript.cs: b21687ddb03d73bd9f0c1daecb9714de -> 
  custom:scripting/monoscript/fileName/ObjectPoolManager.cs: da9c366c131223b3e8881c65a4f04910 -> 
  custom:CustomObjectIndexerAttribute: 9a22284fe3817be447336de3de66b15e -> 
  custom:container-demuxer-webm: 4f35f7cbe854078d1ac9338744f61a02 -> 
  custom:container-muxer-webm: aa71ff27fc2769a1b78a27578f13a17b -> 
  custom:video-decoder-webm-vp8: 9c59270c3fd7afecdb556c50c9e8de78 -> 
  custom:scripting/monoscript/fileName/UpgradeAsset.cs: 5d0ce12d7184a3da40041fc92eb082d8 -> 
  custom:SearchIndexIgnoredProperties: e643bd26f0fe6173181afceb89e7c659 -> 
  custom:scripting/monoscript/fileName/InterstitialAds.cs: 6d333cb1dc24d5ddf3ec91bccefc0773 -> 
  custom:AudioImporter_EditorPlatform: d09bf68614088b80899f8185d706f6e7 -> 
  custom:scripting/monoscript/fileName/Upgrades.cs: efffe4420000c7dff7f2eae57efaf755 -> 
  custom:scripting/monoscript/fileName/MainMenuSceneChange.cs: d4425b768b31a0e779c58ed647aad071 -> 
  custom:scripting/monoscript/fileName/SavesYG.cs: c497cdc187148548f5d9a620311f9dc3 -> 
  custom:video-encoder-webm-vp8: eb34c28f22e8b96e1ab97ce403110664 -> 
  custom:audio-decoder-ogg-vorbis: bf7c407c2cedff20999df2af8eb42d56 -> 
  custom:scripting/monoscript/fileName/IAPHandler.cs: 9c0d60c35c8d51d2451fa8bafe956467 -> 
  custom:scripting/monoscript/fileName/ButtonsRewarded.cs: 07495e688444a91c62dfcd44c138345c -> 
  custom:audio-encoder-webm-vorbis: bf7c407c2cedff20999df2af8eb42d56 -> 
  custom:scripting/monoscript/fileName/PurchaseManager.cs: 7ccb736f003775a5e240eec74b533b6b -> 
  custom:scripting/monoscript/fileName/BuyUpgrade.cs: 7f5deeb882f8c1e3141ce9ef24e50525 -> 
  custom:scripting/precompiled-assembly-types:Assembly-CSharp: 73afcbbbe46cfc5245f89493ef964ceb -> b6d5beae70893ec4483681e4771dab9e
========================================================================
Received Prepare
Caller must complete domain reload
Begin MonoManager ReloadAssembly
Symbol file LoadedFromMemory is not a mono symbol file
- Loaded All Assemblies, in  1.286 seconds
Native extension for WindowsStandalone target not found
Native extension for iOS target not found
Native extension for Android target not found
Native extension for WebGL target not found
Asset Pipeline Refresh (id=9eb06bf873827db4ea298fb49ad77daa): Total: 0.000 seconds - Initiated by StopAssetImportingV2(NoUpdateAssetOptions)
[ScriptCompilation] NOT recompiling all scripts because this is an import worker process. Reason to compile was: Define symbols changed
[ScriptCompilation] NOT recompiling all scripts because this is an import worker process. Reason to compile was: Define symbols changed
Mono: successfully reloaded assembly
- Finished resetting the current domain, in  2.910 seconds
Domain Reload Profiling: 4194ms
	BeginReloadAssembly (691ms)
		ExecutionOrderSort (0ms)
		DisableScriptedObjects (10ms)
		BackupInstance (0ms)
		ReleaseScriptingObjects (0ms)
		CreateAndSetChildDomain (54ms)
	RebuildCommonClasses (79ms)
	RebuildNativeTypeToScriptingClass (23ms)
	initialDomainReloadingComplete (58ms)
	LoadAllAssembliesAndSetupDomain (431ms)
		LoadAssemblies (558ms)
		RebuildTransferFunctionScriptingTraits (0ms)
		AnalyzeDomain (23ms)
			TypeCache.Refresh (10ms)
				TypeCache.ScanAssembly (0ms)
			ScanForSourceGeneratedMonoScriptInfo (0ms)
			ResolveRequiredComponents (11ms)
	FinalizeReload (2911ms)
		ReleaseScriptCaches (0ms)
		RebuildScriptCaches (0ms)
		SetupLoadedEditorAssemblies (1929ms)
			LogAssemblyErrors (0ms)
			InitializePlatformSupportModulesInManaged (78ms)
			SetLoadedEditorAssemblies (11ms)
			RefreshPlugins (0ms)
			BeforeProcessingInitializeOnLoad (151ms)
			ProcessInitializeOnLoadAttributes (704ms)
			ProcessInitializeOnLoadMethodAttributes (944ms)
			AfterProcessingInitializeOnLoad (39ms)
			EditorAssembliesLoaded (1ms)
		ExecutionOrderSort2 (2ms)
		AwakeInstancesAfterBackupRestoration (32ms)
Refreshing native plugins compatible for Editor in 34.93 ms, found 2 plugins.
Preloading 0 native plugins for Editor in 0.00 ms.
Unloading 3832 Unused Serialized files (Serialized files now loaded: 0)
Unloading 16 unused Assets / (27.6 KB). Loaded Objects now: 4670.
Memory consumption went from 140.2 MB to 140.2 MB.
Total: 17.942200 ms (FindLiveObjects: 0.486400 ms CreateObjectMapping: 0.518400 ms MarkObjects: 16.860600 ms  DeleteObjects: 0.075100 ms)

Prepare: number of updated asset objects reloaded= 0
AssetImportParameters requested are different than current active one (requested -> active):
  custom:scripting/monoscript/fileName/AdsManager.cs: 02def8582910908d167bbb9227855ef4 -> 
  custom:container-demuxer-ogg: 62fdf1f143b41e24485cea50d1cbac27 -> 
  custom:scripting/monoscript/fileName/LevelChangerDOTween.cs: 2ea35b7817de89e3c9bc7fb9c16c14c8 -> 
  custom:scripting/monoscript/fileName/AnalyticsManager.cs: a0ba2baafde2834ba142b7fe92ba996d -> 
  custom:video-decoder-ogg-theora: a1e56fd34408186e4bbccfd4996cb3dc -> 
  custom:scripting/monoscript/fileName/UpgradeShop.cs: 5fad3e7228b2cce1fa928888244f648c -> 
  custom:framework-win-MediaFoundation: 216162199b28c13a410421893ffa2e32 -> 
  custom:scripting/monoscript/fileName/RewardedAds.cs: d66570aae527af9da7222484b8264842 -> 
  custom:scripting/monoscript/fileName/NewBehaviourScript.cs: b21687ddb03d73bd9f0c1daecb9714de -> 
  custom:scripting/monoscript/fileName/ObjectPoolManager.cs: da9c366c131223b3e8881c65a4f04910 -> 
  custom:CustomObjectIndexerAttribute: 9a22284fe3817be447336de3de66b15e -> 
  custom:container-demuxer-webm: 4f35f7cbe854078d1ac9338744f61a02 -> 
  custom:container-muxer-webm: aa71ff27fc2769a1b78a27578f13a17b -> 
  custom:video-decoder-webm-vp8: 9c59270c3fd7afecdb556c50c9e8de78 -> 
  custom:scripting/monoscript/fileName/UpgradeAsset.cs: 5d0ce12d7184a3da40041fc92eb082d8 -> 
  custom:SearchIndexIgnoredProperties: e643bd26f0fe6173181afceb89e7c659 -> 
  custom:scripting/monoscript/fileName/InterstitialAds.cs: 6d333cb1dc24d5ddf3ec91bccefc0773 -> 
  custom:AudioImporter_EditorPlatform: d09bf68614088b80899f8185d706f6e7 -> 
  custom:scripting/monoscript/fileName/Upgrades.cs: efffe4420000c7dff7f2eae57efaf755 -> 
  custom:scripting/monoscript/fileName/MainMenuSceneChange.cs: d4425b768b31a0e779c58ed647aad071 -> 
  custom:scripting/monoscript/fileName/SavesYG.cs: c497cdc187148548f5d9a620311f9dc3 -> 
  custom:video-encoder-webm-vp8: eb34c28f22e8b96e1ab97ce403110664 -> 
  custom:audio-decoder-ogg-vorbis: bf7c407c2cedff20999df2af8eb42d56 -> 
  custom:scripting/monoscript/fileName/IAPHandler.cs: 9c0d60c35c8d51d2451fa8bafe956467 -> 
  custom:scripting/monoscript/fileName/ButtonsRewarded.cs: 07495e688444a91c62dfcd44c138345c -> 
  custom:audio-encoder-webm-vorbis: bf7c407c2cedff20999df2af8eb42d56 -> 
  custom:scripting/monoscript/fileName/PurchaseManager.cs: 7ccb736f003775a5e240eec74b533b6b -> 
  custom:scripting/monoscript/fileName/BuyUpgrade.cs: 7f5deeb882f8c1e3141ce9ef24e50525 -> 
  custom:scripting/precompiled-assembly-types:Assembly-CSharp: 73afcbbbe46cfc5245f89493ef964ceb -> b6d5beae70893ec4483681e4771dab9e
========================================================================
Received Prepare
Caller must complete domain reload
Begin MonoManager ReloadAssembly
Symbol file LoadedFromMemory is not a mono symbol file
- Loaded All Assemblies, in  1.579 seconds
Native extension for WindowsStandalone target not found
Native extension for iOS target not found
Native extension for Android target not found
Native extension for WebGL target not found
Asset Pipeline Refresh (id=ff3f01e64ee5d39488a63fe96a1ccadc): Total: 0.000 seconds - Initiated by StopAssetImportingV2(NoUpdateAssetOptions)
[ScriptCompilation] NOT recompiling all scripts because this is an import worker process. Reason to compile was: Define symbols changed
[ScriptCompilation] NOT recompiling all scripts because this is an import worker process. Reason to compile was: Define symbols changed
Mono: successfully reloaded assembly
- Finished resetting the current domain, in  2.111 seconds
Domain Reload Profiling: 3687ms
	BeginReloadAssembly (784ms)
		ExecutionOrderSort (0ms)
		DisableScriptedObjects (15ms)
		BackupInstance (0ms)
		ReleaseScriptingObjects (0ms)
		CreateAndSetChildDomain (56ms)
	RebuildCommonClasses (73ms)
	RebuildNativeTypeToScriptingClass (20ms)
	initialDomainReloadingComplete (59ms)
	LoadAllAssembliesAndSetupDomain (639ms)
		LoadAssemblies (712ms)
		RebuildTransferFunctionScriptingTraits (0ms)
		AnalyzeDomain (89ms)
			TypeCache.Refresh (25ms)
				TypeCache.ScanAssembly (5ms)
			ScanForSourceGeneratedMonoScriptInfo (42ms)
			ResolveRequiredComponents (20ms)
	FinalizeReload (2111ms)
		ReleaseScriptCaches (0ms)
		RebuildScriptCaches (0ms)
		SetupLoadedEditorAssemblies (1122ms)
			LogAssemblyErrors (0ms)
			InitializePlatformSupportModulesInManaged (56ms)
			SetLoadedEditorAssemblies (9ms)
			RefreshPlugins (0ms)
			BeforeProcessingInitializeOnLoad (139ms)
			ProcessInitializeOnLoadAttributes (616ms)
			ProcessInitializeOnLoadMethodAttributes (289ms)
			AfterProcessingInitializeOnLoad (12ms)
			EditorAssembliesLoaded (1ms)
		ExecutionOrderSort2 (0ms)
		AwakeInstancesAfterBackupRestoration (14ms)
Refreshing native plugins compatible for Editor in 21.49 ms, found 2 plugins.
Preloading 0 native plugins for Editor in 0.00 ms.
Unloading 3832 Unused Serialized files (Serialized files now loaded: 0)
Unloading 16 unused Assets / (27.6 KB). Loaded Objects now: 4673.
Memory consumption went from 140.2 MB to 140.2 MB.
Total: 10.444300 ms (FindLiveObjects: 0.441000 ms CreateObjectMapping: 0.357600 ms MarkObjects: 9.586200 ms  DeleteObjects: 0.058100 ms)

Prepare: number of updated asset objects reloaded= 0
AssetImportParameters requested are different than current active one (requested -> active):
  custom:scripting/monoscript/fileName/AdsManager.cs: 02def8582910908d167bbb9227855ef4 -> 
  custom:container-demuxer-ogg: 62fdf1f143b41e24485cea50d1cbac27 -> 
  custom:scripting/monoscript/fileName/LevelChangerDOTween.cs: 2ea35b7817de89e3c9bc7fb9c16c14c8 -> 
  custom:scripting/monoscript/fileName/AnalyticsManager.cs: a0ba2baafde2834ba142b7fe92ba996d -> 
  custom:video-decoder-ogg-theora: a1e56fd34408186e4bbccfd4996cb3dc -> 
  custom:scripting/monoscript/fileName/UpgradeShop.cs: 5fad3e7228b2cce1fa928888244f648c -> 
  custom:framework-win-MediaFoundation: 216162199b28c13a410421893ffa2e32 -> 
  custom:scripting/monoscript/fileName/RewardedAds.cs: d66570aae527af9da7222484b8264842 -> 
  custom:scripting/monoscript/fileName/NewBehaviourScript.cs: b21687ddb03d73bd9f0c1daecb9714de -> 
  custom:scripting/monoscript/fileName/ObjectPoolManager.cs: da9c366c131223b3e8881c65a4f04910 -> 
  custom:CustomObjectIndexerAttribute: 9a22284fe3817be447336de3de66b15e -> 
  custom:container-demuxer-webm: 4f35f7cbe854078d1ac9338744f61a02 -> 
  custom:container-muxer-webm: aa71ff27fc2769a1b78a27578f13a17b -> 
  custom:video-decoder-webm-vp8: 9c59270c3fd7afecdb556c50c9e8de78 -> 
  custom:scripting/monoscript/fileName/UpgradeAsset.cs: 5d0ce12d7184a3da40041fc92eb082d8 -> 
  custom:SearchIndexIgnoredProperties: e643bd26f0fe6173181afceb89e7c659 -> 
  custom:scripting/monoscript/fileName/InterstitialAds.cs: 6d333cb1dc24d5ddf3ec91bccefc0773 -> 
  custom:AudioImporter_EditorPlatform: d09bf68614088b80899f8185d706f6e7 -> 
  custom:scripting/monoscript/fileName/Upgrades.cs: efffe4420000c7dff7f2eae57efaf755 -> 
  custom:scripting/monoscript/fileName/MainMenuSceneChange.cs: d4425b768b31a0e779c58ed647aad071 -> 
  custom:scripting/monoscript/fileName/SavesYG.cs: c497cdc187148548f5d9a620311f9dc3 -> 
  custom:video-encoder-webm-vp8: eb34c28f22e8b96e1ab97ce403110664 -> 
  custom:audio-decoder-ogg-vorbis: bf7c407c2cedff20999df2af8eb42d56 -> 
  custom:scripting/monoscript/fileName/IAPHandler.cs: 9c0d60c35c8d51d2451fa8bafe956467 -> 
  custom:scripting/monoscript/fileName/ButtonsRewarded.cs: 07495e688444a91c62dfcd44c138345c -> 
  custom:audio-encoder-webm-vorbis: bf7c407c2cedff20999df2af8eb42d56 -> 
  custom:scripting/monoscript/fileName/PurchaseManager.cs: 7ccb736f003775a5e240eec74b533b6b -> 
  custom:scripting/monoscript/fileName/BuyUpgrade.cs: 7f5deeb882f8c1e3141ce9ef24e50525 -> 
  custom:scripting/precompiled-assembly-types:Assembly-CSharp: 73afcbbbe46cfc5245f89493ef964ceb -> b6d5beae70893ec4483681e4771dab9e
========================================================================
Received Import Request.
  Time since last request: 638.880485 seconds.
  path: Assets/Prefabs/AllObjectOnScene.prefab
  artifactKey: Guid(560689ccf442fa54585ab74700206800) Importer(815301076,1909f56bfc062723c751e8b465ee728b)
Start importing Assets/Prefabs/AllObjectOnScene.prefab using Guid(560689ccf442fa54585ab74700206800) Importer(815301076,1909f56bfc062723c751e8b465ee728b) [PhysX] Initialized MultithreadedTaskDispatcher with 8 workers.
[PhysX] Initialized MultithreadedTaskDispatcher with 8 workers.
 -> (artifact id: '44419f2095ce8fc33d64953ff3ff4d69') in 0.148833 seconds
Number of updated asset objects reloaded before import = 0
Number of asset objects unloaded after import = 158
========================================================================
Received Import Request.
  Time since last request: 0.000036 seconds.
  path: Assets/Prefabs/EnemyYellowSnow.prefab
  artifactKey: Guid(54c136792a39e0c438ed3522dcfd6a18) Importer(815301076,1909f56bfc062723c751e8b465ee728b)
Start importing Assets/Prefabs/EnemyYellowSnow.prefab using Guid(54c136792a39e0c438ed3522dcfd6a18) Importer(815301076,1909f56bfc062723c751e8b465ee728b) [PhysX] Initialized MultithreadedTaskDispatcher with 8 workers.
 -> (artifact id: '5b0039eed743dc765105346d57fafbee') in 0.005844 seconds
Number of updated asset objects reloaded before import = 0
Number of asset objects unloaded after import = 19
========================================================================
Received Import Request.
  Time since last request: 0.000030 seconds.
  path: Assets/Prefabs/EnemyDiagonalSnow.prefab
  artifactKey: Guid(ca4355ce8d52b474e96bf81e9a5d6946) Importer(815301076,1909f56bfc062723c751e8b465ee728b)
Start importing Assets/Prefabs/EnemyDiagonalSnow.prefab using Guid(ca4355ce8d52b474e96bf81e9a5d6946) Importer(815301076,1909f56bfc062723c751e8b465ee728b) [PhysX] Initialized MultithreadedTaskDispatcher with 8 workers.
 -> (artifact id: '01217f394525e610681971aee8028f73') in 0.003229 seconds
Number of updated asset objects reloaded before import = 0
Number of asset objects unloaded after import = 19
========================================================================
Received Import Request.
  Time since last request: 0.000028 seconds.
  path: Assets/Prefabs/BeeDiagonal .prefab
  artifactKey: Guid(df8c4d119c9ee9b4982169bd8fc5f427) Importer(815301076,1909f56bfc062723c751e8b465ee728b)
Start importing Assets/Prefabs/BeeDiagonal .prefab using Guid(df8c4d119c9ee9b4982169bd8fc5f427) Importer(815301076,1909f56bfc062723c751e8b465ee728b) [PhysX] Initialized MultithreadedTaskDispatcher with 8 workers.
[PhysX] Initialized MultithreadedTaskDispatcher with 8 workers.
 -> (artifact id: 'd5ab9db5958a5b566f3a60eb6295b6c2') in 0.034536 seconds
Number of updated asset objects reloaded before import = 0
Number of asset objects unloaded after import = 42
========================================================================
Received Import Request.
  Time since last request: 0.000029 seconds.
  path: Assets/Prefabs/EnemyDiagonalvar2.prefab
  artifactKey: Guid(c201d6c73462f134ba16a83c95a148c5) Importer(815301076,1909f56bfc062723c751e8b465ee728b)
Start importing Assets/Prefabs/EnemyDiagonalvar2.prefab using Guid(c201d6c73462f134ba16a83c95a148c5) Importer(815301076,1909f56bfc062723c751e8b465ee728b) [PhysX] Initialized MultithreadedTaskDispatcher with 8 workers.
[PhysX] Initialized MultithreadedTaskDispatcher with 8 workers.
 -> (artifact id: '24ba1427a143c93f90d3695d34515eab') in 0.022944 seconds
Number of updated asset objects reloaded before import = 0
Number of asset objects unloaded after import = 24
========================================================================
Received Import Request.
  Time since last request: 0.000020 seconds.
  path: Assets/Prefabs/BallonYellowWhite.prefab
  artifactKey: Guid(d55308a372538a44c89fcc4ae1f2eab8) Importer(815301076,1909f56bfc062723c751e8b465ee728b)
Start importing Assets/Prefabs/BallonYellowWhite.prefab using Guid(d55308a372538a44c89fcc4ae1f2eab8) Importer(815301076,1909f56bfc062723c751e8b465ee728b) [PhysX] Initialized MultithreadedTaskDispatcher with 8 workers.
 -> (artifact id: '71a7131370bb4ed7b6ba96a90910375a') in 0.004377 seconds
Number of updated asset objects reloaded before import = 0
Number of asset objects unloaded after import = 16
========================================================================
Received Import Request.
  Time since last request: 0.000025 seconds.
  path: Assets/Prefabs/SpiderEnemy.prefab
  artifactKey: Guid(c87318d007051494bb5193f79f53179d) Importer(815301076,1909f56bfc062723c751e8b465ee728b)
Start importing Assets/Prefabs/SpiderEnemy.prefab using Guid(c87318d007051494bb5193f79f53179d) Importer(815301076,1909f56bfc062723c751e8b465ee728b) [PhysX] Initialized MultithreadedTaskDispatcher with 8 workers.
[PhysX] Initialized MultithreadedTaskDispatcher with 8 workers.
 -> (artifact id: '7e446a213f005e841c995c86a4c0c293') in 0.031024 seconds
Number of updated asset objects reloaded before import = 0
Number of asset objects unloaded after import = 46
========================================================================
Received Import Request.
  Time since last request: 0.000054 seconds.
  path: Assets/Prefabs/BallonEnemySnow.prefab
  artifactKey: Guid(e9452b79a1ad10244ab05e0fd6ef3e4f) Importer(815301076,1909f56bfc062723c751e8b465ee728b)
Start importing Assets/Prefabs/BallonEnemySnow.prefab using Guid(e9452b79a1ad10244ab05e0fd6ef3e4f) Importer(815301076,1909f56bfc062723c751e8b465ee728b) [PhysX] Initialized MultithreadedTaskDispatcher with 8 workers.
 -> (artifact id: 'fec2204ce780356add6b463b53a5962b') in 0.004394 seconds
Number of updated asset objects reloaded before import = 0
Number of asset objects unloaded after import = 20
========================================================================
Received Prepare
Caller must complete domain reload
Begin MonoManager ReloadAssembly
Symbol file LoadedFromMemory is not a mono symbol file
- Loaded All Assemblies, in  1.020 seconds
Native extension for WindowsStandalone target not found
Native extension for iOS target not found
Native extension for Android target not found
Native extension for WebGL target not found
Asset Pipeline Refresh (id=a27dfd73890b5af44a168bb121ae06fe): Total: 0.000 seconds - Initiated by StopAssetImportingV2(NoUpdateAssetOptions)
[ScriptCompilation] NOT recompiling all scripts because this is an import worker process. Reason to compile was: Define symbols changed
[ScriptCompilation] NOT recompiling all scripts because this is an import worker process. Reason to compile was: Define symbols changed
Mono: successfully reloaded assembly
- Finished resetting the current domain, in  1.893 seconds
Domain Reload Profiling: 2911ms
	BeginReloadAssembly (486ms)
		ExecutionOrderSort (0ms)
		DisableScriptedObjects (10ms)
		BackupInstance (0ms)
		ReleaseScriptingObjects (0ms)
		CreateAndSetChildDomain (43ms)
	RebuildCommonClasses (55ms)
	RebuildNativeTypeToScriptingClass (20ms)
	initialDomainReloadingComplete (46ms)
	LoadAllAssembliesAndSetupDomain (411ms)
		LoadAssemblies (461ms)
		RebuildTransferFunctionScriptingTraits (0ms)
		AnalyzeDomain (53ms)
			TypeCache.Refresh (17ms)
				TypeCache.ScanAssembly (5ms)
			ScanForSourceGeneratedMonoScriptInfo (22ms)
			ResolveRequiredComponents (14ms)
	FinalizeReload (1893ms)
		ReleaseScriptCaches (0ms)
		RebuildScriptCaches (0ms)
		SetupLoadedEditorAssemblies (1069ms)
			LogAssemblyErrors (0ms)
			InitializePlatformSupportModulesInManaged (36ms)
			SetLoadedEditorAssemblies (5ms)
			RefreshPlugins (0ms)
			BeforeProcessingInitializeOnLoad (91ms)
			ProcessInitializeOnLoadAttributes (644ms)
			ProcessInitializeOnLoadMethodAttributes (284ms)
			AfterProcessingInitializeOnLoad (9ms)
			EditorAssembliesLoaded (0ms)
		ExecutionOrderSort2 (0ms)
		AwakeInstancesAfterBackupRestoration (14ms)
Refreshing native plugins compatible for Editor in 17.76 ms, found 2 plugins.
Preloading 0 native plugins for Editor in 0.00 ms.
Unloading 3831 Unused Serialized files (Serialized files now loaded: 0)
Unloading 17 unused Assets / (28.6 KB). Loaded Objects now: 4676.
Memory consumption went from 140.0 MB to 139.9 MB.
Total: 16.029300 ms (FindLiveObjects: 0.477200 ms CreateObjectMapping: 0.423800 ms MarkObjects: 15.053200 ms  DeleteObjects: 0.073800 ms)

Prepare: number of updated asset objects reloaded= 0
AssetImportParameters requested are different than current active one (requested -> active):
  custom:scripting/monoscript/fileName/AdsManager.cs: 02def8582910908d167bbb9227855ef4 -> 
  custom:container-demuxer-ogg: 62fdf1f143b41e24485cea50d1cbac27 -> 
  custom:scripting/monoscript/fileName/LevelChangerDOTween.cs: 2ea35b7817de89e3c9bc7fb9c16c14c8 -> 
  custom:scripting/monoscript/fileName/AnalyticsManager.cs: a0ba2baafde2834ba142b7fe92ba996d -> 
  custom:video-decoder-ogg-theora: a1e56fd34408186e4bbccfd4996cb3dc -> 
  custom:scripting/monoscript/fileName/UpgradeShop.cs: 5fad3e7228b2cce1fa928888244f648c -> 
  custom:framework-win-MediaFoundation: 216162199b28c13a410421893ffa2e32 -> 
  custom:scripting/monoscript/fileName/RewardedAds.cs: d66570aae527af9da7222484b8264842 -> 
  custom:scripting/monoscript/fileName/NewBehaviourScript.cs: b21687ddb03d73bd9f0c1daecb9714de -> 
  custom:scripting/monoscript/fileName/ObjectPoolManager.cs: da9c366c131223b3e8881c65a4f04910 -> 
  custom:CustomObjectIndexerAttribute: 9a22284fe3817be447336de3de66b15e -> 
  custom:container-demuxer-webm: 4f35f7cbe854078d1ac9338744f61a02 -> 
  custom:container-muxer-webm: aa71ff27fc2769a1b78a27578f13a17b -> 
  custom:video-decoder-webm-vp8: 9c59270c3fd7afecdb556c50c9e8de78 -> 
  custom:scripting/monoscript/fileName/UpgradeAsset.cs: 5d0ce12d7184a3da40041fc92eb082d8 -> 
  custom:SearchIndexIgnoredProperties: e643bd26f0fe6173181afceb89e7c659 -> 
  custom:scripting/monoscript/fileName/InterstitialAds.cs: 6d333cb1dc24d5ddf3ec91bccefc0773 -> 
  custom:AudioImporter_EditorPlatform: d09bf68614088b80899f8185d706f6e7 -> 
  custom:scripting/monoscript/fileName/Upgrades.cs: efffe4420000c7dff7f2eae57efaf755 -> 
  custom:scripting/monoscript/fileName/MainMenuSceneChange.cs: d4425b768b31a0e779c58ed647aad071 -> 
  custom:scripting/monoscript/fileName/SavesYG.cs: c497cdc187148548f5d9a620311f9dc3 -> 
  custom:video-encoder-webm-vp8: eb34c28f22e8b96e1ab97ce403110664 -> 
  custom:audio-decoder-ogg-vorbis: bf7c407c2cedff20999df2af8eb42d56 -> 
  custom:scripting/monoscript/fileName/IAPHandler.cs: 9c0d60c35c8d51d2451fa8bafe956467 -> 
  custom:scripting/monoscript/fileName/ButtonsRewarded.cs: 07495e688444a91c62dfcd44c138345c -> 
  custom:audio-encoder-webm-vorbis: bf7c407c2cedff20999df2af8eb42d56 -> 
  custom:scripting/monoscript/fileName/PurchaseManager.cs: 7ccb736f003775a5e240eec74b533b6b -> 
  custom:scripting/monoscript/fileName/BuyUpgrade.cs: 7f5deeb882f8c1e3141ce9ef24e50525 -> 
  custom:scripting/precompiled-assembly-types:Assembly-CSharp: 84a93016e708813cd7ac1fa4a5636436 -> b6d5beae70893ec4483681e4771dab9e
========================================================================
Received Import Request.
  Time since last request: 69.614713 seconds.
  path: Assets/Prefabs/EnemyYellowLeft.prefab
  artifactKey: Guid(82cf0425105953342bdd328a9500de38) Importer(815301076,1909f56bfc062723c751e8b465ee728b)
Start importing Assets/Prefabs/EnemyYellowLeft.prefab using Guid(82cf0425105953342bdd328a9500de38) Importer(815301076,1909f56bfc062723c751e8b465ee728b) [PhysX] Initialized MultithreadedTaskDispatcher with 8 workers.
[PhysX] Initialized MultithreadedTaskDispatcher with 8 workers.
 -> (artifact id: '36119d02e3f8e0c93718a5c9a0ccba30') in 0.102946 seconds
Number of updated asset objects reloaded before import = 0
Number of asset objects unloaded after import = 25
========================================================================
Received Import Request.
  Time since last request: 0.000425 seconds.
  path: Assets/Prefabs/AllObjectOnScene.prefab
  artifactKey: Guid(560689ccf442fa54585ab74700206800) Importer(815301076,1909f56bfc062723c751e8b465ee728b)
Start importing Assets/Prefabs/AllObjectOnScene.prefab using Guid(560689ccf442fa54585ab74700206800) Importer(815301076,1909f56bfc062723c751e8b465ee728b) [PhysX] Initialized MultithreadedTaskDispatcher with 8 workers.
[PhysX] Initialized MultithreadedTaskDispatcher with 8 workers.
 -> (artifact id: 'ae5ec156f6c6d71ec463aeb433db26b8') in 0.041670 seconds
Number of updated asset objects reloaded before import = 0
Number of asset objects unloaded after import = 158
========================================================================
Received Import Request.
  Time since last request: 0.000028 seconds.
  path: Assets/Prefabs/stoneswamp.prefab
  artifactKey: Guid(c2b3e13a295e60041947b9dc3a0cfc33) Importer(815301076,1909f56bfc062723c751e8b465ee728b)
Start importing Assets/Prefabs/stoneswamp.prefab using Guid(c2b3e13a295e60041947b9dc3a0cfc33) Importer(815301076,1909f56bfc062723c751e8b465ee728b) [PhysX] Initialized MultithreadedTaskDispatcher with 8 workers.
[PhysX] Initialized MultithreadedTaskDispatcher with 8 workers.
 -> (artifact id: 'fe1eaaac544fec0d24e3801faf2d878f') in 0.025630 seconds
Number of updated asset objects reloaded before import = 0
Number of asset objects unloaded after import = 22
========================================================================
Received Import Request.
  Time since last request: 0.048345 seconds.
  path: Assets/Prefabs/EnemyExplosionLeftMove.prefab
  artifactKey: Guid(6c25114c655c60a43a8705ebdb9c9d42) Importer(815301076,1909f56bfc062723c751e8b465ee728b)
Start importing Assets/Prefabs/EnemyExplosionLeftMove.prefab using Guid(6c25114c655c60a43a8705ebdb9c9d42) Importer(815301076,1909f56bfc062723c751e8b465ee728b) [PhysX] Initialized MultithreadedTaskDispatcher with 8 workers.
[PhysX] Initialized MultithreadedTaskDispatcher with 8 workers.
 -> (artifact id: '60d34653a8ac244752b8dca5d3ef13e1') in 0.042734 seconds
Number of updated asset objects reloaded before import = 0
Number of asset objects unloaded after import = 23
========================================================================
Received Import Request.
  Time since last request: 0.000025 seconds.
  path: Assets/Prefabs/EnemyDiagonalvar2.prefab
  artifactKey: Guid(c201d6c73462f134ba16a83c95a148c5) Importer(815301076,1909f56bfc062723c751e8b465ee728b)
Start importing Assets/Prefabs/EnemyDiagonalvar2.prefab using Guid(c201d6c73462f134ba16a83c95a148c5) Importer(815301076,1909f56bfc062723c751e8b465ee728b) [PhysX] Initialized MultithreadedTaskDispatcher with 8 workers.
[PhysX] Initialized MultithreadedTaskDispatcher with 8 workers.
 -> (artifact id: '8302470ed7795f23d9b099635fd4b07c') in 0.023660 seconds
Number of updated asset objects reloaded before import = 0
Number of asset objects unloaded after import = 24
========================================================================
Received Import Request.
  Time since last request: 0.000024 seconds.
  path: Assets/Prefabs/SpiderEnemy.prefab
  artifactKey: Guid(c87318d007051494bb5193f79f53179d) Importer(815301076,1909f56bfc062723c751e8b465ee728b)
Start importing Assets/Prefabs/SpiderEnemy.prefab using Guid(c87318d007051494bb5193f79f53179d) Importer(815301076,1909f56bfc062723c751e8b465ee728b) [PhysX] Initialized MultithreadedTaskDispatcher with 8 workers.
[PhysX] Initialized MultithreadedTaskDispatcher with 8 workers.
 -> (artifact id: '6104ac14e9694ae12f7815b21291cc89') in 0.018446 seconds
Number of updated asset objects reloaded before import = 0
Number of asset objects unloaded after import = 46
========================================================================
Received Import Request.
  Time since last request: 0.000054 seconds.
  path: Assets/Prefabs/stone.prefab
  artifactKey: Guid(ef530a73e33e92540a507829290872c6) Importer(815301076,1909f56bfc062723c751e8b465ee728b)
Start importing Assets/Prefabs/stone.prefab using Guid(ef530a73e33e92540a507829290872c6) Importer(815301076,1909f56bfc062723c751e8b465ee728b) [PhysX] Initialized MultithreadedTaskDispatcher with 8 workers.
[PhysX] Initialized MultithreadedTaskDispatcher with 8 workers.
 -> (artifact id: 'a6be6c7e7593e6fd7fd31edcdc4183c3') in 0.027047 seconds
Number of updated asset objects reloaded before import = 0
Number of asset objects unloaded after import = 22
========================================================================
Received Prepare
Caller must complete domain reload
Begin MonoManager ReloadAssembly
Symbol file LoadedFromMemory is not a mono symbol file
- Loaded All Assemblies, in  0.805 seconds
Native extension for WindowsStandalone target not found
Native extension for iOS target not found
Native extension for Android target not found
Native extension for WebGL target not found
Asset Pipeline Refresh (id=0785f96b89ab0804aae2e35977324d26): Total: 0.000 seconds - Initiated by StopAssetImportingV2(NoUpdateAssetOptions)
[ScriptCompilation] NOT recompiling all scripts because this is an import worker process. Reason to compile was: Define symbols changed
[ScriptCompilation] NOT recompiling all scripts because this is an import worker process. Reason to compile was: Define symbols changed
Mono: successfully reloaded assembly
- Finished resetting the current domain, in  1.345 seconds
Domain Reload Profiling: 2147ms
	BeginReloadAssembly (440ms)
		ExecutionOrderSort (0ms)
		DisableScriptedObjects (7ms)
		BackupInstance (0ms)
		ReleaseScriptingObjects (0ms)
		CreateAndSetChildDomain (37ms)
	RebuildCommonClasses (41ms)
	RebuildNativeTypeToScriptingClass (12ms)
	initialDomainReloadingComplete (31ms)
	LoadAllAssembliesAndSetupDomain (277ms)
		LoadAssemblies (355ms)
		RebuildTransferFunctionScriptingTraits (0ms)
		AnalyzeDomain (15ms)
			TypeCache.Refresh (8ms)
				TypeCache.ScanAssembly (0ms)
			ScanForSourceGeneratedMonoScriptInfo (0ms)
			ResolveRequiredComponents (6ms)
	FinalizeReload (1345ms)
		ReleaseScriptCaches (0ms)
		RebuildScriptCaches (0ms)
		SetupLoadedEditorAssemblies (814ms)
			LogAssemblyErrors (0ms)
			InitializePlatformSupportModulesInManaged (46ms)
			SetLoadedEditorAssemblies (7ms)
			RefreshPlugins (0ms)
			BeforeProcessingInitializeOnLoad (92ms)
			ProcessInitializeOnLoadAttributes (412ms)
			ProcessInitializeOnLoadMethodAttributes (246ms)
			AfterProcessingInitializeOnLoad (12ms)
			EditorAssembliesLoaded (0ms)
		ExecutionOrderSort2 (0ms)
		AwakeInstancesAfterBackupRestoration (15ms)
Refreshing native plugins compatible for Editor in 14.12 ms, found 2 plugins.
Preloading 0 native plugins for Editor in 0.00 ms.
Unloading 3831 Unused Serialized files (Serialized files now loaded: 0)
Unloading 17 unused Assets / (28.6 KB). Loaded Objects now: 4679.
Memory consumption went from 140.0 MB to 139.9 MB.
Total: 7.474600 ms (FindLiveObjects: 0.342200 ms CreateObjectMapping: 0.277500 ms MarkObjects: 6.801700 ms  DeleteObjects: 0.051900 ms)

Prepare: number of updated asset objects reloaded= 0
AssetImportParameters requested are different than current active one (requested -> active):
  custom:scripting/monoscript/fileName/AdsManager.cs: 02def8582910908d167bbb9227855ef4 -> 
  custom:container-demuxer-ogg: 62fdf1f143b41e24485cea50d1cbac27 -> 
  custom:scripting/monoscript/fileName/LevelChangerDOTween.cs: 2ea35b7817de89e3c9bc7fb9c16c14c8 -> 
  custom:scripting/monoscript/fileName/AnalyticsManager.cs: a0ba2baafde2834ba142b7fe92ba996d -> 
  custom:video-decoder-ogg-theora: a1e56fd34408186e4bbccfd4996cb3dc -> 
  custom:scripting/monoscript/fileName/UpgradeShop.cs: 5fad3e7228b2cce1fa928888244f648c -> 
  custom:framework-win-MediaFoundation: 216162199b28c13a410421893ffa2e32 -> 
  custom:scripting/monoscript/fileName/RewardedAds.cs: d66570aae527af9da7222484b8264842 -> 
  custom:scripting/monoscript/fileName/NewBehaviourScript.cs: b21687ddb03d73bd9f0c1daecb9714de -> 
  custom:scripting/monoscript/fileName/ObjectPoolManager.cs: da9c366c131223b3e8881c65a4f04910 -> 
  custom:CustomObjectIndexerAttribute: 9a22284fe3817be447336de3de66b15e -> 
  custom:container-demuxer-webm: 4f35f7cbe854078d1ac9338744f61a02 -> 
  custom:container-muxer-webm: aa71ff27fc2769a1b78a27578f13a17b -> 
  custom:video-decoder-webm-vp8: 9c59270c3fd7afecdb556c50c9e8de78 -> 
  custom:scripting/monoscript/fileName/UpgradeAsset.cs: 5d0ce12d7184a3da40041fc92eb082d8 -> 
  custom:SearchIndexIgnoredProperties: e643bd26f0fe6173181afceb89e7c659 -> 
  custom:scripting/monoscript/fileName/InterstitialAds.cs: 6d333cb1dc24d5ddf3ec91bccefc0773 -> 
  custom:AudioImporter_EditorPlatform: d09bf68614088b80899f8185d706f6e7 -> 
  custom:scripting/monoscript/fileName/Upgrades.cs: efffe4420000c7dff7f2eae57efaf755 -> 
  custom:scripting/monoscript/fileName/MainMenuSceneChange.cs: d4425b768b31a0e779c58ed647aad071 -> 
  custom:scripting/monoscript/fileName/SavesYG.cs: c497cdc187148548f5d9a620311f9dc3 -> 
  custom:video-encoder-webm-vp8: eb34c28f22e8b96e1ab97ce403110664 -> 
  custom:audio-decoder-ogg-vorbis: bf7c407c2cedff20999df2af8eb42d56 -> 
  custom:scripting/monoscript/fileName/IAPHandler.cs: 9c0d60c35c8d51d2451fa8bafe956467 -> 
  custom:scripting/monoscript/fileName/ButtonsRewarded.cs: 07495e688444a91c62dfcd44c138345c -> 
  custom:audio-encoder-webm-vorbis: bf7c407c2cedff20999df2af8eb42d56 -> 
  custom:scripting/monoscript/fileName/PurchaseManager.cs: 7ccb736f003775a5e240eec74b533b6b -> 
  custom:scripting/monoscript/fileName/BuyUpgrade.cs: 7f5deeb882f8c1e3141ce9ef24e50525 -> 
  custom:scripting/precompiled-assembly-types:Assembly-CSharp: 84a93016e708813cd7ac1fa4a5636436 -> b6d5beae70893ec4483681e4771dab9e
========================================================================
Received Prepare
Caller must complete domain reload
Begin MonoManager ReloadAssembly
Symbol file LoadedFromMemory is not a mono symbol file
- Loaded All Assemblies, in  1.178 seconds
Native extension for WindowsStandalone target not found
Native extension for iOS target not found
Native extension for Android target not found
Native extension for WebGL target not found
Asset Pipeline Refresh (id=99faa03382b2fcc4d9ff65c754230303): Total: 0.000 seconds - Initiated by StopAssetImportingV2(NoUpdateAssetOptions)
[ScriptCompilation] NOT recompiling all scripts because this is an import worker process. Reason to compile was: Define symbols changed
[ScriptCompilation] NOT recompiling all scripts because this is an import worker process. Reason to compile was: Define symbols changed
Mono: successfully reloaded assembly
- Finished resetting the current domain, in  2.086 seconds
Domain Reload Profiling: 3260ms
	BeginReloadAssembly (631ms)
		ExecutionOrderSort (0ms)
		DisableScriptedObjects (10ms)
		BackupInstance (0ms)
		ReleaseScriptingObjects (0ms)
		CreateAndSetChildDomain (54ms)
	RebuildCommonClasses (58ms)
	RebuildNativeTypeToScriptingClass (18ms)
	initialDomainReloadingComplete (46ms)
	LoadAllAssembliesAndSetupDomain (420ms)
		LoadAssemblies (522ms)
		RebuildTransferFunctionScriptingTraits (0ms)
		AnalyzeDomain (28ms)
			TypeCache.Refresh (14ms)
				TypeCache.ScanAssembly (0ms)
			ScanForSourceGeneratedMonoScriptInfo (0ms)
			ResolveRequiredComponents (13ms)
	FinalizeReload (2087ms)
		ReleaseScriptCaches (0ms)
		RebuildScriptCaches (0ms)
		SetupLoadedEditorAssemblies (1214ms)
			LogAssemblyErrors (0ms)
			InitializePlatformSupportModulesInManaged (69ms)
			SetLoadedEditorAssemblies (10ms)
			RefreshPlugins (0ms)
			BeforeProcessingInitializeOnLoad (130ms)
			ProcessInitializeOnLoadAttributes (653ms)
			ProcessInitializeOnLoadMethodAttributes (340ms)
			AfterProcessingInitializeOnLoad (11ms)
			EditorAssembliesLoaded (0ms)
		ExecutionOrderSort2 (0ms)
		AwakeInstancesAfterBackupRestoration (14ms)
Refreshing native plugins compatible for Editor in 30.53 ms, found 2 plugins.
Preloading 0 native plugins for Editor in 0.00 ms.
Unloading 3832 Unused Serialized files (Serialized files now loaded: 0)
Unloading 16 unused Assets / (27.6 KB). Loaded Objects now: 4682.
Memory consumption went from 140.2 MB to 140.2 MB.
Total: 13.199600 ms (FindLiveObjects: 0.464000 ms CreateObjectMapping: 0.342400 ms MarkObjects: 12.296900 ms  DeleteObjects: 0.082700 ms)

Prepare: number of updated asset objects reloaded= 0
AssetImportParameters requested are different than current active one (requested -> active):
  custom:scripting/monoscript/fileName/AdsManager.cs: 02def8582910908d167bbb9227855ef4 -> 
  custom:container-demuxer-ogg: 62fdf1f143b41e24485cea50d1cbac27 -> 
  custom:scripting/monoscript/fileName/LevelChangerDOTween.cs: 2ea35b7817de89e3c9bc7fb9c16c14c8 -> 
  custom:scripting/monoscript/fileName/AnalyticsManager.cs: a0ba2baafde2834ba142b7fe92ba996d -> 
  custom:video-decoder-ogg-theora: a1e56fd34408186e4bbccfd4996cb3dc -> 
  custom:scripting/monoscript/fileName/UpgradeShop.cs: 5fad3e7228b2cce1fa928888244f648c -> 
  custom:framework-win-MediaFoundation: 216162199b28c13a410421893ffa2e32 -> 
  custom:scripting/monoscript/fileName/RewardedAds.cs: d66570aae527af9da7222484b8264842 -> 
  custom:scripting/monoscript/fileName/NewBehaviourScript.cs: b21687ddb03d73bd9f0c1daecb9714de -> 
  custom:scripting/monoscript/fileName/ObjectPoolManager.cs: da9c366c131223b3e8881c65a4f04910 -> 
  custom:CustomObjectIndexerAttribute: 9a22284fe3817be447336de3de66b15e -> 
  custom:container-demuxer-webm: 4f35f7cbe854078d1ac9338744f61a02 -> 
  custom:container-muxer-webm: aa71ff27fc2769a1b78a27578f13a17b -> 
  custom:video-decoder-webm-vp8: 9c59270c3fd7afecdb556c50c9e8de78 -> 
  custom:scripting/monoscript/fileName/UpgradeAsset.cs: 5d0ce12d7184a3da40041fc92eb082d8 -> 
  custom:SearchIndexIgnoredProperties: e643bd26f0fe6173181afceb89e7c659 -> 
  custom:scripting/monoscript/fileName/InterstitialAds.cs: 6d333cb1dc24d5ddf3ec91bccefc0773 -> 
  custom:AudioImporter_EditorPlatform: d09bf68614088b80899f8185d706f6e7 -> 
  custom:scripting/monoscript/fileName/Upgrades.cs: efffe4420000c7dff7f2eae57efaf755 -> 
  custom:scripting/monoscript/fileName/MainMenuSceneChange.cs: d4425b768b31a0e779c58ed647aad071 -> 
  custom:scripting/monoscript/fileName/SavesYG.cs: c497cdc187148548f5d9a620311f9dc3 -> 
  custom:video-encoder-webm-vp8: eb34c28f22e8b96e1ab97ce403110664 -> 
  custom:audio-decoder-ogg-vorbis: bf7c407c2cedff20999df2af8eb42d56 -> 
  custom:scripting/monoscript/fileName/IAPHandler.cs: 9c0d60c35c8d51d2451fa8bafe956467 -> 
  custom:scripting/monoscript/fileName/ButtonsRewarded.cs: 07495e688444a91c62dfcd44c138345c -> 
  custom:audio-encoder-webm-vorbis: bf7c407c2cedff20999df2af8eb42d56 -> 
  custom:scripting/monoscript/fileName/PurchaseManager.cs: 7ccb736f003775a5e240eec74b533b6b -> 
  custom:scripting/monoscript/fileName/BuyUpgrade.cs: 7f5deeb882f8c1e3141ce9ef24e50525 -> 
  custom:scripting/precompiled-assembly-types:Assembly-CSharp: 84a93016e708813cd7ac1fa4a5636436 -> b6d5beae70893ec4483681e4771dab9e
========================================================================
Received Prepare
Caller must complete domain reload
Begin MonoManager ReloadAssembly
Symbol file LoadedFromMemory is not a mono symbol file
- Loaded All Assemblies, in  1.888 seconds
Native extension for WindowsStandalone target not found
Native extension for iOS target not found
Native extension for Android target not found
Native extension for WebGL target not found
Asset Pipeline Refresh (id=353d8f316d54e7143bc6a9a5c4df5828): Total: 0.000 seconds - Initiated by StopAssetImportingV2(NoUpdateAssetOptions)
[ScriptCompilation] NOT recompiling all scripts because this is an import worker process. Reason to compile was: Define symbols changed
[ScriptCompilation] NOT recompiling all scripts because this is an import worker process. Reason to compile was: Define symbols changed
Mono: successfully reloaded assembly
- Finished resetting the current domain, in  2.511 seconds
Domain Reload Profiling: 4397ms
	BeginReloadAssembly (791ms)
		ExecutionOrderSort (0ms)
		DisableScriptedObjects (12ms)
		BackupInstance (0ms)
		ReleaseScriptingObjects (0ms)
		CreateAndSetChildDomain (76ms)
	RebuildCommonClasses (88ms)
	RebuildNativeTypeToScriptingClass (39ms)
	initialDomainReloadingComplete (71ms)
	LoadAllAssembliesAndSetupDomain (896ms)
		LoadAssemblies (978ms)
		RebuildTransferFunctionScriptingTraits (0ms)
		AnalyzeDomain (88ms)
			TypeCache.Refresh (30ms)
				TypeCache.ScanAssembly (13ms)
			ScanForSourceGeneratedMonoScriptInfo (37ms)
			ResolveRequiredComponents (19ms)
	FinalizeReload (2512ms)
		ReleaseScriptCaches (0ms)
		RebuildScriptCaches (0ms)
		SetupLoadedEditorAssemblies (1387ms)
			LogAssemblyErrors (0ms)
			InitializePlatformSupportModulesInManaged (72ms)
			SetLoadedEditorAssemblies (7ms)
			RefreshPlugins (0ms)
			BeforeProcessingInitializeOnLoad (190ms)
			ProcessInitializeOnLoadAttributes (608ms)
			ProcessInitializeOnLoadMethodAttributes (497ms)
			AfterProcessingInitializeOnLoad (13ms)
			EditorAssembliesLoaded (1ms)
		ExecutionOrderSort2 (0ms)
		AwakeInstancesAfterBackupRestoration (13ms)
Refreshing native plugins compatible for Editor in 17.33 ms, found 2 plugins.
Preloading 0 native plugins for Editor in 0.00 ms.
Unloading 3832 Unused Serialized files (Serialized files now loaded: 0)
Unloading 16 unused Assets / (27.6 KB). Loaded Objects now: 4685.
Memory consumption went from 140.2 MB to 140.2 MB.
Total: 8.800900 ms (FindLiveObjects: 0.387400 ms CreateObjectMapping: 0.310600 ms MarkObjects: 8.047200 ms  DeleteObjects: 0.054400 ms)

Prepare: number of updated asset objects reloaded= 0
AssetImportParameters requested are different than current active one (requested -> active):
  custom:scripting/monoscript/fileName/AdsManager.cs: 02def8582910908d167bbb9227855ef4 -> 
  custom:container-demuxer-ogg: 62fdf1f143b41e24485cea50d1cbac27 -> 
  custom:scripting/monoscript/fileName/LevelChangerDOTween.cs: 2ea35b7817de89e3c9bc7fb9c16c14c8 -> 
  custom:scripting/monoscript/fileName/AnalyticsManager.cs: a0ba2baafde2834ba142b7fe92ba996d -> 
  custom:video-decoder-ogg-theora: a1e56fd34408186e4bbccfd4996cb3dc -> 
  custom:scripting/monoscript/fileName/UpgradeShop.cs: 5fad3e7228b2cce1fa928888244f648c -> 
  custom:framework-win-MediaFoundation: 216162199b28c13a410421893ffa2e32 -> 
  custom:scripting/monoscript/fileName/RewardedAds.cs: d66570aae527af9da7222484b8264842 -> 
  custom:scripting/monoscript/fileName/NewBehaviourScript.cs: b21687ddb03d73bd9f0c1daecb9714de -> 
  custom:scripting/monoscript/fileName/ObjectPoolManager.cs: da9c366c131223b3e8881c65a4f04910 -> 
  custom:CustomObjectIndexerAttribute: 9a22284fe3817be447336de3de66b15e -> 
  custom:container-demuxer-webm: 4f35f7cbe854078d1ac9338744f61a02 -> 
  custom:container-muxer-webm: aa71ff27fc2769a1b78a27578f13a17b -> 
  custom:video-decoder-webm-vp8: 9c59270c3fd7afecdb556c50c9e8de78 -> 
  custom:scripting/monoscript/fileName/UpgradeAsset.cs: 5d0ce12d7184a3da40041fc92eb082d8 -> 
  custom:SearchIndexIgnoredProperties: e643bd26f0fe6173181afceb89e7c659 -> 
  custom:scripting/monoscript/fileName/InterstitialAds.cs: 6d333cb1dc24d5ddf3ec91bccefc0773 -> 
  custom:AudioImporter_EditorPlatform: d09bf68614088b80899f8185d706f6e7 -> 
  custom:scripting/monoscript/fileName/Upgrades.cs: efffe4420000c7dff7f2eae57efaf755 -> 
  custom:scripting/monoscript/fileName/MainMenuSceneChange.cs: d4425b768b31a0e779c58ed647aad071 -> 
  custom:scripting/monoscript/fileName/SavesYG.cs: c497cdc187148548f5d9a620311f9dc3 -> 
  custom:video-encoder-webm-vp8: eb34c28f22e8b96e1ab97ce403110664 -> 
  custom:audio-decoder-ogg-vorbis: bf7c407c2cedff20999df2af8eb42d56 -> 
  custom:scripting/monoscript/fileName/IAPHandler.cs: 9c0d60c35c8d51d2451fa8bafe956467 -> 
  custom:scripting/monoscript/fileName/ButtonsRewarded.cs: 07495e688444a91c62dfcd44c138345c -> 
  custom:audio-encoder-webm-vorbis: bf7c407c2cedff20999df2af8eb42d56 -> 
  custom:scripting/monoscript/fileName/PurchaseManager.cs: 7ccb736f003775a5e240eec74b533b6b -> 
  custom:scripting/monoscript/fileName/BuyUpgrade.cs: 7f5deeb882f8c1e3141ce9ef24e50525 -> 
  custom:scripting/precompiled-assembly-types:Assembly-CSharp: 84a93016e708813cd7ac1fa4a5636436 -> b6d5beae70893ec4483681e4771dab9e
========================================================================
Received Prepare
Caller must complete domain reload
Begin MonoManager ReloadAssembly
Symbol file LoadedFromMemory is not a mono symbol file
- Loaded All Assemblies, in  1.682 seconds
Native extension for WindowsStandalone target not found
Native extension for iOS target not found
Native extension for Android target not found
Native extension for WebGL target not found
Asset Pipeline Refresh (id=cc5547823510f274eb3712a4bbdd83a3): Total: 0.000 seconds - Initiated by StopAssetImportingV2(NoUpdateAssetOptions)
[ScriptCompilation] NOT recompiling all scripts because this is an import worker process. Reason to compile was: Define symbols changed
[ScriptCompilation] NOT recompiling all scripts because this is an import worker process. Reason to compile was: Define symbols changed
Mono: successfully reloaded assembly
- Finished resetting the current domain, in  3.704 seconds
Domain Reload Profiling: 5381ms
	BeginReloadAssembly (849ms)
		ExecutionOrderSort (0ms)
		DisableScriptedObjects (10ms)
		BackupInstance (0ms)
		ReleaseScriptingObjects (0ms)
		CreateAndSetChildDomain (79ms)
	RebuildCommonClasses (94ms)
	RebuildNativeTypeToScriptingClass (34ms)
	initialDomainReloadingComplete (77ms)
	LoadAllAssembliesAndSetupDomain (620ms)
		LoadAssemblies (756ms)
		RebuildTransferFunctionScriptingTraits (0ms)
		AnalyzeDomain (26ms)
			TypeCache.Refresh (11ms)
				TypeCache.ScanAssembly (0ms)
			ScanForSourceGeneratedMonoScriptInfo (0ms)
			ResolveRequiredComponents (14ms)
	FinalizeReload (3705ms)
		ReleaseScriptCaches (0ms)
		RebuildScriptCaches (0ms)
		SetupLoadedEditorAssemblies (2332ms)
			LogAssemblyErrors (0ms)
			InitializePlatformSupportModulesInManaged (84ms)
			SetLoadedEditorAssemblies (9ms)
			RefreshPlugins (0ms)
			BeforeProcessingInitializeOnLoad (159ms)
			ProcessInitializeOnLoadAttributes (1228ms)
			ProcessInitializeOnLoadMethodAttributes (838ms)
			AfterProcessingInitializeOnLoad (14ms)
			EditorAssembliesLoaded (0ms)
		ExecutionOrderSort2 (0ms)
		AwakeInstancesAfterBackupRestoration (16ms)
Refreshing native plugins compatible for Editor in 21.38 ms, found 2 plugins.
Preloading 0 native plugins for Editor in 0.00 ms.
Unloading 3832 Unused Serialized files (Serialized files now loaded: 0)
Unloading 16 unused Assets / (27.7 KB). Loaded Objects now: 4688.
Memory consumption went from 140.2 MB to 140.2 MB.
Total: 14.048900 ms (FindLiveObjects: 0.480400 ms CreateObjectMapping: 0.422500 ms MarkObjects: 13.078700 ms  DeleteObjects: 0.066000 ms)

Prepare: number of updated asset objects reloaded= 0
AssetImportParameters requested are different than current active one (requested -> active):
  custom:scripting/monoscript/fileName/AdsManager.cs: 02def8582910908d167bbb9227855ef4 -> 
  custom:container-demuxer-ogg: 62fdf1f143b41e24485cea50d1cbac27 -> 
  custom:scripting/monoscript/fileName/LevelChangerDOTween.cs: 2ea35b7817de89e3c9bc7fb9c16c14c8 -> 
  custom:scripting/monoscript/fileName/AnalyticsManager.cs: a0ba2baafde2834ba142b7fe92ba996d -> 
  custom:video-decoder-ogg-theora: a1e56fd34408186e4bbccfd4996cb3dc -> 
  custom:scripting/monoscript/fileName/UpgradeShop.cs: 5fad3e7228b2cce1fa928888244f648c -> 
  custom:framework-win-MediaFoundation: 216162199b28c13a410421893ffa2e32 -> 
  custom:scripting/monoscript/fileName/RewardedAds.cs: d66570aae527af9da7222484b8264842 -> 
  custom:scripting/monoscript/fileName/NewBehaviourScript.cs: b21687ddb03d73bd9f0c1daecb9714de -> 
  custom:scripting/monoscript/fileName/ObjectPoolManager.cs: da9c366c131223b3e8881c65a4f04910 -> 
  custom:CustomObjectIndexerAttribute: 9a22284fe3817be447336de3de66b15e -> 
  custom:container-demuxer-webm: 4f35f7cbe854078d1ac9338744f61a02 -> 
  custom:container-muxer-webm: aa71ff27fc2769a1b78a27578f13a17b -> 
  custom:video-decoder-webm-vp8: 9c59270c3fd7afecdb556c50c9e8de78 -> 
  custom:scripting/monoscript/fileName/UpgradeAsset.cs: 5d0ce12d7184a3da40041fc92eb082d8 -> 
  custom:SearchIndexIgnoredProperties: e643bd26f0fe6173181afceb89e7c659 -> 
  custom:scripting/monoscript/fileName/InterstitialAds.cs: 6d333cb1dc24d5ddf3ec91bccefc0773 -> 
  custom:AudioImporter_EditorPlatform: d09bf68614088b80899f8185d706f6e7 -> 
  custom:scripting/monoscript/fileName/Upgrades.cs: efffe4420000c7dff7f2eae57efaf755 -> 
  custom:scripting/monoscript/fileName/MainMenuSceneChange.cs: d4425b768b31a0e779c58ed647aad071 -> 
  custom:scripting/monoscript/fileName/SavesYG.cs: c497cdc187148548f5d9a620311f9dc3 -> 
  custom:video-encoder-webm-vp8: eb34c28f22e8b96e1ab97ce403110664 -> 
  custom:audio-decoder-ogg-vorbis: bf7c407c2cedff20999df2af8eb42d56 -> 
  custom:scripting/monoscript/fileName/IAPHandler.cs: 9c0d60c35c8d51d2451fa8bafe956467 -> 
  custom:scripting/monoscript/fileName/ButtonsRewarded.cs: 07495e688444a91c62dfcd44c138345c -> 
  custom:audio-encoder-webm-vorbis: bf7c407c2cedff20999df2af8eb42d56 -> 
  custom:scripting/monoscript/fileName/PurchaseManager.cs: 7ccb736f003775a5e240eec74b533b6b -> 
  custom:scripting/monoscript/fileName/BuyUpgrade.cs: 7f5deeb882f8c1e3141ce9ef24e50525 -> 
  custom:scripting/precompiled-assembly-types:Assembly-CSharp: 84a93016e708813cd7ac1fa4a5636436 -> b6d5beae70893ec4483681e4771dab9e
========================================================================
Received Import Request.
  Time since last request: 604.804301 seconds.
  path: Assets/Prefabs/stone.prefab
  artifactKey: Guid(ef530a73e33e92540a507829290872c6) Importer(815301076,1909f56bfc062723c751e8b465ee728b)
Start importing Assets/Prefabs/stone.prefab using Guid(ef530a73e33e92540a507829290872c6) Importer(815301076,1909f56bfc062723c751e8b465ee728b) [PhysX] Initialized MultithreadedTaskDispatcher with 8 workers.
[PhysX] Initialized MultithreadedTaskDispatcher with 8 workers.
 -> (artifact id: '413d0dce592e23094df9a00355c55019') in 0.238831 seconds
Number of updated asset objects reloaded before import = 0
Number of asset objects unloaded after import = 22
========================================================================
Received Prepare
Caller must complete domain reload
Begin MonoManager ReloadAssembly
Symbol file LoadedFromMemory is not a mono symbol file
- Loaded All Assemblies, in  1.187 seconds
Native extension for WindowsStandalone target not found
Native extension for iOS target not found
Native extension for Android target not found
Native extension for WebGL target not found
Asset Pipeline Refresh (id=e3bde30dae96aaa4899466276b3d8dba): Total: 0.000 seconds - Initiated by StopAssetImportingV2(NoUpdateAssetOptions)
[ScriptCompilation] NOT recompiling all scripts because this is an import worker process. Reason to compile was: Define symbols changed
[ScriptCompilation] NOT recompiling all scripts because this is an import worker process. Reason to compile was: Define symbols changed
Mono: successfully reloaded assembly
- Finished resetting the current domain, in  3.742 seconds
Domain Reload Profiling: 4928ms
	BeginReloadAssembly (636ms)
		ExecutionOrderSort (0ms)
		DisableScriptedObjects (13ms)
		BackupInstance (0ms)
		ReleaseScriptingObjects (0ms)
		CreateAndSetChildDomain (55ms)
	RebuildCommonClasses (49ms)
	RebuildNativeTypeToScriptingClass (23ms)
	initialDomainReloadingComplete (43ms)
	LoadAllAssembliesAndSetupDomain (434ms)
		LoadAssemblies (478ms)
		RebuildTransferFunctionScriptingTraits (0ms)
		AnalyzeDomain (68ms)
			TypeCache.Refresh (30ms)
				TypeCache.ScanAssembly (7ms)
			ScanForSourceGeneratedMonoScriptInfo (27ms)
			ResolveRequiredComponents (10ms)
	FinalizeReload (3743ms)
		ReleaseScriptCaches (0ms)
		RebuildScriptCaches (0ms)
		SetupLoadedEditorAssemblies (2950ms)
			LogAssemblyErrors (0ms)
			InitializePlatformSupportModulesInManaged (50ms)
			SetLoadedEditorAssemblies (68ms)
			RefreshPlugins (0ms)
			BeforeProcessingInitializeOnLoad (229ms)
			ProcessInitializeOnLoadAttributes (2305ms)
			ProcessInitializeOnLoadMethodAttributes (288ms)
			AfterProcessingInitializeOnLoad (8ms)
			EditorAssembliesLoaded (1ms)
		ExecutionOrderSort2 (0ms)
		AwakeInstancesAfterBackupRestoration (16ms)
Refreshing native plugins compatible for Editor in 22.28 ms, found 2 plugins.
Preloading 0 native plugins for Editor in 0.00 ms.
Unloading 3831 Unused Serialized files (Serialized files now loaded: 0)
Unloading 16 unused Assets / (27.6 KB). Loaded Objects now: 4691.
Memory consumption went from 140.0 MB to 139.9 MB.
Total: 13.436700 ms (FindLiveObjects: 0.329800 ms CreateObjectMapping: 0.678200 ms MarkObjects: 12.380000 ms  DeleteObjects: 0.047200 ms)

Prepare: number of updated asset objects reloaded= 0
AssetImportParameters requested are different than current active one (requested -> active):
  custom:scripting/monoscript/fileName/AdsManager.cs: 02def8582910908d167bbb9227855ef4 -> 
  custom:container-demuxer-ogg: 62fdf1f143b41e24485cea50d1cbac27 -> 
  custom:scripting/monoscript/fileName/LevelChangerDOTween.cs: 2ea35b7817de89e3c9bc7fb9c16c14c8 -> 
  custom:scripting/monoscript/fileName/AnalyticsManager.cs: a0ba2baafde2834ba142b7fe92ba996d -> 
  custom:video-decoder-ogg-theora: a1e56fd34408186e4bbccfd4996cb3dc -> 
  custom:scripting/monoscript/fileName/UpgradeShop.cs: 5fad3e7228b2cce1fa928888244f648c -> 
  custom:framework-win-MediaFoundation: 216162199b28c13a410421893ffa2e32 -> 
  custom:scripting/monoscript/fileName/RewardedAds.cs: d66570aae527af9da7222484b8264842 -> 
  custom:scripting/monoscript/fileName/NewBehaviourScript.cs: b21687ddb03d73bd9f0c1daecb9714de -> 
  custom:scripting/monoscript/fileName/ObjectPoolManager.cs: da9c366c131223b3e8881c65a4f04910 -> 
  custom:CustomObjectIndexerAttribute: 9a22284fe3817be447336de3de66b15e -> 
  custom:container-demuxer-webm: 4f35f7cbe854078d1ac9338744f61a02 -> 
  custom:container-muxer-webm: aa71ff27fc2769a1b78a27578f13a17b -> 
  custom:video-decoder-webm-vp8: 9c59270c3fd7afecdb556c50c9e8de78 -> 
  custom:scripting/monoscript/fileName/UpgradeAsset.cs: 5d0ce12d7184a3da40041fc92eb082d8 -> 
  custom:SearchIndexIgnoredProperties: e643bd26f0fe6173181afceb89e7c659 -> 
  custom:scripting/monoscript/fileName/InterstitialAds.cs: 6d333cb1dc24d5ddf3ec91bccefc0773 -> 
  custom:AudioImporter_EditorPlatform: d09bf68614088b80899f8185d706f6e7 -> 
  custom:scripting/monoscript/fileName/Upgrades.cs: efffe4420000c7dff7f2eae57efaf755 -> 
  custom:scripting/monoscript/fileName/MainMenuSceneChange.cs: d4425b768b31a0e779c58ed647aad071 -> 
  custom:scripting/monoscript/fileName/SavesYG.cs: c497cdc187148548f5d9a620311f9dc3 -> 
  custom:video-encoder-webm-vp8: eb34c28f22e8b96e1ab97ce403110664 -> 
  custom:audio-decoder-ogg-vorbis: bf7c407c2cedff20999df2af8eb42d56 -> 
  custom:scripting/monoscript/fileName/IAPHandler.cs: 9c0d60c35c8d51d2451fa8bafe956467 -> 
  custom:scripting/monoscript/fileName/ButtonsRewarded.cs: 07495e688444a91c62dfcd44c138345c -> 
  custom:audio-encoder-webm-vorbis: bf7c407c2cedff20999df2af8eb42d56 -> 
  custom:scripting/monoscript/fileName/PurchaseManager.cs: 7ccb736f003775a5e240eec74b533b6b -> 
  custom:scripting/monoscript/fileName/BuyUpgrade.cs: 7f5deeb882f8c1e3141ce9ef24e50525 -> 
  custom:scripting/precompiled-assembly-types:Assembly-CSharp: 84a93016e708813cd7ac1fa4a5636436 -> b6d5beae70893ec4483681e4771dab9e
========================================================================
Received Prepare
Caller must complete domain reload
Begin MonoManager ReloadAssembly
Symbol file LoadedFromMemory is not a mono symbol file
- Loaded All Assemblies, in  1.008 seconds
Native extension for WindowsStandalone target not found
Native extension for iOS target not found
Native extension for Android target not found
Native extension for WebGL target not found
Asset Pipeline Refresh (id=e9742c597ced70d478d9180e0f6f8b31): Total: 0.000 seconds - Initiated by StopAssetImportingV2(NoUpdateAssetOptions)
[ScriptCompilation] NOT recompiling all scripts because this is an import worker process. Reason to compile was: Define symbols changed
[ScriptCompilation] NOT recompiling all scripts because this is an import worker process. Reason to compile was: Define symbols changed
Mono: successfully reloaded assembly
- Finished resetting the current domain, in  1.768 seconds
Domain Reload Profiling: 2772ms
	BeginReloadAssembly (586ms)
		ExecutionOrderSort (0ms)
		DisableScriptedObjects (10ms)
		BackupInstance (0ms)
		ReleaseScriptingObjects (0ms)
		CreateAndSetChildDomain (49ms)
	RebuildCommonClasses (41ms)
	RebuildNativeTypeToScriptingClass (16ms)
	initialDomainReloadingComplete (37ms)
	LoadAllAssembliesAndSetupDomain (325ms)
		LoadAssemblies (407ms)
		RebuildTransferFunctionScriptingTraits (0ms)
		AnalyzeDomain (17ms)
			TypeCache.Refresh (6ms)
				TypeCache.ScanAssembly (0ms)
			ScanForSourceGeneratedMonoScriptInfo (0ms)
			ResolveRequiredComponents (9ms)
	FinalizeReload (1768ms)
		ReleaseScriptCaches (0ms)
		RebuildScriptCaches (0ms)
		SetupLoadedEditorAssemblies (1029ms)
			LogAssemblyErrors (0ms)
			InitializePlatformSupportModulesInManaged (37ms)
			SetLoadedEditorAssemblies (5ms)
			RefreshPlugins (0ms)
			BeforeProcessingInitializeOnLoad (98ms)
			ProcessInitializeOnLoadAttributes (486ms)
			ProcessInitializeOnLoadMethodAttributes (392ms)
			AfterProcessingInitializeOnLoad (11ms)
			EditorAssembliesLoaded (1ms)
		ExecutionOrderSort2 (0ms)
		AwakeInstancesAfterBackupRestoration (20ms)
Refreshing native plugins compatible for Editor in 18.75 ms, found 2 plugins.
Preloading 0 native plugins for Editor in 0.00 ms.
Unloading 3832 Unused Serialized files (Serialized files now loaded: 0)
Unloading 16 unused Assets / (27.7 KB). Loaded Objects now: 4694.
Memory consumption went from 140.2 MB to 140.2 MB.
Total: 25.573000 ms (FindLiveObjects: 0.899300 ms CreateObjectMapping: 0.954800 ms MarkObjects: 23.632800 ms  DeleteObjects: 0.084200 ms)

Prepare: number of updated asset objects reloaded= 0
AssetImportParameters requested are different than current active one (requested -> active):
  custom:scripting/monoscript/fileName/AdsManager.cs: 02def8582910908d167bbb9227855ef4 -> 
  custom:container-demuxer-ogg: 62fdf1f143b41e24485cea50d1cbac27 -> 
  custom:scripting/monoscript/fileName/LevelChangerDOTween.cs: 2ea35b7817de89e3c9bc7fb9c16c14c8 -> 
  custom:scripting/monoscript/fileName/AnalyticsManager.cs: a0ba2baafde2834ba142b7fe92ba996d -> 
  custom:video-decoder-ogg-theora: a1e56fd34408186e4bbccfd4996cb3dc -> 
  custom:scripting/monoscript/fileName/UpgradeShop.cs: 5fad3e7228b2cce1fa928888244f648c -> 
  custom:framework-win-MediaFoundation: 216162199b28c13a410421893ffa2e32 -> 
  custom:scripting/monoscript/fileName/RewardedAds.cs: d66570aae527af9da7222484b8264842 -> 
  custom:scripting/monoscript/fileName/NewBehaviourScript.cs: b21687ddb03d73bd9f0c1daecb9714de -> 
  custom:scripting/monoscript/fileName/ObjectPoolManager.cs: da9c366c131223b3e8881c65a4f04910 -> 
  custom:CustomObjectIndexerAttribute: 9a22284fe3817be447336de3de66b15e -> 
  custom:container-demuxer-webm: 4f35f7cbe854078d1ac9338744f61a02 -> 
  custom:container-muxer-webm: aa71ff27fc2769a1b78a27578f13a17b -> 
  custom:video-decoder-webm-vp8: 9c59270c3fd7afecdb556c50c9e8de78 -> 
  custom:scripting/monoscript/fileName/UpgradeAsset.cs: 5d0ce12d7184a3da40041fc92eb082d8 -> 
  custom:SearchIndexIgnoredProperties: e643bd26f0fe6173181afceb89e7c659 -> 
  custom:scripting/monoscript/fileName/InterstitialAds.cs: 6d333cb1dc24d5ddf3ec91bccefc0773 -> 
  custom:AudioImporter_EditorPlatform: d09bf68614088b80899f8185d706f6e7 -> 
  custom:scripting/monoscript/fileName/Upgrades.cs: efffe4420000c7dff7f2eae57efaf755 -> 
  custom:scripting/monoscript/fileName/MainMenuSceneChange.cs: d4425b768b31a0e779c58ed647aad071 -> 
  custom:scripting/monoscript/fileName/SavesYG.cs: c497cdc187148548f5d9a620311f9dc3 -> 
  custom:video-encoder-webm-vp8: eb34c28f22e8b96e1ab97ce403110664 -> 
  custom:audio-decoder-ogg-vorbis: bf7c407c2cedff20999df2af8eb42d56 -> 
  custom:scripting/monoscript/fileName/IAPHandler.cs: 9c0d60c35c8d51d2451fa8bafe956467 -> 
  custom:scripting/monoscript/fileName/ButtonsRewarded.cs: 07495e688444a91c62dfcd44c138345c -> 
  custom:audio-encoder-webm-vorbis: bf7c407c2cedff20999df2af8eb42d56 -> 
  custom:scripting/monoscript/fileName/PurchaseManager.cs: 7ccb736f003775a5e240eec74b533b6b -> 
  custom:scripting/monoscript/fileName/BuyUpgrade.cs: 7f5deeb882f8c1e3141ce9ef24e50525 -> 
  custom:scripting/precompiled-assembly-types:Assembly-CSharp: 84a93016e708813cd7ac1fa4a5636436 -> b6d5beae70893ec4483681e4771dab9e
========================================================================
Received Prepare
Caller must complete domain reload
Begin MonoManager ReloadAssembly
Symbol file LoadedFromMemory is not a mono symbol file
- Loaded All Assemblies, in  1.363 seconds
Native extension for WindowsStandalone target not found
Native extension for iOS target not found
Native extension for Android target not found
Native extension for WebGL target not found
Asset Pipeline Refresh (id=d3e9a06f5cbcc5f449a5c42a73b565da): Total: 0.000 seconds - Initiated by StopAssetImportingV2(NoUpdateAssetOptions)
[ScriptCompilation] NOT recompiling all scripts because this is an import worker process. Reason to compile was: Define symbols changed
[ScriptCompilation] NOT recompiling all scripts because this is an import worker process. Reason to compile was: Define symbols changed
Mono: successfully reloaded assembly
- Finished resetting the current domain, in  2.846 seconds
Domain Reload Profiling: 4208ms
	BeginReloadAssembly (721ms)
		ExecutionOrderSort (0ms)
		DisableScriptedObjects (9ms)
		BackupInstance (0ms)
		ReleaseScriptingObjects (0ms)
		CreateAndSetChildDomain (68ms)
	RebuildCommonClasses (65ms)
	RebuildNativeTypeToScriptingClass (21ms)
	initialDomainReloadingComplete (58ms)
	LoadAllAssembliesAndSetupDomain (495ms)
		LoadAssemblies (577ms)
		RebuildTransferFunctionScriptingTraits (0ms)
		AnalyzeDomain (74ms)
			TypeCache.Refresh (27ms)
				TypeCache.ScanAssembly (8ms)
			ScanForSourceGeneratedMonoScriptInfo (30ms)
			ResolveRequiredComponents (15ms)
	FinalizeReload (2847ms)
		ReleaseScriptCaches (0ms)
		RebuildScriptCaches (0ms)
		SetupLoadedEditorAssemblies (1449ms)
			LogAssemblyErrors (0ms)
			InitializePlatformSupportModulesInManaged (77ms)
			SetLoadedEditorAssemblies (9ms)
			RefreshPlugins (0ms)
			BeforeProcessingInitializeOnLoad (158ms)
			ProcessInitializeOnLoadAttributes (729ms)
			ProcessInitializeOnLoadMethodAttributes (456ms)
			AfterProcessingInitializeOnLoad (19ms)
			EditorAssembliesLoaded (1ms)
		ExecutionOrderSort2 (0ms)
		AwakeInstancesAfterBackupRestoration (37ms)
Refreshing native plugins compatible for Editor in 18.09 ms, found 2 plugins.
Preloading 0 native plugins for Editor in 0.00 ms.
Unloading 3832 Unused Serialized files (Serialized files now loaded: 0)
Unloading 16 unused Assets / (27.5 KB). Loaded Objects now: 4697.
Memory consumption went from 140.2 MB to 140.2 MB.
Total: 12.186700 ms (FindLiveObjects: 0.785200 ms CreateObjectMapping: 0.665700 ms MarkObjects: 10.669100 ms  DeleteObjects: 0.064600 ms)

Prepare: number of updated asset objects reloaded= 0
AssetImportParameters requested are different than current active one (requested -> active):
  custom:scripting/monoscript/fileName/AdsManager.cs: 02def8582910908d167bbb9227855ef4 -> 
  custom:container-demuxer-ogg: 62fdf1f143b41e24485cea50d1cbac27 -> 
  custom:scripting/monoscript/fileName/LevelChangerDOTween.cs: 2ea35b7817de89e3c9bc7fb9c16c14c8 -> 
  custom:scripting/monoscript/fileName/AnalyticsManager.cs: a0ba2baafde2834ba142b7fe92ba996d -> 
  custom:video-decoder-ogg-theora: a1e56fd34408186e4bbccfd4996cb3dc -> 
  custom:scripting/monoscript/fileName/UpgradeShop.cs: 5fad3e7228b2cce1fa928888244f648c -> 
  custom:framework-win-MediaFoundation: 216162199b28c13a410421893ffa2e32 -> 
  custom:scripting/monoscript/fileName/RewardedAds.cs: d66570aae527af9da7222484b8264842 -> 
  custom:scripting/monoscript/fileName/NewBehaviourScript.cs: b21687ddb03d73bd9f0c1daecb9714de -> 
  custom:scripting/monoscript/fileName/ObjectPoolManager.cs: da9c366c131223b3e8881c65a4f04910 -> 
  custom:CustomObjectIndexerAttribute: 9a22284fe3817be447336de3de66b15e -> 
  custom:container-demuxer-webm: 4f35f7cbe854078d1ac9338744f61a02 -> 
  custom:container-muxer-webm: aa71ff27fc2769a1b78a27578f13a17b -> 
  custom:video-decoder-webm-vp8: 9c59270c3fd7afecdb556c50c9e8de78 -> 
  custom:scripting/monoscript/fileName/UpgradeAsset.cs: 5d0ce12d7184a3da40041fc92eb082d8 -> 
  custom:SearchIndexIgnoredProperties: e643bd26f0fe6173181afceb89e7c659 -> 
  custom:scripting/monoscript/fileName/InterstitialAds.cs: 6d333cb1dc24d5ddf3ec91bccefc0773 -> 
  custom:AudioImporter_EditorPlatform: d09bf68614088b80899f8185d706f6e7 -> 
  custom:scripting/monoscript/fileName/Upgrades.cs: efffe4420000c7dff7f2eae57efaf755 -> 
  custom:scripting/monoscript/fileName/MainMenuSceneChange.cs: d4425b768b31a0e779c58ed647aad071 -> 
  custom:scripting/monoscript/fileName/SavesYG.cs: c497cdc187148548f5d9a620311f9dc3 -> 
  custom:video-encoder-webm-vp8: eb34c28f22e8b96e1ab97ce403110664 -> 
  custom:audio-decoder-ogg-vorbis: bf7c407c2cedff20999df2af8eb42d56 -> 
  custom:scripting/monoscript/fileName/IAPHandler.cs: 9c0d60c35c8d51d2451fa8bafe956467 -> 
  custom:scripting/monoscript/fileName/ButtonsRewarded.cs: 07495e688444a91c62dfcd44c138345c -> 
  custom:audio-encoder-webm-vorbis: bf7c407c2cedff20999df2af8eb42d56 -> 
  custom:scripting/monoscript/fileName/PurchaseManager.cs: 7ccb736f003775a5e240eec74b533b6b -> 
  custom:scripting/monoscript/fileName/BuyUpgrade.cs: 7f5deeb882f8c1e3141ce9ef24e50525 -> 
  custom:scripting/precompiled-assembly-types:Assembly-CSharp: 84a93016e708813cd7ac1fa4a5636436 -> b6d5beae70893ec4483681e4771dab9e
========================================================================
Received Prepare
Caller must complete domain reload
Begin MonoManager ReloadAssembly
Symbol file LoadedFromMemory is not a mono symbol file
- Loaded All Assemblies, in  1.233 seconds
Native extension for WindowsStandalone target not found
Native extension for iOS target not found
Native extension for Android target not found
Native extension for WebGL target not found
Asset Pipeline Refresh (id=ac000c02659a4cc43b8c8a59a37c718f): Total: 0.000 seconds - Initiated by StopAssetImportingV2(NoUpdateAssetOptions)
[ScriptCompilation] NOT recompiling all scripts because this is an import worker process. Reason to compile was: Define symbols changed
[ScriptCompilation] NOT recompiling all scripts because this is an import worker process. Reason to compile was: Define symbols changed
Mono: successfully reloaded assembly
- Finished resetting the current domain, in  2.347 seconds
Domain Reload Profiling: 3578ms
	BeginReloadAssembly (679ms)
		ExecutionOrderSort (0ms)
		DisableScriptedObjects (9ms)
		BackupInstance (0ms)
		ReleaseScriptingObjects (0ms)
		CreateAndSetChildDomain (74ms)
	RebuildCommonClasses (59ms)
	RebuildNativeTypeToScriptingClass (19ms)
	initialDomainReloadingComplete (50ms)
	LoadAllAssembliesAndSetupDomain (422ms)
		LoadAssemblies (547ms)
		RebuildTransferFunctionScriptingTraits (0ms)
		AnalyzeDomain (26ms)
			TypeCache.Refresh (10ms)
				TypeCache.ScanAssembly (0ms)
			ScanForSourceGeneratedMonoScriptInfo (1ms)
			ResolveRequiredComponents (15ms)
	FinalizeReload (2349ms)
		ReleaseScriptCaches (0ms)
		RebuildScriptCaches (0ms)
		SetupLoadedEditorAssemblies (1305ms)
			LogAssemblyErrors (0ms)
			InitializePlatformSupportModulesInManaged (73ms)
			SetLoadedEditorAssemblies (7ms)
			RefreshPlugins (0ms)
			BeforeProcessingInitializeOnLoad (136ms)
			ProcessInitializeOnLoadAttributes (668ms)
			ProcessInitializeOnLoadMethodAttributes (399ms)
			AfterProcessingInitializeOnLoad (21ms)
			EditorAssembliesLoaded (1ms)
		ExecutionOrderSort2 (0ms)
		AwakeInstancesAfterBackupRestoration (65ms)
Refreshing native plugins compatible for Editor in 32.57 ms, found 2 plugins.
Preloading 0 native plugins for Editor in 0.00 ms.
Unloading 3832 Unused Serialized files (Serialized files now loaded: 0)
Unloading 16 unused Assets / (27.6 KB). Loaded Objects now: 4700.
Memory consumption went from 140.2 MB to 140.2 MB.
Total: 15.211800 ms (FindLiveObjects: 0.621000 ms CreateObjectMapping: 0.787200 ms MarkObjects: 13.735500 ms  DeleteObjects: 0.066600 ms)

Prepare: number of updated asset objects reloaded= 0
AssetImportParameters requested are different than current active one (requested -> active):
  custom:scripting/monoscript/fileName/AdsManager.cs: 02def8582910908d167bbb9227855ef4 -> 
  custom:container-demuxer-ogg: 62fdf1f143b41e24485cea50d1cbac27 -> 
  custom:scripting/monoscript/fileName/LevelChangerDOTween.cs: 2ea35b7817de89e3c9bc7fb9c16c14c8 -> 
  custom:scripting/monoscript/fileName/AnalyticsManager.cs: a0ba2baafde2834ba142b7fe92ba996d -> 
  custom:video-decoder-ogg-theora: a1e56fd34408186e4bbccfd4996cb3dc -> 
  custom:scripting/monoscript/fileName/UpgradeShop.cs: 5fad3e7228b2cce1fa928888244f648c -> 
  custom:framework-win-MediaFoundation: 216162199b28c13a410421893ffa2e32 -> 
  custom:scripting/monoscript/fileName/RewardedAds.cs: d66570aae527af9da7222484b8264842 -> 
  custom:scripting/monoscript/fileName/NewBehaviourScript.cs: b21687ddb03d73bd9f0c1daecb9714de -> 
  custom:scripting/monoscript/fileName/ObjectPoolManager.cs: da9c366c131223b3e8881c65a4f04910 -> 
  custom:CustomObjectIndexerAttribute: 9a22284fe3817be447336de3de66b15e -> 
  custom:container-demuxer-webm: 4f35f7cbe854078d1ac9338744f61a02 -> 
  custom:container-muxer-webm: aa71ff27fc2769a1b78a27578f13a17b -> 
  custom:video-decoder-webm-vp8: 9c59270c3fd7afecdb556c50c9e8de78 -> 
  custom:scripting/monoscript/fileName/UpgradeAsset.cs: 5d0ce12d7184a3da40041fc92eb082d8 -> 
  custom:SearchIndexIgnoredProperties: e643bd26f0fe6173181afceb89e7c659 -> 
  custom:scripting/monoscript/fileName/InterstitialAds.cs: 6d333cb1dc24d5ddf3ec91bccefc0773 -> 
  custom:AudioImporter_EditorPlatform: d09bf68614088b80899f8185d706f6e7 -> 
  custom:scripting/monoscript/fileName/Upgrades.cs: efffe4420000c7dff7f2eae57efaf755 -> 
  custom:scripting/monoscript/fileName/MainMenuSceneChange.cs: d4425b768b31a0e779c58ed647aad071 -> 
  custom:scripting/monoscript/fileName/SavesYG.cs: c497cdc187148548f5d9a620311f9dc3 -> 
  custom:video-encoder-webm-vp8: eb34c28f22e8b96e1ab97ce403110664 -> 
  custom:audio-decoder-ogg-vorbis: bf7c407c2cedff20999df2af8eb42d56 -> 
  custom:scripting/monoscript/fileName/IAPHandler.cs: 9c0d60c35c8d51d2451fa8bafe956467 -> 
  custom:scripting/monoscript/fileName/ButtonsRewarded.cs: 07495e688444a91c62dfcd44c138345c -> 
  custom:audio-encoder-webm-vorbis: bf7c407c2cedff20999df2af8eb42d56 -> 
  custom:scripting/monoscript/fileName/PurchaseManager.cs: 7ccb736f003775a5e240eec74b533b6b -> 
  custom:scripting/monoscript/fileName/BuyUpgrade.cs: 7f5deeb882f8c1e3141ce9ef24e50525 -> 
  custom:scripting/precompiled-assembly-types:Assembly-CSharp: 84a93016e708813cd7ac1fa4a5636436 -> b6d5beae70893ec4483681e4771dab9e
========================================================================
Received Prepare
Caller must complete domain reload
Begin MonoManager ReloadAssembly
Symbol file LoadedFromMemory is not a mono symbol file
- Loaded All Assemblies, in  1.694 seconds
Native extension for WindowsStandalone target not found
Native extension for iOS target not found
Native extension for Android target not found
Native extension for WebGL target not found
Asset Pipeline Refresh (id=66c48ab869832f644ab5fd1068f46986): Total: 0.000 seconds - Initiated by StopAssetImportingV2(NoUpdateAssetOptions)
[ScriptCompilation] NOT recompiling all scripts because this is an import worker process. Reason to compile was: Define symbols changed
[ScriptCompilation] NOT recompiling all scripts because this is an import worker process. Reason to compile was: Define symbols changed
Mono: successfully reloaded assembly
- Finished resetting the current domain, in  2.326 seconds
Domain Reload Profiling: 4015ms
	BeginReloadAssembly (802ms)
		ExecutionOrderSort (0ms)
		DisableScriptedObjects (13ms)
		BackupInstance (0ms)
		ReleaseScriptingObjects (0ms)
		CreateAndSetChildDomain (74ms)
	RebuildCommonClasses (85ms)
	RebuildNativeTypeToScriptingClass (20ms)
	initialDomainReloadingComplete (50ms)
	LoadAllAssembliesAndSetupDomain (732ms)
		LoadAssemblies (797ms)
		RebuildTransferFunctionScriptingTraits (0ms)
		AnalyzeDomain (87ms)
			TypeCache.Refresh (32ms)
				TypeCache.ScanAssembly (8ms)
			ScanForSourceGeneratedMonoScriptInfo (38ms)
			ResolveRequiredComponents (16ms)
	FinalizeReload (2326ms)
		ReleaseScriptCaches (0ms)
		RebuildScriptCaches (0ms)
		SetupLoadedEditorAssemblies (1234ms)
			LogAssemblyErrors (0ms)
			InitializePlatformSupportModulesInManaged (66ms)
			SetLoadedEditorAssemblies (11ms)
			RefreshPlugins (0ms)
			BeforeProcessingInitializeOnLoad (192ms)
			ProcessInitializeOnLoadAttributes (671ms)
			ProcessInitializeOnLoadMethodAttributes (282ms)
			AfterProcessingInitializeOnLoad (11ms)
			EditorAssembliesLoaded (0ms)
		ExecutionOrderSort2 (0ms)
		AwakeInstancesAfterBackupRestoration (15ms)
Refreshing native plugins compatible for Editor in 14.16 ms, found 2 plugins.
Preloading 0 native plugins for Editor in 0.00 ms.
Unloading 3832 Unused Serialized files (Serialized files now loaded: 0)
Unloading 16 unused Assets / (27.6 KB). Loaded Objects now: 4703.
Memory consumption went from 140.2 MB to 140.2 MB.
Total: 18.887800 ms (FindLiveObjects: 0.519100 ms CreateObjectMapping: 0.364000 ms MarkObjects: 17.950200 ms  DeleteObjects: 0.052900 ms)

Prepare: number of updated asset objects reloaded= 0
AssetImportParameters requested are different than current active one (requested -> active):
  custom:scripting/monoscript/fileName/AdsManager.cs: 02def8582910908d167bbb9227855ef4 -> 
  custom:container-demuxer-ogg: 62fdf1f143b41e24485cea50d1cbac27 -> 
  custom:scripting/monoscript/fileName/LevelChangerDOTween.cs: 2ea35b7817de89e3c9bc7fb9c16c14c8 -> 
  custom:scripting/monoscript/fileName/AnalyticsManager.cs: a0ba2baafde2834ba142b7fe92ba996d -> 
  custom:video-decoder-ogg-theora: a1e56fd34408186e4bbccfd4996cb3dc -> 
  custom:scripting/monoscript/fileName/UpgradeShop.cs: 5fad3e7228b2cce1fa928888244f648c -> 
  custom:framework-win-MediaFoundation: 216162199b28c13a410421893ffa2e32 -> 
  custom:scripting/monoscript/fileName/RewardedAds.cs: d66570aae527af9da7222484b8264842 -> 
  custom:scripting/monoscript/fileName/NewBehaviourScript.cs: b21687ddb03d73bd9f0c1daecb9714de -> 
  custom:scripting/monoscript/fileName/ObjectPoolManager.cs: da9c366c131223b3e8881c65a4f04910 -> 
  custom:CustomObjectIndexerAttribute: 9a22284fe3817be447336de3de66b15e -> 
  custom:container-demuxer-webm: 4f35f7cbe854078d1ac9338744f61a02 -> 
  custom:container-muxer-webm: aa71ff27fc2769a1b78a27578f13a17b -> 
  custom:video-decoder-webm-vp8: 9c59270c3fd7afecdb556c50c9e8de78 -> 
  custom:scripting/monoscript/fileName/UpgradeAsset.cs: 5d0ce12d7184a3da40041fc92eb082d8 -> 
  custom:SearchIndexIgnoredProperties: e643bd26f0fe6173181afceb89e7c659 -> 
  custom:scripting/monoscript/fileName/InterstitialAds.cs: 6d333cb1dc24d5ddf3ec91bccefc0773 -> 
  custom:AudioImporter_EditorPlatform: d09bf68614088b80899f8185d706f6e7 -> 
  custom:scripting/monoscript/fileName/Upgrades.cs: efffe4420000c7dff7f2eae57efaf755 -> 
  custom:scripting/monoscript/fileName/MainMenuSceneChange.cs: d4425b768b31a0e779c58ed647aad071 -> 
  custom:scripting/monoscript/fileName/SavesYG.cs: c497cdc187148548f5d9a620311f9dc3 -> 
  custom:video-encoder-webm-vp8: eb34c28f22e8b96e1ab97ce403110664 -> 
  custom:audio-decoder-ogg-vorbis: bf7c407c2cedff20999df2af8eb42d56 -> 
  custom:scripting/monoscript/fileName/IAPHandler.cs: 9c0d60c35c8d51d2451fa8bafe956467 -> 
  custom:scripting/monoscript/fileName/ButtonsRewarded.cs: 07495e688444a91c62dfcd44c138345c -> 
  custom:audio-encoder-webm-vorbis: bf7c407c2cedff20999df2af8eb42d56 -> 
  custom:scripting/monoscript/fileName/PurchaseManager.cs: 7ccb736f003775a5e240eec74b533b6b -> 
  custom:scripting/monoscript/fileName/BuyUpgrade.cs: 7f5deeb882f8c1e3141ce9ef24e50525 -> 
  custom:scripting/precompiled-assembly-types:Assembly-CSharp: 84a93016e708813cd7ac1fa4a5636436 -> b6d5beae70893ec4483681e4771dab9e
========================================================================
Received Prepare
Caller must complete domain reload
Begin MonoManager ReloadAssembly
Symbol file LoadedFromMemory is not a mono symbol file
- Loaded All Assemblies, in  1.251 seconds
Native extension for WindowsStandalone target not found
Native extension for iOS target not found
Native extension for Android target not found
Native extension for WebGL target not found
Asset Pipeline Refresh (id=ee50833be628a9c419a029ea94d45d7f): Total: 0.000 seconds - Initiated by StopAssetImportingV2(NoUpdateAssetOptions)
[ScriptCompilation] NOT recompiling all scripts because this is an import worker process. Reason to compile was: Define symbols changed
[ScriptCompilation] NOT recompiling all scripts because this is an import worker process. Reason to compile was: Define symbols changed
Mono: successfully reloaded assembly
- Finished resetting the current domain, in  2.674 seconds
Domain Reload Profiling: 3924ms
	BeginReloadAssembly (681ms)
		ExecutionOrderSort (0ms)
		DisableScriptedObjects (11ms)
		BackupInstance (0ms)
		ReleaseScriptingObjects (0ms)
		CreateAndSetChildDomain (54ms)
	RebuildCommonClasses (62ms)
	RebuildNativeTypeToScriptingClass (20ms)
	initialDomainReloadingComplete (46ms)
	LoadAllAssembliesAndSetupDomain (439ms)
		LoadAssemblies (559ms)
		RebuildTransferFunctionScriptingTraits (0ms)
		AnalyzeDomain (28ms)
			TypeCache.Refresh (13ms)
				TypeCache.ScanAssembly (0ms)
			ScanForSourceGeneratedMonoScriptInfo (0ms)
			ResolveRequiredComponents (13ms)
	FinalizeReload (2676ms)
		ReleaseScriptCaches (0ms)
		RebuildScriptCaches (0ms)
		SetupLoadedEditorAssemblies (1714ms)
			LogAssemblyErrors (0ms)
			InitializePlatformSupportModulesInManaged (64ms)
			SetLoadedEditorAssemblies (8ms)
			RefreshPlugins (0ms)
			BeforeProcessingInitializeOnLoad (149ms)
			ProcessInitializeOnLoadAttributes (786ms)
			ProcessInitializeOnLoadMethodAttributes (684ms)
			AfterProcessingInitializeOnLoad (22ms)
			EditorAssembliesLoaded (1ms)
		ExecutionOrderSort2 (0ms)
		AwakeInstancesAfterBackupRestoration (29ms)
Refreshing native plugins compatible for Editor in 54.86 ms, found 2 plugins.
Preloading 0 native plugins for Editor in 0.00 ms.
Unloading 3832 Unused Serialized files (Serialized files now loaded: 0)
Unloading 16 unused Assets / (27.6 KB). Loaded Objects now: 4706.
Memory consumption went from 140.2 MB to 140.2 MB.
Total: 49.331300 ms (FindLiveObjects: 1.609000 ms CreateObjectMapping: 0.889700 ms MarkObjects: 46.699000 ms  DeleteObjects: 0.131700 ms)

Prepare: number of updated asset objects reloaded= 0
AssetImportParameters requested are different than current active one (requested -> active):
  custom:scripting/monoscript/fileName/AdsManager.cs: 02def8582910908d167bbb9227855ef4 -> 
  custom:container-demuxer-ogg: 62fdf1f143b41e24485cea50d1cbac27 -> 
  custom:scripting/monoscript/fileName/LevelChangerDOTween.cs: 2ea35b7817de89e3c9bc7fb9c16c14c8 -> 
  custom:scripting/monoscript/fileName/AnalyticsManager.cs: a0ba2baafde2834ba142b7fe92ba996d -> 
  custom:video-decoder-ogg-theora: a1e56fd34408186e4bbccfd4996cb3dc -> 
  custom:scripting/monoscript/fileName/UpgradeShop.cs: 5fad3e7228b2cce1fa928888244f648c -> 
  custom:framework-win-MediaFoundation: 216162199b28c13a410421893ffa2e32 -> 
  custom:scripting/monoscript/fileName/RewardedAds.cs: d66570aae527af9da7222484b8264842 -> 
  custom:scripting/monoscript/fileName/NewBehaviourScript.cs: b21687ddb03d73bd9f0c1daecb9714de -> 
  custom:scripting/monoscript/fileName/ObjectPoolManager.cs: da9c366c131223b3e8881c65a4f04910 -> 
  custom:CustomObjectIndexerAttribute: 9a22284fe3817be447336de3de66b15e -> 
  custom:container-demuxer-webm: 4f35f7cbe854078d1ac9338744f61a02 -> 
  custom:container-muxer-webm: aa71ff27fc2769a1b78a27578f13a17b -> 
  custom:video-decoder-webm-vp8: 9c59270c3fd7afecdb556c50c9e8de78 -> 
  custom:scripting/monoscript/fileName/UpgradeAsset.cs: 5d0ce12d7184a3da40041fc92eb082d8 -> 
  custom:SearchIndexIgnoredProperties: e643bd26f0fe6173181afceb89e7c659 -> 
  custom:scripting/monoscript/fileName/InterstitialAds.cs: 6d333cb1dc24d5ddf3ec91bccefc0773 -> 
  custom:AudioImporter_EditorPlatform: d09bf68614088b80899f8185d706f6e7 -> 
  custom:scripting/monoscript/fileName/Upgrades.cs: efffe4420000c7dff7f2eae57efaf755 -> 
  custom:scripting/monoscript/fileName/MainMenuSceneChange.cs: d4425b768b31a0e779c58ed647aad071 -> 
  custom:scripting/monoscript/fileName/SavesYG.cs: c497cdc187148548f5d9a620311f9dc3 -> 
  custom:video-encoder-webm-vp8: eb34c28f22e8b96e1ab97ce403110664 -> 
  custom:audio-decoder-ogg-vorbis: bf7c407c2cedff20999df2af8eb42d56 -> 
  custom:scripting/monoscript/fileName/IAPHandler.cs: 9c0d60c35c8d51d2451fa8bafe956467 -> 
  custom:scripting/monoscript/fileName/ButtonsRewarded.cs: 07495e688444a91c62dfcd44c138345c -> 
  custom:audio-encoder-webm-vorbis: bf7c407c2cedff20999df2af8eb42d56 -> 
  custom:scripting/monoscript/fileName/PurchaseManager.cs: 7ccb736f003775a5e240eec74b533b6b -> 
  custom:scripting/monoscript/fileName/BuyUpgrade.cs: 7f5deeb882f8c1e3141ce9ef24e50525 -> 
  custom:scripting/precompiled-assembly-types:Assembly-CSharp: 84a93016e708813cd7ac1fa4a5636436 -> b6d5beae70893ec4483681e4771dab9e
========================================================================
Received Prepare
Caller must complete domain reload
Begin MonoManager ReloadAssembly
Symbol file LoadedFromMemory is not a mono symbol file
- Loaded All Assemblies, in  1.833 seconds
Native extension for WindowsStandalone target not found
Native extension for iOS target not found
Native extension for Android target not found
Native extension for WebGL target not found
Asset Pipeline Refresh (id=af5c3f7bff87ed8489020aefbf67d90d): Total: 0.000 seconds - Initiated by StopAssetImportingV2(NoUpdateAssetOptions)
[ScriptCompilation] NOT recompiling all scripts because this is an import worker process. Reason to compile was: Define symbols changed
[ScriptCompilation] NOT recompiling all scripts because this is an import worker process. Reason to compile was: Define symbols changed
Mono: successfully reloaded assembly
- Finished resetting the current domain, in  2.318 seconds
Domain Reload Profiling: 4145ms
	BeginReloadAssembly (1019ms)
		ExecutionOrderSort (0ms)
		DisableScriptedObjects (14ms)
		BackupInstance (0ms)
		ReleaseScriptingObjects (0ms)
		CreateAndSetChildDomain (130ms)
	RebuildCommonClasses (96ms)
	RebuildNativeTypeToScriptingClass (25ms)
	initialDomainReloadingComplete (69ms)
	LoadAllAssembliesAndSetupDomain (616ms)
		LoadAssemblies (748ms)
		RebuildTransferFunctionScriptingTraits (0ms)
		AnalyzeDomain (60ms)
			TypeCache.Refresh (21ms)
				TypeCache.ScanAssembly (6ms)
			ScanForSourceGeneratedMonoScriptInfo (25ms)
			ResolveRequiredComponents (12ms)
	FinalizeReload (2319ms)
		ReleaseScriptCaches (0ms)
		RebuildScriptCaches (0ms)
		SetupLoadedEditorAssemblies (1463ms)
			LogAssemblyErrors (0ms)
			InitializePlatformSupportModulesInManaged (61ms)
			SetLoadedEditorAssemblies (10ms)
			RefreshPlugins (0ms)
			BeforeProcessingInitializeOnLoad (131ms)
			ProcessInitializeOnLoadAttributes (817ms)
			ProcessInitializeOnLoadMethodAttributes (429ms)
			AfterProcessingInitializeOnLoad (15ms)
			EditorAssembliesLoaded (1ms)
		ExecutionOrderSort2 (0ms)
		AwakeInstancesAfterBackupRestoration (18ms)
Refreshing native plugins compatible for Editor in 29.50 ms, found 2 plugins.
Preloading 0 native plugins for Editor in 0.00 ms.
Unloading 3832 Unused Serialized files (Serialized files now loaded: 0)
Unloading 16 unused Assets / (27.5 KB). Loaded Objects now: 4709.
Memory consumption went from 140.2 MB to 140.2 MB.
Total: 15.099000 ms (FindLiveObjects: 0.476200 ms CreateObjectMapping: 0.434600 ms MarkObjects: 14.085500 ms  DeleteObjects: 0.100600 ms)

Prepare: number of updated asset objects reloaded= 0
AssetImportParameters requested are different than current active one (requested -> active):
  custom:scripting/monoscript/fileName/AdsManager.cs: 02def8582910908d167bbb9227855ef4 -> 
  custom:container-demuxer-ogg: 62fdf1f143b41e24485cea50d1cbac27 -> 
  custom:scripting/monoscript/fileName/LevelChangerDOTween.cs: 2ea35b7817de89e3c9bc7fb9c16c14c8 -> 
  custom:scripting/monoscript/fileName/AnalyticsManager.cs: a0ba2baafde2834ba142b7fe92ba996d -> 
  custom:video-decoder-ogg-theora: a1e56fd34408186e4bbccfd4996cb3dc -> 
  custom:scripting/monoscript/fileName/UpgradeShop.cs: 5fad3e7228b2cce1fa928888244f648c -> 
  custom:framework-win-MediaFoundation: 216162199b28c13a410421893ffa2e32 -> 
  custom:scripting/monoscript/fileName/RewardedAds.cs: d66570aae527af9da7222484b8264842 -> 
  custom:scripting/monoscript/fileName/NewBehaviourScript.cs: b21687ddb03d73bd9f0c1daecb9714de -> 
  custom:scripting/monoscript/fileName/ObjectPoolManager.cs: da9c366c131223b3e8881c65a4f04910 -> 
  custom:CustomObjectIndexerAttribute: 9a22284fe3817be447336de3de66b15e -> 
  custom:container-demuxer-webm: 4f35f7cbe854078d1ac9338744f61a02 -> 
  custom:container-muxer-webm: aa71ff27fc2769a1b78a27578f13a17b -> 
  custom:video-decoder-webm-vp8: 9c59270c3fd7afecdb556c50c9e8de78 -> 
  custom:scripting/monoscript/fileName/UpgradeAsset.cs: 5d0ce12d7184a3da40041fc92eb082d8 -> 
  custom:SearchIndexIgnoredProperties: e643bd26f0fe6173181afceb89e7c659 -> 
  custom:scripting/monoscript/fileName/InterstitialAds.cs: 6d333cb1dc24d5ddf3ec91bccefc0773 -> 
  custom:AudioImporter_EditorPlatform: d09bf68614088b80899f8185d706f6e7 -> 
  custom:scripting/monoscript/fileName/Upgrades.cs: efffe4420000c7dff7f2eae57efaf755 -> 
  custom:scripting/monoscript/fileName/MainMenuSceneChange.cs: d4425b768b31a0e779c58ed647aad071 -> 
  custom:scripting/monoscript/fileName/SavesYG.cs: c497cdc187148548f5d9a620311f9dc3 -> 
  custom:video-encoder-webm-vp8: eb34c28f22e8b96e1ab97ce403110664 -> 
  custom:audio-decoder-ogg-vorbis: bf7c407c2cedff20999df2af8eb42d56 -> 
  custom:scripting/monoscript/fileName/IAPHandler.cs: 9c0d60c35c8d51d2451fa8bafe956467 -> 
  custom:scripting/monoscript/fileName/ButtonsRewarded.cs: 07495e688444a91c62dfcd44c138345c -> 
  custom:audio-encoder-webm-vorbis: bf7c407c2cedff20999df2af8eb42d56 -> 
  custom:scripting/monoscript/fileName/PurchaseManager.cs: 7ccb736f003775a5e240eec74b533b6b -> 
  custom:scripting/monoscript/fileName/BuyUpgrade.cs: 7f5deeb882f8c1e3141ce9ef24e50525 -> 
  custom:scripting/precompiled-assembly-types:Assembly-CSharp: 84a93016e708813cd7ac1fa4a5636436 -> b6d5beae70893ec4483681e4771dab9e
========================================================================
Received Prepare
Caller must complete domain reload
Begin MonoManager ReloadAssembly
Symbol file LoadedFromMemory is not a mono symbol file
- Loaded All Assemblies, in  1.236 seconds
Native extension for WindowsStandalone target not found
Native extension for iOS target not found
Native extension for Android target not found
Native extension for WebGL target not found
Asset Pipeline Refresh (id=e505e0e25b6a64643a945f008a45e5ef): Total: 0.000 seconds - Initiated by StopAssetImportingV2(NoUpdateAssetOptions)
[ScriptCompilation] NOT recompiling all scripts because this is an import worker process. Reason to compile was: Define symbols changed
[ScriptCompilation] NOT recompiling all scripts because this is an import worker process. Reason to compile was: Define symbols changed
Mono: successfully reloaded assembly
- Finished resetting the current domain, in  2.135 seconds
Domain Reload Profiling: 3368ms
	BeginReloadAssembly (686ms)
		ExecutionOrderSort (0ms)
		DisableScriptedObjects (12ms)
		BackupInstance (0ms)
		ReleaseScriptingObjects (0ms)
		CreateAndSetChildDomain (54ms)
	RebuildCommonClasses (57ms)
	RebuildNativeTypeToScriptingClass (25ms)
	initialDomainReloadingComplete (53ms)
	LoadAllAssembliesAndSetupDomain (411ms)
		LoadAssemblies (543ms)
		RebuildTransferFunctionScriptingTraits (0ms)
		AnalyzeDomain (23ms)
			TypeCache.Refresh (8ms)
				TypeCache.ScanAssembly (0ms)
			ScanForSourceGeneratedMonoScriptInfo (0ms)
			ResolveRequiredComponents (13ms)
	FinalizeReload (2136ms)
		ReleaseScriptCaches (0ms)
		RebuildScriptCaches (0ms)
		SetupLoadedEditorAssemblies (1200ms)
			LogAssemblyErrors (0ms)
			InitializePlatformSupportModulesInManaged (64ms)
			SetLoadedEditorAssemblies (6ms)
			RefreshPlugins (0ms)
			BeforeProcessingInitializeOnLoad (125ms)
			ProcessInitializeOnLoadAttributes (660ms)
			ProcessInitializeOnLoadMethodAttributes (329ms)
			AfterProcessingInitializeOnLoad (14ms)
			EditorAssembliesLoaded (1ms)
		ExecutionOrderSort2 (0ms)
		AwakeInstancesAfterBackupRestoration (19ms)
Refreshing native plugins compatible for Editor in 20.23 ms, found 2 plugins.
Preloading 0 native plugins for Editor in 0.00 ms.
Unloading 3832 Unused Serialized files (Serialized files now loaded: 0)
Unloading 16 unused Assets / (27.6 KB). Loaded Objects now: 4712.
Memory consumption went from 140.2 MB to 140.2 MB.
Total: 24.545500 ms (FindLiveObjects: 0.879400 ms CreateObjectMapping: 0.467000 ms MarkObjects: 23.098700 ms  DeleteObjects: 0.098300 ms)

Prepare: number of updated asset objects reloaded= 0
AssetImportParameters requested are different than current active one (requested -> active):
  custom:scripting/monoscript/fileName/AdsManager.cs: 02def8582910908d167bbb9227855ef4 -> 
  custom:container-demuxer-ogg: 62fdf1f143b41e24485cea50d1cbac27 -> 
  custom:scripting/monoscript/fileName/LevelChangerDOTween.cs: 2ea35b7817de89e3c9bc7fb9c16c14c8 -> 
  custom:scripting/monoscript/fileName/AnalyticsManager.cs: a0ba2baafde2834ba142b7fe92ba996d -> 
  custom:video-decoder-ogg-theora: a1e56fd34408186e4bbccfd4996cb3dc -> 
  custom:scripting/monoscript/fileName/UpgradeShop.cs: 5fad3e7228b2cce1fa928888244f648c -> 
  custom:framework-win-MediaFoundation: 216162199b28c13a410421893ffa2e32 -> 
  custom:scripting/monoscript/fileName/RewardedAds.cs: d66570aae527af9da7222484b8264842 -> 
  custom:scripting/monoscript/fileName/NewBehaviourScript.cs: b21687ddb03d73bd9f0c1daecb9714de -> 
  custom:scripting/monoscript/fileName/ObjectPoolManager.cs: da9c366c131223b3e8881c65a4f04910 -> 
  custom:CustomObjectIndexerAttribute: 9a22284fe3817be447336de3de66b15e -> 
  custom:container-demuxer-webm: 4f35f7cbe854078d1ac9338744f61a02 -> 
  custom:container-muxer-webm: aa71ff27fc2769a1b78a27578f13a17b -> 
  custom:video-decoder-webm-vp8: 9c59270c3fd7afecdb556c50c9e8de78 -> 
  custom:scripting/monoscript/fileName/UpgradeAsset.cs: 5d0ce12d7184a3da40041fc92eb082d8 -> 
  custom:SearchIndexIgnoredProperties: e643bd26f0fe6173181afceb89e7c659 -> 
  custom:scripting/monoscript/fileName/InterstitialAds.cs: 6d333cb1dc24d5ddf3ec91bccefc0773 -> 
  custom:AudioImporter_EditorPlatform: d09bf68614088b80899f8185d706f6e7 -> 
  custom:scripting/monoscript/fileName/Upgrades.cs: efffe4420000c7dff7f2eae57efaf755 -> 
  custom:scripting/monoscript/fileName/MainMenuSceneChange.cs: d4425b768b31a0e779c58ed647aad071 -> 
  custom:scripting/monoscript/fileName/SavesYG.cs: c497cdc187148548f5d9a620311f9dc3 -> 
  custom:video-encoder-webm-vp8: eb34c28f22e8b96e1ab97ce403110664 -> 
  custom:audio-decoder-ogg-vorbis: bf7c407c2cedff20999df2af8eb42d56 -> 
  custom:scripting/monoscript/fileName/IAPHandler.cs: 9c0d60c35c8d51d2451fa8bafe956467 -> 
  custom:scripting/monoscript/fileName/ButtonsRewarded.cs: 07495e688444a91c62dfcd44c138345c -> 
  custom:audio-encoder-webm-vorbis: bf7c407c2cedff20999df2af8eb42d56 -> 
  custom:scripting/monoscript/fileName/PurchaseManager.cs: 7ccb736f003775a5e240eec74b533b6b -> 
  custom:scripting/monoscript/fileName/BuyUpgrade.cs: 7f5deeb882f8c1e3141ce9ef24e50525 -> 
  custom:scripting/precompiled-assembly-types:Assembly-CSharp: 84a93016e708813cd7ac1fa4a5636436 -> b6d5beae70893ec4483681e4771dab9e
========================================================================
Received Prepare
Caller must complete domain reload
Begin MonoManager ReloadAssembly
Symbol file LoadedFromMemory is not a mono symbol file
- Loaded All Assemblies, in  0.992 seconds
Native extension for WindowsStandalone target not found
Native extension for iOS target not found
Native extension for Android target not found
Native extension for WebGL target not found
Asset Pipeline Refresh (id=d3cc2ba261caf9346b21b95f1724df88): Total: 0.000 seconds - Initiated by StopAssetImportingV2(NoUpdateAssetOptions)
[ScriptCompilation] NOT recompiling all scripts because this is an import worker process. Reason to compile was: Define symbols changed
[ScriptCompilation] NOT recompiling all scripts because this is an import worker process. Reason to compile was: Define symbols changed
Mono: successfully reloaded assembly
- Finished resetting the current domain, in  1.465 seconds
Domain Reload Profiling: 2456ms
	BeginReloadAssembly (541ms)
		ExecutionOrderSort (0ms)
		DisableScriptedObjects (7ms)
		BackupInstance (0ms)
		ReleaseScriptingObjects (0ms)
		CreateAndSetChildDomain (48ms)
	RebuildCommonClasses (57ms)
	RebuildNativeTypeToScriptingClass (15ms)
	initialDomainReloadingComplete (39ms)
	LoadAllAssembliesAndSetupDomain (339ms)
		LoadAssemblies (407ms)
		RebuildTransferFunctionScriptingTraits (0ms)
		AnalyzeDomain (39ms)
			TypeCache.Refresh (18ms)
				TypeCache.ScanAssembly (5ms)
			ScanForSourceGeneratedMonoScriptInfo (15ms)
			ResolveRequiredComponents (6ms)
	FinalizeReload (1466ms)
		ReleaseScriptCaches (0ms)
		RebuildScriptCaches (0ms)
		SetupLoadedEditorAssemblies (736ms)
			LogAssemblyErrors (0ms)
			InitializePlatformSupportModulesInManaged (37ms)
			SetLoadedEditorAssemblies (6ms)
			RefreshPlugins (0ms)
			BeforeProcessingInitializeOnLoad (84ms)
			ProcessInitializeOnLoadAttributes (399ms)
			ProcessInitializeOnLoadMethodAttributes (199ms)
			AfterProcessingInitializeOnLoad (11ms)
			EditorAssembliesLoaded (0ms)
		ExecutionOrderSort2 (0ms)
		AwakeInstancesAfterBackupRestoration (13ms)
Refreshing native plugins compatible for Editor in 11.69 ms, found 2 plugins.
Preloading 0 native plugins for Editor in 0.00 ms.
Unloading 3832 Unused Serialized files (Serialized files now loaded: 0)
Unloading 16 unused Assets / (27.5 KB). Loaded Objects now: 4715.
Memory consumption went from 140.2 MB to 140.2 MB.
Total: 7.915600 ms (FindLiveObjects: 0.355200 ms CreateObjectMapping: 0.303900 ms MarkObjects: 7.204200 ms  DeleteObjects: 0.051000 ms)

Prepare: number of updated asset objects reloaded= 0
AssetImportParameters requested are different than current active one (requested -> active):
  custom:scripting/monoscript/fileName/AdsManager.cs: 02def8582910908d167bbb9227855ef4 -> 
  custom:container-demuxer-ogg: 62fdf1f143b41e24485cea50d1cbac27 -> 
  custom:scripting/monoscript/fileName/LevelChangerDOTween.cs: 2ea35b7817de89e3c9bc7fb9c16c14c8 -> 
  custom:scripting/monoscript/fileName/AnalyticsManager.cs: a0ba2baafde2834ba142b7fe92ba996d -> 
  custom:video-decoder-ogg-theora: a1e56fd34408186e4bbccfd4996cb3dc -> 
  custom:scripting/monoscript/fileName/UpgradeShop.cs: 5fad3e7228b2cce1fa928888244f648c -> 
  custom:framework-win-MediaFoundation: 216162199b28c13a410421893ffa2e32 -> 
  custom:scripting/monoscript/fileName/RewardedAds.cs: d66570aae527af9da7222484b8264842 -> 
  custom:scripting/monoscript/fileName/NewBehaviourScript.cs: b21687ddb03d73bd9f0c1daecb9714de -> 
  custom:scripting/monoscript/fileName/ObjectPoolManager.cs: da9c366c131223b3e8881c65a4f04910 -> 
  custom:CustomObjectIndexerAttribute: 9a22284fe3817be447336de3de66b15e -> 
  custom:container-demuxer-webm: 4f35f7cbe854078d1ac9338744f61a02 -> 
  custom:container-muxer-webm: aa71ff27fc2769a1b78a27578f13a17b -> 
  custom:video-decoder-webm-vp8: 9c59270c3fd7afecdb556c50c9e8de78 -> 
  custom:scripting/monoscript/fileName/UpgradeAsset.cs: 5d0ce12d7184a3da40041fc92eb082d8 -> 
  custom:SearchIndexIgnoredProperties: e643bd26f0fe6173181afceb89e7c659 -> 
  custom:scripting/monoscript/fileName/InterstitialAds.cs: 6d333cb1dc24d5ddf3ec91bccefc0773 -> 
  custom:AudioImporter_EditorPlatform: d09bf68614088b80899f8185d706f6e7 -> 
  custom:scripting/monoscript/fileName/Upgrades.cs: efffe4420000c7dff7f2eae57efaf755 -> 
  custom:scripting/monoscript/fileName/MainMenuSceneChange.cs: d4425b768b31a0e779c58ed647aad071 -> 
  custom:scripting/monoscript/fileName/SavesYG.cs: c497cdc187148548f5d9a620311f9dc3 -> 
  custom:video-encoder-webm-vp8: eb34c28f22e8b96e1ab97ce403110664 -> 
  custom:audio-decoder-ogg-vorbis: bf7c407c2cedff20999df2af8eb42d56 -> 
  custom:scripting/monoscript/fileName/IAPHandler.cs: 9c0d60c35c8d51d2451fa8bafe956467 -> 
  custom:scripting/monoscript/fileName/ButtonsRewarded.cs: 07495e688444a91c62dfcd44c138345c -> 
  custom:audio-encoder-webm-vorbis: bf7c407c2cedff20999df2af8eb42d56 -> 
  custom:scripting/monoscript/fileName/PurchaseManager.cs: 7ccb736f003775a5e240eec74b533b6b -> 
  custom:scripting/monoscript/fileName/BuyUpgrade.cs: 7f5deeb882f8c1e3141ce9ef24e50525 -> 
  custom:scripting/precompiled-assembly-types:Assembly-CSharp: 84a93016e708813cd7ac1fa4a5636436 -> b6d5beae70893ec4483681e4771dab9e
========================================================================
Received Prepare
Caller must complete domain reload
Begin MonoManager ReloadAssembly
Symbol file LoadedFromMemory is not a mono symbol file
- Loaded All Assemblies, in  0.860 seconds
Native extension for WindowsStandalone target not found
Native extension for iOS target not found
Native extension for Android target not found
Native extension for WebGL target not found
Asset Pipeline Refresh (id=af8a73f6536edda488ad47b2590ffaba): Total: 0.000 seconds - Initiated by StopAssetImportingV2(NoUpdateAssetOptions)
[ScriptCompilation] NOT recompiling all scripts because this is an import worker process. Reason to compile was: Define symbols changed
[ScriptCompilation] NOT recompiling all scripts because this is an import worker process. Reason to compile was: Define symbols changed
Mono: successfully reloaded assembly
- Finished resetting the current domain, in  1.483 seconds
Domain Reload Profiling: 2342ms
	BeginReloadAssembly (444ms)
		ExecutionOrderSort (0ms)
		DisableScriptedObjects (10ms)
		BackupInstance (0ms)
		ReleaseScriptingObjects (0ms)
		CreateAndSetChildDomain (37ms)
	RebuildCommonClasses (38ms)
	RebuildNativeTypeToScriptingClass (14ms)
	initialDomainReloadingComplete (36ms)
	LoadAllAssembliesAndSetupDomain (327ms)
		LoadAssemblies (402ms)
		RebuildTransferFunctionScriptingTraits (0ms)
		AnalyzeDomain (16ms)
			TypeCache.Refresh (6ms)
				TypeCache.ScanAssembly (0ms)
			ScanForSourceGeneratedMonoScriptInfo (0ms)
			ResolveRequiredComponents (9ms)
	FinalizeReload (1484ms)
		ReleaseScriptCaches (0ms)
		RebuildScriptCaches (0ms)
		SetupLoadedEditorAssemblies (889ms)
			LogAssemblyErrors (0ms)
			InitializePlatformSupportModulesInManaged (48ms)
			SetLoadedEditorAssemblies (4ms)
			RefreshPlugins (0ms)
			BeforeProcessingInitializeOnLoad (101ms)
			ProcessInitializeOnLoadAttributes (486ms)
			ProcessInitializeOnLoadMethodAttributes (242ms)
			AfterProcessingInitializeOnLoad (8ms)
			EditorAssembliesLoaded (0ms)
		ExecutionOrderSort2 (0ms)
		AwakeInstancesAfterBackupRestoration (12ms)
Refreshing native plugins compatible for Editor in 46.19 ms, found 2 plugins.
Preloading 0 native plugins for Editor in 0.00 ms.
Unloading 3832 Unused Serialized files (Serialized files now loaded: 0)
Unloading 16 unused Assets / (27.7 KB). Loaded Objects now: 4718.
Memory consumption went from 140.2 MB to 140.2 MB.
Total: 15.377900 ms (FindLiveObjects: 0.425400 ms CreateObjectMapping: 0.324600 ms MarkObjects: 14.552800 ms  DeleteObjects: 0.073600 ms)

Prepare: number of updated asset objects reloaded= 0
AssetImportParameters requested are different than current active one (requested -> active):
  custom:scripting/monoscript/fileName/AdsManager.cs: 02def8582910908d167bbb9227855ef4 -> 
  custom:container-demuxer-ogg: 62fdf1f143b41e24485cea50d1cbac27 -> 
  custom:scripting/monoscript/fileName/LevelChangerDOTween.cs: 2ea35b7817de89e3c9bc7fb9c16c14c8 -> 
  custom:scripting/monoscript/fileName/AnalyticsManager.cs: a0ba2baafde2834ba142b7fe92ba996d -> 
  custom:video-decoder-ogg-theora: a1e56fd34408186e4bbccfd4996cb3dc -> 
  custom:scripting/monoscript/fileName/UpgradeShop.cs: 5fad3e7228b2cce1fa928888244f648c -> 
  custom:framework-win-MediaFoundation: 216162199b28c13a410421893ffa2e32 -> 
  custom:scripting/monoscript/fileName/RewardedAds.cs: d66570aae527af9da7222484b8264842 -> 
  custom:scripting/monoscript/fileName/NewBehaviourScript.cs: b21687ddb03d73bd9f0c1daecb9714de -> 
  custom:scripting/monoscript/fileName/ObjectPoolManager.cs: da9c366c131223b3e8881c65a4f04910 -> 
  custom:CustomObjectIndexerAttribute: 9a22284fe3817be447336de3de66b15e -> 
  custom:container-demuxer-webm: 4f35f7cbe854078d1ac9338744f61a02 -> 
  custom:container-muxer-webm: aa71ff27fc2769a1b78a27578f13a17b -> 
  custom:video-decoder-webm-vp8: 9c59270c3fd7afecdb556c50c9e8de78 -> 
  custom:scripting/monoscript/fileName/UpgradeAsset.cs: 5d0ce12d7184a3da40041fc92eb082d8 -> 
  custom:SearchIndexIgnoredProperties: e643bd26f0fe6173181afceb89e7c659 -> 
  custom:scripting/monoscript/fileName/InterstitialAds.cs: 6d333cb1dc24d5ddf3ec91bccefc0773 -> 
  custom:AudioImporter_EditorPlatform: d09bf68614088b80899f8185d706f6e7 -> 
  custom:scripting/monoscript/fileName/Upgrades.cs: efffe4420000c7dff7f2eae57efaf755 -> 
  custom:scripting/monoscript/fileName/MainMenuSceneChange.cs: d4425b768b31a0e779c58ed647aad071 -> 
  custom:scripting/monoscript/fileName/SavesYG.cs: c497cdc187148548f5d9a620311f9dc3 -> 
  custom:video-encoder-webm-vp8: eb34c28f22e8b96e1ab97ce403110664 -> 
  custom:audio-decoder-ogg-vorbis: bf7c407c2cedff20999df2af8eb42d56 -> 
  custom:scripting/monoscript/fileName/IAPHandler.cs: 9c0d60c35c8d51d2451fa8bafe956467 -> 
  custom:scripting/monoscript/fileName/ButtonsRewarded.cs: 07495e688444a91c62dfcd44c138345c -> 
  custom:audio-encoder-webm-vorbis: bf7c407c2cedff20999df2af8eb42d56 -> 
  custom:scripting/monoscript/fileName/PurchaseManager.cs: 7ccb736f003775a5e240eec74b533b6b -> 
  custom:scripting/monoscript/fileName/BuyUpgrade.cs: 7f5deeb882f8c1e3141ce9ef24e50525 -> 
  custom:scripting/precompiled-assembly-types:Assembly-CSharp: 84a93016e708813cd7ac1fa4a5636436 -> b6d5beae70893ec4483681e4771dab9e
========================================================================
Received Prepare
Caller must complete domain reload
Begin MonoManager ReloadAssembly
Symbol file LoadedFromMemory is not a mono symbol file
- Loaded All Assemblies, in  1.554 seconds
Native extension for WindowsStandalone target not found
Native extension for iOS target not found
Native extension for Android target not found
Native extension for WebGL target not found
Asset Pipeline Refresh (id=776950d4d95a0bd41980769332c7406a): Total: 0.000 seconds - Initiated by StopAssetImportingV2(NoUpdateAssetOptions)
[ScriptCompilation] NOT recompiling all scripts because this is an import worker process. Reason to compile was: Define symbols changed
[ScriptCompilation] NOT recompiling all scripts because this is an import worker process. Reason to compile was: Define symbols changed
Mono: successfully reloaded assembly
- Finished resetting the current domain, in  2.264 seconds
Domain Reload Profiling: 3813ms
	BeginReloadAssembly (829ms)
		ExecutionOrderSort (0ms)
		DisableScriptedObjects (10ms)
		BackupInstance (0ms)
		ReleaseScriptingObjects (0ms)
		CreateAndSetChildDomain (58ms)
	RebuildCommonClasses (82ms)
	RebuildNativeTypeToScriptingClass (26ms)
	initialDomainReloadingComplete (62ms)
	LoadAllAssembliesAndSetupDomain (549ms)
		LoadAssemblies (655ms)
		RebuildTransferFunctionScriptingTraits (0ms)
		AnalyzeDomain (71ms)
			TypeCache.Refresh (27ms)
				TypeCache.ScanAssembly (8ms)
			ScanForSourceGeneratedMonoScriptInfo (29ms)
			ResolveRequiredComponents (14ms)
	FinalizeReload (2265ms)
		ReleaseScriptCaches (0ms)
		RebuildScriptCaches (0ms)
		SetupLoadedEditorAssemblies (1301ms)
			LogAssemblyErrors (0ms)
			InitializePlatformSupportModulesInManaged (63ms)
			SetLoadedEditorAssemblies (8ms)
			RefreshPlugins (0ms)
			BeforeProcessingInitializeOnLoad (165ms)
			ProcessInitializeOnLoadAttributes (669ms)
			ProcessInitializeOnLoadMethodAttributes (382ms)
			AfterProcessingInitializeOnLoad (13ms)
			EditorAssembliesLoaded (1ms)
		ExecutionOrderSort2 (0ms)
		AwakeInstancesAfterBackupRestoration (18ms)
Refreshing native plugins compatible for Editor in 15.34 ms, found 2 plugins.
Preloading 0 native plugins for Editor in 0.00 ms.
Unloading 3832 Unused Serialized files (Serialized files now loaded: 0)
Unloading 16 unused Assets / (27.6 KB). Loaded Objects now: 4721.
Memory consumption went from 140.2 MB to 140.2 MB.
Total: 13.887900 ms (FindLiveObjects: 0.752700 ms CreateObjectMapping: 0.503100 ms MarkObjects: 12.578900 ms  DeleteObjects: 0.051800 ms)

Prepare: number of updated asset objects reloaded= 0
AssetImportParameters requested are different than current active one (requested -> active):
  custom:scripting/monoscript/fileName/AdsManager.cs: 02def8582910908d167bbb9227855ef4 -> 
  custom:container-demuxer-ogg: 62fdf1f143b41e24485cea50d1cbac27 -> 
  custom:scripting/monoscript/fileName/LevelChangerDOTween.cs: 2ea35b7817de89e3c9bc7fb9c16c14c8 -> 
  custom:scripting/monoscript/fileName/AnalyticsManager.cs: a0ba2baafde2834ba142b7fe92ba996d -> 
  custom:video-decoder-ogg-theora: a1e56fd34408186e4bbccfd4996cb3dc -> 
  custom:scripting/monoscript/fileName/UpgradeShop.cs: 5fad3e7228b2cce1fa928888244f648c -> 
  custom:framework-win-MediaFoundation: 216162199b28c13a410421893ffa2e32 -> 
  custom:scripting/monoscript/fileName/RewardedAds.cs: d66570aae527af9da7222484b8264842 -> 
  custom:scripting/monoscript/fileName/NewBehaviourScript.cs: b21687ddb03d73bd9f0c1daecb9714de -> 
  custom:scripting/monoscript/fileName/ObjectPoolManager.cs: da9c366c131223b3e8881c65a4f04910 -> 
  custom:CustomObjectIndexerAttribute: 9a22284fe3817be447336de3de66b15e -> 
  custom:container-demuxer-webm: 4f35f7cbe854078d1ac9338744f61a02 -> 
  custom:container-muxer-webm: aa71ff27fc2769a1b78a27578f13a17b -> 
  custom:video-decoder-webm-vp8: 9c59270c3fd7afecdb556c50c9e8de78 -> 
  custom:scripting/monoscript/fileName/UpgradeAsset.cs: 5d0ce12d7184a3da40041fc92eb082d8 -> 
  custom:SearchIndexIgnoredProperties: e643bd26f0fe6173181afceb89e7c659 -> 
  custom:scripting/monoscript/fileName/InterstitialAds.cs: 6d333cb1dc24d5ddf3ec91bccefc0773 -> 
  custom:AudioImporter_EditorPlatform: d09bf68614088b80899f8185d706f6e7 -> 
  custom:scripting/monoscript/fileName/Upgrades.cs: efffe4420000c7dff7f2eae57efaf755 -> 
  custom:scripting/monoscript/fileName/MainMenuSceneChange.cs: d4425b768b31a0e779c58ed647aad071 -> 
  custom:scripting/monoscript/fileName/SavesYG.cs: c497cdc187148548f5d9a620311f9dc3 -> 
  custom:video-encoder-webm-vp8: eb34c28f22e8b96e1ab97ce403110664 -> 
  custom:audio-decoder-ogg-vorbis: bf7c407c2cedff20999df2af8eb42d56 -> 
  custom:scripting/monoscript/fileName/IAPHandler.cs: 9c0d60c35c8d51d2451fa8bafe956467 -> 
  custom:scripting/monoscript/fileName/ButtonsRewarded.cs: 07495e688444a91c62dfcd44c138345c -> 
  custom:audio-encoder-webm-vorbis: bf7c407c2cedff20999df2af8eb42d56 -> 
  custom:scripting/monoscript/fileName/PurchaseManager.cs: 7ccb736f003775a5e240eec74b533b6b -> 
  custom:scripting/monoscript/fileName/BuyUpgrade.cs: 7f5deeb882f8c1e3141ce9ef24e50525 -> 
  custom:scripting/precompiled-assembly-types:Assembly-CSharp: 84a93016e708813cd7ac1fa4a5636436 -> b6d5beae70893ec4483681e4771dab9e
========================================================================
Received Prepare
Caller must complete domain reload
Begin MonoManager ReloadAssembly
Symbol file LoadedFromMemory is not a mono symbol file
- Loaded All Assemblies, in  1.645 seconds
Native extension for WindowsStandalone target not found
Native extension for iOS target not found
Native extension for Android target not found
Native extension for WebGL target not found
Asset Pipeline Refresh (id=19951e21d006bed408b72955cf3768ff): Total: 0.000 seconds - Initiated by StopAssetImportingV2(NoUpdateAssetOptions)
[ScriptCompilation] NOT recompiling all scripts because this is an import worker process. Reason to compile was: Define symbols changed
[ScriptCompilation] NOT recompiling all scripts because this is an import worker process. Reason to compile was: Define symbols changed
Mono: successfully reloaded assembly
- Finished resetting the current domain, in  2.179 seconds
Domain Reload Profiling: 3818ms
	BeginReloadAssembly (683ms)
		ExecutionOrderSort (0ms)
		DisableScriptedObjects (9ms)
		BackupInstance (0ms)
		ReleaseScriptingObjects (0ms)
		CreateAndSetChildDomain (60ms)
	RebuildCommonClasses (71ms)
	RebuildNativeTypeToScriptingClass (30ms)
	initialDomainReloadingComplete (76ms)
	LoadAllAssembliesAndSetupDomain (779ms)
		LoadAssemblies (893ms)
		RebuildTransferFunctionScriptingTraits (0ms)
		AnalyzeDomain (29ms)
			TypeCache.Refresh (14ms)
				TypeCache.ScanAssembly (0ms)
			ScanForSourceGeneratedMonoScriptInfo (1ms)
			ResolveRequiredComponents (13ms)
	FinalizeReload (2179ms)
		ReleaseScriptCaches (0ms)
		RebuildScriptCaches (0ms)
		SetupLoadedEditorAssemblies (1238ms)
			LogAssemblyErrors (0ms)
			InitializePlatformSupportModulesInManaged (70ms)
			SetLoadedEditorAssemblies (7ms)
			RefreshPlugins (0ms)
			BeforeProcessingInitializeOnLoad (138ms)
			ProcessInitializeOnLoadAttributes (635ms)
			ProcessInitializeOnLoadMethodAttributes (374ms)
			AfterProcessingInitializeOnLoad (14ms)
			EditorAssembliesLoaded (1ms)
		ExecutionOrderSort2 (0ms)
		AwakeInstancesAfterBackupRestoration (19ms)
Refreshing native plugins compatible for Editor in 29.04 ms, found 2 plugins.
Preloading 0 native plugins for Editor in 0.00 ms.
Unloading 3832 Unused Serialized files (Serialized files now loaded: 0)
Unloading 16 unused Assets / (27.6 KB). Loaded Objects now: 4724.
Memory consumption went from 140.2 MB to 140.2 MB.
Total: 25.918900 ms (FindLiveObjects: 0.605600 ms CreateObjectMapping: 0.496100 ms MarkObjects: 24.725500 ms  DeleteObjects: 0.089600 ms)

Prepare: number of updated asset objects reloaded= 0
AssetImportParameters requested are different than current active one (requested -> active):
  custom:scripting/monoscript/fileName/AdsManager.cs: 02def8582910908d167bbb9227855ef4 -> 
  custom:container-demuxer-ogg: 62fdf1f143b41e24485cea50d1cbac27 -> 
  custom:scripting/monoscript/fileName/LevelChangerDOTween.cs: 2ea35b7817de89e3c9bc7fb9c16c14c8 -> 
  custom:scripting/monoscript/fileName/AnalyticsManager.cs: a0ba2baafde2834ba142b7fe92ba996d -> 
  custom:video-decoder-ogg-theora: a1e56fd34408186e4bbccfd4996cb3dc -> 
  custom:scripting/monoscript/fileName/UpgradeShop.cs: 5fad3e7228b2cce1fa928888244f648c -> 
  custom:framework-win-MediaFoundation: 216162199b28c13a410421893ffa2e32 -> 
  custom:scripting/monoscript/fileName/RewardedAds.cs: d66570aae527af9da7222484b8264842 -> 
  custom:scripting/monoscript/fileName/NewBehaviourScript.cs: b21687ddb03d73bd9f0c1daecb9714de -> 
  custom:scripting/monoscript/fileName/ObjectPoolManager.cs: da9c366c131223b3e8881c65a4f04910 -> 
  custom:CustomObjectIndexerAttribute: 9a22284fe3817be447336de3de66b15e -> 
  custom:container-demuxer-webm: 4f35f7cbe854078d1ac9338744f61a02 -> 
  custom:container-muxer-webm: aa71ff27fc2769a1b78a27578f13a17b -> 
  custom:video-decoder-webm-vp8: 9c59270c3fd7afecdb556c50c9e8de78 -> 
  custom:scripting/monoscript/fileName/UpgradeAsset.cs: 5d0ce12d7184a3da40041fc92eb082d8 -> 
  custom:SearchIndexIgnoredProperties: e643bd26f0fe6173181afceb89e7c659 -> 
  custom:scripting/monoscript/fileName/InterstitialAds.cs: 6d333cb1dc24d5ddf3ec91bccefc0773 -> 
  custom:AudioImporter_EditorPlatform: d09bf68614088b80899f8185d706f6e7 -> 
  custom:scripting/monoscript/fileName/Upgrades.cs: efffe4420000c7dff7f2eae57efaf755 -> 
  custom:scripting/monoscript/fileName/MainMenuSceneChange.cs: d4425b768b31a0e779c58ed647aad071 -> 
  custom:scripting/monoscript/fileName/SavesYG.cs: c497cdc187148548f5d9a620311f9dc3 -> 
  custom:video-encoder-webm-vp8: eb34c28f22e8b96e1ab97ce403110664 -> 
  custom:audio-decoder-ogg-vorbis: bf7c407c2cedff20999df2af8eb42d56 -> 
  custom:scripting/monoscript/fileName/IAPHandler.cs: 9c0d60c35c8d51d2451fa8bafe956467 -> 
  custom:scripting/monoscript/fileName/ButtonsRewarded.cs: 07495e688444a91c62dfcd44c138345c -> 
  custom:audio-encoder-webm-vorbis: bf7c407c2cedff20999df2af8eb42d56 -> 
  custom:scripting/monoscript/fileName/PurchaseManager.cs: 7ccb736f003775a5e240eec74b533b6b -> 
  custom:scripting/monoscript/fileName/BuyUpgrade.cs: 7f5deeb882f8c1e3141ce9ef24e50525 -> 
  custom:scripting/precompiled-assembly-types:Assembly-CSharp: 84a93016e708813cd7ac1fa4a5636436 -> b6d5beae70893ec4483681e4771dab9e
========================================================================
Received Prepare
Caller must complete domain reload
Begin MonoManager ReloadAssembly
Symbol file LoadedFromMemory is not a mono symbol file
- Loaded All Assemblies, in  0.974 seconds
Native extension for WindowsStandalone target not found
Native extension for iOS target not found
Native extension for Android target not found
Native extension for WebGL target not found
Asset Pipeline Refresh (id=80b9c9ad37b8ccf42b6f0e8d6f6dafe4): Total: 0.000 seconds - Initiated by StopAssetImportingV2(NoUpdateAssetOptions)
[ScriptCompilation] NOT recompiling all scripts because this is an import worker process. Reason to compile was: Define symbols changed
[ScriptCompilation] NOT recompiling all scripts because this is an import worker process. Reason to compile was: Define symbols changed
Mono: successfully reloaded assembly
- Finished resetting the current domain, in  1.773 seconds
Domain Reload Profiling: 2745ms
	BeginReloadAssembly (537ms)
		ExecutionOrderSort (0ms)
		DisableScriptedObjects (9ms)
		BackupInstance (0ms)
		ReleaseScriptingObjects (0ms)
		CreateAndSetChildDomain (46ms)
	RebuildCommonClasses (39ms)
	RebuildNativeTypeToScriptingClass (20ms)
	initialDomainReloadingComplete (38ms)
	LoadAllAssembliesAndSetupDomain (336ms)
		LoadAssemblies (398ms)
		RebuildTransferFunctionScriptingTraits (0ms)
		AnalyzeDomain (51ms)
			TypeCache.Refresh (17ms)
				TypeCache.ScanAssembly (5ms)
			ScanForSourceGeneratedMonoScriptInfo (24ms)
			ResolveRequiredComponents (8ms)
	FinalizeReload (1774ms)
		ReleaseScriptCaches (0ms)
		RebuildScriptCaches (0ms)
		SetupLoadedEditorAssemblies (880ms)
			LogAssemblyErrors (0ms)
			InitializePlatformSupportModulesInManaged (43ms)
			SetLoadedEditorAssemblies (7ms)
			RefreshPlugins (0ms)
			BeforeProcessingInitializeOnLoad (109ms)
			ProcessInitializeOnLoadAttributes (520ms)
			ProcessInitializeOnLoadMethodAttributes (193ms)
			AfterProcessingInitializeOnLoad (8ms)
			EditorAssembliesLoaded (0ms)
		ExecutionOrderSort2 (0ms)
		AwakeInstancesAfterBackupRestoration (11ms)
Refreshing native plugins compatible for Editor in 11.85 ms, found 2 plugins.
Preloading 0 native plugins for Editor in 0.00 ms.
Unloading 3832 Unused Serialized files (Serialized files now loaded: 0)
Unloading 16 unused Assets / (27.5 KB). Loaded Objects now: 4727.
Memory consumption went from 140.2 MB to 140.2 MB.
Total: 11.326500 ms (FindLiveObjects: 0.391900 ms CreateObjectMapping: 0.275400 ms MarkObjects: 10.612600 ms  DeleteObjects: 0.045400 ms)

Prepare: number of updated asset objects reloaded= 0
AssetImportParameters requested are different than current active one (requested -> active):
  custom:scripting/monoscript/fileName/AdsManager.cs: 02def8582910908d167bbb9227855ef4 -> 
  custom:container-demuxer-ogg: 62fdf1f143b41e24485cea50d1cbac27 -> 
  custom:scripting/monoscript/fileName/LevelChangerDOTween.cs: 2ea35b7817de89e3c9bc7fb9c16c14c8 -> 
  custom:scripting/monoscript/fileName/AnalyticsManager.cs: a0ba2baafde2834ba142b7fe92ba996d -> 
  custom:video-decoder-ogg-theora: a1e56fd34408186e4bbccfd4996cb3dc -> 
  custom:scripting/monoscript/fileName/UpgradeShop.cs: 5fad3e7228b2cce1fa928888244f648c -> 
  custom:framework-win-MediaFoundation: 216162199b28c13a410421893ffa2e32 -> 
  custom:scripting/monoscript/fileName/RewardedAds.cs: d66570aae527af9da7222484b8264842 -> 
  custom:scripting/monoscript/fileName/NewBehaviourScript.cs: b21687ddb03d73bd9f0c1daecb9714de -> 
  custom:scripting/monoscript/fileName/ObjectPoolManager.cs: da9c366c131223b3e8881c65a4f04910 -> 
  custom:CustomObjectIndexerAttribute: 9a22284fe3817be447336de3de66b15e -> 
  custom:container-demuxer-webm: 4f35f7cbe854078d1ac9338744f61a02 -> 
  custom:container-muxer-webm: aa71ff27fc2769a1b78a27578f13a17b -> 
  custom:video-decoder-webm-vp8: 9c59270c3fd7afecdb556c50c9e8de78 -> 
  custom:scripting/monoscript/fileName/UpgradeAsset.cs: 5d0ce12d7184a3da40041fc92eb082d8 -> 
  custom:SearchIndexIgnoredProperties: e643bd26f0fe6173181afceb89e7c659 -> 
  custom:scripting/monoscript/fileName/InterstitialAds.cs: 6d333cb1dc24d5ddf3ec91bccefc0773 -> 
  custom:AudioImporter_EditorPlatform: d09bf68614088b80899f8185d706f6e7 -> 
  custom:scripting/monoscript/fileName/Upgrades.cs: efffe4420000c7dff7f2eae57efaf755 -> 
  custom:scripting/monoscript/fileName/MainMenuSceneChange.cs: d4425b768b31a0e779c58ed647aad071 -> 
  custom:scripting/monoscript/fileName/SavesYG.cs: c497cdc187148548f5d9a620311f9dc3 -> 
  custom:video-encoder-webm-vp8: eb34c28f22e8b96e1ab97ce403110664 -> 
  custom:audio-decoder-ogg-vorbis: bf7c407c2cedff20999df2af8eb42d56 -> 
  custom:scripting/monoscript/fileName/IAPHandler.cs: 9c0d60c35c8d51d2451fa8bafe956467 -> 
  custom:scripting/monoscript/fileName/ButtonsRewarded.cs: 07495e688444a91c62dfcd44c138345c -> 
  custom:audio-encoder-webm-vorbis: bf7c407c2cedff20999df2af8eb42d56 -> 
  custom:scripting/monoscript/fileName/PurchaseManager.cs: 7ccb736f003775a5e240eec74b533b6b -> 
  custom:scripting/monoscript/fileName/BuyUpgrade.cs: 7f5deeb882f8c1e3141ce9ef24e50525 -> 
  custom:scripting/precompiled-assembly-types:Assembly-CSharp: 84a93016e708813cd7ac1fa4a5636436 -> b6d5beae70893ec4483681e4771dab9e
========================================================================
Received Prepare
Caller must complete domain reload
Begin MonoManager ReloadAssembly
Symbol file LoadedFromMemory is not a mono symbol file
- Loaded All Assemblies, in  0.873 seconds
Native extension for WindowsStandalone target not found
Native extension for iOS target not found
Native extension for Android target not found
Native extension for WebGL target not found
Asset Pipeline Refresh (id=3c7a0d528c60f8c4eb8a1e19224a4834): Total: 0.000 seconds - Initiated by StopAssetImportingV2(NoUpdateAssetOptions)
[ScriptCompilation] NOT recompiling all scripts because this is an import worker process. Reason to compile was: Define symbols changed
[ScriptCompilation] NOT recompiling all scripts because this is an import worker process. Reason to compile was: Define symbols changed
Mono: successfully reloaded assembly
- Finished resetting the current domain, in  1.527 seconds
Domain Reload Profiling: 2400ms
	BeginReloadAssembly (486ms)
		ExecutionOrderSort (0ms)
		DisableScriptedObjects (10ms)
		BackupInstance (0ms)
		ReleaseScriptingObjects (0ms)
		CreateAndSetChildDomain (46ms)
	RebuildCommonClasses (40ms)
	RebuildNativeTypeToScriptingClass (13ms)
	initialDomainReloadingComplete (36ms)
	LoadAllAssembliesAndSetupDomain (296ms)
		LoadAssemblies (368ms)
		RebuildTransferFunctionScriptingTraits (0ms)
		AnalyzeDomain (27ms)
			TypeCache.Refresh (7ms)
				TypeCache.ScanAssembly (0ms)
			ScanForSourceGeneratedMonoScriptInfo (0ms)
			ResolveRequiredComponents (18ms)
	FinalizeReload (1528ms)
		ReleaseScriptCaches (0ms)
		RebuildScriptCaches (0ms)
		SetupLoadedEditorAssemblies (931ms)
			LogAssemblyErrors (0ms)
			InitializePlatformSupportModulesInManaged (37ms)
			SetLoadedEditorAssemblies (4ms)
			RefreshPlugins (0ms)
			BeforeProcessingInitializeOnLoad (101ms)
			ProcessInitializeOnLoadAttributes (527ms)
			ProcessInitializeOnLoadMethodAttributes (251ms)
			AfterProcessingInitializeOnLoad (11ms)
			EditorAssembliesLoaded (0ms)
		ExecutionOrderSort2 (0ms)
		AwakeInstancesAfterBackupRestoration (11ms)
Refreshing native plugins compatible for Editor in 11.99 ms, found 2 plugins.
Preloading 0 native plugins for Editor in 0.00 ms.
Unloading 3832 Unused Serialized files (Serialized files now loaded: 0)
Unloading 16 unused Assets / (27.6 KB). Loaded Objects now: 4730.
Memory consumption went from 140.2 MB to 140.2 MB.
Total: 16.438600 ms (FindLiveObjects: 0.457000 ms CreateObjectMapping: 0.361400 ms MarkObjects: 15.551500 ms  DeleteObjects: 0.067000 ms)

Prepare: number of updated asset objects reloaded= 0
AssetImportParameters requested are different than current active one (requested -> active):
  custom:scripting/monoscript/fileName/AdsManager.cs: 02def8582910908d167bbb9227855ef4 -> 
  custom:container-demuxer-ogg: 62fdf1f143b41e24485cea50d1cbac27 -> 
  custom:scripting/monoscript/fileName/LevelChangerDOTween.cs: 2ea35b7817de89e3c9bc7fb9c16c14c8 -> 
  custom:scripting/monoscript/fileName/AnalyticsManager.cs: a0ba2baafde2834ba142b7fe92ba996d -> 
  custom:video-decoder-ogg-theora: a1e56fd34408186e4bbccfd4996cb3dc -> 
  custom:scripting/monoscript/fileName/UpgradeShop.cs: 5fad3e7228b2cce1fa928888244f648c -> 
  custom:framework-win-MediaFoundation: 216162199b28c13a410421893ffa2e32 -> 
  custom:scripting/monoscript/fileName/RewardedAds.cs: d66570aae527af9da7222484b8264842 -> 
  custom:scripting/monoscript/fileName/NewBehaviourScript.cs: b21687ddb03d73bd9f0c1daecb9714de -> 
  custom:scripting/monoscript/fileName/ObjectPoolManager.cs: da9c366c131223b3e8881c65a4f04910 -> 
  custom:CustomObjectIndexerAttribute: 9a22284fe3817be447336de3de66b15e -> 
  custom:container-demuxer-webm: 4f35f7cbe854078d1ac9338744f61a02 -> 
  custom:container-muxer-webm: aa71ff27fc2769a1b78a27578f13a17b -> 
  custom:video-decoder-webm-vp8: 9c59270c3fd7afecdb556c50c9e8de78 -> 
  custom:scripting/monoscript/fileName/UpgradeAsset.cs: 5d0ce12d7184a3da40041fc92eb082d8 -> 
  custom:SearchIndexIgnoredProperties: e643bd26f0fe6173181afceb89e7c659 -> 
  custom:scripting/monoscript/fileName/InterstitialAds.cs: 6d333cb1dc24d5ddf3ec91bccefc0773 -> 
  custom:AudioImporter_EditorPlatform: d09bf68614088b80899f8185d706f6e7 -> 
  custom:scripting/monoscript/fileName/Upgrades.cs: efffe4420000c7dff7f2eae57efaf755 -> 
  custom:scripting/monoscript/fileName/MainMenuSceneChange.cs: d4425b768b31a0e779c58ed647aad071 -> 
  custom:scripting/monoscript/fileName/SavesYG.cs: c497cdc187148548f5d9a620311f9dc3 -> 
  custom:video-encoder-webm-vp8: eb34c28f22e8b96e1ab97ce403110664 -> 
  custom:audio-decoder-ogg-vorbis: bf7c407c2cedff20999df2af8eb42d56 -> 
  custom:scripting/monoscript/fileName/IAPHandler.cs: 9c0d60c35c8d51d2451fa8bafe956467 -> 
  custom:scripting/monoscript/fileName/ButtonsRewarded.cs: 07495e688444a91c62dfcd44c138345c -> 
  custom:audio-encoder-webm-vorbis: bf7c407c2cedff20999df2af8eb42d56 -> 
  custom:scripting/monoscript/fileName/PurchaseManager.cs: 7ccb736f003775a5e240eec74b533b6b -> 
  custom:scripting/monoscript/fileName/BuyUpgrade.cs: 7f5deeb882f8c1e3141ce9ef24e50525 -> 
  custom:scripting/precompiled-assembly-types:Assembly-CSharp: 84a93016e708813cd7ac1fa4a5636436 -> b6d5beae70893ec4483681e4771dab9e
========================================================================
Received Import Request.
  Time since last request: 1076.116416 seconds.
  path: Assets/Prefabs/BallonYellowWhite.prefab
  artifactKey: Guid(d55308a372538a44c89fcc4ae1f2eab8) Importer(815301076,1909f56bfc062723c751e8b465ee728b)
Start importing Assets/Prefabs/BallonYellowWhite.prefab using Guid(d55308a372538a44c89fcc4ae1f2eab8) Importer(815301076,1909f56bfc062723c751e8b465ee728b) [PhysX] Initialized MultithreadedTaskDispatcher with 8 workers.
 -> (artifact id: 'b9458f2e8597538207ac33e738e2483b') in 0.039885 seconds
Number of updated asset objects reloaded before import = 0
Number of asset objects unloaded after import = 16
========================================================================
Received Import Request.
  Time since last request: 0.000021 seconds.
  path: Assets/Prefabs/EnemyYellowLeft.prefab
  artifactKey: Guid(82cf0425105953342bdd328a9500de38) Importer(815301076,1909f56bfc062723c751e8b465ee728b)
Start importing Assets/Prefabs/EnemyYellowLeft.prefab using Guid(82cf0425105953342bdd328a9500de38) Importer(815301076,1909f56bfc062723c751e8b465ee728b) [PhysX] Initialized MultithreadedTaskDispatcher with 8 workers.
[PhysX] Initialized MultithreadedTaskDispatcher with 8 workers.
 -> (artifact id: '7a10b3dd6185fbef29a3cd28c5cc9325') in 0.065727 seconds
Number of updated asset objects reloaded before import = 0
Number of asset objects unloaded after import = 25
========================================================================
Received Import Request.
  Time since last request: 0.000021 seconds.
  path: Assets/Prefabs/EnemyExplosionRightMove.prefab
  artifactKey: Guid(56d22747a9d400646825a3b59ba24624) Importer(815301076,1909f56bfc062723c751e8b465ee728b)
Start importing Assets/Prefabs/EnemyExplosionRightMove.prefab using Guid(56d22747a9d400646825a3b59ba24624) Importer(815301076,1909f56bfc062723c751e8b465ee728b) [PhysX] Initialized MultithreadedTaskDispatcher with 8 workers.
[PhysX] Initialized MultithreadedTaskDispatcher with 8 workers.
 -> (artifact id: '7cf362776283e53c1215abc645bb784b') in 0.032780 seconds
Number of updated asset objects reloaded before import = 0
Number of asset objects unloaded after import = 23
========================================================================
Received Import Request.
  Time since last request: 0.000024 seconds.
  path: Assets/Prefabs/Lolilop.prefab
  artifactKey: Guid(ff552e97942380d47bdbcc7c184ae572) Importer(815301076,1909f56bfc062723c751e8b465ee728b)
Start importing Assets/Prefabs/Lolilop.prefab using Guid(ff552e97942380d47bdbcc7c184ae572) Importer(815301076,1909f56bfc062723c751e8b465ee728b) [PhysX] Initialized MultithreadedTaskDispatcher with 8 workers.
[PhysX] Initialized MultithreadedTaskDispatcher with 8 workers.
 -> (artifact id: '2cbaa1a916a68361cfa2a0413f709966') in 0.023952 seconds
Number of updated asset objects reloaded before import = 0
Number of asset objects unloaded after import = 25
========================================================================
Received Import Request.
  Time since last request: 0.000034 seconds.
  path: Assets/Prefabs/EnemyExplosionLeftMove.prefab
  artifactKey: Guid(6c25114c655c60a43a8705ebdb9c9d42) Importer(815301076,1909f56bfc062723c751e8b465ee728b)
Start importing Assets/Prefabs/EnemyExplosionLeftMove.prefab using Guid(6c25114c655c60a43a8705ebdb9c9d42) Importer(815301076,1909f56bfc062723c751e8b465ee728b) [PhysX] Initialized MultithreadedTaskDispatcher with 8 workers.
[PhysX] Initialized MultithreadedTaskDispatcher with 8 workers.
 -> (artifact id: 'a32f6f6e6fd1535a8e482ff7fd0da6bf') in 0.030295 seconds
Number of updated asset objects reloaded before import = 0
Number of asset objects unloaded after import = 23
========================================================================
Received Import Request.
  Time since last request: 0.000036 seconds.
  path: Assets/Prefabs/EnemyExplosion.prefab
  artifactKey: Guid(b959e0a0abc6c9e489b7f02ffb7a2bae) Importer(815301076,1909f56bfc062723c751e8b465ee728b)
Start importing Assets/Prefabs/EnemyExplosion.prefab using Guid(b959e0a0abc6c9e489b7f02ffb7a2bae) Importer(815301076,1909f56bfc062723c751e8b465ee728b) [PhysX] Initialized MultithreadedTaskDispatcher with 8 workers.
[PhysX] Initialized MultithreadedTaskDispatcher with 8 workers.
 -> (artifact id: '259e925493d6f8d994e3a064d1e77c5c') in 0.026293 seconds
Number of updated asset objects reloaded before import = 0
Number of asset objects unloaded after import = 25
========================================================================
Received Prepare
Caller must complete domain reload
Begin MonoManager ReloadAssembly
Symbol file LoadedFromMemory is not a mono symbol file
- Loaded All Assemblies, in  0.953 seconds
Native extension for WindowsStandalone target not found
Native extension for iOS target not found
Native extension for Android target not found
Native extension for WebGL target not found
Asset Pipeline Refresh (id=634bcd0c578d22140bd8fd0be39db363): Total: 0.000 seconds - Initiated by StopAssetImportingV2(NoUpdateAssetOptions)
[ScriptCompilation] NOT recompiling all scripts because this is an import worker process. Reason to compile was: Define symbols changed
[ScriptCompilation] NOT recompiling all scripts because this is an import worker process. Reason to compile was: Define symbols changed
Mono: successfully reloaded assembly
- Finished resetting the current domain, in  1.492 seconds
Domain Reload Profiling: 2443ms
	BeginReloadAssembly (523ms)
		ExecutionOrderSort (0ms)
		DisableScriptedObjects (10ms)
		BackupInstance (0ms)
		ReleaseScriptingObjects (0ms)
		CreateAndSetChildDomain (49ms)
	RebuildCommonClasses (39ms)
	RebuildNativeTypeToScriptingClass (13ms)
	initialDomainReloadingComplete (40ms)
	LoadAllAssembliesAndSetupDomain (335ms)
		LoadAssemblies (397ms)
		RebuildTransferFunctionScriptingTraits (0ms)
		AnalyzeDomain (42ms)
			TypeCache.Refresh (16ms)
				TypeCache.ScanAssembly (3ms)
			ScanForSourceGeneratedMonoScriptInfo (17ms)
			ResolveRequiredComponents (7ms)
	FinalizeReload (1492ms)
		ReleaseScriptCaches (0ms)
		RebuildScriptCaches (0ms)
		SetupLoadedEditorAssemblies (912ms)
			LogAssemblyErrors (0ms)
			InitializePlatformSupportModulesInManaged (47ms)
			SetLoadedEditorAssemblies (4ms)
			RefreshPlugins (0ms)
			BeforeProcessingInitializeOnLoad (91ms)
			ProcessInitializeOnLoadAttributes (492ms)
			ProcessInitializeOnLoadMethodAttributes (269ms)
			AfterProcessingInitializeOnLoad (8ms)
			EditorAssembliesLoaded (0ms)
		ExecutionOrderSort2 (0ms)
		AwakeInstancesAfterBackupRestoration (16ms)
Refreshing native plugins compatible for Editor in 15.36 ms, found 2 plugins.
Preloading 0 native plugins for Editor in 0.00 ms.
Unloading 3831 Unused Serialized files (Serialized files now loaded: 0)
Unloading 16 unused Assets / (27.7 KB). Loaded Objects now: 4733.
Memory consumption went from 140.0 MB to 140.0 MB.
Total: 11.767500 ms (FindLiveObjects: 0.495700 ms CreateObjectMapping: 0.449200 ms MarkObjects: 10.756100 ms  DeleteObjects: 0.064900 ms)

Prepare: number of updated asset objects reloaded= 0
AssetImportParameters requested are different than current active one (requested -> active):
  custom:scripting/monoscript/fileName/AdsManager.cs: 02def8582910908d167bbb9227855ef4 -> 
  custom:container-demuxer-ogg: 62fdf1f143b41e24485cea50d1cbac27 -> 
  custom:scripting/monoscript/fileName/LevelChangerDOTween.cs: 2ea35b7817de89e3c9bc7fb9c16c14c8 -> 
  custom:scripting/monoscript/fileName/AnalyticsManager.cs: a0ba2baafde2834ba142b7fe92ba996d -> 
  custom:video-decoder-ogg-theora: a1e56fd34408186e4bbccfd4996cb3dc -> 
  custom:scripting/monoscript/fileName/UpgradeShop.cs: 5fad3e7228b2cce1fa928888244f648c -> 
  custom:framework-win-MediaFoundation: 216162199b28c13a410421893ffa2e32 -> 
  custom:scripting/monoscript/fileName/RewardedAds.cs: d66570aae527af9da7222484b8264842 -> 
  custom:scripting/monoscript/fileName/NewBehaviourScript.cs: b21687ddb03d73bd9f0c1daecb9714de -> 
  custom:scripting/monoscript/fileName/ObjectPoolManager.cs: da9c366c131223b3e8881c65a4f04910 -> 
  custom:CustomObjectIndexerAttribute: 9a22284fe3817be447336de3de66b15e -> 
  custom:container-demuxer-webm: 4f35f7cbe854078d1ac9338744f61a02 -> 
  custom:container-muxer-webm: aa71ff27fc2769a1b78a27578f13a17b -> 
  custom:video-decoder-webm-vp8: 9c59270c3fd7afecdb556c50c9e8de78 -> 
  custom:scripting/monoscript/fileName/UpgradeAsset.cs: 5d0ce12d7184a3da40041fc92eb082d8 -> 
  custom:SearchIndexIgnoredProperties: e643bd26f0fe6173181afceb89e7c659 -> 
  custom:scripting/monoscript/fileName/InterstitialAds.cs: 6d333cb1dc24d5ddf3ec91bccefc0773 -> 
  custom:AudioImporter_EditorPlatform: d09bf68614088b80899f8185d706f6e7 -> 
  custom:scripting/monoscript/fileName/Upgrades.cs: efffe4420000c7dff7f2eae57efaf755 -> 
  custom:scripting/monoscript/fileName/MainMenuSceneChange.cs: d4425b768b31a0e779c58ed647aad071 -> 
  custom:scripting/monoscript/fileName/SavesYG.cs: c497cdc187148548f5d9a620311f9dc3 -> 
  custom:video-encoder-webm-vp8: eb34c28f22e8b96e1ab97ce403110664 -> 
  custom:audio-decoder-ogg-vorbis: bf7c407c2cedff20999df2af8eb42d56 -> 
  custom:scripting/monoscript/fileName/IAPHandler.cs: 9c0d60c35c8d51d2451fa8bafe956467 -> 
  custom:scripting/monoscript/fileName/ButtonsRewarded.cs: 07495e688444a91c62dfcd44c138345c -> 
  custom:audio-encoder-webm-vorbis: bf7c407c2cedff20999df2af8eb42d56 -> 
  custom:scripting/monoscript/fileName/PurchaseManager.cs: 7ccb736f003775a5e240eec74b533b6b -> 
  custom:scripting/monoscript/fileName/BuyUpgrade.cs: 7f5deeb882f8c1e3141ce9ef24e50525 -> 
  custom:scripting/precompiled-assembly-types:Assembly-CSharp: 0741b3377fa5644ea3a8603e0ec3bfee -> b6d5beae70893ec4483681e4771dab9e
========================================================================
Received Import Request.
  Time since last request: 281.136498 seconds.
  path: Assets/Prefabs/Variant1Magnit.prefab
  artifactKey: Guid(40b924d8b34138843a7ad400e166f455) Importer(815301076,1909f56bfc062723c751e8b465ee728b)
Start importing Assets/Prefabs/Variant1Magnit.prefab using Guid(40b924d8b34138843a7ad400e166f455) Importer(815301076,1909f56bfc062723c751e8b465ee728b) [PhysX] Initialized MultithreadedTaskDispatcher with 8 workers.
 -> (artifact id: 'ec701640cc7cdadf871d836eb8ff2ed2') in 0.047475 seconds
Number of updated asset objects reloaded before import = 0
Number of asset objects unloaded after import = 23
========================================================================
Received Import Request.
  Time since last request: 0.000029 seconds.
  path: Assets/Prefabs/Variant2.prefab
  artifactKey: Guid(d70111d792bd0154eac606e47afe2d49) Importer(815301076,1909f56bfc062723c751e8b465ee728b)
Start importing Assets/Prefabs/Variant2.prefab using Guid(d70111d792bd0154eac606e47afe2d49) Importer(815301076,1909f56bfc062723c751e8b465ee728b) [PhysX] Initialized MultithreadedTaskDispatcher with 8 workers.
 -> (artifact id: '52077c1ead026d2d6d8f0ff1a93853ed') in 0.010854 seconds
Number of updated asset objects reloaded before import = 0
Number of asset objects unloaded after import = 36
========================================================================
Received Import Request.
  Time since last request: 0.000016 seconds.
  path: Assets/Prefabs/Variant1Green.prefab
  artifactKey: Guid(84f96ef3256613a419653eaba4d6ec82) Importer(815301076,1909f56bfc062723c751e8b465ee728b)
Start importing Assets/Prefabs/Variant1Green.prefab using Guid(84f96ef3256613a419653eaba4d6ec82) Importer(815301076,1909f56bfc062723c751e8b465ee728b) [PhysX] Initialized MultithreadedTaskDispatcher with 8 workers.
 -> (artifact id: 'f1cd3d6c6dc787b2c30fd487141a3a71') in 0.006848 seconds
Number of updated asset objects reloaded before import = 0
Number of asset objects unloaded after import = 27
========================================================================
Received Import Request.
  Time since last request: 0.000023 seconds.
  path: Assets/Prefabs/Variant2Explosion 1.prefab
  artifactKey: Guid(7cfeabba5db725247af6b86eba11d555) Importer(815301076,1909f56bfc062723c751e8b465ee728b)
Start importing Assets/Prefabs/Variant2Explosion 1.prefab using Guid(7cfeabba5db725247af6b86eba11d555) Importer(815301076,1909f56bfc062723c751e8b465ee728b) [PhysX] Initialized MultithreadedTaskDispatcher with 8 workers.
 -> (artifact id: 'aad39e92be26c5655a85a5c78de627a3') in 0.008276 seconds
Number of updated asset objects reloaded before import = 0
Number of asset objects unloaded after import = 29
========================================================================
Received Import Request.
  Time since last request: 0.000024 seconds.
  path: Assets/Prefabs/Variant1Shit.prefab
  artifactKey: Guid(a73cf9bb56a6c4749a49b1c6866ba575) Importer(815301076,1909f56bfc062723c751e8b465ee728b)
Start importing Assets/Prefabs/Variant1Shit.prefab using Guid(a73cf9bb56a6c4749a49b1c6866ba575) Importer(815301076,1909f56bfc062723c751e8b465ee728b) [PhysX] Initialized MultithreadedTaskDispatcher with 8 workers.
 -> (artifact id: '8263217947d971c0d71f721bb2a2a408') in 0.005245 seconds
Number of updated asset objects reloaded before import = 0
Number of asset objects unloaded after import = 24
========================================================================
Received Import Request.
  Time since last request: 0.000023 seconds.
  path: Assets/Prefabs/Variant1Stone.prefab
  artifactKey: Guid(3b6ec63b23e53b24eb77b11b071b92e9) Importer(815301076,1909f56bfc062723c751e8b465ee728b)
Start importing Assets/Prefabs/Variant1Stone.prefab using Guid(3b6ec63b23e53b24eb77b11b071b92e9) Importer(815301076,1909f56bfc062723c751e8b465ee728b) [PhysX] Initialized MultithreadedTaskDispatcher with 8 workers.
 -> (artifact id: '2ddb7d33414071e1d5ff36a15bc04784') in 0.008204 seconds
Number of updated asset objects reloaded before import = 0
Number of asset objects unloaded after import = 28
========================================================================
Received Import Request.
  Time since last request: 0.000023 seconds.
  path: Assets/Prefabs/stonesnow.prefab
  artifactKey: Guid(39c5236a7f7b6384ea1e0e002a83355f) Importer(815301076,1909f56bfc062723c751e8b465ee728b)
Start importing Assets/Prefabs/stonesnow.prefab using Guid(39c5236a7f7b6384ea1e0e002a83355f) Importer(815301076,1909f56bfc062723c751e8b465ee728b) [PhysX] Initialized MultithreadedTaskDispatcher with 8 workers.
[PhysX] Initialized MultithreadedTaskDispatcher with 8 workers.
 -> (artifact id: 'fec437248f2b28437f308eafb8c0a7b5') in 0.070065 seconds
Number of updated asset objects reloaded before import = 0
Number of asset objects unloaded after import = 22
========================================================================
Received Import Request.
  Time since last request: 0.000056 seconds.
  path: Assets/Prefabs/Variant2Stone.prefab
  artifactKey: Guid(3d0ed4815f7b3a142acec7d051a0cc67) Importer(815301076,1909f56bfc062723c751e8b465ee728b)
Start importing Assets/Prefabs/Variant2Stone.prefab using Guid(3d0ed4815f7b3a142acec7d051a0cc67) Importer(815301076,1909f56bfc062723c751e8b465ee728b) [PhysX] Initialized MultithreadedTaskDispatcher with 8 workers.
 -> (artifact id: '6efd0d3cbb1dd7905dbf6430cff38f94') in 0.005253 seconds
Number of updated asset objects reloaded before import = 0
Number of asset objects unloaded after import = 28
========================================================================
Received Import Request.
  Time since last request: 0.000038 seconds.
  path: Assets/Prefabs/Variant1Explosion.prefab
  artifactKey: Guid(db796a193fa67d743abfe404e955ad20) Importer(815301076,1909f56bfc062723c751e8b465ee728b)
Start importing Assets/Prefabs/Variant1Explosion.prefab using Guid(db796a193fa67d743abfe404e955ad20) Importer(815301076,1909f56bfc062723c751e8b465ee728b) [PhysX] Initialized MultithreadedTaskDispatcher with 8 workers.
 -> (artifact id: '6fea3763175eaf01def5fe3adc1dd1e9') in 0.005818 seconds
Number of updated asset objects reloaded before import = 0
Number of asset objects unloaded after import = 31
========================================================================
Received Import Request.
  Time since last request: 0.000069 seconds.
  path: Assets/Prefabs/Variant2Money.prefab
  artifactKey: Guid(34e745c03a88a814e9f41344dc7b48ae) Importer(815301076,1909f56bfc062723c751e8b465ee728b)
Start importing Assets/Prefabs/Variant2Money.prefab using Guid(34e745c03a88a814e9f41344dc7b48ae) Importer(815301076,1909f56bfc062723c751e8b465ee728b) [PhysX] Initialized MultithreadedTaskDispatcher with 8 workers.
 -> (artifact id: '39244905de0bdd40f254c9bc1bee39fd') in 0.005413 seconds
Number of updated asset objects reloaded before import = 0
Number of asset objects unloaded after import = 18
========================================================================
Received Import Request.
  Time since last request: 0.000022 seconds.
  path: Assets/Prefabs/Variant1SnowWhite3.prefab
  artifactKey: Guid(5bf2c262d8fd5fd44a653eeec49d71f9) Importer(815301076,1909f56bfc062723c751e8b465ee728b)
Start importing Assets/Prefabs/Variant1SnowWhite3.prefab using Guid(5bf2c262d8fd5fd44a653eeec49d71f9) Importer(815301076,1909f56bfc062723c751e8b465ee728b) [PhysX] Initialized MultithreadedTaskDispatcher with 8 workers.
 -> (artifact id: 'fb112519511bb5751beb0c63b3be3d45') in 0.007837 seconds
Number of updated asset objects reloaded before import = 0
Number of asset objects unloaded after import = 43
========================================================================
Received Import Request.
  Time since last request: 0.000026 seconds.
  path: Assets/Prefabs/Variant1StoneSwamp.prefab
  artifactKey: Guid(c3b80be06e1efd34cb80fe812f2f68f7) Importer(815301076,1909f56bfc062723c751e8b465ee728b)
Start importing Assets/Prefabs/Variant1StoneSwamp.prefab using Guid(c3b80be06e1efd34cb80fe812f2f68f7) Importer(815301076,1909f56bfc062723c751e8b465ee728b) [PhysX] Initialized MultithreadedTaskDispatcher with 8 workers.
 -> (artifact id: 'bdf508bc791562cd1fe4162506eb6ff8') in 0.009888 seconds
Number of updated asset objects reloaded before import = 0
Number of asset objects unloaded after import = 28
========================================================================
Received Import Request.
  Time since last request: 0.000024 seconds.
  path: Assets/Prefabs/Variant1YellowSnow.prefab
  artifactKey: Guid(1144cbd670c278943b2e990b6278cef7) Importer(815301076,1909f56bfc062723c751e8b465ee728b)
Start importing Assets/Prefabs/Variant1YellowSnow.prefab using Guid(1144cbd670c278943b2e990b6278cef7) Importer(815301076,1909f56bfc062723c751e8b465ee728b) [PhysX] Initialized MultithreadedTaskDispatcher with 8 workers.
 -> (artifact id: '943b0725bbbaa67e71013bb29a6f74c1') in 0.003659 seconds
Number of updated asset objects reloaded before import = 0
Number of asset objects unloaded after import = 26
========================================================================
Received Import Request.
  Time since last request: 0.000028 seconds.
  path: Assets/Prefabs/Variant2StoneSwamp.prefab
  artifactKey: Guid(50a604a5a50d46548abdb11274df436c) Importer(815301076,1909f56bfc062723c751e8b465ee728b)
Start importing Assets/Prefabs/Variant2StoneSwamp.prefab using Guid(50a604a5a50d46548abdb11274df436c) Importer(815301076,1909f56bfc062723c751e8b465ee728b) [PhysX] Initialized MultithreadedTaskDispatcher with 8 workers.
 -> (artifact id: '3099b29640086db7a051b33a5eb0d076') in 0.004808 seconds
Number of updated asset objects reloaded before import = 0
Number of asset objects unloaded after import = 28
========================================================================
Received Import Request.
  Time since last request: 0.000021 seconds.
  path: Assets/Prefabs/SpiderEnemy.prefab
  artifactKey: Guid(c87318d007051494bb5193f79f53179d) Importer(815301076,1909f56bfc062723c751e8b465ee728b)
Start importing Assets/Prefabs/SpiderEnemy.prefab using Guid(c87318d007051494bb5193f79f53179d) Importer(815301076,1909f56bfc062723c751e8b465ee728b) [PhysX] Initialized MultithreadedTaskDispatcher with 8 workers.
[PhysX] Initialized MultithreadedTaskDispatcher with 8 workers.
 -> (artifact id: 'b703d9ff3ffd79caa479e12488f91df9') in 0.028110 seconds
Number of updated asset objects reloaded before import = 0
Number of asset objects unloaded after import = 46
========================================================================
Received Import Request.
  Time since last request: 0.000031 seconds.
  path: Assets/Prefabs/stone.prefab
  artifactKey: Guid(ef530a73e33e92540a507829290872c6) Importer(815301076,1909f56bfc062723c751e8b465ee728b)
Start importing Assets/Prefabs/stone.prefab using Guid(ef530a73e33e92540a507829290872c6) Importer(815301076,1909f56bfc062723c751e8b465ee728b) [PhysX] Initialized MultithreadedTaskDispatcher with 8 workers.
[PhysX] Initialized MultithreadedTaskDispatcher with 8 workers.
 -> (artifact id: '712971a8e64805cab2c6003f16255d59') in 0.025493 seconds
Number of updated asset objects reloaded before import = 0
Number of asset objects unloaded after import = 22
========================================================================
Received Import Request.
  Time since last request: 0.000033 seconds.
  path: Assets/Prefabs/Variant1YellowTeleportEnemy 1.prefab
  artifactKey: Guid(a0862fe12c7cbab4f82e7e2b1b0df375) Importer(815301076,1909f56bfc062723c751e8b465ee728b)
Start importing Assets/Prefabs/Variant1YellowTeleportEnemy 1.prefab using Guid(a0862fe12c7cbab4f82e7e2b1b0df375) Importer(815301076,1909f56bfc062723c751e8b465ee728b) [PhysX] Initialized MultithreadedTaskDispatcher with 8 workers.
 -> (artifact id: 'c45b9ca1368c25b4eff51ab6dfdeb932') in 0.004434 seconds
Number of updated asset objects reloaded before import = 0
Number of asset objects unloaded after import = 47
========================================================================
Received Import Request.
  Time since last request: 11.960301 seconds.
  path: Assets/Prefabs/Variant3.prefab
  artifactKey: Guid(7b7562d3ea0ca834fa73ad91358217d9) Importer(815301076,1909f56bfc062723c751e8b465ee728b)
Start importing Assets/Prefabs/Variant3.prefab using Guid(7b7562d3ea0ca834fa73ad91358217d9) Importer(815301076,1909f56bfc062723c751e8b465ee728b) [PhysX] Initialized MultithreadedTaskDispatcher with 8 workers.
 -> (artifact id: '60a7ae64e16f8afff0b31fc945034e83') in 0.005205 seconds
Number of updated asset objects reloaded before import = 0
Number of asset objects unloaded after import = 36
========================================================================
Received Import Request.
  Time since last request: 0.000023 seconds.
  path: Assets/Prefabs/Variant3Green.prefab
  artifactKey: Guid(7421621506e19e54f9997af99d289b80) Importer(815301076,1909f56bfc062723c751e8b465ee728b)
Start importing Assets/Prefabs/Variant3Green.prefab using Guid(7421621506e19e54f9997af99d289b80) Importer(815301076,1909f56bfc062723c751e8b465ee728b) [PhysX] Initialized MultithreadedTaskDispatcher with 8 workers.
 -> (artifact id: '2d90258b408bfb037500d0c22c9c8a74') in 0.008179 seconds
Number of updated asset objects reloaded before import = 0
Number of asset objects unloaded after import = 27
========================================================================
Received Import Request.
  Time since last request: 0.000019 seconds.
  path: Assets/Prefabs/Variant3YellowTeleportEnemy.prefab
  artifactKey: Guid(65a93b2ce4d5b124a85fcdea00fb6e6f) Importer(815301076,1909f56bfc062723c751e8b465ee728b)
Start importing Assets/Prefabs/Variant3YellowTeleportEnemy.prefab using Guid(65a93b2ce4d5b124a85fcdea00fb6e6f) Importer(815301076,1909f56bfc062723c751e8b465ee728b) [PhysX] Initialized MultithreadedTaskDispatcher with 8 workers.
 -> (artifact id: 'fe78b3a99837c07c58bea13f3f715b56') in 0.006304 seconds
Number of updated asset objects reloaded before import = 0
Number of asset objects unloaded after import = 47
========================================================================
Received Import Request.
  Time since last request: 0.000020 seconds.
  path: Assets/Prefabs/Variant3BeeEnemy.prefab
  artifactKey: Guid(6e21af1d76e1d184d88445f76860ac10) Importer(815301076,1909f56bfc062723c751e8b465ee728b)
Start importing Assets/Prefabs/Variant3BeeEnemy.prefab using Guid(6e21af1d76e1d184d88445f76860ac10) Importer(815301076,1909f56bfc062723c751e8b465ee728b) [PhysX] Initialized MultithreadedTaskDispatcher with 8 workers.
 -> (artifact id: '2baa1864382a0e11f675eae17b46e948') in 0.004433 seconds
Number of updated asset objects reloaded before import = 0
Number of asset objects unloaded after import = 32
========================================================================
Received Import Request.
  Time since last request: 0.000026 seconds.
  path: Assets/Prefabs/Variant3SnowWhite1.prefab
  artifactKey: Guid(ceb688bcedd726c41a6f217b84ac3275) Importer(815301076,1909f56bfc062723c751e8b465ee728b)
Start importing Assets/Prefabs/Variant3SnowWhite1.prefab using Guid(ceb688bcedd726c41a6f217b84ac3275) Importer(815301076,1909f56bfc062723c751e8b465ee728b) [PhysX] Initialized MultithreadedTaskDispatcher with 8 workers.
 -> (artifact id: '9e396f46f92b2d17c526d03bda5e4ee3') in 0.007089 seconds
Number of updated asset objects reloaded before import = 0
Number of asset objects unloaded after import = 43
========================================================================
Received Import Request.
  Time since last request: 0.000043 seconds.
  path: Assets/Prefabs/Variant3BlueEnemy 1.prefab
  artifactKey: Guid(e52636d511ac7364a874e38217ab3a07) Importer(815301076,1909f56bfc062723c751e8b465ee728b)
Start importing Assets/Prefabs/Variant3BlueEnemy 1.prefab using Guid(e52636d511ac7364a874e38217ab3a07) Importer(815301076,1909f56bfc062723c751e8b465ee728b) [PhysX] Initialized MultithreadedTaskDispatcher with 8 workers.
 -> (artifact id: '19c8893c842f55f683016bbccf281216') in 0.004898 seconds
Number of updated asset objects reloaded before import = 0
Number of asset objects unloaded after import = 37
========================================================================
Received Import Request.
  Time since last request: 0.000018 seconds.
  path: Assets/Prefabs/Variant3YellowSnow.prefab
  artifactKey: Guid(8226813f3d36d6e40a1df4842ad0b538) Importer(815301076,1909f56bfc062723c751e8b465ee728b)
Start importing Assets/Prefabs/Variant3YellowSnow.prefab using Guid(8226813f3d36d6e40a1df4842ad0b538) Importer(815301076,1909f56bfc062723c751e8b465ee728b) [PhysX] Initialized MultithreadedTaskDispatcher with 8 workers.
 -> (artifact id: 'f13746fc019b1ec6a424b4ffff1372be') in 0.003154 seconds
Number of updated asset objects reloaded before import = 0
Number of asset objects unloaded after import = 26
========================================================================
Received Import Request.
  Time since last request: 20.553850 seconds.
  path: Assets/Prefabs/Variant1SnowWhite3.prefab
  artifactKey: Guid(5bf2c262d8fd5fd44a653eeec49d71f9) Importer(815301076,1909f56bfc062723c751e8b465ee728b)
Start importing Assets/Prefabs/Variant1SnowWhite3.prefab using Guid(5bf2c262d8fd5fd44a653eeec49d71f9) Importer(815301076,1909f56bfc062723c751e8b465ee728b) [PhysX] Initialized MultithreadedTaskDispatcher with 8 workers.
 -> (artifact id: '49d07c2954aa19e6c8b5313091949187') in 0.007869 seconds
Number of updated asset objects reloaded before import = 0
Number of asset objects unloaded after import = 43
========================================================================
Received Import Request.
  Time since last request: 0.000029 seconds.
  path: Assets/Prefabs/Variant2StoneSnow.prefab
  artifactKey: Guid(33d4bd6e4cc488845b597d2031ed9e32) Importer(815301076,1909f56bfc062723c751e8b465ee728b)
Start importing Assets/Prefabs/Variant2StoneSnow.prefab using Guid(33d4bd6e4cc488845b597d2031ed9e32) Importer(815301076,1909f56bfc062723c751e8b465ee728b) [PhysX] Initialized MultithreadedTaskDispatcher with 8 workers.
 -> (artifact id: '4c638f891f329643d55a169ecaabf660') in 0.041733 seconds
Number of updated asset objects reloaded before import = 0
Number of asset objects unloaded after import = 28
========================================================================
Received Import Request.
  Time since last request: 0.000262 seconds.
  path: Assets/Prefabs/Variant3Snow.prefab
  artifactKey: Guid(e80a8bc746c2d36418d986499839dc4a) Importer(815301076,1909f56bfc062723c751e8b465ee728b)
Start importing Assets/Prefabs/Variant3Snow.prefab using Guid(e80a8bc746c2d36418d986499839dc4a) Importer(815301076,1909f56bfc062723c751e8b465ee728b) [PhysX] Initialized MultithreadedTaskDispatcher with 8 workers.
 -> (artifact id: 'ca22a57416b0959bd2ce562a255d43f5') in 0.012264 seconds
Number of updated asset objects reloaded before import = 0
Number of asset objects unloaded after import = 43
========================================================================
Received Import Request.
  Time since last request: 0.000021 seconds.
  path: Assets/Prefabs/Variant3Green.prefab
  artifactKey: Guid(7421621506e19e54f9997af99d289b80) Importer(815301076,1909f56bfc062723c751e8b465ee728b)
Start importing Assets/Prefabs/Variant3Green.prefab using Guid(7421621506e19e54f9997af99d289b80) Importer(815301076,1909f56bfc062723c751e8b465ee728b) [PhysX] Initialized MultithreadedTaskDispatcher with 8 workers.
 -> (artifact id: '0a93492e441bab489a3a3c72ba9525db') in 0.009879 seconds
Number of updated asset objects reloaded before import = 0
Number of asset objects unloaded after import = 27
========================================================================
Received Import Request.
  Time since last request: 0.000061 seconds.
  path: Assets/Prefabs/Variant2YellowTeleportEnemy.prefab
  artifactKey: Guid(f85bb9bc331a4364baa9e7c5930d7ee7) Importer(815301076,1909f56bfc062723c751e8b465ee728b)
Start importing Assets/Prefabs/Variant2YellowTeleportEnemy.prefab using Guid(f85bb9bc331a4364baa9e7c5930d7ee7) Importer(815301076,1909f56bfc062723c751e8b465ee728b) [PhysX] Initialized MultithreadedTaskDispatcher with 8 workers.
 -> (artifact id: '2b902baaf07b4b87a2adcdc39a4cb866') in 0.011156 seconds
Number of updated asset objects reloaded before import = 0
Number of asset objects unloaded after import = 47
========================================================================
Received Import Request.
  Time since last request: 0.000056 seconds.
  path: Assets/Prefabs/Variant3YellowTeleportEnemy.prefab
  artifactKey: Guid(65a93b2ce4d5b124a85fcdea00fb6e6f) Importer(815301076,1909f56bfc062723c751e8b465ee728b)
Start importing Assets/Prefabs/Variant3YellowTeleportEnemy.prefab using Guid(65a93b2ce4d5b124a85fcdea00fb6e6f) Importer(815301076,1909f56bfc062723c751e8b465ee728b) [PhysX] Initialized MultithreadedTaskDispatcher with 8 workers.
 -> (artifact id: 'a00584d97a66f96657d9b0d8748ff369') in 0.016117 seconds
Number of updated asset objects reloaded before import = 0
Number of asset objects unloaded after import = 47
========================================================================
Received Import Request.
  Time since last request: 0.000051 seconds.
  path: Assets/Prefabs/Variant2YellowTeleportEnemySnow.prefab
  artifactKey: Guid(e48cf735ddf19764db75810dd733300d) Importer(815301076,1909f56bfc062723c751e8b465ee728b)
Start importing Assets/Prefabs/Variant2YellowTeleportEnemySnow.prefab using Guid(e48cf735ddf19764db75810dd733300d) Importer(815301076,1909f56bfc062723c751e8b465ee728b) [PhysX] Initialized MultithreadedTaskDispatcher with 8 workers.
 -> (artifact id: '3bd3c17d0006ab88d2dc32b754560372') in 0.006319 seconds
Number of updated asset objects reloaded before import = 0
Number of asset objects unloaded after import = 45
========================================================================
Received Import Request.
  Time since last request: 0.000059 seconds.
  path: Assets/Prefabs/Variant1Stone.prefab
  artifactKey: Guid(3b6ec63b23e53b24eb77b11b071b92e9) Importer(815301076,1909f56bfc062723c751e8b465ee728b)
Start importing Assets/Prefabs/Variant1Stone.prefab using Guid(3b6ec63b23e53b24eb77b11b071b92e9) Importer(815301076,1909f56bfc062723c751e8b465ee728b) [PhysX] Initialized MultithreadedTaskDispatcher with 8 workers.
 -> (artifact id: '1e7875ec48b0ed536adb53d8627efb61') in 0.004832 seconds
Number of updated asset objects reloaded before import = 0
Number of asset objects unloaded after import = 28
========================================================================
Received Import Request.
  Time since last request: 0.000023 seconds.
  path: Assets/Prefabs/Variant2Stone.prefab
  artifactKey: Guid(3d0ed4815f7b3a142acec7d051a0cc67) Importer(815301076,1909f56bfc062723c751e8b465ee728b)
Start importing Assets/Prefabs/Variant2Stone.prefab using Guid(3d0ed4815f7b3a142acec7d051a0cc67) Importer(815301076,1909f56bfc062723c751e8b465ee728b) [PhysX] Initialized MultithreadedTaskDispatcher with 8 workers.
 -> (artifact id: 'ad825d4fdec157c61a5b7620230f4515') in 0.009871 seconds
Number of updated asset objects reloaded before import = 0
Number of asset objects unloaded after import = 28
========================================================================
Received Import Request.
  Time since last request: 0.000023 seconds.
  path: Assets/Prefabs/Variant3BeeEnemy.prefab
  artifactKey: Guid(6e21af1d76e1d184d88445f76860ac10) Importer(815301076,1909f56bfc062723c751e8b465ee728b)
Start importing Assets/Prefabs/Variant3BeeEnemy.prefab using Guid(6e21af1d76e1d184d88445f76860ac10) Importer(815301076,1909f56bfc062723c751e8b465ee728b) [PhysX] Initialized MultithreadedTaskDispatcher with 8 workers.
 -> (artifact id: 'e9b48cb46ccd68bbca9f03487576eca2') in 0.203174 seconds
Number of updated asset objects reloaded before import = 0
Number of asset objects unloaded after import = 32
========================================================================
Received Import Request.
  Time since last request: 0.000096 seconds.
  path: Assets/Prefabs/Variant2Shit.prefab
  artifactKey: Guid(6b402bb2eb5ed064f94bf1229870dd03) Importer(815301076,1909f56bfc062723c751e8b465ee728b)
Start importing Assets/Prefabs/Variant2Shit.prefab using Guid(6b402bb2eb5ed064f94bf1229870dd03) Importer(815301076,1909f56bfc062723c751e8b465ee728b) [PhysX] Initialized MultithreadedTaskDispatcher with 8 workers.
 -> (artifact id: 'a17cf175ebaabaf3db0a7f0493f04612') in 0.091094 seconds
Number of updated asset objects reloaded before import = 0
Number of asset objects unloaded after import = 24
========================================================================
Received Import Request.
  Time since last request: 0.000039 seconds.
  path: Assets/Prefabs/Variant1StoneSwamp.prefab
  artifactKey: Guid(c3b80be06e1efd34cb80fe812f2f68f7) Importer(815301076,1909f56bfc062723c751e8b465ee728b)
Start importing Assets/Prefabs/Variant1StoneSwamp.prefab using Guid(c3b80be06e1efd34cb80fe812f2f68f7) Importer(815301076,1909f56bfc062723c751e8b465ee728b) [PhysX] Initialized MultithreadedTaskDispatcher with 8 workers.
 -> (artifact id: '2d08ff7428113c81e964b6957034e45f') in 0.057314 seconds
Number of updated asset objects reloaded before import = 0
Number of asset objects unloaded after import = 28
========================================================================
Received Import Request.
  Time since last request: 0.000118 seconds.
  path: Assets/Prefabs/Variant1YellowEnemy.prefab
  artifactKey: Guid(5288717d0ce17ff4fbb765f2a99edaf3) Importer(815301076,1909f56bfc062723c751e8b465ee728b)
Start importing Assets/Prefabs/Variant1YellowEnemy.prefab using Guid(5288717d0ce17ff4fbb765f2a99edaf3) Importer(815301076,1909f56bfc062723c751e8b465ee728b) [PhysX] Initialized MultithreadedTaskDispatcher with 8 workers.
 -> (artifact id: '52319778213bf49eaf1c84a9c89ac2af') in 0.023040 seconds
Number of updated asset objects reloaded before import = 0
Number of asset objects unloaded after import = 28
========================================================================
Received Import Request.
  Time since last request: 0.000048 seconds.
  path: Assets/Prefabs/Variant1Explosion Variant.prefab
  artifactKey: Guid(2ff9673dd8bc77a4d8114a0df1d6500f) Importer(815301076,1909f56bfc062723c751e8b465ee728b)
Start importing Assets/Prefabs/Variant1Explosion Variant.prefab using Guid(2ff9673dd8bc77a4d8114a0df1d6500f) Importer(815301076,1909f56bfc062723c751e8b465ee728b) [PhysX] Initialized MultithreadedTaskDispatcher with 8 workers.
 -> (artifact id: '92ea08cdc589235077ee8341b8b61f5c') in 0.020471 seconds
Number of updated asset objects reloaded before import = 0
Number of asset objects unloaded after import = 52
========================================================================
Received Import Request.
  Time since last request: 0.000029 seconds.
  path: Assets/Prefabs/Variant1Money.prefab
  artifactKey: Guid(11db729300e582b4f816cf9979ca5688) Importer(815301076,1909f56bfc062723c751e8b465ee728b)
Start importing Assets/Prefabs/Variant1Money.prefab using Guid(11db729300e582b4f816cf9979ca5688) Importer(815301076,1909f56bfc062723c751e8b465ee728b) [PhysX] Initialized MultithreadedTaskDispatcher with 8 workers.
 -> (artifact id: '0c19da0cba5583af221ab790fd3154b5') in 0.007966 seconds
Number of updated asset objects reloaded before import = 0
Number of asset objects unloaded after import = 18
========================================================================
Received Import Request.
  Time since last request: 0.001294 seconds.
  path: Assets/Prefabs/Variant1Explosion.prefab
  artifactKey: Guid(db796a193fa67d743abfe404e955ad20) Importer(815301076,1909f56bfc062723c751e8b465ee728b)
Start importing Assets/Prefabs/Variant1Explosion.prefab using Guid(db796a193fa67d743abfe404e955ad20) Importer(815301076,1909f56bfc062723c751e8b465ee728b) [PhysX] Initialized MultithreadedTaskDispatcher with 8 workers.
 -> (artifact id: '0ce96f97e10bdd6fbc47d4d7c555ca75') in 0.045112 seconds
Number of updated asset objects reloaded before import = 0
Number of asset objects unloaded after import = 31
========================================================================
Received Import Request.
  Time since last request: 0.010829 seconds.
  path: Assets/Prefabs/Variant2BeeEnemy.prefab
  artifactKey: Guid(4cf1ddfbf3eed3345ac8ce4ad97aa526) Importer(815301076,1909f56bfc062723c751e8b465ee728b)
Start importing Assets/Prefabs/Variant2BeeEnemy.prefab using Guid(4cf1ddfbf3eed3345ac8ce4ad97aa526) Importer(815301076,1909f56bfc062723c751e8b465ee728b) [PhysX] Initialized MultithreadedTaskDispatcher with 8 workers.
 -> (artifact id: '51553714e28ef85f865ebf083be7aa6a') in 0.014064 seconds
Number of updated asset objects reloaded before import = 0
Number of asset objects unloaded after import = 32
========================================================================
Received Import Request.
  Time since last request: 0.000021 seconds.
  path: Assets/Prefabs/Variant1YellowSnow.prefab
  artifactKey: Guid(1144cbd670c278943b2e990b6278cef7) Importer(815301076,1909f56bfc062723c751e8b465ee728b)
Start importing Assets/Prefabs/Variant1YellowSnow.prefab using Guid(1144cbd670c278943b2e990b6278cef7) Importer(815301076,1909f56bfc062723c751e8b465ee728b) [PhysX] Initialized MultithreadedTaskDispatcher with 8 workers.
 -> (artifact id: '8ad6437c15182b82b5c3c571d81188ab') in 0.030837 seconds
Number of updated asset objects reloaded before import = 0
Number of asset objects unloaded after import = 26
========================================================================
Received Import Request.
  Time since last request: 0.000028 seconds.
  path: Assets/Prefabs/Variant2YellowSnow.prefab
  artifactKey: Guid(9d1ab2b957b0f76418b3c157fce934fb) Importer(815301076,1909f56bfc062723c751e8b465ee728b)
Start importing Assets/Prefabs/Variant2YellowSnow.prefab using Guid(9d1ab2b957b0f76418b3c157fce934fb) Importer(815301076,1909f56bfc062723c751e8b465ee728b) [PhysX] Initialized MultithreadedTaskDispatcher with 8 workers.
 -> (artifact id: '1a89b86416afd75d827e37acb2d29984') in 0.009702 seconds
Number of updated asset objects reloaded before import = 0
Number of asset objects unloaded after import = 26
========================================================================
Received Import Request.
  Time since last request: 0.000025 seconds.
  path: Assets/Prefabs/Variant3BlueEnemy 1.prefab
  artifactKey: Guid(e52636d511ac7364a874e38217ab3a07) Importer(815301076,1909f56bfc062723c751e8b465ee728b)
Start importing Assets/Prefabs/Variant3BlueEnemy 1.prefab using Guid(e52636d511ac7364a874e38217ab3a07) Importer(815301076,1909f56bfc062723c751e8b465ee728b) [PhysX] Initialized MultithreadedTaskDispatcher with 8 workers.
 -> (artifact id: '256e4c164d80f6b9392ef9795f7b43cb') in 0.024524 seconds
Number of updated asset objects reloaded before import = 0
Number of asset objects unloaded after import = 37
========================================================================
Received Import Request.
  Time since last request: 0.002520 seconds.
  path: Assets/Prefabs/Variant2Explosion.prefab
  artifactKey: Guid(1aeffba7d6c42c7438b12f70ce49a28f) Importer(815301076,1909f56bfc062723c751e8b465ee728b)
Start importing Assets/Prefabs/Variant2Explosion.prefab using Guid(1aeffba7d6c42c7438b12f70ce49a28f) Importer(815301076,1909f56bfc062723c751e8b465ee728b) [PhysX] Initialized MultithreadedTaskDispatcher with 8 workers.
 -> (artifact id: '5908082390bbae50958d1cd3cf995387') in 0.008127 seconds
Number of updated asset objects reloaded before import = 0
Number of asset objects unloaded after import = 31
========================================================================
Received Prepare
Caller must complete domain reload
Begin MonoManager ReloadAssembly
Symbol file LoadedFromMemory is not a mono symbol file
- Loaded All Assemblies, in  0.952 seconds
Native extension for WindowsStandalone target not found
Native extension for iOS target not found
Native extension for Android target not found
Native extension for WebGL target not found
Asset Pipeline Refresh (id=9aa5517cd9a2cd444930c35d3669b08a): Total: 0.000 seconds - Initiated by StopAssetImportingV2(NoUpdateAssetOptions)
[ScriptCompilation] NOT recompiling all scripts because this is an import worker process. Reason to compile was: Define symbols changed
[ScriptCompilation] NOT recompiling all scripts because this is an import worker process. Reason to compile was: Define symbols changed
Mono: successfully reloaded assembly
- Finished resetting the current domain, in  1.470 seconds
Domain Reload Profiling: 2419ms
	BeginReloadAssembly (499ms)
		ExecutionOrderSort (0ms)
		DisableScriptedObjects (7ms)
		BackupInstance (0ms)
		ReleaseScriptingObjects (0ms)
		CreateAndSetChildDomain (47ms)
	RebuildCommonClasses (47ms)
	RebuildNativeTypeToScriptingClass (17ms)
	initialDomainReloadingComplete (38ms)
	LoadAllAssembliesAndSetupDomain (347ms)
		LoadAssemblies (438ms)
		RebuildTransferFunctionScriptingTraits (0ms)
		AnalyzeDomain (17ms)
			TypeCache.Refresh (7ms)
				TypeCache.ScanAssembly (0ms)
			ScanForSourceGeneratedMonoScriptInfo (0ms)
			ResolveRequiredComponents (9ms)
	FinalizeReload (1471ms)
		ReleaseScriptCaches (0ms)
		RebuildScriptCaches (0ms)
		SetupLoadedEditorAssemblies (785ms)
			LogAssemblyErrors (0ms)
			InitializePlatformSupportModulesInManaged (44ms)
			SetLoadedEditorAssemblies (5ms)
			RefreshPlugins (0ms)
			BeforeProcessingInitializeOnLoad (97ms)
			ProcessInitializeOnLoadAttributes (407ms)
			ProcessInitializeOnLoadMethodAttributes (220ms)
			AfterProcessingInitializeOnLoad (10ms)
			EditorAssembliesLoaded (0ms)
		ExecutionOrderSort2 (0ms)
		AwakeInstancesAfterBackupRestoration (11ms)
Refreshing native plugins compatible for Editor in 16.74 ms, found 2 plugins.
Preloading 0 native plugins for Editor in 0.00 ms.
Unloading 3831 Unused Serialized files (Serialized files now loaded: 0)
Unloading 17 unused Assets / (28.6 KB). Loaded Objects now: 4736.
Memory consumption went from 140.1 MB to 140.0 MB.
Total: 13.076000 ms (FindLiveObjects: 0.580100 ms CreateObjectMapping: 0.477900 ms MarkObjects: 11.965700 ms  DeleteObjects: 0.050600 ms)

Prepare: number of updated asset objects reloaded= 0
AssetImportParameters requested are different than current active one (requested -> active):
  custom:scripting/monoscript/fileName/AdsManager.cs: 02def8582910908d167bbb9227855ef4 -> 
  custom:container-demuxer-ogg: 62fdf1f143b41e24485cea50d1cbac27 -> 
  custom:scripting/monoscript/fileName/LevelChangerDOTween.cs: 2ea35b7817de89e3c9bc7fb9c16c14c8 -> 
  custom:scripting/monoscript/fileName/AnalyticsManager.cs: a0ba2baafde2834ba142b7fe92ba996d -> 
  custom:video-decoder-ogg-theora: a1e56fd34408186e4bbccfd4996cb3dc -> 
  custom:scripting/monoscript/fileName/UpgradeShop.cs: 5fad3e7228b2cce1fa928888244f648c -> 
  custom:framework-win-MediaFoundation: 216162199b28c13a410421893ffa2e32 -> 
  custom:scripting/monoscript/fileName/RewardedAds.cs: d66570aae527af9da7222484b8264842 -> 
  custom:scripting/monoscript/fileName/NewBehaviourScript.cs: b21687ddb03d73bd9f0c1daecb9714de -> 
  custom:scripting/monoscript/fileName/ObjectPoolManager.cs: da9c366c131223b3e8881c65a4f04910 -> 
  custom:CustomObjectIndexerAttribute: 9a22284fe3817be447336de3de66b15e -> 
  custom:container-demuxer-webm: 4f35f7cbe854078d1ac9338744f61a02 -> 
  custom:container-muxer-webm: aa71ff27fc2769a1b78a27578f13a17b -> 
  custom:video-decoder-webm-vp8: 9c59270c3fd7afecdb556c50c9e8de78 -> 
  custom:scripting/monoscript/fileName/UpgradeAsset.cs: 5d0ce12d7184a3da40041fc92eb082d8 -> 
  custom:SearchIndexIgnoredProperties: e643bd26f0fe6173181afceb89e7c659 -> 
  custom:scripting/monoscript/fileName/InterstitialAds.cs: 6d333cb1dc24d5ddf3ec91bccefc0773 -> 
  custom:AudioImporter_EditorPlatform: d09bf68614088b80899f8185d706f6e7 -> 
  custom:scripting/monoscript/fileName/Upgrades.cs: efffe4420000c7dff7f2eae57efaf755 -> 
  custom:scripting/monoscript/fileName/MainMenuSceneChange.cs: d4425b768b31a0e779c58ed647aad071 -> 
  custom:scripting/monoscript/fileName/SavesYG.cs: c497cdc187148548f5d9a620311f9dc3 -> 
  custom:video-encoder-webm-vp8: eb34c28f22e8b96e1ab97ce403110664 -> 
  custom:audio-decoder-ogg-vorbis: bf7c407c2cedff20999df2af8eb42d56 -> 
  custom:scripting/monoscript/fileName/IAPHandler.cs: 9c0d60c35c8d51d2451fa8bafe956467 -> 
  custom:scripting/monoscript/fileName/ButtonsRewarded.cs: 07495e688444a91c62dfcd44c138345c -> 
  custom:audio-encoder-webm-vorbis: bf7c407c2cedff20999df2af8eb42d56 -> 
  custom:scripting/monoscript/fileName/PurchaseManager.cs: 7ccb736f003775a5e240eec74b533b6b -> 
  custom:scripting/monoscript/fileName/BuyUpgrade.cs: 7f5deeb882f8c1e3141ce9ef24e50525 -> 
  custom:scripting/precompiled-assembly-types:Assembly-CSharp: 0741b3377fa5644ea3a8603e0ec3bfee -> b6d5beae70893ec4483681e4771dab9e
