Using pre-set license
Built from '2022.3/respin/2022.3.62f2-4af31df585-v2' branch; Version is '2022.3.62f2 (7670c08855a9) revision 7762112'; Using compiler version '192829333'; Build Type 'Release'
OS: 'Windows 11  (10.0.22631) 64bit Core' Language: 'ru' Physical Memory: 16226 MB
BatchMode: 1, IsHumanControllingUs: 0, StartBugReporterOnCrash: 0, Is64bit: 1, IsPro: 1

COMMAND LINE ARGUMENTS:
C:\Users\Danila\UnityEditors\2022.3.62f2\Editor\Unity.exe
-adb2
-batchMode
-noUpm
-name
AssetImportWorker1
-projectPath
G:/GitHub/PopAndFly2dRunner/Pop-and-Fly-2D-Balloon-Game/2d Runner
-logFile
Logs/AssetImportWorker1.log
-srvPort
65192
Successfully changed project path to: G:/GitHub/PopAndFly2dRunner/Pop-and-Fly-2D-Balloon-Game/2d Runner
G:/GitHub/PopAndFly2dRunner/Pop-and-Fly-2D-Balloon-Game/2d Runner
[UnityMemory] Configuration Parameters - Can be set up in boot.config
    "memorysetup-bucket-allocator-granularity=16"
    "memorysetup-bucket-allocator-bucket-count=8"
    "memorysetup-bucket-allocator-block-size=33554432"
    "memorysetup-bucket-allocator-block-count=8"
    "memorysetup-main-allocator-block-size=16777216"
    "memorysetup-thread-allocator-block-size=16777216"
    "memorysetup-gfx-main-allocator-block-size=16777216"
    "memorysetup-gfx-thread-allocator-block-size=16777216"
    "memorysetup-cache-allocator-block-size=4194304"
    "memorysetup-typetree-allocator-block-size=2097152"
    "memorysetup-profiler-bucket-allocator-granularity=16"
    "memorysetup-profiler-bucket-allocator-bucket-count=8"
    "memorysetup-profiler-bucket-allocator-block-size=33554432"
    "memorysetup-profiler-bucket-allocator-block-count=8"
    "memorysetup-profiler-allocator-block-size=16777216"
    "memorysetup-profiler-editor-allocator-block-size=1048576"
    "memorysetup-temp-allocator-size-main=16777216"
    "memorysetup-job-temp-allocator-block-size=2097152"
    "memorysetup-job-temp-allocator-block-size-background=1048576"
    "memorysetup-job-temp-allocator-reduction-small-platforms=262144"
    "memorysetup-allocator-temp-initial-block-size-main=262144"
    "memorysetup-allocator-temp-initial-block-size-worker=262144"
    "memorysetup-temp-allocator-size-background-worker=32768"
    "memorysetup-temp-allocator-size-job-worker=262144"
    "memorysetup-temp-allocator-size-preload-manager=33554432"
    "memorysetup-temp-allocator-size-nav-mesh-worker=65536"
    "memorysetup-temp-allocator-size-audio-worker=65536"
    "memorysetup-temp-allocator-size-cloud-worker=32768"
    "memorysetup-temp-allocator-size-gi-baking-worker=262144"
    "memorysetup-temp-allocator-size-gfx=262144"
Player connection [24424]  Target information:

Player connection [24424]  * "[IP] 169.254.9.69 [Port] 0 [Flags] 2 [Guid] 3264963364 [EditorId] 3264963364 [Version] 1048832 [Id] WindowsEditor(7,DESKTOP-2G3Q8K8) [Debug] 1 [PackageName] WindowsEditor [ProjectName] Editor" 

Player connection [24424]  * "[IP] 192.168.0.105 [Port] 0 [Flags] 2 [Guid] 3264963364 [EditorId] 3264963364 [Version] 1048832 [Id] WindowsEditor(7,DESKTOP-2G3Q8K8) [Debug] 1 [PackageName] WindowsEditor [ProjectName] Editor" 

Player connection [24424] Host joined multi-casting on [225.0.0.222:54997]...
Player connection [24424] Host joined alternative multi-casting on [225.0.0.222:34997]...
Input System module state changed to: Initialized.
[PhysX] Initialized MultithreadedTaskDispatcher with 8 workers.
Refreshing native plugins compatible for Editor in 230.32 ms, found 2 plugins.
Preloading 0 native plugins for Editor in 0.00 ms.
Initialize engine version: 2022.3.62f2 (7670c08855a9)
[Subsystems] Discovering subsystems at path C:/Users/Danila/UnityEditors/2022.3.62f2/Editor/Data/Resources/UnitySubsystems
[Subsystems] Discovering subsystems at path G:/GitHub/PopAndFly2dRunner/Pop-and-Fly-2D-Balloon-Game/2d Runner/Assets
GfxDevice: creating device client; threaded=0; jobified=0
Direct3D:
    Version:  Direct3D 11.0 [level 11.1]
    Renderer: NVIDIA GeForce GTX 1650 with Max-Q Design (ID=0x1f99)
    Vendor:   NVIDIA
    VRAM:     3935 MB
    Driver:   32.0.16.1074
Initialize mono
Mono path[0] = 'C:/Users/Danila/UnityEditors/2022.3.62f2/Editor/Data/Managed'
Mono path[1] = 'C:/Users/Danila/UnityEditors/2022.3.62f2/Editor/Data/MonoBleedingEdge/lib/mono/unityjit-win32'
Mono config path = 'C:/Users/Danila/UnityEditors/2022.3.62f2/Editor/Data/MonoBleedingEdge/etc'
Using monoOptions --debugger-agent=transport=dt_socket,embedding=1,server=y,suspend=n,address=127.0.0.1:56868
Begin MonoManager ReloadAssembly
Registering precompiled unity dll's ...
Register platform support module: C:/Users/Danila/UnityEditors/2022.3.62f2/Editor/Data/PlaybackEngines/WebGLSupport/UnityEditor.WebGL.Extensions.dll
Register platform support module: C:/Users/Danila/UnityEditors/2022.3.62f2/Editor/Data/PlaybackEngines/AndroidPlayer/UnityEditor.Android.Extensions.dll
Register platform support module: C:/Users/Danila/UnityEditors/2022.3.62f2/Editor/Data/PlaybackEngines/iOSSupport/UnityEditor.iOS.Extensions.dll
Register platform support module: C:/Users/Danila/UnityEditors/2022.3.62f2/Editor/Data/PlaybackEngines/WindowsStandaloneSupport/UnityEditor.WindowsStandalone.Extensions.dll
Registered in 0.016005 seconds.
- Loaded All Assemblies, in  1.637 seconds
Native extension for WindowsStandalone target not found
[usbmuxd] Start listen thread
[usbmuxd] Listen thread started
Native extension for iOS target not found
Native extension for Android target not found
Android Extension - Scanning For ADB Devices 556 ms
Native extension for WebGL target not found
Mono: successfully reloaded assembly
- Finished resetting the current domain, in  1.008 seconds
Domain Reload Profiling: 2642ms
	BeginReloadAssembly (174ms)
		ExecutionOrderSort (0ms)
		DisableScriptedObjects (0ms)
		BackupInstance (0ms)
		ReleaseScriptingObjects (0ms)
		CreateAndSetChildDomain (1ms)
	RebuildCommonClasses (274ms)
	RebuildNativeTypeToScriptingClass (18ms)
	initialDomainReloadingComplete (89ms)
	LoadAllAssembliesAndSetupDomain (1079ms)
		LoadAssemblies (171ms)
		RebuildTransferFunctionScriptingTraits (0ms)
		AnalyzeDomain (1074ms)
			TypeCache.Refresh (1073ms)
				TypeCache.ScanAssembly (566ms)
			ScanForSourceGeneratedMonoScriptInfo (0ms)
			ResolveRequiredComponents (0ms)
	FinalizeReload (1009ms)
		ReleaseScriptCaches (0ms)
		RebuildScriptCaches (0ms)
		SetupLoadedEditorAssemblies (944ms)
			LogAssemblyErrors (0ms)
			InitializePlatformSupportModulesInManaged (689ms)
			SetLoadedEditorAssemblies (7ms)
			RefreshPlugins (0ms)
			BeforeProcessingInitializeOnLoad (4ms)
			ProcessInitializeOnLoadAttributes (174ms)
			ProcessInitializeOnLoadMethodAttributes (70ms)
			AfterProcessingInitializeOnLoad (0ms)
			EditorAssembliesLoaded (0ms)
		ExecutionOrderSort2 (0ms)
		AwakeInstancesAfterBackupRestoration (0ms)
========================================================================
Worker process is ready to serve import requests
Caller must complete domain reload
Begin MonoManager ReloadAssembly
Symbol file LoadedFromMemory is not a mono symbol file
- Loaded All Assemblies, in  5.350 seconds
Native extension for WindowsStandalone target not found
Native extension for iOS target not found
Native extension for Android target not found
Native extension for WebGL target not found
Asset Pipeline Refresh (id=4a6d065f866ad9d43b8f37bab004bca3): Total: 0.000 seconds - Initiated by StopAssetImportingV2(NoUpdateAssetOptions)
[ScriptCompilation] NOT recompiling all scripts because this is an import worker process. Reason to compile was: Define symbols changed
[ScriptCompilation] NOT recompiling all scripts because this is an import worker process. Reason to compile was: Define symbols changed
Mono: successfully reloaded assembly
- Finished resetting the current domain, in  2.642 seconds
Domain Reload Profiling: 7990ms
	BeginReloadAssembly (238ms)
		ExecutionOrderSort (0ms)
		DisableScriptedObjects (10ms)
		BackupInstance (0ms)
		ReleaseScriptingObjects (0ms)
		CreateAndSetChildDomain (33ms)
	RebuildCommonClasses (58ms)
	RebuildNativeTypeToScriptingClass (19ms)
	initialDomainReloadingComplete (45ms)
	LoadAllAssembliesAndSetupDomain (4986ms)
		LoadAssemblies (4106ms)
		RebuildTransferFunctionScriptingTraits (0ms)
		AnalyzeDomain (1017ms)
			TypeCache.Refresh (946ms)
				TypeCache.ScanAssembly (780ms)
			ScanForSourceGeneratedMonoScriptInfo (54ms)
			ResolveRequiredComponents (14ms)
	FinalizeReload (2643ms)
		ReleaseScriptCaches (0ms)
		RebuildScriptCaches (0ms)
		SetupLoadedEditorAssemblies (2260ms)
			LogAssemblyErrors (0ms)
			InitializePlatformSupportModulesInManaged (96ms)
			SetLoadedEditorAssemblies (10ms)
			RefreshPlugins (0ms)
			BeforeProcessingInitializeOnLoad (166ms)
			ProcessInitializeOnLoadAttributes (1556ms)
			ProcessInitializeOnLoadMethodAttributes (416ms)
			AfterProcessingInitializeOnLoad (16ms)
			EditorAssembliesLoaded (0ms)
		ExecutionOrderSort2 (0ms)
		AwakeInstancesAfterBackupRestoration (14ms)
Launched and connected shader compiler UnityShaderCompiler.exe after 0.21 seconds
Refreshing native plugins compatible for Editor in 28.58 ms, found 2 plugins.
Preloading 0 native plugins for Editor in 0.00 ms.
Unloading 3878 Unused Serialized files (Serialized files now loaded: 0)
Unloading 25 unused Assets / (53.9 KB). Loaded Objects now: 4360.
Memory consumption went from 144.7 MB to 144.6 MB.
Total: 16.383000 ms (FindLiveObjects: 0.451600 ms CreateObjectMapping: 0.616100 ms MarkObjects: 15.175800 ms  DeleteObjects: 0.137900 ms)

AssetImportParameters requested are different than current active one (requested -> active):
  custom:container-demuxer-ogg: 62fdf1f143b41e24485cea50d1cbac27 -> 
  custom:video-decoder-ogg-theora: a1e56fd34408186e4bbccfd4996cb3dc -> 
  custom:framework-win-MediaFoundation: 216162199b28c13a410421893ffa2e32 -> 
  custom:CustomObjectIndexerAttribute: 9a22284fe3817be447336de3de66b15e -> 
  custom:container-demuxer-webm: 4f35f7cbe854078d1ac9338744f61a02 -> 
  custom:container-muxer-webm: aa71ff27fc2769a1b78a27578f13a17b -> 
  custom:video-decoder-webm-vp8: 9c59270c3fd7afecdb556c50c9e8de78 -> 
  custom:SearchIndexIgnoredProperties: e643bd26f0fe6173181afceb89e7c659 -> 
  custom:AudioImporter_EditorPlatform: d09bf68614088b80899f8185d706f6e7 -> 
  custom:video-encoder-webm-vp8: eb34c28f22e8b96e1ab97ce403110664 -> 
  custom:audio-decoder-ogg-vorbis: bf7c407c2cedff20999df2af8eb42d56 -> 
  custom:audio-encoder-webm-vorbis: bf7c407c2cedff20999df2af8eb42d56 -> 
========================================================================
Received Prepare
Caller must complete domain reload
Begin MonoManager ReloadAssembly
Symbol file LoadedFromMemory is not a mono symbol file
- Loaded All Assemblies, in  1.620 seconds
Native extension for WindowsStandalone target not found
Native extension for iOS target not found
Native extension for Android target not found
Native extension for WebGL target not found
Asset Pipeline Refresh (id=8e3e4f6efeb06044f93de08cadd6517d): Total: 0.000 seconds - Initiated by StopAssetImportingV2(NoUpdateAssetOptions)
[ScriptCompilation] NOT recompiling all scripts because this is an import worker process. Reason to compile was: Define symbols changed
[ScriptCompilation] NOT recompiling all scripts because this is an import worker process. Reason to compile was: Define symbols changed
Mono: successfully reloaded assembly
- Finished resetting the current domain, in  2.688 seconds
Domain Reload Profiling: 4306ms
	BeginReloadAssembly (912ms)
		ExecutionOrderSort (0ms)
		DisableScriptedObjects (11ms)
		BackupInstance (0ms)
		ReleaseScriptingObjects (0ms)
		CreateAndSetChildDomain (71ms)
	RebuildCommonClasses (101ms)
	RebuildNativeTypeToScriptingClass (29ms)
	initialDomainReloadingComplete (59ms)
	LoadAllAssembliesAndSetupDomain (516ms)
		LoadAssemblies (707ms)
		RebuildTransferFunctionScriptingTraits (0ms)
		AnalyzeDomain (27ms)
			TypeCache.Refresh (9ms)
				TypeCache.ScanAssembly (0ms)
			ScanForSourceGeneratedMonoScriptInfo (0ms)
			ResolveRequiredComponents (16ms)
	FinalizeReload (2689ms)
		ReleaseScriptCaches (0ms)
		RebuildScriptCaches (0ms)
		SetupLoadedEditorAssemblies (1583ms)
			LogAssemblyErrors (0ms)
			InitializePlatformSupportModulesInManaged (62ms)
			SetLoadedEditorAssemblies (8ms)
			RefreshPlugins (0ms)
			BeforeProcessingInitializeOnLoad (138ms)
			ProcessInitializeOnLoadAttributes (746ms)
			ProcessInitializeOnLoadMethodAttributes (609ms)
			AfterProcessingInitializeOnLoad (18ms)
			EditorAssembliesLoaded (2ms)
		ExecutionOrderSort2 (0ms)
		AwakeInstancesAfterBackupRestoration (26ms)
Refreshing native plugins compatible for Editor in 21.19 ms, found 2 plugins.
Preloading 0 native plugins for Editor in 0.00 ms.
Unloading 3834 Unused Serialized files (Serialized files now loaded: 0)
Unloading 16 unused Assets / (27.5 KB). Loaded Objects now: 4363.
Memory consumption went from 140.1 MB to 140.1 MB.
Total: 13.592300 ms (FindLiveObjects: 0.413500 ms CreateObjectMapping: 0.395400 ms MarkObjects: 12.716100 ms  DeleteObjects: 0.065800 ms)

Prepare: number of updated asset objects reloaded= 1
AssetImportParameters requested are different than current active one (requested -> active):
  custom:container-demuxer-ogg: 62fdf1f143b41e24485cea50d1cbac27 -> 
  custom:video-decoder-ogg-theora: a1e56fd34408186e4bbccfd4996cb3dc -> 
  custom:framework-win-MediaFoundation: 216162199b28c13a410421893ffa2e32 -> 
  custom:CustomObjectIndexerAttribute: 9a22284fe3817be447336de3de66b15e -> 
  custom:container-demuxer-webm: 4f35f7cbe854078d1ac9338744f61a02 -> 
  custom:container-muxer-webm: aa71ff27fc2769a1b78a27578f13a17b -> 
  custom:video-decoder-webm-vp8: 9c59270c3fd7afecdb556c50c9e8de78 -> 
  custom:SearchIndexIgnoredProperties: e643bd26f0fe6173181afceb89e7c659 -> 
  custom:AudioImporter_EditorPlatform: d09bf68614088b80899f8185d706f6e7 -> 
  custom:video-encoder-webm-vp8: eb34c28f22e8b96e1ab97ce403110664 -> 
  custom:audio-decoder-ogg-vorbis: bf7c407c2cedff20999df2af8eb42d56 -> 
  custom:audio-encoder-webm-vorbis: bf7c407c2cedff20999df2af8eb42d56 -> 
========================================================================
Received Prepare
Caller must complete domain reload
Begin MonoManager ReloadAssembly
Symbol file LoadedFromMemory is not a mono symbol file
- Loaded All Assemblies, in  0.985 seconds
Native extension for WindowsStandalone target not found
Native extension for iOS target not found
Native extension for Android target not found
Native extension for WebGL target not found
Asset Pipeline Refresh (id=d2818436d54f3b544bebf044f8c43a8e): Total: 0.000 seconds - Initiated by StopAssetImportingV2(NoUpdateAssetOptions)
[ScriptCompilation] NOT recompiling all scripts because this is an import worker process. Reason to compile was: Define symbols changed
[ScriptCompilation] NOT recompiling all scripts because this is an import worker process. Reason to compile was: Define symbols changed
Mono: successfully reloaded assembly
- Finished resetting the current domain, in  1.544 seconds
Domain Reload Profiling: 2529ms
	BeginReloadAssembly (523ms)
		ExecutionOrderSort (0ms)
		DisableScriptedObjects (9ms)
		BackupInstance (0ms)
		ReleaseScriptingObjects (0ms)
		CreateAndSetChildDomain (45ms)
	RebuildCommonClasses (45ms)
	RebuildNativeTypeToScriptingClass (13ms)
	initialDomainReloadingComplete (30ms)
	LoadAllAssembliesAndSetupDomain (373ms)
		LoadAssemblies (395ms)
		RebuildTransferFunctionScriptingTraits (0ms)
		AnalyzeDomain (79ms)
			TypeCache.Refresh (41ms)
				TypeCache.ScanAssembly (13ms)
			ScanForSourceGeneratedMonoScriptInfo (26ms)
			ResolveRequiredComponents (10ms)
	FinalizeReload (1545ms)
		ReleaseScriptCaches (0ms)
		RebuildScriptCaches (0ms)
		SetupLoadedEditorAssemblies (880ms)
			LogAssemblyErrors (0ms)
			InitializePlatformSupportModulesInManaged (31ms)
			SetLoadedEditorAssemblies (4ms)
			RefreshPlugins (0ms)
			BeforeProcessingInitializeOnLoad (82ms)
			ProcessInitializeOnLoadAttributes (483ms)
			ProcessInitializeOnLoadMethodAttributes (271ms)
			AfterProcessingInitializeOnLoad (8ms)
			EditorAssembliesLoaded (0ms)
		ExecutionOrderSort2 (0ms)
		AwakeInstancesAfterBackupRestoration (12ms)
Refreshing native plugins compatible for Editor in 11.22 ms, found 2 plugins.
Preloading 0 native plugins for Editor in 0.00 ms.
Unloading 3834 Unused Serialized files (Serialized files now loaded: 0)
Unloading 16 unused Assets / (27.5 KB). Loaded Objects now: 4366.
Memory consumption went from 140.1 MB to 140.1 MB.
Total: 8.508900 ms (FindLiveObjects: 0.362600 ms CreateObjectMapping: 0.338000 ms MarkObjects: 7.749800 ms  DeleteObjects: 0.057100 ms)

Prepare: number of updated asset objects reloaded= 0
AssetImportParameters requested are different than current active one (requested -> active):
  custom:container-demuxer-ogg: 62fdf1f143b41e24485cea50d1cbac27 -> 
  custom:video-decoder-ogg-theora: a1e56fd34408186e4bbccfd4996cb3dc -> 
  custom:framework-win-MediaFoundation: 216162199b28c13a410421893ffa2e32 -> 
  custom:CustomObjectIndexerAttribute: 9a22284fe3817be447336de3de66b15e -> 
  custom:container-demuxer-webm: 4f35f7cbe854078d1ac9338744f61a02 -> 
  custom:container-muxer-webm: aa71ff27fc2769a1b78a27578f13a17b -> 
  custom:video-decoder-webm-vp8: 9c59270c3fd7afecdb556c50c9e8de78 -> 
  custom:SearchIndexIgnoredProperties: e643bd26f0fe6173181afceb89e7c659 -> 
  custom:AudioImporter_EditorPlatform: d09bf68614088b80899f8185d706f6e7 -> 
  custom:video-encoder-webm-vp8: eb34c28f22e8b96e1ab97ce403110664 -> 
  custom:audio-decoder-ogg-vorbis: bf7c407c2cedff20999df2af8eb42d56 -> 
  custom:audio-encoder-webm-vorbis: bf7c407c2cedff20999df2af8eb42d56 -> 
========================================================================
Received Prepare
Caller must complete domain reload
Begin MonoManager ReloadAssembly
Symbol file LoadedFromMemory is not a mono symbol file
- Loaded All Assemblies, in  0.824 seconds
Native extension for WindowsStandalone target not found
Native extension for iOS target not found
Native extension for Android target not found
Native extension for WebGL target not found
Asset Pipeline Refresh (id=833e5fe8234a2e44ea1ab7f64c436757): Total: 0.000 seconds - Initiated by StopAssetImportingV2(NoUpdateAssetOptions)
[ScriptCompilation] NOT recompiling all scripts because this is an import worker process. Reason to compile was: Define symbols changed
[ScriptCompilation] NOT recompiling all scripts because this is an import worker process. Reason to compile was: Define symbols changed
Mono: successfully reloaded assembly
- Finished resetting the current domain, in  1.372 seconds
Domain Reload Profiling: 2196ms
	BeginReloadAssembly (452ms)
		ExecutionOrderSort (0ms)
		DisableScriptedObjects (12ms)
		BackupInstance (0ms)
		ReleaseScriptingObjects (0ms)
		CreateAndSetChildDomain (43ms)
	RebuildCommonClasses (38ms)
	RebuildNativeTypeToScriptingClass (13ms)
	initialDomainReloadingComplete (33ms)
	LoadAllAssembliesAndSetupDomain (286ms)
		LoadAssemblies (358ms)
		RebuildTransferFunctionScriptingTraits (0ms)
		AnalyzeDomain (17ms)
			TypeCache.Refresh (8ms)
				TypeCache.ScanAssembly (0ms)
			ScanForSourceGeneratedMonoScriptInfo (0ms)
			ResolveRequiredComponents (9ms)
	FinalizeReload (1374ms)
		ReleaseScriptCaches (0ms)
		RebuildScriptCaches (0ms)
		SetupLoadedEditorAssemblies (816ms)
			LogAssemblyErrors (0ms)
			InitializePlatformSupportModulesInManaged (31ms)
			SetLoadedEditorAssemblies (4ms)
			RefreshPlugins (0ms)
			BeforeProcessingInitializeOnLoad (84ms)
			ProcessInitializeOnLoadAttributes (434ms)
			ProcessInitializeOnLoadMethodAttributes (253ms)
			AfterProcessingInitializeOnLoad (10ms)
			EditorAssembliesLoaded (0ms)
		ExecutionOrderSort2 (0ms)
		AwakeInstancesAfterBackupRestoration (15ms)
Refreshing native plugins compatible for Editor in 22.05 ms, found 2 plugins.
Preloading 0 native plugins for Editor in 0.00 ms.
Unloading 3834 Unused Serialized files (Serialized files now loaded: 0)
Unloading 16 unused Assets / (27.6 KB). Loaded Objects now: 4369.
Memory consumption went from 140.1 MB to 140.1 MB.
Total: 15.417200 ms (FindLiveObjects: 0.527100 ms CreateObjectMapping: 0.443100 ms MarkObjects: 14.370700 ms  DeleteObjects: 0.074900 ms)

Prepare: number of updated asset objects reloaded= 0
AssetImportParameters requested are different than current active one (requested -> active):
  custom:container-demuxer-ogg: 62fdf1f143b41e24485cea50d1cbac27 -> 
  custom:video-decoder-ogg-theora: a1e56fd34408186e4bbccfd4996cb3dc -> 
  custom:framework-win-MediaFoundation: 216162199b28c13a410421893ffa2e32 -> 
  custom:CustomObjectIndexerAttribute: 9a22284fe3817be447336de3de66b15e -> 
  custom:container-demuxer-webm: 4f35f7cbe854078d1ac9338744f61a02 -> 
  custom:container-muxer-webm: aa71ff27fc2769a1b78a27578f13a17b -> 
  custom:video-decoder-webm-vp8: 9c59270c3fd7afecdb556c50c9e8de78 -> 
  custom:SearchIndexIgnoredProperties: e643bd26f0fe6173181afceb89e7c659 -> 
  custom:AudioImporter_EditorPlatform: d09bf68614088b80899f8185d706f6e7 -> 
  custom:video-encoder-webm-vp8: eb34c28f22e8b96e1ab97ce403110664 -> 
  custom:audio-decoder-ogg-vorbis: bf7c407c2cedff20999df2af8eb42d56 -> 
  custom:audio-encoder-webm-vorbis: bf7c407c2cedff20999df2af8eb42d56 -> 
========================================================================
Received Prepare
Caller must complete domain reload
Begin MonoManager ReloadAssembly
Symbol file LoadedFromMemory is not a mono symbol file
- Loaded All Assemblies, in  0.961 seconds
Native extension for WindowsStandalone target not found
Native extension for iOS target not found
Native extension for Android target not found
Native extension for WebGL target not found
Asset Pipeline Refresh (id=0b08ff5c51ec36748b7b61f36e0f5c3e): Total: 0.000 seconds - Initiated by StopAssetImportingV2(NoUpdateAssetOptions)
[ScriptCompilation] NOT recompiling all scripts because this is an import worker process. Reason to compile was: Define symbols changed
[ScriptCompilation] NOT recompiling all scripts because this is an import worker process. Reason to compile was: Define symbols changed
Mono: successfully reloaded assembly
- Finished resetting the current domain, in  2.278 seconds
Domain Reload Profiling: 3239ms
	BeginReloadAssembly (545ms)
		ExecutionOrderSort (0ms)
		DisableScriptedObjects (7ms)
		BackupInstance (0ms)
		ReleaseScriptingObjects (0ms)
		CreateAndSetChildDomain (47ms)
	RebuildCommonClasses (37ms)
	RebuildNativeTypeToScriptingClass (13ms)
	initialDomainReloadingComplete (35ms)
	LoadAllAssembliesAndSetupDomain (330ms)
		LoadAssemblies (368ms)
		RebuildTransferFunctionScriptingTraits (0ms)
		AnalyzeDomain (51ms)
			TypeCache.Refresh (20ms)
				TypeCache.ScanAssembly (6ms)
			ScanForSourceGeneratedMonoScriptInfo (20ms)
			ResolveRequiredComponents (9ms)
	FinalizeReload (2279ms)
		ReleaseScriptCaches (0ms)
		RebuildScriptCaches (0ms)
		SetupLoadedEditorAssemblies (1208ms)
			LogAssemblyErrors (0ms)
			InitializePlatformSupportModulesInManaged (67ms)
			SetLoadedEditorAssemblies (8ms)
			RefreshPlugins (0ms)
			BeforeProcessingInitializeOnLoad (151ms)
			ProcessInitializeOnLoadAttributes (631ms)
			ProcessInitializeOnLoadMethodAttributes (334ms)
			AfterProcessingInitializeOnLoad (16ms)
			EditorAssembliesLoaded (1ms)
		ExecutionOrderSort2 (0ms)
		AwakeInstancesAfterBackupRestoration (17ms)
Refreshing native plugins compatible for Editor in 24.07 ms, found 2 plugins.
Preloading 0 native plugins for Editor in 0.00 ms.
Unloading 3834 Unused Serialized files (Serialized files now loaded: 0)
Unloading 16 unused Assets / (27.5 KB). Loaded Objects now: 4372.
Memory consumption went from 140.1 MB to 140.1 MB.
Total: 10.966400 ms (FindLiveObjects: 0.386900 ms CreateObjectMapping: 0.453600 ms MarkObjects: 10.065200 ms  DeleteObjects: 0.059100 ms)

Prepare: number of updated asset objects reloaded= 0
AssetImportParameters requested are different than current active one (requested -> active):
  custom:container-demuxer-ogg: 62fdf1f143b41e24485cea50d1cbac27 -> 
  custom:video-decoder-ogg-theora: a1e56fd34408186e4bbccfd4996cb3dc -> 
  custom:framework-win-MediaFoundation: 216162199b28c13a410421893ffa2e32 -> 
  custom:CustomObjectIndexerAttribute: 9a22284fe3817be447336de3de66b15e -> 
  custom:container-demuxer-webm: 4f35f7cbe854078d1ac9338744f61a02 -> 
  custom:container-muxer-webm: aa71ff27fc2769a1b78a27578f13a17b -> 
  custom:video-decoder-webm-vp8: 9c59270c3fd7afecdb556c50c9e8de78 -> 
  custom:SearchIndexIgnoredProperties: e643bd26f0fe6173181afceb89e7c659 -> 
  custom:AudioImporter_EditorPlatform: d09bf68614088b80899f8185d706f6e7 -> 
  custom:video-encoder-webm-vp8: eb34c28f22e8b96e1ab97ce403110664 -> 
  custom:audio-decoder-ogg-vorbis: bf7c407c2cedff20999df2af8eb42d56 -> 
  custom:audio-encoder-webm-vorbis: bf7c407c2cedff20999df2af8eb42d56 -> 
========================================================================
Received Prepare
Caller must complete domain reload
Begin MonoManager ReloadAssembly
Symbol file LoadedFromMemory is not a mono symbol file
- Loaded All Assemblies, in  0.891 seconds
Native extension for WindowsStandalone target not found
Native extension for iOS target not found
Native extension for Android target not found
Native extension for WebGL target not found
Asset Pipeline Refresh (id=2f2fcad9de442b5488bf8108ba626727): Total: 0.000 seconds - Initiated by StopAssetImportingV2(NoUpdateAssetOptions)
[ScriptCompilation] NOT recompiling all scripts because this is an import worker process. Reason to compile was: Define symbols changed
[ScriptCompilation] NOT recompiling all scripts because this is an import worker process. Reason to compile was: Define symbols changed
Mono: successfully reloaded assembly
- Finished resetting the current domain, in  1.234 seconds
Domain Reload Profiling: 2124ms
	BeginReloadAssembly (469ms)
		ExecutionOrderSort (0ms)
		DisableScriptedObjects (8ms)
		BackupInstance (0ms)
		ReleaseScriptingObjects (0ms)
		CreateAndSetChildDomain (41ms)
	RebuildCommonClasses (51ms)
	RebuildNativeTypeToScriptingClass (19ms)
	initialDomainReloadingComplete (36ms)
	LoadAllAssembliesAndSetupDomain (314ms)
		LoadAssemblies (369ms)
		RebuildTransferFunctionScriptingTraits (0ms)
		AnalyzeDomain (42ms)
			TypeCache.Refresh (16ms)
				TypeCache.ScanAssembly (4ms)
			ScanForSourceGeneratedMonoScriptInfo (16ms)
			ResolveRequiredComponents (9ms)
	FinalizeReload (1235ms)
		ReleaseScriptCaches (0ms)
		RebuildScriptCaches (0ms)
		SetupLoadedEditorAssemblies (662ms)
			LogAssemblyErrors (0ms)
			InitializePlatformSupportModulesInManaged (30ms)
			SetLoadedEditorAssemblies (3ms)
			RefreshPlugins (0ms)
			BeforeProcessingInitializeOnLoad (72ms)
			ProcessInitializeOnLoadAttributes (385ms)
			ProcessInitializeOnLoadMethodAttributes (165ms)
			AfterProcessingInitializeOnLoad (7ms)
			EditorAssembliesLoaded (0ms)
		ExecutionOrderSort2 (0ms)
		AwakeInstancesAfterBackupRestoration (9ms)
Refreshing native plugins compatible for Editor in 12.96 ms, found 2 plugins.
Preloading 0 native plugins for Editor in 0.00 ms.
Unloading 3834 Unused Serialized files (Serialized files now loaded: 0)
Unloading 16 unused Assets / (27.5 KB). Loaded Objects now: 4375.
Memory consumption went from 140.1 MB to 140.1 MB.
Total: 9.521100 ms (FindLiveObjects: 0.303900 ms CreateObjectMapping: 0.260000 ms MarkObjects: 8.907700 ms  DeleteObjects: 0.048600 ms)

Prepare: number of updated asset objects reloaded= 0
AssetImportParameters requested are different than current active one (requested -> active):
  custom:container-demuxer-ogg: 62fdf1f143b41e24485cea50d1cbac27 -> 
  custom:video-decoder-ogg-theora: a1e56fd34408186e4bbccfd4996cb3dc -> 
  custom:framework-win-MediaFoundation: 216162199b28c13a410421893ffa2e32 -> 
  custom:CustomObjectIndexerAttribute: 9a22284fe3817be447336de3de66b15e -> 
  custom:container-demuxer-webm: 4f35f7cbe854078d1ac9338744f61a02 -> 
  custom:container-muxer-webm: aa71ff27fc2769a1b78a27578f13a17b -> 
  custom:video-decoder-webm-vp8: 9c59270c3fd7afecdb556c50c9e8de78 -> 
  custom:SearchIndexIgnoredProperties: e643bd26f0fe6173181afceb89e7c659 -> 
  custom:AudioImporter_EditorPlatform: d09bf68614088b80899f8185d706f6e7 -> 
  custom:video-encoder-webm-vp8: eb34c28f22e8b96e1ab97ce403110664 -> 
  custom:audio-decoder-ogg-vorbis: bf7c407c2cedff20999df2af8eb42d56 -> 
  custom:audio-encoder-webm-vorbis: bf7c407c2cedff20999df2af8eb42d56 -> 
========================================================================
Received Prepare
Caller must complete domain reload
Begin MonoManager ReloadAssembly
Symbol file LoadedFromMemory is not a mono symbol file
- Loaded All Assemblies, in  0.788 seconds
Native extension for WindowsStandalone target not found
Native extension for iOS target not found
Native extension for Android target not found
Native extension for WebGL target not found
Asset Pipeline Refresh (id=5962c3bea78271847a9e62216b17d69d): Total: 0.000 seconds - Initiated by StopAssetImportingV2(NoUpdateAssetOptions)
[ScriptCompilation] NOT recompiling all scripts because this is an import worker process. Reason to compile was: Define symbols changed
[ScriptCompilation] NOT recompiling all scripts because this is an import worker process. Reason to compile was: Define symbols changed
Mono: successfully reloaded assembly
- Finished resetting the current domain, in  1.557 seconds
Domain Reload Profiling: 2342ms
	BeginReloadAssembly (427ms)
		ExecutionOrderSort (0ms)
		DisableScriptedObjects (7ms)
		BackupInstance (0ms)
		ReleaseScriptingObjects (0ms)
		CreateAndSetChildDomain (43ms)
	RebuildCommonClasses (35ms)
	RebuildNativeTypeToScriptingClass (13ms)
	initialDomainReloadingComplete (37ms)
	LoadAllAssembliesAndSetupDomain (273ms)
		LoadAssemblies (342ms)
		RebuildTransferFunctionScriptingTraits (0ms)
		AnalyzeDomain (18ms)
			TypeCache.Refresh (7ms)
				TypeCache.ScanAssembly (0ms)
			ScanForSourceGeneratedMonoScriptInfo (0ms)
			ResolveRequiredComponents (9ms)
	FinalizeReload (1557ms)
		ReleaseScriptCaches (0ms)
		RebuildScriptCaches (0ms)
		SetupLoadedEditorAssemblies (999ms)
			LogAssemblyErrors (0ms)
			InitializePlatformSupportModulesInManaged (34ms)
			SetLoadedEditorAssemblies (5ms)
			RefreshPlugins (0ms)
			BeforeProcessingInitializeOnLoad (87ms)
			ProcessInitializeOnLoadAttributes (578ms)
			ProcessInitializeOnLoadMethodAttributes (283ms)
			AfterProcessingInitializeOnLoad (11ms)
			EditorAssembliesLoaded (0ms)
		ExecutionOrderSort2 (0ms)
		AwakeInstancesAfterBackupRestoration (14ms)
Refreshing native plugins compatible for Editor in 19.96 ms, found 2 plugins.
Preloading 0 native plugins for Editor in 0.00 ms.
Unloading 3834 Unused Serialized files (Serialized files now loaded: 0)
Unloading 16 unused Assets / (27.5 KB). Loaded Objects now: 4378.
Memory consumption went from 140.1 MB to 140.1 MB.
Total: 15.336100 ms (FindLiveObjects: 0.607900 ms CreateObjectMapping: 0.483500 ms MarkObjects: 14.164700 ms  DeleteObjects: 0.078800 ms)

Prepare: number of updated asset objects reloaded= 0
AssetImportParameters requested are different than current active one (requested -> active):
  custom:container-demuxer-ogg: 62fdf1f143b41e24485cea50d1cbac27 -> 
  custom:video-decoder-ogg-theora: a1e56fd34408186e4bbccfd4996cb3dc -> 
  custom:framework-win-MediaFoundation: 216162199b28c13a410421893ffa2e32 -> 
  custom:CustomObjectIndexerAttribute: 9a22284fe3817be447336de3de66b15e -> 
  custom:container-demuxer-webm: 4f35f7cbe854078d1ac9338744f61a02 -> 
  custom:container-muxer-webm: aa71ff27fc2769a1b78a27578f13a17b -> 
  custom:video-decoder-webm-vp8: 9c59270c3fd7afecdb556c50c9e8de78 -> 
  custom:SearchIndexIgnoredProperties: e643bd26f0fe6173181afceb89e7c659 -> 
  custom:AudioImporter_EditorPlatform: d09bf68614088b80899f8185d706f6e7 -> 
  custom:video-encoder-webm-vp8: eb34c28f22e8b96e1ab97ce403110664 -> 
  custom:audio-decoder-ogg-vorbis: bf7c407c2cedff20999df2af8eb42d56 -> 
  custom:audio-encoder-webm-vorbis: bf7c407c2cedff20999df2af8eb42d56 -> 
========================================================================
Received Prepare
Caller must complete domain reload
Begin MonoManager ReloadAssembly
Symbol file LoadedFromMemory is not a mono symbol file
- Loaded All Assemblies, in  1.098 seconds
Native extension for WindowsStandalone target not found
Native extension for iOS target not found
Native extension for Android target not found
Native extension for WebGL target not found
Asset Pipeline Refresh (id=a5318cf2b39a6104d84b41920d9b1fe4): Total: 0.000 seconds - Initiated by StopAssetImportingV2(NoUpdateAssetOptions)
[ScriptCompilation] NOT recompiling all scripts because this is an import worker process. Reason to compile was: Define symbols changed
[ScriptCompilation] NOT recompiling all scripts because this is an import worker process. Reason to compile was: Define symbols changed
Mono: successfully reloaded assembly
- Finished resetting the current domain, in  1.504 seconds
Domain Reload Profiling: 2602ms
	BeginReloadAssembly (592ms)
		ExecutionOrderSort (0ms)
		DisableScriptedObjects (9ms)
		BackupInstance (0ms)
		ReleaseScriptingObjects (0ms)
		CreateAndSetChildDomain (63ms)
	RebuildCommonClasses (50ms)
	RebuildNativeTypeToScriptingClass (14ms)
	initialDomainReloadingComplete (44ms)
	LoadAllAssembliesAndSetupDomain (397ms)
		LoadAssemblies (457ms)
		RebuildTransferFunctionScriptingTraits (0ms)
		AnalyzeDomain (52ms)
			TypeCache.Refresh (23ms)
				TypeCache.ScanAssembly (6ms)
			ScanForSourceGeneratedMonoScriptInfo (17ms)
			ResolveRequiredComponents (10ms)
	FinalizeReload (1505ms)
		ReleaseScriptCaches (0ms)
		RebuildScriptCaches (0ms)
		SetupLoadedEditorAssemblies (772ms)
			LogAssemblyErrors (0ms)
			InitializePlatformSupportModulesInManaged (36ms)
			SetLoadedEditorAssemblies (4ms)
			RefreshPlugins (0ms)
			BeforeProcessingInitializeOnLoad (92ms)
			ProcessInitializeOnLoadAttributes (415ms)
			ProcessInitializeOnLoadMethodAttributes (217ms)
			AfterProcessingInitializeOnLoad (8ms)
			EditorAssembliesLoaded (0ms)
		ExecutionOrderSort2 (0ms)
		AwakeInstancesAfterBackupRestoration (12ms)
Refreshing native plugins compatible for Editor in 14.57 ms, found 2 plugins.
Preloading 0 native plugins for Editor in 0.00 ms.
Unloading 3834 Unused Serialized files (Serialized files now loaded: 0)
Unloading 16 unused Assets / (27.5 KB). Loaded Objects now: 4381.
Memory consumption went from 140.1 MB to 140.1 MB.
Total: 10.355800 ms (FindLiveObjects: 0.416000 ms CreateObjectMapping: 0.368900 ms MarkObjects: 9.518000 ms  DeleteObjects: 0.051600 ms)

Prepare: number of updated asset objects reloaded= 0
AssetImportParameters requested are different than current active one (requested -> active):
  custom:container-demuxer-ogg: 62fdf1f143b41e24485cea50d1cbac27 -> 
  custom:video-decoder-ogg-theora: a1e56fd34408186e4bbccfd4996cb3dc -> 
  custom:framework-win-MediaFoundation: 216162199b28c13a410421893ffa2e32 -> 
  custom:CustomObjectIndexerAttribute: 9a22284fe3817be447336de3de66b15e -> 
  custom:container-demuxer-webm: 4f35f7cbe854078d1ac9338744f61a02 -> 
  custom:container-muxer-webm: aa71ff27fc2769a1b78a27578f13a17b -> 
  custom:video-decoder-webm-vp8: 9c59270c3fd7afecdb556c50c9e8de78 -> 
  custom:SearchIndexIgnoredProperties: e643bd26f0fe6173181afceb89e7c659 -> 
  custom:AudioImporter_EditorPlatform: d09bf68614088b80899f8185d706f6e7 -> 
  custom:video-encoder-webm-vp8: eb34c28f22e8b96e1ab97ce403110664 -> 
  custom:audio-decoder-ogg-vorbis: bf7c407c2cedff20999df2af8eb42d56 -> 
  custom:audio-encoder-webm-vorbis: bf7c407c2cedff20999df2af8eb42d56 -> 
========================================================================
Received Prepare
Caller must complete domain reload
Begin MonoManager ReloadAssembly
Symbol file LoadedFromMemory is not a mono symbol file
- Loaded All Assemblies, in  0.821 seconds
Native extension for WindowsStandalone target not found
Native extension for iOS target not found
Native extension for Android target not found
Native extension for WebGL target not found
Asset Pipeline Refresh (id=950d4badde6b1db4db67fb9299c06a9c): Total: 0.000 seconds - Initiated by StopAssetImportingV2(NoUpdateAssetOptions)
[ScriptCompilation] NOT recompiling all scripts because this is an import worker process. Reason to compile was: Define symbols changed
[ScriptCompilation] NOT recompiling all scripts because this is an import worker process. Reason to compile was: Define symbols changed
Mono: successfully reloaded assembly
- Finished resetting the current domain, in  1.737 seconds
Domain Reload Profiling: 2557ms
	BeginReloadAssembly (461ms)
		ExecutionOrderSort (0ms)
		DisableScriptedObjects (9ms)
		BackupInstance (0ms)
		ReleaseScriptingObjects (0ms)
		CreateAndSetChildDomain (42ms)
	RebuildCommonClasses (46ms)
	RebuildNativeTypeToScriptingClass (15ms)
	initialDomainReloadingComplete (29ms)
	LoadAllAssembliesAndSetupDomain (267ms)
		LoadAssemblies (363ms)
		RebuildTransferFunctionScriptingTraits (0ms)
		AnalyzeDomain (13ms)
			TypeCache.Refresh (6ms)
				TypeCache.ScanAssembly (0ms)
			ScanForSourceGeneratedMonoScriptInfo (0ms)
			ResolveRequiredComponents (6ms)
	FinalizeReload (1738ms)
		ReleaseScriptCaches (0ms)
		RebuildScriptCaches (0ms)
		SetupLoadedEditorAssemblies (1139ms)
			LogAssemblyErrors (0ms)
			InitializePlatformSupportModulesInManaged (30ms)
			SetLoadedEditorAssemblies (4ms)
			RefreshPlugins (0ms)
			BeforeProcessingInitializeOnLoad (100ms)
			ProcessInitializeOnLoadAttributes (662ms)
			ProcessInitializeOnLoadMethodAttributes (332ms)
			AfterProcessingInitializeOnLoad (10ms)
			EditorAssembliesLoaded (0ms)
		ExecutionOrderSort2 (0ms)
		AwakeInstancesAfterBackupRestoration (16ms)
Refreshing native plugins compatible for Editor in 16.03 ms, found 2 plugins.
Preloading 0 native plugins for Editor in 0.00 ms.
Unloading 3834 Unused Serialized files (Serialized files now loaded: 0)
Unloading 16 unused Assets / (27.5 KB). Loaded Objects now: 4384.
Memory consumption went from 140.1 MB to 140.1 MB.
Total: 10.134300 ms (FindLiveObjects: 0.687900 ms CreateObjectMapping: 0.669000 ms MarkObjects: 8.729300 ms  DeleteObjects: 0.046800 ms)

Prepare: number of updated asset objects reloaded= 0
AssetImportParameters requested are different than current active one (requested -> active):
  custom:container-demuxer-ogg: 62fdf1f143b41e24485cea50d1cbac27 -> 
  custom:video-decoder-ogg-theora: a1e56fd34408186e4bbccfd4996cb3dc -> 
  custom:framework-win-MediaFoundation: 216162199b28c13a410421893ffa2e32 -> 
  custom:CustomObjectIndexerAttribute: 9a22284fe3817be447336de3de66b15e -> 
  custom:container-demuxer-webm: 4f35f7cbe854078d1ac9338744f61a02 -> 
  custom:container-muxer-webm: aa71ff27fc2769a1b78a27578f13a17b -> 
  custom:video-decoder-webm-vp8: 9c59270c3fd7afecdb556c50c9e8de78 -> 
  custom:SearchIndexIgnoredProperties: e643bd26f0fe6173181afceb89e7c659 -> 
  custom:AudioImporter_EditorPlatform: d09bf68614088b80899f8185d706f6e7 -> 
  custom:video-encoder-webm-vp8: eb34c28f22e8b96e1ab97ce403110664 -> 
  custom:audio-decoder-ogg-vorbis: bf7c407c2cedff20999df2af8eb42d56 -> 
  custom:audio-encoder-webm-vorbis: bf7c407c2cedff20999df2af8eb42d56 -> 
========================================================================
Received Prepare
Caller must complete domain reload
Begin MonoManager ReloadAssembly
Symbol file LoadedFromMemory is not a mono symbol file
- Loaded All Assemblies, in  1.246 seconds
Native extension for WindowsStandalone target not found
Native extension for iOS target not found
Native extension for Android target not found
Native extension for WebGL target not found
Asset Pipeline Refresh (id=f5ebc55c111b2a844861ab1aad24d6b6): Total: 0.000 seconds - Initiated by StopAssetImportingV2(NoUpdateAssetOptions)
[ScriptCompilation] NOT recompiling all scripts because this is an import worker process. Reason to compile was: Define symbols changed
[ScriptCompilation] NOT recompiling all scripts because this is an import worker process. Reason to compile was: Define symbols changed
Mono: successfully reloaded assembly
- Finished resetting the current domain, in  2.376 seconds
Domain Reload Profiling: 3619ms
	BeginReloadAssembly (603ms)
		ExecutionOrderSort (0ms)
		DisableScriptedObjects (8ms)
		BackupInstance (0ms)
		ReleaseScriptingObjects (0ms)
		CreateAndSetChildDomain (50ms)
	RebuildCommonClasses (66ms)
	RebuildNativeTypeToScriptingClass (25ms)
	initialDomainReloadingComplete (58ms)
	LoadAllAssembliesAndSetupDomain (490ms)
		LoadAssemblies (557ms)
		RebuildTransferFunctionScriptingTraits (0ms)
		AnalyzeDomain (62ms)
			TypeCache.Refresh (24ms)
				TypeCache.ScanAssembly (7ms)
			ScanForSourceGeneratedMonoScriptInfo (27ms)
			ResolveRequiredComponents (10ms)
	FinalizeReload (2377ms)
		ReleaseScriptCaches (0ms)
		RebuildScriptCaches (0ms)
		SetupLoadedEditorAssemblies (1419ms)
			LogAssemblyErrors (0ms)
			InitializePlatformSupportModulesInManaged (50ms)
			SetLoadedEditorAssemblies (6ms)
			RefreshPlugins (0ms)
			BeforeProcessingInitializeOnLoad (140ms)
			ProcessInitializeOnLoadAttributes (756ms)
			ProcessInitializeOnLoadMethodAttributes (452ms)
			AfterProcessingInitializeOnLoad (14ms)
			EditorAssembliesLoaded (0ms)
		ExecutionOrderSort2 (0ms)
		AwakeInstancesAfterBackupRestoration (22ms)
Refreshing native plugins compatible for Editor in 26.81 ms, found 2 plugins.
Preloading 0 native plugins for Editor in 0.00 ms.
Unloading 3834 Unused Serialized files (Serialized files now loaded: 0)
Unloading 16 unused Assets / (27.5 KB). Loaded Objects now: 4387.
Memory consumption went from 140.1 MB to 140.1 MB.
Total: 25.327400 ms (FindLiveObjects: 0.437800 ms CreateObjectMapping: 0.427200 ms MarkObjects: 24.358600 ms  DeleteObjects: 0.102200 ms)

Prepare: number of updated asset objects reloaded= 0
AssetImportParameters requested are different than current active one (requested -> active):
  custom:container-demuxer-ogg: 62fdf1f143b41e24485cea50d1cbac27 -> 
  custom:video-decoder-ogg-theora: a1e56fd34408186e4bbccfd4996cb3dc -> 
  custom:framework-win-MediaFoundation: 216162199b28c13a410421893ffa2e32 -> 
  custom:CustomObjectIndexerAttribute: 9a22284fe3817be447336de3de66b15e -> 
  custom:container-demuxer-webm: 4f35f7cbe854078d1ac9338744f61a02 -> 
  custom:container-muxer-webm: aa71ff27fc2769a1b78a27578f13a17b -> 
  custom:video-decoder-webm-vp8: 9c59270c3fd7afecdb556c50c9e8de78 -> 
  custom:SearchIndexIgnoredProperties: e643bd26f0fe6173181afceb89e7c659 -> 
  custom:AudioImporter_EditorPlatform: d09bf68614088b80899f8185d706f6e7 -> 
  custom:video-encoder-webm-vp8: eb34c28f22e8b96e1ab97ce403110664 -> 
  custom:audio-decoder-ogg-vorbis: bf7c407c2cedff20999df2af8eb42d56 -> 
  custom:audio-encoder-webm-vorbis: bf7c407c2cedff20999df2af8eb42d56 -> 
========================================================================
Received Prepare
Caller must complete domain reload
Begin MonoManager ReloadAssembly
Symbol file LoadedFromMemory is not a mono symbol file
- Loaded All Assemblies, in  1.177 seconds
Native extension for WindowsStandalone target not found
Native extension for iOS target not found
Native extension for Android target not found
Native extension for WebGL target not found
Asset Pipeline Refresh (id=bcd4ef2d6858d8549bff3f87fd0607da): Total: 0.000 seconds - Initiated by StopAssetImportingV2(NoUpdateAssetOptions)
[ScriptCompilation] NOT recompiling all scripts because this is an import worker process. Reason to compile was: Define symbols changed
[ScriptCompilation] NOT recompiling all scripts because this is an import worker process. Reason to compile was: Define symbols changed
Mono: successfully reloaded assembly
- Finished resetting the current domain, in  2.225 seconds
Domain Reload Profiling: 3399ms
	BeginReloadAssembly (651ms)
		ExecutionOrderSort (0ms)
		DisableScriptedObjects (14ms)
		BackupInstance (0ms)
		ReleaseScriptingObjects (0ms)
		CreateAndSetChildDomain (54ms)
	RebuildCommonClasses (68ms)
	RebuildNativeTypeToScriptingClass (19ms)
	initialDomainReloadingComplete (48ms)
	LoadAllAssembliesAndSetupDomain (387ms)
		LoadAssemblies (498ms)
		RebuildTransferFunctionScriptingTraits (0ms)
		AnalyzeDomain (28ms)
			TypeCache.Refresh (9ms)
				TypeCache.ScanAssembly (0ms)
			ScanForSourceGeneratedMonoScriptInfo (0ms)
			ResolveRequiredComponents (17ms)
	FinalizeReload (2226ms)
		ReleaseScriptCaches (0ms)
		RebuildScriptCaches (0ms)
		SetupLoadedEditorAssemblies (1386ms)
			LogAssemblyErrors (0ms)
			InitializePlatformSupportModulesInManaged (46ms)
			SetLoadedEditorAssemblies (6ms)
			RefreshPlugins (0ms)
			BeforeProcessingInitializeOnLoad (144ms)
			ProcessInitializeOnLoadAttributes (786ms)
			ProcessInitializeOnLoadMethodAttributes (390ms)
			AfterProcessingInitializeOnLoad (14ms)
			EditorAssembliesLoaded (1ms)
		ExecutionOrderSort2 (0ms)
		AwakeInstancesAfterBackupRestoration (19ms)
Refreshing native plugins compatible for Editor in 21.60 ms, found 2 plugins.
Preloading 0 native plugins for Editor in 0.00 ms.
Unloading 3834 Unused Serialized files (Serialized files now loaded: 0)
Unloading 16 unused Assets / (27.5 KB). Loaded Objects now: 4390.
Memory consumption went from 140.2 MB to 140.1 MB.
Total: 14.026200 ms (FindLiveObjects: 0.338400 ms CreateObjectMapping: 0.321900 ms MarkObjects: 13.307500 ms  DeleteObjects: 0.057000 ms)

Prepare: number of updated asset objects reloaded= 0
AssetImportParameters requested are different than current active one (requested -> active):
  custom:container-demuxer-ogg: 62fdf1f143b41e24485cea50d1cbac27 -> 
  custom:video-decoder-ogg-theora: a1e56fd34408186e4bbccfd4996cb3dc -> 
  custom:framework-win-MediaFoundation: 216162199b28c13a410421893ffa2e32 -> 
  custom:CustomObjectIndexerAttribute: 9a22284fe3817be447336de3de66b15e -> 
  custom:container-demuxer-webm: 4f35f7cbe854078d1ac9338744f61a02 -> 
  custom:container-muxer-webm: aa71ff27fc2769a1b78a27578f13a17b -> 
  custom:video-decoder-webm-vp8: 9c59270c3fd7afecdb556c50c9e8de78 -> 
  custom:SearchIndexIgnoredProperties: e643bd26f0fe6173181afceb89e7c659 -> 
  custom:AudioImporter_EditorPlatform: d09bf68614088b80899f8185d706f6e7 -> 
  custom:video-encoder-webm-vp8: eb34c28f22e8b96e1ab97ce403110664 -> 
  custom:audio-decoder-ogg-vorbis: bf7c407c2cedff20999df2af8eb42d56 -> 
  custom:audio-encoder-webm-vorbis: bf7c407c2cedff20999df2af8eb42d56 -> 
========================================================================
Received Prepare
Caller must complete domain reload
Begin MonoManager ReloadAssembly
Symbol file LoadedFromMemory is not a mono symbol file
- Loaded All Assemblies, in  0.936 seconds
Native extension for WindowsStandalone target not found
Native extension for iOS target not found
Native extension for Android target not found
Native extension for WebGL target not found
Asset Pipeline Refresh (id=686868eb1b15e5d4f9c03812f988e673): Total: 0.000 seconds - Initiated by StopAssetImportingV2(NoUpdateAssetOptions)
[ScriptCompilation] NOT recompiling all scripts because this is an import worker process. Reason to compile was: Define symbols changed
[ScriptCompilation] NOT recompiling all scripts because this is an import worker process. Reason to compile was: Define symbols changed
Mono: successfully reloaded assembly
- Finished resetting the current domain, in  1.286 seconds
Domain Reload Profiling: 2223ms
	BeginReloadAssembly (477ms)
		ExecutionOrderSort (0ms)
		DisableScriptedObjects (7ms)
		BackupInstance (0ms)
		ReleaseScriptingObjects (0ms)
		CreateAndSetChildDomain (46ms)
	RebuildCommonClasses (39ms)
	RebuildNativeTypeToScriptingClass (16ms)
	initialDomainReloadingComplete (44ms)
	LoadAllAssembliesAndSetupDomain (359ms)
		LoadAssemblies (394ms)
		RebuildTransferFunctionScriptingTraits (0ms)
		AnalyzeDomain (62ms)
			TypeCache.Refresh (18ms)
				TypeCache.ScanAssembly (5ms)
			ScanForSourceGeneratedMonoScriptInfo (25ms)
			ResolveRequiredComponents (18ms)
	FinalizeReload (1287ms)
		ReleaseScriptCaches (0ms)
		RebuildScriptCaches (0ms)
		SetupLoadedEditorAssemblies (695ms)
			LogAssemblyErrors (0ms)
			InitializePlatformSupportModulesInManaged (32ms)
			SetLoadedEditorAssemblies (4ms)
			RefreshPlugins (0ms)
			BeforeProcessingInitializeOnLoad (87ms)
			ProcessInitializeOnLoadAttributes (343ms)
			ProcessInitializeOnLoadMethodAttributes (219ms)
			AfterProcessingInitializeOnLoad (10ms)
			EditorAssembliesLoaded (1ms)
		ExecutionOrderSort2 (0ms)
		AwakeInstancesAfterBackupRestoration (13ms)
Refreshing native plugins compatible for Editor in 14.41 ms, found 2 plugins.
Preloading 0 native plugins for Editor in 0.00 ms.
Unloading 3834 Unused Serialized files (Serialized files now loaded: 0)
Unloading 16 unused Assets / (27.5 KB). Loaded Objects now: 4393.
Memory consumption went from 140.2 MB to 140.1 MB.
Total: 12.177300 ms (FindLiveObjects: 0.337000 ms CreateObjectMapping: 0.305700 ms MarkObjects: 11.483500 ms  DeleteObjects: 0.049500 ms)

Prepare: number of updated asset objects reloaded= 0
AssetImportParameters requested are different than current active one (requested -> active):
  custom:container-demuxer-ogg: 62fdf1f143b41e24485cea50d1cbac27 -> 
  custom:video-decoder-ogg-theora: a1e56fd34408186e4bbccfd4996cb3dc -> 
  custom:framework-win-MediaFoundation: 216162199b28c13a410421893ffa2e32 -> 
  custom:CustomObjectIndexerAttribute: 9a22284fe3817be447336de3de66b15e -> 
  custom:container-demuxer-webm: 4f35f7cbe854078d1ac9338744f61a02 -> 
  custom:container-muxer-webm: aa71ff27fc2769a1b78a27578f13a17b -> 
  custom:video-decoder-webm-vp8: 9c59270c3fd7afecdb556c50c9e8de78 -> 
  custom:SearchIndexIgnoredProperties: e643bd26f0fe6173181afceb89e7c659 -> 
  custom:AudioImporter_EditorPlatform: d09bf68614088b80899f8185d706f6e7 -> 
  custom:video-encoder-webm-vp8: eb34c28f22e8b96e1ab97ce403110664 -> 
  custom:audio-decoder-ogg-vorbis: bf7c407c2cedff20999df2af8eb42d56 -> 
  custom:audio-encoder-webm-vorbis: bf7c407c2cedff20999df2af8eb42d56 -> 
========================================================================
Received Prepare
Caller must complete domain reload
Begin MonoManager ReloadAssembly
Symbol file LoadedFromMemory is not a mono symbol file
- Loaded All Assemblies, in  0.831 seconds
Native extension for WindowsStandalone target not found
Native extension for iOS target not found
Native extension for Android target not found
Native extension for WebGL target not found
Asset Pipeline Refresh (id=4f3322ac93ed57a40988400d589126c6): Total: 0.000 seconds - Initiated by StopAssetImportingV2(NoUpdateAssetOptions)
[ScriptCompilation] NOT recompiling all scripts because this is an import worker process. Reason to compile was: Define symbols changed
[ScriptCompilation] NOT recompiling all scripts because this is an import worker process. Reason to compile was: Define symbols changed
Mono: successfully reloaded assembly
- Finished resetting the current domain, in  1.523 seconds
Domain Reload Profiling: 2354ms
	BeginReloadAssembly (455ms)
		ExecutionOrderSort (0ms)
		DisableScriptedObjects (8ms)
		BackupInstance (0ms)
		ReleaseScriptingObjects (0ms)
		CreateAndSetChildDomain (46ms)
	RebuildCommonClasses (38ms)
	RebuildNativeTypeToScriptingClass (12ms)
	initialDomainReloadingComplete (34ms)
	LoadAllAssembliesAndSetupDomain (291ms)
		LoadAssemblies (365ms)
		RebuildTransferFunctionScriptingTraits (0ms)
		AnalyzeDomain (18ms)
			TypeCache.Refresh (7ms)
				TypeCache.ScanAssembly (0ms)
			ScanForSourceGeneratedMonoScriptInfo (0ms)
			ResolveRequiredComponents (9ms)
	FinalizeReload (1524ms)
		ReleaseScriptCaches (0ms)
		RebuildScriptCaches (0ms)
		SetupLoadedEditorAssemblies (953ms)
			LogAssemblyErrors (0ms)
			InitializePlatformSupportModulesInManaged (42ms)
			SetLoadedEditorAssemblies (9ms)
			RefreshPlugins (0ms)
			BeforeProcessingInitializeOnLoad (107ms)
			ProcessInitializeOnLoadAttributes (548ms)
			ProcessInitializeOnLoadMethodAttributes (236ms)
			AfterProcessingInitializeOnLoad (11ms)
			EditorAssembliesLoaded (0ms)
		ExecutionOrderSort2 (0ms)
		AwakeInstancesAfterBackupRestoration (14ms)
Refreshing native plugins compatible for Editor in 19.40 ms, found 2 plugins.
Preloading 0 native plugins for Editor in 0.00 ms.
Unloading 3834 Unused Serialized files (Serialized files now loaded: 0)
Unloading 16 unused Assets / (27.6 KB). Loaded Objects now: 4396.
Memory consumption went from 140.2 MB to 140.1 MB.
Total: 11.856100 ms (FindLiveObjects: 0.358500 ms CreateObjectMapping: 0.392300 ms MarkObjects: 11.046900 ms  DeleteObjects: 0.056800 ms)

Prepare: number of updated asset objects reloaded= 0
AssetImportParameters requested are different than current active one (requested -> active):
  custom:container-demuxer-ogg: 62fdf1f143b41e24485cea50d1cbac27 -> 
  custom:video-decoder-ogg-theora: a1e56fd34408186e4bbccfd4996cb3dc -> 
  custom:framework-win-MediaFoundation: 216162199b28c13a410421893ffa2e32 -> 
  custom:CustomObjectIndexerAttribute: 9a22284fe3817be447336de3de66b15e -> 
  custom:container-demuxer-webm: 4f35f7cbe854078d1ac9338744f61a02 -> 
  custom:container-muxer-webm: aa71ff27fc2769a1b78a27578f13a17b -> 
  custom:video-decoder-webm-vp8: 9c59270c3fd7afecdb556c50c9e8de78 -> 
  custom:SearchIndexIgnoredProperties: e643bd26f0fe6173181afceb89e7c659 -> 
  custom:AudioImporter_EditorPlatform: d09bf68614088b80899f8185d706f6e7 -> 
  custom:video-encoder-webm-vp8: eb34c28f22e8b96e1ab97ce403110664 -> 
  custom:audio-decoder-ogg-vorbis: bf7c407c2cedff20999df2af8eb42d56 -> 
  custom:audio-encoder-webm-vorbis: bf7c407c2cedff20999df2af8eb42d56 -> 
========================================================================
Received Prepare
Caller must complete domain reload
Begin MonoManager ReloadAssembly
Symbol file LoadedFromMemory is not a mono symbol file
- Loaded All Assemblies, in  0.972 seconds
Native extension for WindowsStandalone target not found
Native extension for iOS target not found
Native extension for Android target not found
Native extension for WebGL target not found
Asset Pipeline Refresh (id=45ebafab1642dcd47bc51f775d1b0e45): Total: 0.000 seconds - Initiated by StopAssetImportingV2(NoUpdateAssetOptions)
[ScriptCompilation] NOT recompiling all scripts because this is an import worker process. Reason to compile was: Define symbols changed
[ScriptCompilation] NOT recompiling all scripts because this is an import worker process. Reason to compile was: Define symbols changed
Mono: successfully reloaded assembly
- Finished resetting the current domain, in  1.354 seconds
Domain Reload Profiling: 2325ms
	BeginReloadAssembly (552ms)
		ExecutionOrderSort (0ms)
		DisableScriptedObjects (7ms)
		BackupInstance (0ms)
		ReleaseScriptingObjects (0ms)
		CreateAndSetChildDomain (49ms)
	RebuildCommonClasses (40ms)
	RebuildNativeTypeToScriptingClass (12ms)
	initialDomainReloadingComplete (31ms)
	LoadAllAssembliesAndSetupDomain (336ms)
		LoadAssemblies (405ms)
		RebuildTransferFunctionScriptingTraits (0ms)
		AnalyzeDomain (34ms)
			TypeCache.Refresh (14ms)
				TypeCache.ScanAssembly (3ms)
			ScanForSourceGeneratedMonoScriptInfo (13ms)
			ResolveRequiredComponents (6ms)
	FinalizeReload (1355ms)
		ReleaseScriptCaches (0ms)
		RebuildScriptCaches (0ms)
		SetupLoadedEditorAssemblies (732ms)
			LogAssemblyErrors (0ms)
			InitializePlatformSupportModulesInManaged (29ms)
			SetLoadedEditorAssemblies (3ms)
			RefreshPlugins (0ms)
			BeforeProcessingInitializeOnLoad (80ms)
			ProcessInitializeOnLoadAttributes (396ms)
			ProcessInitializeOnLoadMethodAttributes (216ms)
			AfterProcessingInitializeOnLoad (8ms)
			EditorAssembliesLoaded (0ms)
		ExecutionOrderSort2 (0ms)
		AwakeInstancesAfterBackupRestoration (9ms)
Refreshing native plugins compatible for Editor in 13.21 ms, found 2 plugins.
Preloading 0 native plugins for Editor in 0.00 ms.
Unloading 3834 Unused Serialized files (Serialized files now loaded: 0)
Unloading 16 unused Assets / (27.5 KB). Loaded Objects now: 4399.
Memory consumption went from 140.2 MB to 140.1 MB.
Total: 8.526900 ms (FindLiveObjects: 0.291300 ms CreateObjectMapping: 0.270200 ms MarkObjects: 7.921300 ms  DeleteObjects: 0.043200 ms)

Prepare: number of updated asset objects reloaded= 0
AssetImportParameters requested are different than current active one (requested -> active):
  custom:container-demuxer-ogg: 62fdf1f143b41e24485cea50d1cbac27 -> 
  custom:video-decoder-ogg-theora: a1e56fd34408186e4bbccfd4996cb3dc -> 
  custom:framework-win-MediaFoundation: 216162199b28c13a410421893ffa2e32 -> 
  custom:CustomObjectIndexerAttribute: 9a22284fe3817be447336de3de66b15e -> 
  custom:container-demuxer-webm: 4f35f7cbe854078d1ac9338744f61a02 -> 
  custom:container-muxer-webm: aa71ff27fc2769a1b78a27578f13a17b -> 
  custom:video-decoder-webm-vp8: 9c59270c3fd7afecdb556c50c9e8de78 -> 
  custom:SearchIndexIgnoredProperties: e643bd26f0fe6173181afceb89e7c659 -> 
  custom:AudioImporter_EditorPlatform: d09bf68614088b80899f8185d706f6e7 -> 
  custom:video-encoder-webm-vp8: eb34c28f22e8b96e1ab97ce403110664 -> 
  custom:audio-decoder-ogg-vorbis: bf7c407c2cedff20999df2af8eb42d56 -> 
  custom:audio-encoder-webm-vorbis: bf7c407c2cedff20999df2af8eb42d56 -> 
========================================================================
Received Prepare
Caller must complete domain reload
Begin MonoManager ReloadAssembly
Symbol file LoadedFromMemory is not a mono symbol file
- Loaded All Assemblies, in  0.819 seconds
Native extension for WindowsStandalone target not found
Native extension for iOS target not found
Native extension for Android target not found
Native extension for WebGL target not found
Asset Pipeline Refresh (id=341a6601f8b0cf54c9c506d1e0ed8182): Total: 0.000 seconds - Initiated by StopAssetImportingV2(NoUpdateAssetOptions)
[ScriptCompilation] NOT recompiling all scripts because this is an import worker process. Reason to compile was: Define symbols changed
[ScriptCompilation] NOT recompiling all scripts because this is an import worker process. Reason to compile was: Define symbols changed
Mono: successfully reloaded assembly
- Finished resetting the current domain, in  1.774 seconds
Domain Reload Profiling: 2592ms
	BeginReloadAssembly (479ms)
		ExecutionOrderSort (0ms)
		DisableScriptedObjects (12ms)
		BackupInstance (0ms)
		ReleaseScriptingObjects (0ms)
		CreateAndSetChildDomain (40ms)
	RebuildCommonClasses (35ms)
	RebuildNativeTypeToScriptingClass (13ms)
	initialDomainReloadingComplete (30ms)
	LoadAllAssembliesAndSetupDomain (260ms)
		LoadAssemblies (337ms)
		RebuildTransferFunctionScriptingTraits (0ms)
		AnalyzeDomain (13ms)
			TypeCache.Refresh (6ms)
				TypeCache.ScanAssembly (0ms)
			ScanForSourceGeneratedMonoScriptInfo (0ms)
			ResolveRequiredComponents (6ms)
	FinalizeReload (1775ms)
		ReleaseScriptCaches (0ms)
		RebuildScriptCaches (0ms)
		SetupLoadedEditorAssemblies (1109ms)
			LogAssemblyErrors (0ms)
			InitializePlatformSupportModulesInManaged (45ms)
			SetLoadedEditorAssemblies (9ms)
			RefreshPlugins (0ms)
			BeforeProcessingInitializeOnLoad (141ms)
			ProcessInitializeOnLoadAttributes (635ms)
			ProcessInitializeOnLoadMethodAttributes (268ms)
			AfterProcessingInitializeOnLoad (9ms)
			EditorAssembliesLoaded (1ms)
		ExecutionOrderSort2 (0ms)
		AwakeInstancesAfterBackupRestoration (17ms)
Refreshing native plugins compatible for Editor in 16.03 ms, found 2 plugins.
Preloading 0 native plugins for Editor in 0.00 ms.
Unloading 3834 Unused Serialized files (Serialized files now loaded: 0)
Unloading 16 unused Assets / (27.5 KB). Loaded Objects now: 4402.
Memory consumption went from 140.2 MB to 140.1 MB.
Total: 14.340500 ms (FindLiveObjects: 0.453300 ms CreateObjectMapping: 0.465500 ms MarkObjects: 13.362400 ms  DeleteObjects: 0.057900 ms)

Prepare: number of updated asset objects reloaded= 0
AssetImportParameters requested are different than current active one (requested -> active):
  custom:container-demuxer-ogg: 62fdf1f143b41e24485cea50d1cbac27 -> 
  custom:video-decoder-ogg-theora: a1e56fd34408186e4bbccfd4996cb3dc -> 
  custom:framework-win-MediaFoundation: 216162199b28c13a410421893ffa2e32 -> 
  custom:CustomObjectIndexerAttribute: 9a22284fe3817be447336de3de66b15e -> 
  custom:container-demuxer-webm: 4f35f7cbe854078d1ac9338744f61a02 -> 
  custom:container-muxer-webm: aa71ff27fc2769a1b78a27578f13a17b -> 
  custom:video-decoder-webm-vp8: 9c59270c3fd7afecdb556c50c9e8de78 -> 
  custom:SearchIndexIgnoredProperties: e643bd26f0fe6173181afceb89e7c659 -> 
  custom:AudioImporter_EditorPlatform: d09bf68614088b80899f8185d706f6e7 -> 
  custom:video-encoder-webm-vp8: eb34c28f22e8b96e1ab97ce403110664 -> 
  custom:audio-decoder-ogg-vorbis: bf7c407c2cedff20999df2af8eb42d56 -> 
  custom:audio-encoder-webm-vorbis: bf7c407c2cedff20999df2af8eb42d56 -> 
========================================================================
Received Prepare
Caller must complete domain reload
Begin MonoManager ReloadAssembly
Symbol file LoadedFromMemory is not a mono symbol file
- Loaded All Assemblies, in  1.226 seconds
Native extension for WindowsStandalone target not found
Native extension for iOS target not found
Native extension for Android target not found
Native extension for WebGL target not found
Asset Pipeline Refresh (id=05fcc16ac262f4448b5b910904f448f3): Total: 0.000 seconds - Initiated by StopAssetImportingV2(NoUpdateAssetOptions)
[ScriptCompilation] NOT recompiling all scripts because this is an import worker process. Reason to compile was: Define symbols changed
[ScriptCompilation] NOT recompiling all scripts because this is an import worker process. Reason to compile was: Define symbols changed
Mono: successfully reloaded assembly
- Finished resetting the current domain, in  2.123 seconds
Domain Reload Profiling: 3347ms
	BeginReloadAssembly (653ms)
		ExecutionOrderSort (0ms)
		DisableScriptedObjects (9ms)
		BackupInstance (0ms)
		ReleaseScriptingObjects (0ms)
		CreateAndSetChildDomain (67ms)
	RebuildCommonClasses (75ms)
	RebuildNativeTypeToScriptingClass (18ms)
	initialDomainReloadingComplete (56ms)
	LoadAllAssembliesAndSetupDomain (422ms)
		LoadAssemblies (530ms)
		RebuildTransferFunctionScriptingTraits (0ms)
		AnalyzeDomain (25ms)
			TypeCache.Refresh (10ms)
				TypeCache.ScanAssembly (0ms)
			ScanForSourceGeneratedMonoScriptInfo (0ms)
			ResolveRequiredComponents (13ms)
	FinalizeReload (2124ms)
		ReleaseScriptCaches (0ms)
		RebuildScriptCaches (0ms)
		SetupLoadedEditorAssemblies (1293ms)
			LogAssemblyErrors (0ms)
			InitializePlatformSupportModulesInManaged (53ms)
			SetLoadedEditorAssemblies (8ms)
			RefreshPlugins (0ms)
			BeforeProcessingInitializeOnLoad (150ms)
			ProcessInitializeOnLoadAttributes (675ms)
			ProcessInitializeOnLoadMethodAttributes (394ms)
			AfterProcessingInitializeOnLoad (13ms)
			EditorAssembliesLoaded (1ms)
		ExecutionOrderSort2 (0ms)
		AwakeInstancesAfterBackupRestoration (18ms)
Refreshing native plugins compatible for Editor in 19.85 ms, found 2 plugins.
Preloading 0 native plugins for Editor in 0.00 ms.
Unloading 3834 Unused Serialized files (Serialized files now loaded: 0)
Unloading 16 unused Assets / (27.5 KB). Loaded Objects now: 4405.
Memory consumption went from 140.2 MB to 140.1 MB.
Total: 12.311400 ms (FindLiveObjects: 0.525600 ms CreateObjectMapping: 0.515200 ms MarkObjects: 11.205400 ms  DeleteObjects: 0.063700 ms)

Prepare: number of updated asset objects reloaded= 0
AssetImportParameters requested are different than current active one (requested -> active):
  custom:container-demuxer-ogg: 62fdf1f143b41e24485cea50d1cbac27 -> 
  custom:video-decoder-ogg-theora: a1e56fd34408186e4bbccfd4996cb3dc -> 
  custom:framework-win-MediaFoundation: 216162199b28c13a410421893ffa2e32 -> 
  custom:CustomObjectIndexerAttribute: 9a22284fe3817be447336de3de66b15e -> 
  custom:container-demuxer-webm: 4f35f7cbe854078d1ac9338744f61a02 -> 
  custom:container-muxer-webm: aa71ff27fc2769a1b78a27578f13a17b -> 
  custom:video-decoder-webm-vp8: 9c59270c3fd7afecdb556c50c9e8de78 -> 
  custom:SearchIndexIgnoredProperties: e643bd26f0fe6173181afceb89e7c659 -> 
  custom:AudioImporter_EditorPlatform: d09bf68614088b80899f8185d706f6e7 -> 
  custom:video-encoder-webm-vp8: eb34c28f22e8b96e1ab97ce403110664 -> 
  custom:audio-decoder-ogg-vorbis: bf7c407c2cedff20999df2af8eb42d56 -> 
  custom:audio-encoder-webm-vorbis: bf7c407c2cedff20999df2af8eb42d56 -> 
========================================================================
Received Prepare
Caller must complete domain reload
Begin MonoManager ReloadAssembly
Symbol file LoadedFromMemory is not a mono symbol file
- Loaded All Assemblies, in  1.260 seconds
Native extension for WindowsStandalone target not found
Native extension for iOS target not found
Native extension for Android target not found
Native extension for WebGL target not found
Asset Pipeline Refresh (id=e1b55d73b3698e143a4628ff4dd33cef): Total: 0.000 seconds - Initiated by StopAssetImportingV2(NoUpdateAssetOptions)
[ScriptCompilation] NOT recompiling all scripts because this is an import worker process. Reason to compile was: Define symbols changed
[ScriptCompilation] NOT recompiling all scripts because this is an import worker process. Reason to compile was: Define symbols changed
Mono: successfully reloaded assembly
- Finished resetting the current domain, in  2.218 seconds
Domain Reload Profiling: 3477ms
	BeginReloadAssembly (710ms)
		ExecutionOrderSort (0ms)
		DisableScriptedObjects (10ms)
		BackupInstance (0ms)
		ReleaseScriptingObjects (0ms)
		CreateAndSetChildDomain (51ms)
	RebuildCommonClasses (59ms)
	RebuildNativeTypeToScriptingClass (19ms)
	initialDomainReloadingComplete (53ms)
	LoadAllAssembliesAndSetupDomain (416ms)
		LoadAssemblies (532ms)
		RebuildTransferFunctionScriptingTraits (0ms)
		AnalyzeDomain (22ms)
			TypeCache.Refresh (9ms)
				TypeCache.ScanAssembly (0ms)
			ScanForSourceGeneratedMonoScriptInfo (0ms)
			ResolveRequiredComponents (11ms)
	FinalizeReload (2220ms)
		ReleaseScriptCaches (0ms)
		RebuildScriptCaches (0ms)
		SetupLoadedEditorAssemblies (1262ms)
			LogAssemblyErrors (0ms)
			InitializePlatformSupportModulesInManaged (56ms)
			SetLoadedEditorAssemblies (7ms)
			RefreshPlugins (0ms)
			BeforeProcessingInitializeOnLoad (143ms)
			ProcessInitializeOnLoadAttributes (656ms)
			ProcessInitializeOnLoadMethodAttributes (385ms)
			AfterProcessingInitializeOnLoad (14ms)
			EditorAssembliesLoaded (1ms)
		ExecutionOrderSort2 (0ms)
		AwakeInstancesAfterBackupRestoration (23ms)
Refreshing native plugins compatible for Editor in 24.23 ms, found 2 plugins.
Preloading 0 native plugins for Editor in 0.00 ms.
Unloading 3834 Unused Serialized files (Serialized files now loaded: 0)
Unloading 16 unused Assets / (27.6 KB). Loaded Objects now: 4408.
Memory consumption went from 140.2 MB to 140.1 MB.
Total: 21.883700 ms (FindLiveObjects: 0.576400 ms CreateObjectMapping: 0.476100 ms MarkObjects: 20.756700 ms  DeleteObjects: 0.072600 ms)

Prepare: number of updated asset objects reloaded= 0
AssetImportParameters requested are different than current active one (requested -> active):
  custom:container-demuxer-ogg: 62fdf1f143b41e24485cea50d1cbac27 -> 
  custom:video-decoder-ogg-theora: a1e56fd34408186e4bbccfd4996cb3dc -> 
  custom:framework-win-MediaFoundation: 216162199b28c13a410421893ffa2e32 -> 
  custom:CustomObjectIndexerAttribute: 9a22284fe3817be447336de3de66b15e -> 
  custom:container-demuxer-webm: 4f35f7cbe854078d1ac9338744f61a02 -> 
  custom:container-muxer-webm: aa71ff27fc2769a1b78a27578f13a17b -> 
  custom:video-decoder-webm-vp8: 9c59270c3fd7afecdb556c50c9e8de78 -> 
  custom:SearchIndexIgnoredProperties: e643bd26f0fe6173181afceb89e7c659 -> 
  custom:AudioImporter_EditorPlatform: d09bf68614088b80899f8185d706f6e7 -> 
  custom:video-encoder-webm-vp8: eb34c28f22e8b96e1ab97ce403110664 -> 
  custom:audio-decoder-ogg-vorbis: bf7c407c2cedff20999df2af8eb42d56 -> 
  custom:audio-encoder-webm-vorbis: bf7c407c2cedff20999df2af8eb42d56 -> 
========================================================================
Received Prepare
Caller must complete domain reload
Begin MonoManager ReloadAssembly
Symbol file LoadedFromMemory is not a mono symbol file
- Loaded All Assemblies, in  1.202 seconds
Native extension for WindowsStandalone target not found
Native extension for iOS target not found
Native extension for Android target not found
Native extension for WebGL target not found
Asset Pipeline Refresh (id=def118cbc04e11540a84fa3392a1fa28): Total: 0.000 seconds - Initiated by StopAssetImportingV2(NoUpdateAssetOptions)
[ScriptCompilation] NOT recompiling all scripts because this is an import worker process. Reason to compile was: Define symbols changed
[ScriptCompilation] NOT recompiling all scripts because this is an import worker process. Reason to compile was: Define symbols changed
Mono: successfully reloaded assembly
- Finished resetting the current domain, in  2.189 seconds
Domain Reload Profiling: 3390ms
	BeginReloadAssembly (674ms)
		ExecutionOrderSort (0ms)
		DisableScriptedObjects (9ms)
		BackupInstance (0ms)
		ReleaseScriptingObjects (0ms)
		CreateAndSetChildDomain (53ms)
	RebuildCommonClasses (54ms)
	RebuildNativeTypeToScriptingClass (28ms)
	initialDomainReloadingComplete (53ms)
	LoadAllAssembliesAndSetupDomain (390ms)
		LoadAssemblies (504ms)
		RebuildTransferFunctionScriptingTraits (0ms)
		AnalyzeDomain (23ms)
			TypeCache.Refresh (10ms)
				TypeCache.ScanAssembly (0ms)
			ScanForSourceGeneratedMonoScriptInfo (0ms)
			ResolveRequiredComponents (11ms)
	FinalizeReload (2190ms)
		ReleaseScriptCaches (0ms)
		RebuildScriptCaches (0ms)
		SetupLoadedEditorAssemblies (1356ms)
			LogAssemblyErrors (0ms)
			InitializePlatformSupportModulesInManaged (70ms)
			SetLoadedEditorAssemblies (13ms)
			RefreshPlugins (0ms)
			BeforeProcessingInitializeOnLoad (158ms)
			ProcessInitializeOnLoadAttributes (760ms)
			ProcessInitializeOnLoadMethodAttributes (340ms)
			AfterProcessingInitializeOnLoad (15ms)
			EditorAssembliesLoaded (1ms)
		ExecutionOrderSort2 (0ms)
		AwakeInstancesAfterBackupRestoration (19ms)
Refreshing native plugins compatible for Editor in 20.04 ms, found 2 plugins.
Preloading 0 native plugins for Editor in 0.00 ms.
Unloading 3834 Unused Serialized files (Serialized files now loaded: 0)
Unloading 16 unused Assets / (27.6 KB). Loaded Objects now: 4411.
Memory consumption went from 140.2 MB to 140.1 MB.
Total: 14.226100 ms (FindLiveObjects: 0.424000 ms CreateObjectMapping: 0.458700 ms MarkObjects: 13.245500 ms  DeleteObjects: 0.095700 ms)

Prepare: number of updated asset objects reloaded= 0
AssetImportParameters requested are different than current active one (requested -> active):
  custom:container-demuxer-ogg: 62fdf1f143b41e24485cea50d1cbac27 -> 
  custom:video-decoder-ogg-theora: a1e56fd34408186e4bbccfd4996cb3dc -> 
  custom:framework-win-MediaFoundation: 216162199b28c13a410421893ffa2e32 -> 
  custom:CustomObjectIndexerAttribute: 9a22284fe3817be447336de3de66b15e -> 
  custom:container-demuxer-webm: 4f35f7cbe854078d1ac9338744f61a02 -> 
  custom:container-muxer-webm: aa71ff27fc2769a1b78a27578f13a17b -> 
  custom:video-decoder-webm-vp8: 9c59270c3fd7afecdb556c50c9e8de78 -> 
  custom:SearchIndexIgnoredProperties: e643bd26f0fe6173181afceb89e7c659 -> 
  custom:AudioImporter_EditorPlatform: d09bf68614088b80899f8185d706f6e7 -> 
  custom:video-encoder-webm-vp8: eb34c28f22e8b96e1ab97ce403110664 -> 
  custom:audio-decoder-ogg-vorbis: bf7c407c2cedff20999df2af8eb42d56 -> 
  custom:audio-encoder-webm-vorbis: bf7c407c2cedff20999df2af8eb42d56 -> 
========================================================================
Received Prepare
Caller must complete domain reload
Begin MonoManager ReloadAssembly
Symbol file LoadedFromMemory is not a mono symbol file
- Loaded All Assemblies, in  1.260 seconds
Native extension for WindowsStandalone target not found
Native extension for iOS target not found
Native extension for Android target not found
Native extension for WebGL target not found
Asset Pipeline Refresh (id=f4be47170cdf9284c8d2f9aae766a3b2): Total: 0.000 seconds - Initiated by StopAssetImportingV2(NoUpdateAssetOptions)
[ScriptCompilation] NOT recompiling all scripts because this is an import worker process. Reason to compile was: Define symbols changed
[ScriptCompilation] NOT recompiling all scripts because this is an import worker process. Reason to compile was: Define symbols changed
Mono: successfully reloaded assembly
- Finished resetting the current domain, in  2.115 seconds
Domain Reload Profiling: 3372ms
	BeginReloadAssembly (621ms)
		ExecutionOrderSort (0ms)
		DisableScriptedObjects (12ms)
		BackupInstance (0ms)
		ReleaseScriptingObjects (0ms)
		CreateAndSetChildDomain (56ms)
	RebuildCommonClasses (59ms)
	RebuildNativeTypeToScriptingClass (25ms)
	initialDomainReloadingComplete (56ms)
	LoadAllAssembliesAndSetupDomain (495ms)
		LoadAssemblies (543ms)
		RebuildTransferFunctionScriptingTraits (0ms)
		AnalyzeDomain (79ms)
			TypeCache.Refresh (33ms)
				TypeCache.ScanAssembly (8ms)
			ScanForSourceGeneratedMonoScriptInfo (33ms)
			ResolveRequiredComponents (11ms)
	FinalizeReload (2115ms)
		ReleaseScriptCaches (0ms)
		RebuildScriptCaches (0ms)
		SetupLoadedEditorAssemblies (1336ms)
			LogAssemblyErrors (0ms)
			InitializePlatformSupportModulesInManaged (42ms)
			SetLoadedEditorAssemblies (6ms)
			RefreshPlugins (0ms)
			BeforeProcessingInitializeOnLoad (97ms)
			ProcessInitializeOnLoadAttributes (830ms)
			ProcessInitializeOnLoadMethodAttributes (352ms)
			AfterProcessingInitializeOnLoad (9ms)
			EditorAssembliesLoaded (0ms)
		ExecutionOrderSort2 (0ms)
		AwakeInstancesAfterBackupRestoration (17ms)
Refreshing native plugins compatible for Editor in 16.84 ms, found 2 plugins.
Preloading 0 native plugins for Editor in 0.00 ms.
Unloading 3834 Unused Serialized files (Serialized files now loaded: 0)
Unloading 16 unused Assets / (27.5 KB). Loaded Objects now: 4414.
Memory consumption went from 140.2 MB to 140.1 MB.
Total: 11.005200 ms (FindLiveObjects: 0.347600 ms CreateObjectMapping: 0.362100 ms MarkObjects: 10.232600 ms  DeleteObjects: 0.061200 ms)

Prepare: number of updated asset objects reloaded= 0
AssetImportParameters requested are different than current active one (requested -> active):
  custom:container-demuxer-ogg: 62fdf1f143b41e24485cea50d1cbac27 -> 
  custom:video-decoder-ogg-theora: a1e56fd34408186e4bbccfd4996cb3dc -> 
  custom:framework-win-MediaFoundation: 216162199b28c13a410421893ffa2e32 -> 
  custom:CustomObjectIndexerAttribute: 9a22284fe3817be447336de3de66b15e -> 
  custom:container-demuxer-webm: 4f35f7cbe854078d1ac9338744f61a02 -> 
  custom:container-muxer-webm: aa71ff27fc2769a1b78a27578f13a17b -> 
  custom:video-decoder-webm-vp8: 9c59270c3fd7afecdb556c50c9e8de78 -> 
  custom:SearchIndexIgnoredProperties: e643bd26f0fe6173181afceb89e7c659 -> 
  custom:AudioImporter_EditorPlatform: d09bf68614088b80899f8185d706f6e7 -> 
  custom:video-encoder-webm-vp8: eb34c28f22e8b96e1ab97ce403110664 -> 
  custom:audio-decoder-ogg-vorbis: bf7c407c2cedff20999df2af8eb42d56 -> 
  custom:audio-encoder-webm-vorbis: bf7c407c2cedff20999df2af8eb42d56 -> 
========================================================================
Received Prepare
Caller must complete domain reload
Begin MonoManager ReloadAssembly
Symbol file LoadedFromMemory is not a mono symbol file
- Loaded All Assemblies, in  1.012 seconds
Native extension for WindowsStandalone target not found
Native extension for iOS target not found
Native extension for Android target not found
Native extension for WebGL target not found
Asset Pipeline Refresh (id=06db62910b14be447b7287adb43a807f): Total: 0.000 seconds - Initiated by StopAssetImportingV2(NoUpdateAssetOptions)
[ScriptCompilation] NOT recompiling all scripts because this is an import worker process. Reason to compile was: Define symbols changed
[ScriptCompilation] NOT recompiling all scripts because this is an import worker process. Reason to compile was: Define symbols changed
Mono: successfully reloaded assembly
- Finished resetting the current domain, in  1.731 seconds
Domain Reload Profiling: 2742ms
	BeginReloadAssembly (559ms)
		ExecutionOrderSort (0ms)
		DisableScriptedObjects (7ms)
		BackupInstance (0ms)
		ReleaseScriptingObjects (0ms)
		CreateAndSetChildDomain (42ms)
	RebuildCommonClasses (41ms)
	RebuildNativeTypeToScriptingClass (12ms)
	initialDomainReloadingComplete (30ms)
	LoadAllAssembliesAndSetupDomain (367ms)
		LoadAssemblies (438ms)
		RebuildTransferFunctionScriptingTraits (0ms)
		AnalyzeDomain (51ms)
			TypeCache.Refresh (24ms)
				TypeCache.ScanAssembly (7ms)
			ScanForSourceGeneratedMonoScriptInfo (21ms)
			ResolveRequiredComponents (6ms)
	FinalizeReload (1732ms)
		ReleaseScriptCaches (0ms)
		RebuildScriptCaches (0ms)
		SetupLoadedEditorAssemblies (1066ms)
			LogAssemblyErrors (0ms)
			InitializePlatformSupportModulesInManaged (45ms)
			SetLoadedEditorAssemblies (7ms)
			RefreshPlugins (0ms)
			BeforeProcessingInitializeOnLoad (113ms)
			ProcessInitializeOnLoadAttributes (561ms)
			ProcessInitializeOnLoadMethodAttributes (326ms)
			AfterProcessingInitializeOnLoad (14ms)
			EditorAssembliesLoaded (0ms)
		ExecutionOrderSort2 (0ms)
		AwakeInstancesAfterBackupRestoration (16ms)
Refreshing native plugins compatible for Editor in 18.72 ms, found 2 plugins.
Preloading 0 native plugins for Editor in 0.00 ms.
Unloading 3834 Unused Serialized files (Serialized files now loaded: 0)
Unloading 16 unused Assets / (27.6 KB). Loaded Objects now: 4417.
Memory consumption went from 140.2 MB to 140.1 MB.
Total: 16.607700 ms (FindLiveObjects: 0.378800 ms CreateObjectMapping: 0.421600 ms MarkObjects: 15.747400 ms  DeleteObjects: 0.058200 ms)

Prepare: number of updated asset objects reloaded= 0
AssetImportParameters requested are different than current active one (requested -> active):
  custom:container-demuxer-ogg: 62fdf1f143b41e24485cea50d1cbac27 -> 
  custom:video-decoder-ogg-theora: a1e56fd34408186e4bbccfd4996cb3dc -> 
  custom:framework-win-MediaFoundation: 216162199b28c13a410421893ffa2e32 -> 
  custom:CustomObjectIndexerAttribute: 9a22284fe3817be447336de3de66b15e -> 
  custom:container-demuxer-webm: 4f35f7cbe854078d1ac9338744f61a02 -> 
  custom:container-muxer-webm: aa71ff27fc2769a1b78a27578f13a17b -> 
  custom:video-decoder-webm-vp8: 9c59270c3fd7afecdb556c50c9e8de78 -> 
  custom:SearchIndexIgnoredProperties: e643bd26f0fe6173181afceb89e7c659 -> 
  custom:AudioImporter_EditorPlatform: d09bf68614088b80899f8185d706f6e7 -> 
  custom:video-encoder-webm-vp8: eb34c28f22e8b96e1ab97ce403110664 -> 
  custom:audio-decoder-ogg-vorbis: bf7c407c2cedff20999df2af8eb42d56 -> 
  custom:audio-encoder-webm-vorbis: bf7c407c2cedff20999df2af8eb42d56 -> 
========================================================================
Received Prepare
Caller must complete domain reload
Begin MonoManager ReloadAssembly
Symbol file LoadedFromMemory is not a mono symbol file
- Loaded All Assemblies, in  1.125 seconds
Native extension for WindowsStandalone target not found
Native extension for iOS target not found
Native extension for Android target not found
Native extension for WebGL target not found
Asset Pipeline Refresh (id=cd165f2d6dcb164449368cf45878ae0a): Total: 0.000 seconds - Initiated by StopAssetImportingV2(NoUpdateAssetOptions)
[ScriptCompilation] NOT recompiling all scripts because this is an import worker process. Reason to compile was: Define symbols changed
[ScriptCompilation] NOT recompiling all scripts because this is an import worker process. Reason to compile was: Define symbols changed
Mono: successfully reloaded assembly
- Finished resetting the current domain, in  2.048 seconds
Domain Reload Profiling: 3173ms
	BeginReloadAssembly (581ms)
		ExecutionOrderSort (0ms)
		DisableScriptedObjects (11ms)
		BackupInstance (0ms)
		ReleaseScriptingObjects (0ms)
		CreateAndSetChildDomain (45ms)
	RebuildCommonClasses (40ms)
	RebuildNativeTypeToScriptingClass (16ms)
	initialDomainReloadingComplete (38ms)
	LoadAllAssembliesAndSetupDomain (449ms)
		LoadAssemblies (495ms)
		RebuildTransferFunctionScriptingTraits (0ms)
		AnalyzeDomain (53ms)
			TypeCache.Refresh (27ms)
				TypeCache.ScanAssembly (6ms)
			ScanForSourceGeneratedMonoScriptInfo (17ms)
			ResolveRequiredComponents (8ms)
	FinalizeReload (2048ms)
		ReleaseScriptCaches (0ms)
		RebuildScriptCaches (0ms)
		SetupLoadedEditorAssemblies (958ms)
			LogAssemblyErrors (0ms)
			InitializePlatformSupportModulesInManaged (41ms)
			SetLoadedEditorAssemblies (5ms)
			RefreshPlugins (0ms)
			BeforeProcessingInitializeOnLoad (112ms)
			ProcessInitializeOnLoadAttributes (556ms)
			ProcessInitializeOnLoadMethodAttributes (235ms)
			AfterProcessingInitializeOnLoad (8ms)
			EditorAssembliesLoaded (0ms)
		ExecutionOrderSort2 (0ms)
		AwakeInstancesAfterBackupRestoration (11ms)
Refreshing native plugins compatible for Editor in 14.65 ms, found 2 plugins.
Preloading 0 native plugins for Editor in 0.00 ms.
Unloading 3834 Unused Serialized files (Serialized files now loaded: 0)
Unloading 16 unused Assets / (27.6 KB). Loaded Objects now: 4420.
Memory consumption went from 140.2 MB to 140.1 MB.
Total: 15.884800 ms (FindLiveObjects: 0.366500 ms CreateObjectMapping: 0.352300 ms MarkObjects: 15.111500 ms  DeleteObjects: 0.053000 ms)

Prepare: number of updated asset objects reloaded= 0
AssetImportParameters requested are different than current active one (requested -> active):
  custom:container-demuxer-ogg: 62fdf1f143b41e24485cea50d1cbac27 -> 
  custom:video-decoder-ogg-theora: a1e56fd34408186e4bbccfd4996cb3dc -> 
  custom:framework-win-MediaFoundation: 216162199b28c13a410421893ffa2e32 -> 
  custom:CustomObjectIndexerAttribute: 9a22284fe3817be447336de3de66b15e -> 
  custom:container-demuxer-webm: 4f35f7cbe854078d1ac9338744f61a02 -> 
  custom:container-muxer-webm: aa71ff27fc2769a1b78a27578f13a17b -> 
  custom:video-decoder-webm-vp8: 9c59270c3fd7afecdb556c50c9e8de78 -> 
  custom:SearchIndexIgnoredProperties: e643bd26f0fe6173181afceb89e7c659 -> 
  custom:AudioImporter_EditorPlatform: d09bf68614088b80899f8185d706f6e7 -> 
  custom:video-encoder-webm-vp8: eb34c28f22e8b96e1ab97ce403110664 -> 
  custom:audio-decoder-ogg-vorbis: bf7c407c2cedff20999df2af8eb42d56 -> 
  custom:audio-encoder-webm-vorbis: bf7c407c2cedff20999df2af8eb42d56 -> 
========================================================================
Received Prepare
Caller must complete domain reload
Begin MonoManager ReloadAssembly
Symbol file LoadedFromMemory is not a mono symbol file
- Loaded All Assemblies, in  1.059 seconds
Native extension for WindowsStandalone target not found
Native extension for iOS target not found
Native extension for Android target not found
Native extension for WebGL target not found
Asset Pipeline Refresh (id=721f2fcf754ef664d990b62e83f07c31): Total: 0.000 seconds - Initiated by StopAssetImportingV2(NoUpdateAssetOptions)
[ScriptCompilation] NOT recompiling all scripts because this is an import worker process. Reason to compile was: Define symbols changed
[ScriptCompilation] NOT recompiling all scripts because this is an import worker process. Reason to compile was: Define symbols changed
Mono: successfully reloaded assembly
- Finished resetting the current domain, in  1.272 seconds
Domain Reload Profiling: 2329ms
	BeginReloadAssembly (600ms)
		ExecutionOrderSort (0ms)
		DisableScriptedObjects (20ms)
		BackupInstance (0ms)
		ReleaseScriptingObjects (0ms)
		CreateAndSetChildDomain (48ms)
	RebuildCommonClasses (59ms)
	RebuildNativeTypeToScriptingClass (18ms)
	initialDomainReloadingComplete (32ms)
	LoadAllAssembliesAndSetupDomain (348ms)
		LoadAssemblies (403ms)
		RebuildTransferFunctionScriptingTraits (0ms)
		AnalyzeDomain (47ms)
			TypeCache.Refresh (20ms)
				TypeCache.ScanAssembly (7ms)
			ScanForSourceGeneratedMonoScriptInfo (20ms)
			ResolveRequiredComponents (5ms)
	FinalizeReload (1273ms)
		ReleaseScriptCaches (0ms)
		RebuildScriptCaches (0ms)
		SetupLoadedEditorAssemblies (693ms)
			LogAssemblyErrors (0ms)
			InitializePlatformSupportModulesInManaged (34ms)
			SetLoadedEditorAssemblies (9ms)
			RefreshPlugins (0ms)
			BeforeProcessingInitializeOnLoad (88ms)
			ProcessInitializeOnLoadAttributes (342ms)
			ProcessInitializeOnLoadMethodAttributes (211ms)
			AfterProcessingInitializeOnLoad (9ms)
			EditorAssembliesLoaded (1ms)
		ExecutionOrderSort2 (0ms)
		AwakeInstancesAfterBackupRestoration (13ms)
Refreshing native plugins compatible for Editor in 17.21 ms, found 2 plugins.
Preloading 0 native plugins for Editor in 0.00 ms.
Unloading 3834 Unused Serialized files (Serialized files now loaded: 0)
Unloading 16 unused Assets / (27.5 KB). Loaded Objects now: 4423.
Memory consumption went from 140.2 MB to 140.1 MB.
Total: 12.620400 ms (FindLiveObjects: 0.470100 ms CreateObjectMapping: 0.457600 ms MarkObjects: 11.638300 ms  DeleteObjects: 0.053200 ms)

Prepare: number of updated asset objects reloaded= 0
AssetImportParameters requested are different than current active one (requested -> active):
  custom:container-demuxer-ogg: 62fdf1f143b41e24485cea50d1cbac27 -> 
  custom:video-decoder-ogg-theora: a1e56fd34408186e4bbccfd4996cb3dc -> 
  custom:framework-win-MediaFoundation: 216162199b28c13a410421893ffa2e32 -> 
  custom:CustomObjectIndexerAttribute: 9a22284fe3817be447336de3de66b15e -> 
  custom:container-demuxer-webm: 4f35f7cbe854078d1ac9338744f61a02 -> 
  custom:container-muxer-webm: aa71ff27fc2769a1b78a27578f13a17b -> 
  custom:video-decoder-webm-vp8: 9c59270c3fd7afecdb556c50c9e8de78 -> 
  custom:SearchIndexIgnoredProperties: e643bd26f0fe6173181afceb89e7c659 -> 
  custom:AudioImporter_EditorPlatform: d09bf68614088b80899f8185d706f6e7 -> 
  custom:video-encoder-webm-vp8: eb34c28f22e8b96e1ab97ce403110664 -> 
  custom:audio-decoder-ogg-vorbis: bf7c407c2cedff20999df2af8eb42d56 -> 
  custom:audio-encoder-webm-vorbis: bf7c407c2cedff20999df2af8eb42d56 -> 
========================================================================
Received Prepare
Caller must complete domain reload
Begin MonoManager ReloadAssembly
Symbol file LoadedFromMemory is not a mono symbol file
- Loaded All Assemblies, in  0.833 seconds
Native extension for WindowsStandalone target not found
Native extension for iOS target not found
Native extension for Android target not found
Native extension for WebGL target not found
Asset Pipeline Refresh (id=039b72620961a964d9e88e4a41bcf59f): Total: 0.000 seconds - Initiated by StopAssetImportingV2(NoUpdateAssetOptions)
[ScriptCompilation] NOT recompiling all scripts because this is an import worker process. Reason to compile was: Define symbols changed
[ScriptCompilation] NOT recompiling all scripts because this is an import worker process. Reason to compile was: Define symbols changed
Mono: successfully reloaded assembly
- Finished resetting the current domain, in  1.739 seconds
Domain Reload Profiling: 2571ms
	BeginReloadAssembly (474ms)
		ExecutionOrderSort (0ms)
		DisableScriptedObjects (11ms)
		BackupInstance (0ms)
		ReleaseScriptingObjects (0ms)
		CreateAndSetChildDomain (35ms)
	RebuildCommonClasses (43ms)
	RebuildNativeTypeToScriptingClass (16ms)
	initialDomainReloadingComplete (36ms)
	LoadAllAssembliesAndSetupDomain (262ms)
		LoadAssemblies (346ms)
		RebuildTransferFunctionScriptingTraits (0ms)
		AnalyzeDomain (13ms)
			TypeCache.Refresh (6ms)
				TypeCache.ScanAssembly (0ms)
			ScanForSourceGeneratedMonoScriptInfo (0ms)
			ResolveRequiredComponents (6ms)
	FinalizeReload (1740ms)
		ReleaseScriptCaches (0ms)
		RebuildScriptCaches (0ms)
		SetupLoadedEditorAssemblies (1082ms)
			LogAssemblyErrors (0ms)
			InitializePlatformSupportModulesInManaged (50ms)
			SetLoadedEditorAssemblies (5ms)
			RefreshPlugins (0ms)
			BeforeProcessingInitializeOnLoad (110ms)
			ProcessInitializeOnLoadAttributes (585ms)
			ProcessInitializeOnLoadMethodAttributes (323ms)
			AfterProcessingInitializeOnLoad (9ms)
			EditorAssembliesLoaded (0ms)
		ExecutionOrderSort2 (0ms)
		AwakeInstancesAfterBackupRestoration (15ms)
Refreshing native plugins compatible for Editor in 15.43 ms, found 2 plugins.
Preloading 0 native plugins for Editor in 0.00 ms.
Unloading 3834 Unused Serialized files (Serialized files now loaded: 0)
Unloading 16 unused Assets / (27.5 KB). Loaded Objects now: 4426.
Memory consumption went from 140.2 MB to 140.2 MB.
Total: 10.707000 ms (FindLiveObjects: 0.404700 ms CreateObjectMapping: 0.614700 ms MarkObjects: 9.632600 ms  DeleteObjects: 0.053500 ms)

Prepare: number of updated asset objects reloaded= 0
AssetImportParameters requested are different than current active one (requested -> active):
  custom:container-demuxer-ogg: 62fdf1f143b41e24485cea50d1cbac27 -> 
  custom:video-decoder-ogg-theora: a1e56fd34408186e4bbccfd4996cb3dc -> 
  custom:framework-win-MediaFoundation: 216162199b28c13a410421893ffa2e32 -> 
  custom:CustomObjectIndexerAttribute: 9a22284fe3817be447336de3de66b15e -> 
  custom:container-demuxer-webm: 4f35f7cbe854078d1ac9338744f61a02 -> 
  custom:container-muxer-webm: aa71ff27fc2769a1b78a27578f13a17b -> 
  custom:video-decoder-webm-vp8: 9c59270c3fd7afecdb556c50c9e8de78 -> 
  custom:SearchIndexIgnoredProperties: e643bd26f0fe6173181afceb89e7c659 -> 
  custom:AudioImporter_EditorPlatform: d09bf68614088b80899f8185d706f6e7 -> 
  custom:video-encoder-webm-vp8: eb34c28f22e8b96e1ab97ce403110664 -> 
  custom:audio-decoder-ogg-vorbis: bf7c407c2cedff20999df2af8eb42d56 -> 
  custom:audio-encoder-webm-vorbis: bf7c407c2cedff20999df2af8eb42d56 -> 
========================================================================
Received Prepare
Caller must complete domain reload
Begin MonoManager ReloadAssembly
Symbol file LoadedFromMemory is not a mono symbol file
- Loaded All Assemblies, in  0.803 seconds
Native extension for WindowsStandalone target not found
Native extension for iOS target not found
Native extension for Android target not found
Native extension for WebGL target not found
Asset Pipeline Refresh (id=00689ebd7e41499498e48e10ab1148e4): Total: 0.000 seconds - Initiated by StopAssetImportingV2(NoUpdateAssetOptions)
[ScriptCompilation] NOT recompiling all scripts because this is an import worker process. Reason to compile was: Define symbols changed
[ScriptCompilation] NOT recompiling all scripts because this is an import worker process. Reason to compile was: Define symbols changed
Mono: successfully reloaded assembly
- Finished resetting the current domain, in  1.645 seconds
Domain Reload Profiling: 2447ms
	BeginReloadAssembly (443ms)
		ExecutionOrderSort (0ms)
		DisableScriptedObjects (11ms)
		BackupInstance (0ms)
		ReleaseScriptingObjects (0ms)
		CreateAndSetChildDomain (39ms)
	RebuildCommonClasses (46ms)
	RebuildNativeTypeToScriptingClass (13ms)
	initialDomainReloadingComplete (34ms)
	LoadAllAssembliesAndSetupDomain (265ms)
		LoadAssemblies (337ms)
		RebuildTransferFunctionScriptingTraits (0ms)
		AnalyzeDomain (18ms)
			TypeCache.Refresh (7ms)
				TypeCache.ScanAssembly (0ms)
			ScanForSourceGeneratedMonoScriptInfo (0ms)
			ResolveRequiredComponents (9ms)
	FinalizeReload (1645ms)
		ReleaseScriptCaches (0ms)
		RebuildScriptCaches (0ms)
		SetupLoadedEditorAssemblies (1086ms)
			LogAssemblyErrors (0ms)
			InitializePlatformSupportModulesInManaged (33ms)
			SetLoadedEditorAssemblies (6ms)
			RefreshPlugins (0ms)
			BeforeProcessingInitializeOnLoad (110ms)
			ProcessInitializeOnLoadAttributes (593ms)
			ProcessInitializeOnLoadMethodAttributes (333ms)
			AfterProcessingInitializeOnLoad (11ms)
			EditorAssembliesLoaded (1ms)
		ExecutionOrderSort2 (0ms)
		AwakeInstancesAfterBackupRestoration (16ms)
Refreshing native plugins compatible for Editor in 31.34 ms, found 2 plugins.
Preloading 0 native plugins for Editor in 0.00 ms.
Unloading 3834 Unused Serialized files (Serialized files now loaded: 0)
Unloading 16 unused Assets / (27.5 KB). Loaded Objects now: 4429.
Memory consumption went from 140.2 MB to 140.2 MB.
Total: 16.938900 ms (FindLiveObjects: 0.741800 ms CreateObjectMapping: 0.824300 ms MarkObjects: 15.259400 ms  DeleteObjects: 0.111100 ms)

Prepare: number of updated asset objects reloaded= 0
AssetImportParameters requested are different than current active one (requested -> active):
  custom:container-demuxer-ogg: 62fdf1f143b41e24485cea50d1cbac27 -> 
  custom:video-decoder-ogg-theora: a1e56fd34408186e4bbccfd4996cb3dc -> 
  custom:framework-win-MediaFoundation: 216162199b28c13a410421893ffa2e32 -> 
  custom:CustomObjectIndexerAttribute: 9a22284fe3817be447336de3de66b15e -> 
  custom:container-demuxer-webm: 4f35f7cbe854078d1ac9338744f61a02 -> 
  custom:container-muxer-webm: aa71ff27fc2769a1b78a27578f13a17b -> 
  custom:video-decoder-webm-vp8: 9c59270c3fd7afecdb556c50c9e8de78 -> 
  custom:SearchIndexIgnoredProperties: e643bd26f0fe6173181afceb89e7c659 -> 
  custom:AudioImporter_EditorPlatform: d09bf68614088b80899f8185d706f6e7 -> 
  custom:video-encoder-webm-vp8: eb34c28f22e8b96e1ab97ce403110664 -> 
  custom:audio-decoder-ogg-vorbis: bf7c407c2cedff20999df2af8eb42d56 -> 
  custom:audio-encoder-webm-vorbis: bf7c407c2cedff20999df2af8eb42d56 -> 
========================================================================
Received Prepare
Caller must complete domain reload
Begin MonoManager ReloadAssembly
Symbol file LoadedFromMemory is not a mono symbol file
- Loaded All Assemblies, in  0.865 seconds
Native extension for WindowsStandalone target not found
Native extension for iOS target not found
Native extension for Android target not found
Native extension for WebGL target not found
Asset Pipeline Refresh (id=0a84f91e17f5acb44ba542e271d76c2b): Total: 0.000 seconds - Initiated by StopAssetImportingV2(NoUpdateAssetOptions)
[ScriptCompilation] NOT recompiling all scripts because this is an import worker process. Reason to compile was: Define symbols changed
[ScriptCompilation] NOT recompiling all scripts because this is an import worker process. Reason to compile was: Define symbols changed
Mono: successfully reloaded assembly
- Finished resetting the current domain, in  1.740 seconds
Domain Reload Profiling: 2605ms
	BeginReloadAssembly (459ms)
		ExecutionOrderSort (0ms)
		DisableScriptedObjects (7ms)
		BackupInstance (0ms)
		ReleaseScriptingObjects (0ms)
		CreateAndSetChildDomain (42ms)
	RebuildCommonClasses (53ms)
	RebuildNativeTypeToScriptingClass (12ms)
	initialDomainReloadingComplete (37ms)
	LoadAllAssembliesAndSetupDomain (303ms)
		LoadAssemblies (351ms)
		RebuildTransferFunctionScriptingTraits (0ms)
		AnalyzeDomain (46ms)
			TypeCache.Refresh (13ms)
				TypeCache.ScanAssembly (4ms)
			ScanForSourceGeneratedMonoScriptInfo (18ms)
			ResolveRequiredComponents (14ms)
	FinalizeReload (1740ms)
		ReleaseScriptCaches (0ms)
		RebuildScriptCaches (0ms)
		SetupLoadedEditorAssemblies (974ms)
			LogAssemblyErrors (0ms)
			InitializePlatformSupportModulesInManaged (44ms)
			SetLoadedEditorAssemblies (5ms)
			RefreshPlugins (0ms)
			BeforeProcessingInitializeOnLoad (96ms)
			ProcessInitializeOnLoadAttributes (554ms)
			ProcessInitializeOnLoadMethodAttributes (267ms)
			AfterProcessingInitializeOnLoad (9ms)
			EditorAssembliesLoaded (0ms)
		ExecutionOrderSort2 (0ms)
		AwakeInstancesAfterBackupRestoration (13ms)
Refreshing native plugins compatible for Editor in 12.79 ms, found 2 plugins.
Preloading 0 native plugins for Editor in 0.00 ms.
Unloading 3834 Unused Serialized files (Serialized files now loaded: 0)
Unloading 16 unused Assets / (27.6 KB). Loaded Objects now: 4432.
Memory consumption went from 140.2 MB to 140.2 MB.
Total: 12.342900 ms (FindLiveObjects: 0.444100 ms CreateObjectMapping: 0.427900 ms MarkObjects: 11.377500 ms  DeleteObjects: 0.092000 ms)

Prepare: number of updated asset objects reloaded= 0
AssetImportParameters requested are different than current active one (requested -> active):
  custom:container-demuxer-ogg: 62fdf1f143b41e24485cea50d1cbac27 -> 
  custom:video-decoder-ogg-theora: a1e56fd34408186e4bbccfd4996cb3dc -> 
  custom:framework-win-MediaFoundation: 216162199b28c13a410421893ffa2e32 -> 
  custom:CustomObjectIndexerAttribute: 9a22284fe3817be447336de3de66b15e -> 
  custom:container-demuxer-webm: 4f35f7cbe854078d1ac9338744f61a02 -> 
  custom:container-muxer-webm: aa71ff27fc2769a1b78a27578f13a17b -> 
  custom:video-decoder-webm-vp8: 9c59270c3fd7afecdb556c50c9e8de78 -> 
  custom:SearchIndexIgnoredProperties: e643bd26f0fe6173181afceb89e7c659 -> 
  custom:AudioImporter_EditorPlatform: d09bf68614088b80899f8185d706f6e7 -> 
  custom:video-encoder-webm-vp8: eb34c28f22e8b96e1ab97ce403110664 -> 
  custom:audio-decoder-ogg-vorbis: bf7c407c2cedff20999df2af8eb42d56 -> 
  custom:audio-encoder-webm-vorbis: bf7c407c2cedff20999df2af8eb42d56 -> 
========================================================================
Received Prepare
Caller must complete domain reload
Begin MonoManager ReloadAssembly
Symbol file LoadedFromMemory is not a mono symbol file
- Loaded All Assemblies, in  0.877 seconds
Native extension for WindowsStandalone target not found
Native extension for iOS target not found
Native extension for Android target not found
Native extension for WebGL target not found
Asset Pipeline Refresh (id=182f9d7ffcb154b4eb5cc57dd5684e9e): Total: 0.000 seconds - Initiated by StopAssetImportingV2(NoUpdateAssetOptions)
[ScriptCompilation] NOT recompiling all scripts because this is an import worker process. Reason to compile was: Define symbols changed
[ScriptCompilation] NOT recompiling all scripts because this is an import worker process. Reason to compile was: Define symbols changed
Mono: successfully reloaded assembly
- Finished resetting the current domain, in  1.321 seconds
Domain Reload Profiling: 2196ms
	BeginReloadAssembly (464ms)
		ExecutionOrderSort (0ms)
		DisableScriptedObjects (7ms)
		BackupInstance (0ms)
		ReleaseScriptingObjects (0ms)
		CreateAndSetChildDomain (39ms)
	RebuildCommonClasses (46ms)
	RebuildNativeTypeToScriptingClass (13ms)
	initialDomainReloadingComplete (32ms)
	LoadAllAssembliesAndSetupDomain (319ms)
		LoadAssemblies (365ms)
		RebuildTransferFunctionScriptingTraits (0ms)
		AnalyzeDomain (46ms)
			TypeCache.Refresh (14ms)
				TypeCache.ScanAssembly (3ms)
			ScanForSourceGeneratedMonoScriptInfo (18ms)
			ResolveRequiredComponents (12ms)
	FinalizeReload (1322ms)
		ReleaseScriptCaches (0ms)
		RebuildScriptCaches (0ms)
		SetupLoadedEditorAssemblies (744ms)
			LogAssemblyErrors (0ms)
			InitializePlatformSupportModulesInManaged (38ms)
			SetLoadedEditorAssemblies (6ms)
			RefreshPlugins (0ms)
			BeforeProcessingInitializeOnLoad (94ms)
			ProcessInitializeOnLoadAttributes (393ms)
			ProcessInitializeOnLoadMethodAttributes (205ms)
			AfterProcessingInitializeOnLoad (8ms)
			EditorAssembliesLoaded (0ms)
		ExecutionOrderSort2 (0ms)
		AwakeInstancesAfterBackupRestoration (13ms)
Refreshing native plugins compatible for Editor in 12.79 ms, found 2 plugins.
Preloading 0 native plugins for Editor in 0.00 ms.
Unloading 3834 Unused Serialized files (Serialized files now loaded: 0)
Unloading 16 unused Assets / (27.5 KB). Loaded Objects now: 4435.
Memory consumption went from 140.2 MB to 140.2 MB.
Total: 7.324800 ms (FindLiveObjects: 0.299900 ms CreateObjectMapping: 0.286700 ms MarkObjects: 6.690000 ms  DeleteObjects: 0.046900 ms)

Prepare: number of updated asset objects reloaded= 0
AssetImportParameters requested are different than current active one (requested -> active):
  custom:container-demuxer-ogg: 62fdf1f143b41e24485cea50d1cbac27 -> 
  custom:video-decoder-ogg-theora: a1e56fd34408186e4bbccfd4996cb3dc -> 
  custom:framework-win-MediaFoundation: 216162199b28c13a410421893ffa2e32 -> 
  custom:CustomObjectIndexerAttribute: 9a22284fe3817be447336de3de66b15e -> 
  custom:container-demuxer-webm: 4f35f7cbe854078d1ac9338744f61a02 -> 
  custom:container-muxer-webm: aa71ff27fc2769a1b78a27578f13a17b -> 
  custom:video-decoder-webm-vp8: 9c59270c3fd7afecdb556c50c9e8de78 -> 
  custom:SearchIndexIgnoredProperties: e643bd26f0fe6173181afceb89e7c659 -> 
  custom:AudioImporter_EditorPlatform: d09bf68614088b80899f8185d706f6e7 -> 
  custom:video-encoder-webm-vp8: eb34c28f22e8b96e1ab97ce403110664 -> 
  custom:audio-decoder-ogg-vorbis: bf7c407c2cedff20999df2af8eb42d56 -> 
  custom:audio-encoder-webm-vorbis: bf7c407c2cedff20999df2af8eb42d56 -> 
========================================================================
Received Prepare
Caller must complete domain reload
Begin MonoManager ReloadAssembly
Symbol file LoadedFromMemory is not a mono symbol file
- Loaded All Assemblies, in  0.906 seconds
Native extension for WindowsStandalone target not found
Native extension for iOS target not found
Native extension for Android target not found
Native extension for WebGL target not found
Asset Pipeline Refresh (id=bbb4e776fb098874a9e74f684363eaa6): Total: 0.000 seconds - Initiated by StopAssetImportingV2(NoUpdateAssetOptions)
[ScriptCompilation] NOT recompiling all scripts because this is an import worker process. Reason to compile was: Define symbols changed
[ScriptCompilation] NOT recompiling all scripts because this is an import worker process. Reason to compile was: Define symbols changed
Mono: successfully reloaded assembly
- Finished resetting the current domain, in  1.733 seconds
Domain Reload Profiling: 2638ms
	BeginReloadAssembly (533ms)
		ExecutionOrderSort (0ms)
		DisableScriptedObjects (10ms)
		BackupInstance (0ms)
		ReleaseScriptingObjects (0ms)
		CreateAndSetChildDomain (55ms)
	RebuildCommonClasses (41ms)
	RebuildNativeTypeToScriptingClass (18ms)
	initialDomainReloadingComplete (37ms)
	LoadAllAssembliesAndSetupDomain (276ms)
		LoadAssemblies (394ms)
		RebuildTransferFunctionScriptingTraits (0ms)
		AnalyzeDomain (14ms)
			TypeCache.Refresh (6ms)
				TypeCache.ScanAssembly (0ms)
			ScanForSourceGeneratedMonoScriptInfo (0ms)
			ResolveRequiredComponents (7ms)
	FinalizeReload (1734ms)
		ReleaseScriptCaches (0ms)
		RebuildScriptCaches (0ms)
		SetupLoadedEditorAssemblies (1053ms)
			LogAssemblyErrors (0ms)
			InitializePlatformSupportModulesInManaged (42ms)
			SetLoadedEditorAssemblies (5ms)
			RefreshPlugins (0ms)
			BeforeProcessingInitializeOnLoad (99ms)
			ProcessInitializeOnLoadAttributes (636ms)
			ProcessInitializeOnLoadMethodAttributes (260ms)
			AfterProcessingInitializeOnLoad (10ms)
			EditorAssembliesLoaded (1ms)
		ExecutionOrderSort2 (0ms)
		AwakeInstancesAfterBackupRestoration (21ms)
Refreshing native plugins compatible for Editor in 20.13 ms, found 2 plugins.
Preloading 0 native plugins for Editor in 0.00 ms.
Unloading 3834 Unused Serialized files (Serialized files now loaded: 0)
Unloading 16 unused Assets / (27.5 KB). Loaded Objects now: 4438.
Memory consumption went from 140.2 MB to 140.2 MB.
Total: 17.283700 ms (FindLiveObjects: 0.518200 ms CreateObjectMapping: 0.564500 ms MarkObjects: 16.113700 ms  DeleteObjects: 0.085300 ms)

Prepare: number of updated asset objects reloaded= 0
AssetImportParameters requested are different than current active one (requested -> active):
  custom:container-demuxer-ogg: 62fdf1f143b41e24485cea50d1cbac27 -> 
  custom:video-decoder-ogg-theora: a1e56fd34408186e4bbccfd4996cb3dc -> 
  custom:framework-win-MediaFoundation: 216162199b28c13a410421893ffa2e32 -> 
  custom:CustomObjectIndexerAttribute: 9a22284fe3817be447336de3de66b15e -> 
  custom:container-demuxer-webm: 4f35f7cbe854078d1ac9338744f61a02 -> 
  custom:container-muxer-webm: aa71ff27fc2769a1b78a27578f13a17b -> 
  custom:video-decoder-webm-vp8: 9c59270c3fd7afecdb556c50c9e8de78 -> 
  custom:SearchIndexIgnoredProperties: e643bd26f0fe6173181afceb89e7c659 -> 
  custom:AudioImporter_EditorPlatform: d09bf68614088b80899f8185d706f6e7 -> 
  custom:video-encoder-webm-vp8: eb34c28f22e8b96e1ab97ce403110664 -> 
  custom:audio-decoder-ogg-vorbis: bf7c407c2cedff20999df2af8eb42d56 -> 
  custom:audio-encoder-webm-vorbis: bf7c407c2cedff20999df2af8eb42d56 -> 
========================================================================
Received Prepare
Caller must complete domain reload
Begin MonoManager ReloadAssembly
Symbol file LoadedFromMemory is not a mono symbol file
- Loaded All Assemblies, in  0.830 seconds
Native extension for WindowsStandalone target not found
Native extension for iOS target not found
Native extension for Android target not found
Native extension for WebGL target not found
Asset Pipeline Refresh (id=f62549e93b7172f428471f9e954473d6): Total: 0.000 seconds - Initiated by StopAssetImportingV2(NoUpdateAssetOptions)
[ScriptCompilation] NOT recompiling all scripts because this is an import worker process. Reason to compile was: Define symbols changed
[ScriptCompilation] NOT recompiling all scripts because this is an import worker process. Reason to compile was: Define symbols changed
Mono: successfully reloaded assembly
- Finished resetting the current domain, in  1.460 seconds
Domain Reload Profiling: 2289ms
	BeginReloadAssembly (457ms)
		ExecutionOrderSort (0ms)
		DisableScriptedObjects (10ms)
		BackupInstance (0ms)
		ReleaseScriptingObjects (0ms)
		CreateAndSetChildDomain (39ms)
	RebuildCommonClasses (44ms)
	RebuildNativeTypeToScriptingClass (12ms)
	initialDomainReloadingComplete (29ms)
	LoadAllAssembliesAndSetupDomain (287ms)
		LoadAssemblies (355ms)
		RebuildTransferFunctionScriptingTraits (0ms)
		AnalyzeDomain (17ms)
			TypeCache.Refresh (7ms)
				TypeCache.ScanAssembly (0ms)
			ScanForSourceGeneratedMonoScriptInfo (0ms)
			ResolveRequiredComponents (9ms)
	FinalizeReload (1461ms)
		ReleaseScriptCaches (0ms)
		RebuildScriptCaches (0ms)
		SetupLoadedEditorAssemblies (869ms)
			LogAssemblyErrors (0ms)
			InitializePlatformSupportModulesInManaged (37ms)
			SetLoadedEditorAssemblies (5ms)
			RefreshPlugins (0ms)
			BeforeProcessingInitializeOnLoad (89ms)
			ProcessInitializeOnLoadAttributes (479ms)
			ProcessInitializeOnLoadMethodAttributes (240ms)
			AfterProcessingInitializeOnLoad (18ms)
			EditorAssembliesLoaded (1ms)
		ExecutionOrderSort2 (0ms)
		AwakeInstancesAfterBackupRestoration (16ms)
Refreshing native plugins compatible for Editor in 25.82 ms, found 2 plugins.
Preloading 0 native plugins for Editor in 0.00 ms.
Unloading 3834 Unused Serialized files (Serialized files now loaded: 0)
Unloading 16 unused Assets / (27.6 KB). Loaded Objects now: 4441.
Memory consumption went from 140.2 MB to 140.2 MB.
Total: 10.538400 ms (FindLiveObjects: 0.375900 ms CreateObjectMapping: 0.359400 ms MarkObjects: 9.742900 ms  DeleteObjects: 0.058800 ms)

Prepare: number of updated asset objects reloaded= 0
AssetImportParameters requested are different than current active one (requested -> active):
  custom:container-demuxer-ogg: 62fdf1f143b41e24485cea50d1cbac27 -> 
  custom:video-decoder-ogg-theora: a1e56fd34408186e4bbccfd4996cb3dc -> 
  custom:framework-win-MediaFoundation: 216162199b28c13a410421893ffa2e32 -> 
  custom:CustomObjectIndexerAttribute: 9a22284fe3817be447336de3de66b15e -> 
  custom:container-demuxer-webm: 4f35f7cbe854078d1ac9338744f61a02 -> 
  custom:container-muxer-webm: aa71ff27fc2769a1b78a27578f13a17b -> 
  custom:video-decoder-webm-vp8: 9c59270c3fd7afecdb556c50c9e8de78 -> 
  custom:SearchIndexIgnoredProperties: e643bd26f0fe6173181afceb89e7c659 -> 
  custom:AudioImporter_EditorPlatform: d09bf68614088b80899f8185d706f6e7 -> 
  custom:video-encoder-webm-vp8: eb34c28f22e8b96e1ab97ce403110664 -> 
  custom:audio-decoder-ogg-vorbis: bf7c407c2cedff20999df2af8eb42d56 -> 
  custom:audio-encoder-webm-vorbis: bf7c407c2cedff20999df2af8eb42d56 -> 
========================================================================
Received Import Request.
  Time since last request: 3912.539738 seconds.
  path: Assets/Prefabs/Player.prefab
  artifactKey: Guid(615a368fd2b621147a62bc6b1b5479c9) Importer(815301076,1909f56bfc062723c751e8b465ee728b)
Start importing Assets/Prefabs/Player.prefab using Guid(615a368fd2b621147a62bc6b1b5479c9) Importer(815301076,1909f56bfc062723c751e8b465ee728b) [PhysX] Initialized MultithreadedTaskDispatcher with 8 workers.
 -> (artifact id: 'fac02ceca93f20df6b81d3b28edb41f2') in 0.041907 seconds
Number of updated asset objects reloaded before import = 0
Number of asset objects unloaded after import = 54
========================================================================
Received Import Request.
  Time since last request: 48.781286 seconds.
  path: Assets/PrefabsNew/PanelShop.prefab
  artifactKey: Guid(a3b8c9cfafc397c4b90f3e27ea816725) Importer(815301076,1909f56bfc062723c751e8b465ee728b)
Start importing Assets/PrefabsNew/PanelShop.prefab using Guid(a3b8c9cfafc397c4b90f3e27ea816725) Importer(815301076,1909f56bfc062723c751e8b465ee728b) [PhysX] Initialized MultithreadedTaskDispatcher with 8 workers.
[PhysX] Initialized MultithreadedTaskDispatcher with 8 workers.
 -> (artifact id: '642dae677e5a5b676ffa135aa316b446') in 0.300898 seconds
Number of updated asset objects reloaded before import = 0
Number of asset objects unloaded after import = 284
========================================================================
Received Import Request.
  Time since last request: 0.000029 seconds.
  path: Assets/PluginYourGames/Modules/Payments/Prefabs/Purchase.prefab
  artifactKey: Guid(85a12be5ffc39d349bf6dccb22596603) Importer(815301076,1909f56bfc062723c751e8b465ee728b)
Start importing Assets/PluginYourGames/Modules/Payments/Prefabs/Purchase.prefab using Guid(85a12be5ffc39d349bf6dccb22596603) Importer(815301076,1909f56bfc062723c751e8b465ee728b) [PhysX] Initialized MultithreadedTaskDispatcher with 8 workers.
 -> (artifact id: '6da52a5b7b5db937c9a1f17b88d56551') in 0.036940 seconds
Number of updated asset objects reloaded before import = 0
Number of asset objects unloaded after import = 49
========================================================================
Received Import Request.
  Time since last request: 0.000028 seconds.
  path: Assets/PluginYourGames/Modules/Review/Prefabs/Review.prefab
  artifactKey: Guid(a1dfdbb0103bfba439419b727773e9b4) Importer(815301076,1909f56bfc062723c751e8b465ee728b)
Start importing Assets/PluginYourGames/Modules/Review/Prefabs/Review.prefab using Guid(a1dfdbb0103bfba439419b727773e9b4) Importer(815301076,1909f56bfc062723c751e8b465ee728b) [PhysX] Initialized MultithreadedTaskDispatcher with 8 workers.
 -> (artifact id: 'e2950b63990813c3b7b6fb8ba3e20a2d') in 0.007710 seconds
Number of updated asset objects reloaded before import = 0
Number of asset objects unloaded after import = 22
========================================================================
Received Import Request.
  Time since last request: 0.000029 seconds.
  path: Assets/PluginYourGames/Example/Prefabs/SceneButton.prefab
  artifactKey: Guid(0274f1af22a91304ca0eae3ee2d0a8b0) Importer(815301076,1909f56bfc062723c751e8b465ee728b)
Start importing Assets/PluginYourGames/Example/Prefabs/SceneButton.prefab using Guid(0274f1af22a91304ca0eae3ee2d0a8b0) Importer(815301076,1909f56bfc062723c751e8b465ee728b) [PhysX] Initialized MultithreadedTaskDispatcher with 8 workers.
 -> (artifact id: 'd6cbb14d2c497c0ef969dce026217d91') in 0.004114 seconds
Number of updated asset objects reloaded before import = 0
Number of asset objects unloaded after import = 15
========================================================================
Received Import Request.
  Time since last request: 0.000018 seconds.
  path: Assets/PluginYourGames/Modules/Leaderboards/Prefabs/Simple LB Example.prefab
  artifactKey: Guid(7e8446452335d9046a7294bf503167e3) Importer(815301076,1909f56bfc062723c751e8b465ee728b)
Start importing Assets/PluginYourGames/Modules/Leaderboards/Prefabs/Simple LB Example.prefab using Guid(7e8446452335d9046a7294bf503167e3) Importer(815301076,1909f56bfc062723c751e8b465ee728b) [PhysX] Initialized MultithreadedTaskDispatcher with 8 workers.
 -> (artifact id: '0db160c76b431d130ce5a67fdf1147cc') in 0.004284 seconds
Number of updated asset objects reloaded before import = 0
Number of asset objects unloaded after import = 14
========================================================================
Received Import Request.
  Time since last request: 0.000022 seconds.
  path: Assets/PrefabsNew/Shop.prefab
  artifactKey: Guid(6af84fd60cca9c54688444c7bd58020a) Importer(815301076,1909f56bfc062723c751e8b465ee728b)
Start importing Assets/PrefabsNew/Shop.prefab using Guid(6af84fd60cca9c54688444c7bd58020a) Importer(815301076,1909f56bfc062723c751e8b465ee728b) [PhysX] Initialized MultithreadedTaskDispatcher with 8 workers.
[PhysX] Initialized MultithreadedTaskDispatcher with 8 workers.
 -> (artifact id: '0715cd0c23f539dfe45c1c6b9d34a17e') in 0.160369 seconds
Number of updated asset objects reloaded before import = 0
Number of asset objects unloaded after import = 464
========================================================================
Received Prepare
Caller must complete domain reload
Begin MonoManager ReloadAssembly
Symbol file LoadedFromMemory is not a mono symbol file
- Loaded All Assemblies, in  1.776 seconds
Native extension for WindowsStandalone target not found
Native extension for iOS target not found
Native extension for Android target not found
Native extension for WebGL target not found
Asset Pipeline Refresh (id=7316cfb86c16c874380c5ca9dacbdc31): Total: 0.000 seconds - Initiated by StopAssetImportingV2(NoUpdateAssetOptions)
[ScriptCompilation] NOT recompiling all scripts because this is an import worker process. Reason to compile was: Define symbols changed
[ScriptCompilation] NOT recompiling all scripts because this is an import worker process. Reason to compile was: Define symbols changed
Mono: successfully reloaded assembly
- Finished resetting the current domain, in  2.960 seconds
Domain Reload Profiling: 4731ms
	BeginReloadAssembly (1159ms)
		ExecutionOrderSort (0ms)
		DisableScriptedObjects (21ms)
		BackupInstance (0ms)
		ReleaseScriptingObjects (0ms)
		CreateAndSetChildDomain (106ms)
	RebuildCommonClasses (61ms)
	RebuildNativeTypeToScriptingClass (29ms)
	initialDomainReloadingComplete (77ms)
	LoadAllAssembliesAndSetupDomain (443ms)
		LoadAssemblies (591ms)
		RebuildTransferFunctionScriptingTraits (0ms)
		AnalyzeDomain (25ms)
			TypeCache.Refresh (11ms)
				TypeCache.ScanAssembly (0ms)
			ScanForSourceGeneratedMonoScriptInfo (0ms)
			ResolveRequiredComponents (11ms)
	FinalizeReload (2961ms)
		ReleaseScriptCaches (0ms)
		RebuildScriptCaches (0ms)
		SetupLoadedEditorAssemblies (1670ms)
			LogAssemblyErrors (0ms)
			InitializePlatformSupportModulesInManaged (65ms)
			SetLoadedEditorAssemblies (7ms)
			RefreshPlugins (0ms)
			BeforeProcessingInitializeOnLoad (203ms)
			ProcessInitializeOnLoadAttributes (947ms)
			ProcessInitializeOnLoadMethodAttributes (438ms)
			AfterProcessingInitializeOnLoad (11ms)
			EditorAssembliesLoaded (0ms)
		ExecutionOrderSort2 (0ms)
		AwakeInstancesAfterBackupRestoration (17ms)
Refreshing native plugins compatible for Editor in 18.78 ms, found 2 plugins.
Preloading 0 native plugins for Editor in 0.00 ms.
Unloading 3833 Unused Serialized files (Serialized files now loaded: 0)
Unloading 23 unused Assets / (30.3 KB). Loaded Objects now: 4452.
Memory consumption went from 139.6 MB to 139.5 MB.
Total: 13.247600 ms (FindLiveObjects: 0.630700 ms CreateObjectMapping: 0.521900 ms MarkObjects: 11.909400 ms  DeleteObjects: 0.184200 ms)

Prepare: number of updated asset objects reloaded= 0
AssetImportParameters requested are different than current active one (requested -> active):
  custom:container-demuxer-ogg: 62fdf1f143b41e24485cea50d1cbac27 -> 
  custom:video-decoder-ogg-theora: a1e56fd34408186e4bbccfd4996cb3dc -> 
  custom:framework-win-MediaFoundation: 216162199b28c13a410421893ffa2e32 -> 
  custom:CustomObjectIndexerAttribute: 9a22284fe3817be447336de3de66b15e -> 
  custom:container-demuxer-webm: 4f35f7cbe854078d1ac9338744f61a02 -> 
  custom:container-muxer-webm: aa71ff27fc2769a1b78a27578f13a17b -> 
  custom:video-decoder-webm-vp8: 9c59270c3fd7afecdb556c50c9e8de78 -> 
  custom:SearchIndexIgnoredProperties: e643bd26f0fe6173181afceb89e7c659 -> 
  custom:AudioImporter_EditorPlatform: d09bf68614088b80899f8185d706f6e7 -> 
  custom:video-encoder-webm-vp8: eb34c28f22e8b96e1ab97ce403110664 -> 
  custom:audio-decoder-ogg-vorbis: bf7c407c2cedff20999df2af8eb42d56 -> 
  custom:audio-encoder-webm-vorbis: bf7c407c2cedff20999df2af8eb42d56 -> 
========================================================================
Received Prepare
Caller must complete domain reload
Begin MonoManager ReloadAssembly
Symbol file LoadedFromMemory is not a mono symbol file
- Loaded All Assemblies, in  1.193 seconds
Native extension for WindowsStandalone target not found
Native extension for iOS target not found
Native extension for Android target not found
Native extension for WebGL target not found
Asset Pipeline Refresh (id=a9b32395ed05b35409aa1916993d19f8): Total: 0.000 seconds - Initiated by StopAssetImportingV2(NoUpdateAssetOptions)
[ScriptCompilation] NOT recompiling all scripts because this is an import worker process. Reason to compile was: Define symbols changed
[ScriptCompilation] NOT recompiling all scripts because this is an import worker process. Reason to compile was: Define symbols changed
Mono: successfully reloaded assembly
- Finished resetting the current domain, in  2.216 seconds
Domain Reload Profiling: 3405ms
	BeginReloadAssembly (654ms)
		ExecutionOrderSort (0ms)
		DisableScriptedObjects (11ms)
		BackupInstance (0ms)
		ReleaseScriptingObjects (0ms)
		CreateAndSetChildDomain (61ms)
	RebuildCommonClasses (58ms)
	RebuildNativeTypeToScriptingClass (22ms)
	initialDomainReloadingComplete (64ms)
	LoadAllAssembliesAndSetupDomain (390ms)
		LoadAssemblies (507ms)
		RebuildTransferFunctionScriptingTraits (0ms)
		AnalyzeDomain (25ms)
			TypeCache.Refresh (9ms)
				TypeCache.ScanAssembly (0ms)
			ScanForSourceGeneratedMonoScriptInfo (0ms)
			ResolveRequiredComponents (14ms)
	FinalizeReload (2217ms)
		ReleaseScriptCaches (0ms)
		RebuildScriptCaches (0ms)
		SetupLoadedEditorAssemblies (1368ms)
			LogAssemblyErrors (0ms)
			InitializePlatformSupportModulesInManaged (63ms)
			SetLoadedEditorAssemblies (8ms)
			RefreshPlugins (0ms)
			BeforeProcessingInitializeOnLoad (125ms)
			ProcessInitializeOnLoadAttributes (691ms)
			ProcessInitializeOnLoadMethodAttributes (460ms)
			AfterProcessingInitializeOnLoad (21ms)
			EditorAssembliesLoaded (1ms)
		ExecutionOrderSort2 (0ms)
		AwakeInstancesAfterBackupRestoration (22ms)
Refreshing native plugins compatible for Editor in 27.28 ms, found 2 plugins.
Preloading 0 native plugins for Editor in 0.00 ms.
Unloading 3834 Unused Serialized files (Serialized files now loaded: 0)
Unloading 16 unused Assets / (27.5 KB). Loaded Objects now: 4455.
Memory consumption went from 139.8 MB to 139.8 MB.
Total: 14.116000 ms (FindLiveObjects: 0.414300 ms CreateObjectMapping: 0.456800 ms MarkObjects: 13.141300 ms  DeleteObjects: 0.101400 ms)

Prepare: number of updated asset objects reloaded= 0
AssetImportParameters requested are different than current active one (requested -> active):
  custom:container-demuxer-ogg: 62fdf1f143b41e24485cea50d1cbac27 -> 
  custom:video-decoder-ogg-theora: a1e56fd34408186e4bbccfd4996cb3dc -> 
  custom:framework-win-MediaFoundation: 216162199b28c13a410421893ffa2e32 -> 
  custom:CustomObjectIndexerAttribute: 9a22284fe3817be447336de3de66b15e -> 
  custom:container-demuxer-webm: 4f35f7cbe854078d1ac9338744f61a02 -> 
  custom:container-muxer-webm: aa71ff27fc2769a1b78a27578f13a17b -> 
  custom:video-decoder-webm-vp8: 9c59270c3fd7afecdb556c50c9e8de78 -> 
  custom:SearchIndexIgnoredProperties: e643bd26f0fe6173181afceb89e7c659 -> 
  custom:AudioImporter_EditorPlatform: d09bf68614088b80899f8185d706f6e7 -> 
  custom:video-encoder-webm-vp8: eb34c28f22e8b96e1ab97ce403110664 -> 
  custom:audio-decoder-ogg-vorbis: bf7c407c2cedff20999df2af8eb42d56 -> 
  custom:audio-encoder-webm-vorbis: bf7c407c2cedff20999df2af8eb42d56 -> 
========================================================================
Received Prepare
Caller must complete domain reload
Begin MonoManager ReloadAssembly
Symbol file LoadedFromMemory is not a mono symbol file
- Loaded All Assemblies, in  1.459 seconds
Native extension for WindowsStandalone target not found
Native extension for iOS target not found
Native extension for Android target not found
Native extension for WebGL target not found
Asset Pipeline Refresh (id=b8a129a69f59a304c80c50915beb584c): Total: 0.000 seconds - Initiated by StopAssetImportingV2(NoUpdateAssetOptions)
[ScriptCompilation] NOT recompiling all scripts because this is an import worker process. Reason to compile was: Define symbols changed
[ScriptCompilation] NOT recompiling all scripts because this is an import worker process. Reason to compile was: Define symbols changed
Mono: successfully reloaded assembly
- Finished resetting the current domain, in  2.034 seconds
Domain Reload Profiling: 3491ms
	BeginReloadAssembly (730ms)
		ExecutionOrderSort (0ms)
		DisableScriptedObjects (10ms)
		BackupInstance (0ms)
		ReleaseScriptingObjects (0ms)
		CreateAndSetChildDomain (51ms)
	RebuildCommonClasses (66ms)
	RebuildNativeTypeToScriptingClass (25ms)
	initialDomainReloadingComplete (50ms)
	LoadAllAssembliesAndSetupDomain (587ms)
		LoadAssemblies (662ms)
		RebuildTransferFunctionScriptingTraits (0ms)
		AnalyzeDomain (73ms)
			TypeCache.Refresh (33ms)
				TypeCache.ScanAssembly (6ms)
			ScanForSourceGeneratedMonoScriptInfo (23ms)
			ResolveRequiredComponents (15ms)
	FinalizeReload (2034ms)
		ReleaseScriptCaches (0ms)
		RebuildScriptCaches (0ms)
		SetupLoadedEditorAssemblies (1112ms)
			LogAssemblyErrors (0ms)
			InitializePlatformSupportModulesInManaged (51ms)
			SetLoadedEditorAssemblies (8ms)
			RefreshPlugins (0ms)
			BeforeProcessingInitializeOnLoad (127ms)
			ProcessInitializeOnLoadAttributes (647ms)
			ProcessInitializeOnLoadMethodAttributes (270ms)
			AfterProcessingInitializeOnLoad (8ms)
			EditorAssembliesLoaded (0ms)
		ExecutionOrderSort2 (0ms)
		AwakeInstancesAfterBackupRestoration (11ms)
Refreshing native plugins compatible for Editor in 15.68 ms, found 2 plugins.
Preloading 0 native plugins for Editor in 0.00 ms.
Unloading 3834 Unused Serialized files (Serialized files now loaded: 0)
Unloading 16 unused Assets / (27.5 KB). Loaded Objects now: 4458.
Memory consumption went from 139.8 MB to 139.8 MB.
Total: 9.916000 ms (FindLiveObjects: 0.384500 ms CreateObjectMapping: 0.421100 ms MarkObjects: 9.060100 ms  DeleteObjects: 0.049100 ms)

Prepare: number of updated asset objects reloaded= 0
AssetImportParameters requested are different than current active one (requested -> active):
  custom:container-demuxer-ogg: 62fdf1f143b41e24485cea50d1cbac27 -> 
  custom:video-decoder-ogg-theora: a1e56fd34408186e4bbccfd4996cb3dc -> 
  custom:framework-win-MediaFoundation: 216162199b28c13a410421893ffa2e32 -> 
  custom:CustomObjectIndexerAttribute: 9a22284fe3817be447336de3de66b15e -> 
  custom:container-demuxer-webm: 4f35f7cbe854078d1ac9338744f61a02 -> 
  custom:container-muxer-webm: aa71ff27fc2769a1b78a27578f13a17b -> 
  custom:video-decoder-webm-vp8: 9c59270c3fd7afecdb556c50c9e8de78 -> 
  custom:SearchIndexIgnoredProperties: e643bd26f0fe6173181afceb89e7c659 -> 
  custom:AudioImporter_EditorPlatform: d09bf68614088b80899f8185d706f6e7 -> 
  custom:video-encoder-webm-vp8: eb34c28f22e8b96e1ab97ce403110664 -> 
  custom:audio-decoder-ogg-vorbis: bf7c407c2cedff20999df2af8eb42d56 -> 
  custom:audio-encoder-webm-vorbis: bf7c407c2cedff20999df2af8eb42d56 -> 
========================================================================
Received Prepare
Caller must complete domain reload
Begin MonoManager ReloadAssembly
Symbol file LoadedFromMemory is not a mono symbol file
- Loaded All Assemblies, in  1.095 seconds
Native extension for WindowsStandalone target not found
Native extension for iOS target not found
Native extension for Android target not found
Native extension for WebGL target not found
Asset Pipeline Refresh (id=e10c38c8120425a43b81e79439898b9d): Total: 0.000 seconds - Initiated by StopAssetImportingV2(NoUpdateAssetOptions)
[ScriptCompilation] NOT recompiling all scripts because this is an import worker process. Reason to compile was: Define symbols changed
[ScriptCompilation] NOT recompiling all scripts because this is an import worker process. Reason to compile was: Define symbols changed
Mono: successfully reloaded assembly
- Finished resetting the current domain, in  2.383 seconds
Domain Reload Profiling: 3476ms
	BeginReloadAssembly (533ms)
		ExecutionOrderSort (0ms)
		DisableScriptedObjects (7ms)
		BackupInstance (0ms)
		ReleaseScriptingObjects (0ms)
		CreateAndSetChildDomain (49ms)
	RebuildCommonClasses (61ms)
	RebuildNativeTypeToScriptingClass (21ms)
	initialDomainReloadingComplete (50ms)
	LoadAllAssembliesAndSetupDomain (426ms)
		LoadAssemblies (523ms)
		RebuildTransferFunctionScriptingTraits (0ms)
		AnalyzeDomain (20ms)
			TypeCache.Refresh (8ms)
				TypeCache.ScanAssembly (0ms)
			ScanForSourceGeneratedMonoScriptInfo (0ms)
			ResolveRequiredComponents (10ms)
	FinalizeReload (2384ms)
		ReleaseScriptCaches (0ms)
		RebuildScriptCaches (0ms)
		SetupLoadedEditorAssemblies (1450ms)
			LogAssemblyErrors (0ms)
			InitializePlatformSupportModulesInManaged (56ms)
			SetLoadedEditorAssemblies (7ms)
			RefreshPlugins (0ms)
			BeforeProcessingInitializeOnLoad (167ms)
			ProcessInitializeOnLoadAttributes (784ms)
			ProcessInitializeOnLoadMethodAttributes (421ms)
			AfterProcessingInitializeOnLoad (14ms)
			EditorAssembliesLoaded (1ms)
		ExecutionOrderSort2 (0ms)
		AwakeInstancesAfterBackupRestoration (20ms)
Refreshing native plugins compatible for Editor in 24.94 ms, found 2 plugins.
Preloading 0 native plugins for Editor in 0.00 ms.
Unloading 3834 Unused Serialized files (Serialized files now loaded: 0)
Unloading 16 unused Assets / (27.6 KB). Loaded Objects now: 4461.
Memory consumption went from 139.8 MB to 139.8 MB.
Total: 11.354300 ms (FindLiveObjects: 0.470900 ms CreateObjectMapping: 0.565600 ms MarkObjects: 10.260300 ms  DeleteObjects: 0.055800 ms)

Prepare: number of updated asset objects reloaded= 0
AssetImportParameters requested are different than current active one (requested -> active):
  custom:container-demuxer-ogg: 62fdf1f143b41e24485cea50d1cbac27 -> 
  custom:video-decoder-ogg-theora: a1e56fd34408186e4bbccfd4996cb3dc -> 
  custom:framework-win-MediaFoundation: 216162199b28c13a410421893ffa2e32 -> 
  custom:CustomObjectIndexerAttribute: 9a22284fe3817be447336de3de66b15e -> 
  custom:container-demuxer-webm: 4f35f7cbe854078d1ac9338744f61a02 -> 
  custom:container-muxer-webm: aa71ff27fc2769a1b78a27578f13a17b -> 
  custom:video-decoder-webm-vp8: 9c59270c3fd7afecdb556c50c9e8de78 -> 
  custom:SearchIndexIgnoredProperties: e643bd26f0fe6173181afceb89e7c659 -> 
  custom:AudioImporter_EditorPlatform: d09bf68614088b80899f8185d706f6e7 -> 
  custom:video-encoder-webm-vp8: eb34c28f22e8b96e1ab97ce403110664 -> 
  custom:audio-decoder-ogg-vorbis: bf7c407c2cedff20999df2af8eb42d56 -> 
  custom:audio-encoder-webm-vorbis: bf7c407c2cedff20999df2af8eb42d56 -> 
========================================================================
Received Prepare
Caller must complete domain reload
Begin MonoManager ReloadAssembly
Symbol file LoadedFromMemory is not a mono symbol file
- Loaded All Assemblies, in  1.395 seconds
Native extension for WindowsStandalone target not found
Native extension for iOS target not found
Native extension for Android target not found
Native extension for WebGL target not found
Asset Pipeline Refresh (id=6b2d6d5aab66ae14c87f325d785803e8): Total: 0.000 seconds - Initiated by StopAssetImportingV2(NoUpdateAssetOptions)
[ScriptCompilation] NOT recompiling all scripts because this is an import worker process. Reason to compile was: Define symbols changed
[ScriptCompilation] NOT recompiling all scripts because this is an import worker process. Reason to compile was: Define symbols changed
Mono: successfully reloaded assembly
- Finished resetting the current domain, in  2.001 seconds
Domain Reload Profiling: 3394ms
	BeginReloadAssembly (685ms)
		ExecutionOrderSort (0ms)
		DisableScriptedObjects (10ms)
		BackupInstance (0ms)
		ReleaseScriptingObjects (0ms)
		CreateAndSetChildDomain (50ms)
	RebuildCommonClasses (56ms)
	RebuildNativeTypeToScriptingClass (18ms)
	initialDomainReloadingComplete (46ms)
	LoadAllAssembliesAndSetupDomain (588ms)
		LoadAssemblies (689ms)
		RebuildTransferFunctionScriptingTraits (0ms)
		AnalyzeDomain (55ms)
			TypeCache.Refresh (23ms)
				TypeCache.ScanAssembly (6ms)
			ScanForSourceGeneratedMonoScriptInfo (21ms)
			ResolveRequiredComponents (10ms)
	FinalizeReload (2002ms)
		ReleaseScriptCaches (0ms)
		RebuildScriptCaches (0ms)
		SetupLoadedEditorAssemblies (1174ms)
			LogAssemblyErrors (0ms)
			InitializePlatformSupportModulesInManaged (68ms)
			SetLoadedEditorAssemblies (11ms)
			RefreshPlugins (0ms)
			BeforeProcessingInitializeOnLoad (168ms)
			ProcessInitializeOnLoadAttributes (627ms)
			ProcessInitializeOnLoadMethodAttributes (290ms)
			AfterProcessingInitializeOnLoad (10ms)
			EditorAssembliesLoaded (0ms)
		ExecutionOrderSort2 (0ms)
		AwakeInstancesAfterBackupRestoration (18ms)
Refreshing native plugins compatible for Editor in 24.80 ms, found 2 plugins.
Preloading 0 native plugins for Editor in 0.00 ms.
Unloading 3834 Unused Serialized files (Serialized files now loaded: 0)
Unloading 16 unused Assets / (27.5 KB). Loaded Objects now: 4464.
Memory consumption went from 139.8 MB to 139.8 MB.
Total: 10.989500 ms (FindLiveObjects: 0.404400 ms CreateObjectMapping: 0.403500 ms MarkObjects: 10.121600 ms  DeleteObjects: 0.058700 ms)

Prepare: number of updated asset objects reloaded= 0
AssetImportParameters requested are different than current active one (requested -> active):
  custom:container-demuxer-ogg: 62fdf1f143b41e24485cea50d1cbac27 -> 
  custom:video-decoder-ogg-theora: a1e56fd34408186e4bbccfd4996cb3dc -> 
  custom:framework-win-MediaFoundation: 216162199b28c13a410421893ffa2e32 -> 
  custom:CustomObjectIndexerAttribute: 9a22284fe3817be447336de3de66b15e -> 
  custom:container-demuxer-webm: 4f35f7cbe854078d1ac9338744f61a02 -> 
  custom:container-muxer-webm: aa71ff27fc2769a1b78a27578f13a17b -> 
  custom:video-decoder-webm-vp8: 9c59270c3fd7afecdb556c50c9e8de78 -> 
  custom:SearchIndexIgnoredProperties: e643bd26f0fe6173181afceb89e7c659 -> 
  custom:AudioImporter_EditorPlatform: d09bf68614088b80899f8185d706f6e7 -> 
  custom:video-encoder-webm-vp8: eb34c28f22e8b96e1ab97ce403110664 -> 
  custom:audio-decoder-ogg-vorbis: bf7c407c2cedff20999df2af8eb42d56 -> 
  custom:audio-encoder-webm-vorbis: bf7c407c2cedff20999df2af8eb42d56 -> 
========================================================================
Received Prepare
Caller must complete domain reload
Begin MonoManager ReloadAssembly
Symbol file LoadedFromMemory is not a mono symbol file
- Loaded All Assemblies, in  1.199 seconds
Native extension for WindowsStandalone target not found
Native extension for iOS target not found
Native extension for Android target not found
Native extension for WebGL target not found
Asset Pipeline Refresh (id=d0087953a85e17c4a97eefa35b22bf76): Total: 0.000 seconds - Initiated by StopAssetImportingV2(NoUpdateAssetOptions)
[ScriptCompilation] NOT recompiling all scripts because this is an import worker process. Reason to compile was: Define symbols changed
[ScriptCompilation] NOT recompiling all scripts because this is an import worker process. Reason to compile was: Define symbols changed
Mono: successfully reloaded assembly
- Finished resetting the current domain, in  2.407 seconds
Domain Reload Profiling: 3604ms
	BeginReloadAssembly (655ms)
		ExecutionOrderSort (0ms)
		DisableScriptedObjects (10ms)
		BackupInstance (0ms)
		ReleaseScriptingObjects (0ms)
		CreateAndSetChildDomain (51ms)
	RebuildCommonClasses (53ms)
	RebuildNativeTypeToScriptingClass (20ms)
	initialDomainReloadingComplete (47ms)
	LoadAllAssembliesAndSetupDomain (421ms)
		LoadAssemblies (543ms)
		RebuildTransferFunctionScriptingTraits (0ms)
		AnalyzeDomain (24ms)
			TypeCache.Refresh (10ms)
				TypeCache.ScanAssembly (0ms)
			ScanForSourceGeneratedMonoScriptInfo (0ms)
			ResolveRequiredComponents (12ms)
	FinalizeReload (2408ms)
		ReleaseScriptCaches (0ms)
		RebuildScriptCaches (0ms)
		SetupLoadedEditorAssemblies (1221ms)
			LogAssemblyErrors (0ms)
			InitializePlatformSupportModulesInManaged (63ms)
			SetLoadedEditorAssemblies (7ms)
			RefreshPlugins (0ms)
			BeforeProcessingInitializeOnLoad (156ms)
			ProcessInitializeOnLoadAttributes (679ms)
			ProcessInitializeOnLoadMethodAttributes (305ms)
			AfterProcessingInitializeOnLoad (11ms)
			EditorAssembliesLoaded (1ms)
		ExecutionOrderSort2 (0ms)
		AwakeInstancesAfterBackupRestoration (17ms)
Refreshing native plugins compatible for Editor in 19.86 ms, found 2 plugins.
Preloading 0 native plugins for Editor in 0.00 ms.
Unloading 3834 Unused Serialized files (Serialized files now loaded: 0)
Unloading 16 unused Assets / (27.5 KB). Loaded Objects now: 4467.
Memory consumption went from 139.8 MB to 139.8 MB.
Total: 12.404600 ms (FindLiveObjects: 0.410500 ms CreateObjectMapping: 0.378000 ms MarkObjects: 11.554600 ms  DeleteObjects: 0.060000 ms)

Prepare: number of updated asset objects reloaded= 0
AssetImportParameters requested are different than current active one (requested -> active):
  custom:container-demuxer-ogg: 62fdf1f143b41e24485cea50d1cbac27 -> 
  custom:video-decoder-ogg-theora: a1e56fd34408186e4bbccfd4996cb3dc -> 
  custom:framework-win-MediaFoundation: 216162199b28c13a410421893ffa2e32 -> 
  custom:CustomObjectIndexerAttribute: 9a22284fe3817be447336de3de66b15e -> 
  custom:container-demuxer-webm: 4f35f7cbe854078d1ac9338744f61a02 -> 
  custom:container-muxer-webm: aa71ff27fc2769a1b78a27578f13a17b -> 
  custom:video-decoder-webm-vp8: 9c59270c3fd7afecdb556c50c9e8de78 -> 
  custom:SearchIndexIgnoredProperties: e643bd26f0fe6173181afceb89e7c659 -> 
  custom:AudioImporter_EditorPlatform: d09bf68614088b80899f8185d706f6e7 -> 
  custom:video-encoder-webm-vp8: eb34c28f22e8b96e1ab97ce403110664 -> 
  custom:audio-decoder-ogg-vorbis: bf7c407c2cedff20999df2af8eb42d56 -> 
  custom:audio-encoder-webm-vorbis: bf7c407c2cedff20999df2af8eb42d56 -> 
========================================================================
Received Prepare
Caller must complete domain reload
Begin MonoManager ReloadAssembly
Symbol file LoadedFromMemory is not a mono symbol file
- Loaded All Assemblies, in  0.840 seconds
Native extension for WindowsStandalone target not found
Native extension for iOS target not found
Native extension for Android target not found
Native extension for WebGL target not found
Asset Pipeline Refresh (id=ff150648956bb68468fe785378b4000a): Total: 0.000 seconds - Initiated by StopAssetImportingV2(NoUpdateAssetOptions)
[ScriptCompilation] NOT recompiling all scripts because this is an import worker process. Reason to compile was: Define symbols changed
[ScriptCompilation] NOT recompiling all scripts because this is an import worker process. Reason to compile was: Define symbols changed
Mono: successfully reloaded assembly
- Finished resetting the current domain, in  1.526 seconds
Domain Reload Profiling: 2364ms
	BeginReloadAssembly (478ms)
		ExecutionOrderSort (0ms)
		DisableScriptedObjects (8ms)
		BackupInstance (0ms)
		ReleaseScriptingObjects (0ms)
		CreateAndSetChildDomain (43ms)
	RebuildCommonClasses (44ms)
	RebuildNativeTypeToScriptingClass (13ms)
	initialDomainReloadingComplete (29ms)
	LoadAllAssembliesAndSetupDomain (274ms)
		LoadAssemblies (363ms)
		RebuildTransferFunctionScriptingTraits (0ms)
		AnalyzeDomain (13ms)
			TypeCache.Refresh (6ms)
				TypeCache.ScanAssembly (0ms)
			ScanForSourceGeneratedMonoScriptInfo (0ms)
			ResolveRequiredComponents (6ms)
	FinalizeReload (1526ms)
		ReleaseScriptCaches (0ms)
		RebuildScriptCaches (0ms)
		SetupLoadedEditorAssemblies (937ms)
			LogAssemblyErrors (0ms)
			InitializePlatformSupportModulesInManaged (34ms)
			SetLoadedEditorAssemblies (4ms)
			RefreshPlugins (0ms)
			BeforeProcessingInitializeOnLoad (93ms)
			ProcessInitializeOnLoadAttributes (501ms)
			ProcessInitializeOnLoadMethodAttributes (292ms)
			AfterProcessingInitializeOnLoad (12ms)
			EditorAssembliesLoaded (1ms)
		ExecutionOrderSort2 (0ms)
		AwakeInstancesAfterBackupRestoration (14ms)
Refreshing native plugins compatible for Editor in 14.97 ms, found 2 plugins.
Preloading 0 native plugins for Editor in 0.00 ms.
Unloading 3834 Unused Serialized files (Serialized files now loaded: 0)
Unloading 16 unused Assets / (27.6 KB). Loaded Objects now: 4470.
Memory consumption went from 139.8 MB to 139.8 MB.
Total: 13.425200 ms (FindLiveObjects: 0.418500 ms CreateObjectMapping: 0.413300 ms MarkObjects: 12.356700 ms  DeleteObjects: 0.235100 ms)

Prepare: number of updated asset objects reloaded= 0
AssetImportParameters requested are different than current active one (requested -> active):
  custom:container-demuxer-ogg: 62fdf1f143b41e24485cea50d1cbac27 -> 
  custom:video-decoder-ogg-theora: a1e56fd34408186e4bbccfd4996cb3dc -> 
  custom:framework-win-MediaFoundation: 216162199b28c13a410421893ffa2e32 -> 
  custom:CustomObjectIndexerAttribute: 9a22284fe3817be447336de3de66b15e -> 
  custom:container-demuxer-webm: 4f35f7cbe854078d1ac9338744f61a02 -> 
  custom:container-muxer-webm: aa71ff27fc2769a1b78a27578f13a17b -> 
  custom:video-decoder-webm-vp8: 9c59270c3fd7afecdb556c50c9e8de78 -> 
  custom:SearchIndexIgnoredProperties: e643bd26f0fe6173181afceb89e7c659 -> 
  custom:AudioImporter_EditorPlatform: d09bf68614088b80899f8185d706f6e7 -> 
  custom:video-encoder-webm-vp8: eb34c28f22e8b96e1ab97ce403110664 -> 
  custom:audio-decoder-ogg-vorbis: bf7c407c2cedff20999df2af8eb42d56 -> 
  custom:audio-encoder-webm-vorbis: bf7c407c2cedff20999df2af8eb42d56 -> 
========================================================================
Received Prepare
Caller must complete domain reload
Begin MonoManager ReloadAssembly
Symbol file LoadedFromMemory is not a mono symbol file
- Loaded All Assemblies, in  0.972 seconds
Native extension for WindowsStandalone target not found
Native extension for iOS target not found
Native extension for Android target not found
Native extension for WebGL target not found
Asset Pipeline Refresh (id=e577e1d841622a141a66e5559feea4a8): Total: 0.000 seconds - Initiated by StopAssetImportingV2(NoUpdateAssetOptions)
[ScriptCompilation] NOT recompiling all scripts because this is an import worker process. Reason to compile was: Define symbols changed
[ScriptCompilation] NOT recompiling all scripts because this is an import worker process. Reason to compile was: Define symbols changed
Mono: successfully reloaded assembly
- Finished resetting the current domain, in  2.593 seconds
Domain Reload Profiling: 3564ms
	BeginReloadAssembly (526ms)
		ExecutionOrderSort (0ms)
		DisableScriptedObjects (7ms)
		BackupInstance (0ms)
		ReleaseScriptingObjects (0ms)
		CreateAndSetChildDomain (35ms)
	RebuildCommonClasses (36ms)
	RebuildNativeTypeToScriptingClass (19ms)
	initialDomainReloadingComplete (30ms)
	LoadAllAssembliesAndSetupDomain (359ms)
		LoadAssemblies (437ms)
		RebuildTransferFunctionScriptingTraits (0ms)
		AnalyzeDomain (17ms)
			TypeCache.Refresh (7ms)
				TypeCache.ScanAssembly (0ms)
			ScanForSourceGeneratedMonoScriptInfo (0ms)
			ResolveRequiredComponents (8ms)
	FinalizeReload (2594ms)
		ReleaseScriptCaches (0ms)
		RebuildScriptCaches (0ms)
		SetupLoadedEditorAssemblies (1501ms)
			LogAssemblyErrors (0ms)
			InitializePlatformSupportModulesInManaged (62ms)
			SetLoadedEditorAssemblies (7ms)
			RefreshPlugins (0ms)
			BeforeProcessingInitializeOnLoad (129ms)
			ProcessInitializeOnLoadAttributes (760ms)
			ProcessInitializeOnLoadMethodAttributes (521ms)
			AfterProcessingInitializeOnLoad (22ms)
			EditorAssembliesLoaded (1ms)
		ExecutionOrderSort2 (0ms)
		AwakeInstancesAfterBackupRestoration (26ms)
Refreshing native plugins compatible for Editor in 23.02 ms, found 2 plugins.
Preloading 0 native plugins for Editor in 0.00 ms.
Unloading 3834 Unused Serialized files (Serialized files now loaded: 0)
Unloading 16 unused Assets / (27.5 KB). Loaded Objects now: 4473.
Memory consumption went from 139.8 MB to 139.8 MB.
Total: 15.039000 ms (FindLiveObjects: 0.392200 ms CreateObjectMapping: 0.444600 ms MarkObjects: 14.142900 ms  DeleteObjects: 0.058000 ms)

Prepare: number of updated asset objects reloaded= 0
AssetImportParameters requested are different than current active one (requested -> active):
  custom:container-demuxer-ogg: 62fdf1f143b41e24485cea50d1cbac27 -> 
  custom:video-decoder-ogg-theora: a1e56fd34408186e4bbccfd4996cb3dc -> 
  custom:framework-win-MediaFoundation: 216162199b28c13a410421893ffa2e32 -> 
  custom:CustomObjectIndexerAttribute: 9a22284fe3817be447336de3de66b15e -> 
  custom:container-demuxer-webm: 4f35f7cbe854078d1ac9338744f61a02 -> 
  custom:container-muxer-webm: aa71ff27fc2769a1b78a27578f13a17b -> 
  custom:video-decoder-webm-vp8: 9c59270c3fd7afecdb556c50c9e8de78 -> 
  custom:SearchIndexIgnoredProperties: e643bd26f0fe6173181afceb89e7c659 -> 
  custom:AudioImporter_EditorPlatform: d09bf68614088b80899f8185d706f6e7 -> 
  custom:video-encoder-webm-vp8: eb34c28f22e8b96e1ab97ce403110664 -> 
  custom:audio-decoder-ogg-vorbis: bf7c407c2cedff20999df2af8eb42d56 -> 
  custom:audio-encoder-webm-vorbis: bf7c407c2cedff20999df2af8eb42d56 -> 
========================================================================
Received Prepare
Caller must complete domain reload
Begin MonoManager ReloadAssembly
Symbol file LoadedFromMemory is not a mono symbol file
- Loaded All Assemblies, in  1.346 seconds
Native extension for WindowsStandalone target not found
Native extension for iOS target not found
Native extension for Android target not found
Native extension for WebGL target not found
Asset Pipeline Refresh (id=4bd0c5c0e112c2a46b7f12a35bfb0a07): Total: 0.000 seconds - Initiated by StopAssetImportingV2(NoUpdateAssetOptions)
[ScriptCompilation] NOT recompiling all scripts because this is an import worker process. Reason to compile was: Define symbols changed
[ScriptCompilation] NOT recompiling all scripts because this is an import worker process. Reason to compile was: Define symbols changed
Mono: successfully reloaded assembly
- Finished resetting the current domain, in  2.277 seconds
Domain Reload Profiling: 3622ms
	BeginReloadAssembly (666ms)
		ExecutionOrderSort (0ms)
		DisableScriptedObjects (10ms)
		BackupInstance (0ms)
		ReleaseScriptingObjects (0ms)
		CreateAndSetChildDomain (48ms)
	RebuildCommonClasses (61ms)
	RebuildNativeTypeToScriptingClass (20ms)
	initialDomainReloadingComplete (59ms)
	LoadAllAssembliesAndSetupDomain (538ms)
		LoadAssemblies (595ms)
		RebuildTransferFunctionScriptingTraits (0ms)
		AnalyzeDomain (69ms)
			TypeCache.Refresh (24ms)
				TypeCache.ScanAssembly (7ms)
			ScanForSourceGeneratedMonoScriptInfo (29ms)
			ResolveRequiredComponents (15ms)
	FinalizeReload (2278ms)
		ReleaseScriptCaches (0ms)
		RebuildScriptCaches (0ms)
		SetupLoadedEditorAssemblies (1271ms)
			LogAssemblyErrors (0ms)
			InitializePlatformSupportModulesInManaged (52ms)
			SetLoadedEditorAssemblies (8ms)
			RefreshPlugins (0ms)
			BeforeProcessingInitializeOnLoad (119ms)
			ProcessInitializeOnLoadAttributes (750ms)
			ProcessInitializeOnLoadMethodAttributes (331ms)
			AfterProcessingInitializeOnLoad (11ms)
			EditorAssembliesLoaded (0ms)
		ExecutionOrderSort2 (0ms)
		AwakeInstancesAfterBackupRestoration (15ms)
Refreshing native plugins compatible for Editor in 21.34 ms, found 2 plugins.
Preloading 0 native plugins for Editor in 0.00 ms.
Unloading 3834 Unused Serialized files (Serialized files now loaded: 0)
Unloading 16 unused Assets / (27.5 KB). Loaded Objects now: 4476.
Memory consumption went from 139.8 MB to 139.8 MB.
Total: 11.261400 ms (FindLiveObjects: 0.423600 ms CreateObjectMapping: 0.422400 ms MarkObjects: 10.350300 ms  DeleteObjects: 0.063700 ms)

Prepare: number of updated asset objects reloaded= 0
AssetImportParameters requested are different than current active one (requested -> active):
  custom:container-demuxer-ogg: 62fdf1f143b41e24485cea50d1cbac27 -> 
  custom:video-decoder-ogg-theora: a1e56fd34408186e4bbccfd4996cb3dc -> 
  custom:framework-win-MediaFoundation: 216162199b28c13a410421893ffa2e32 -> 
  custom:CustomObjectIndexerAttribute: 9a22284fe3817be447336de3de66b15e -> 
  custom:container-demuxer-webm: 4f35f7cbe854078d1ac9338744f61a02 -> 
  custom:container-muxer-webm: aa71ff27fc2769a1b78a27578f13a17b -> 
  custom:video-decoder-webm-vp8: 9c59270c3fd7afecdb556c50c9e8de78 -> 
  custom:SearchIndexIgnoredProperties: e643bd26f0fe6173181afceb89e7c659 -> 
  custom:AudioImporter_EditorPlatform: d09bf68614088b80899f8185d706f6e7 -> 
  custom:video-encoder-webm-vp8: eb34c28f22e8b96e1ab97ce403110664 -> 
  custom:audio-decoder-ogg-vorbis: bf7c407c2cedff20999df2af8eb42d56 -> 
  custom:audio-encoder-webm-vorbis: bf7c407c2cedff20999df2af8eb42d56 -> 
========================================================================
Received Import Request.
  Time since last request: 1686.658972 seconds.
  path: Assets/Sprites/Red_cross_UI_icon_202608271451-Photoroom.png
  artifactKey: Guid(24a143c88adabb24ba28f169ee87115a) Importer(815301076,1909f56bfc062723c751e8b465ee728b)
Start importing Assets/Sprites/Red_cross_UI_icon_202608271451-Photoroom.png using Guid(24a143c88adabb24ba28f169ee87115a) Importer(815301076,1909f56bfc062723c751e8b465ee728b) [PhysX] Initialized MultithreadedTaskDispatcher with 8 workers.
[PhysX] Initialized MultithreadedTaskDispatcher with 8 workers.
 -> (artifact id: '466ff39a542ceed2de13e2fd5865afdb') in 0.114549 seconds
Number of updated asset objects reloaded before import = 0
Number of asset objects unloaded after import = 3
========================================================================
Received Prepare
Caller must complete domain reload
Begin MonoManager ReloadAssembly
Symbol file LoadedFromMemory is not a mono symbol file
- Loaded All Assemblies, in  2.553 seconds
Native extension for WindowsStandalone target not found
Native extension for iOS target not found
Native extension for Android target not found
Native extension for WebGL target not found
Asset Pipeline Refresh (id=4508a812a01033344a1e9f1dac68ce64): Total: 0.000 seconds - Initiated by StopAssetImportingV2(NoUpdateAssetOptions)
[ScriptCompilation] NOT recompiling all scripts because this is an import worker process. Reason to compile was: Define symbols changed
[ScriptCompilation] NOT recompiling all scripts because this is an import worker process. Reason to compile was: Define symbols changed
[ScriptCompilation] NOT recompiling all scripts because this is an import worker process. Reason to compile was: Define symbols changed
Mono: successfully reloaded assembly
- Finished resetting the current domain, in  3.432 seconds
Domain Reload Profiling: 5985ms
	BeginReloadAssembly (1186ms)
		ExecutionOrderSort (0ms)
		DisableScriptedObjects (15ms)
		BackupInstance (0ms)
		ReleaseScriptingObjects (0ms)
		CreateAndSetChildDomain (70ms)
	RebuildCommonClasses (81ms)
	RebuildNativeTypeToScriptingClass (29ms)
	initialDomainReloadingComplete (98ms)
	LoadAllAssembliesAndSetupDomain (1158ms)
		LoadAssemblies (885ms)
		RebuildTransferFunctionScriptingTraits (0ms)
		AnalyzeDomain (458ms)
			TypeCache.Refresh (328ms)
				TypeCache.ScanAssembly (281ms)
			ScanForSourceGeneratedMonoScriptInfo (111ms)
			ResolveRequiredComponents (17ms)
	FinalizeReload (3433ms)
		ReleaseScriptCaches (0ms)
		RebuildScriptCaches (0ms)
		SetupLoadedEditorAssemblies (1834ms)
			LogAssemblyErrors (0ms)
			InitializePlatformSupportModulesInManaged (124ms)
			SetLoadedEditorAssemblies (10ms)
			RefreshPlugins (0ms)
			BeforeProcessingInitializeOnLoad (168ms)
			ProcessInitializeOnLoadAttributes (1140ms)
			ProcessInitializeOnLoadMethodAttributes (375ms)
			AfterProcessingInitializeOnLoad (17ms)
			EditorAssembliesLoaded (1ms)
		ExecutionOrderSort2 (0ms)
		AwakeInstancesAfterBackupRestoration (18ms)
Refreshing native plugins compatible for Editor in 46.42 ms, found 2 plugins.
Preloading 0 native plugins for Editor in 0.00 ms.
Unloading 3838 Unused Serialized files (Serialized files now loaded: 0)
Unloading 16 unused Assets / (27.5 KB). Loaded Objects now: 4486.
Memory consumption went from 139.7 MB to 139.6 MB.
Total: 21.194800 ms (FindLiveObjects: 0.426600 ms CreateObjectMapping: 0.392600 ms MarkObjects: 20.303900 ms  DeleteObjects: 0.070100 ms)

Prepare: number of updated asset objects reloaded= 0
AssetImportParameters requested are different than current active one (requested -> active):
  custom:container-demuxer-ogg: 62fdf1f143b41e24485cea50d1cbac27 -> 
  custom:video-decoder-ogg-theora: a1e56fd34408186e4bbccfd4996cb3dc -> 
  custom:framework-win-MediaFoundation: 216162199b28c13a410421893ffa2e32 -> 
  custom:CustomObjectIndexerAttribute: 9a22284fe3817be447336de3de66b15e -> 
  custom:scripting/monoscript/fileName/GetEnvirData.cs: 606691644bdf7ecd10bb4ebc495c19c8 -> 
  custom:scripting/monoscript/fileName/EnvirData_build.cs: f736887ffe20da6261346a3c69102d4a -> 
  custom:scripting/monoscript/fileName/EnvirData_yg.cs: 3bb54dc4b67a3b540b92ca7af113e256 -> 
  custom:container-demuxer-webm: 4f35f7cbe854078d1ac9338744f61a02 -> 
  custom:container-muxer-webm: aa71ff27fc2769a1b78a27578f13a17b -> 
  custom:video-decoder-webm-vp8: 9c59270c3fd7afecdb556c50c9e8de78 -> 
  custom:SearchIndexIgnoredProperties: e643bd26f0fe6173181afceb89e7c659 -> 
  custom:AudioImporter_EditorPlatform: d09bf68614088b80899f8185d706f6e7 -> 
  custom:scripting/monoscript/fileName/EnvirData_interface.cs: 15db51baa12205348d10443220bc41a9 -> 
  custom:scripting/monoscript/fileName/EnvirData_yandexPlatform.cs: f24044aced27dadaa5f6f6a76e01f239 -> 
  custom:video-encoder-webm-vp8: eb34c28f22e8b96e1ab97ce403110664 -> 
  custom:audio-decoder-ogg-vorbis: bf7c407c2cedff20999df2af8eb42d56 -> 
  custom:audio-encoder-webm-vorbis: bf7c407c2cedff20999df2af8eb42d56 -> 
  custom:scripting/precompiled-assembly-types:Assembly-CSharp-Editor: 71f3420967b037f8ff02a018ff7ef66c -> ddefecc5e32c82550f9b70692fb0a631
  custom:scripting/precompiled-assembly-types:Assembly-CSharp: 65595c5368e35c1153c86a8227f87970 -> 487e516f97377eda8305839caa2d70fb
========================================================================
Received Prepare
Caller must complete domain reload
Begin MonoManager ReloadAssembly
Symbol file LoadedFromMemory is not a mono symbol file
- Loaded All Assemblies, in  2.175 seconds
Native extension for WindowsStandalone target not found
Native extension for iOS target not found
Native extension for Android target not found
Native extension for WebGL target not found
Asset Pipeline Refresh (id=82afb1a5dd9edc94e91ad772244f51ce): Total: 0.000 seconds - Initiated by StopAssetImportingV2(NoUpdateAssetOptions)
[ScriptCompilation] NOT recompiling all scripts because this is an import worker process. Reason to compile was: Define symbols changed
[ScriptCompilation] NOT recompiling all scripts because this is an import worker process. Reason to compile was: Define symbols changed
Mono: successfully reloaded assembly
- Finished resetting the current domain, in  3.560 seconds
Domain Reload Profiling: 5729ms
	BeginReloadAssembly (1210ms)
		ExecutionOrderSort (0ms)
		DisableScriptedObjects (15ms)
		BackupInstance (0ms)
		ReleaseScriptingObjects (0ms)
		CreateAndSetChildDomain (108ms)
	RebuildCommonClasses (86ms)
	RebuildNativeTypeToScriptingClass (26ms)
	initialDomainReloadingComplete (68ms)
	LoadAllAssembliesAndSetupDomain (777ms)
		LoadAssemblies (895ms)
		RebuildTransferFunctionScriptingTraits (0ms)
		AnalyzeDomain (83ms)
			TypeCache.Refresh (29ms)
				TypeCache.ScanAssembly (9ms)
			ScanForSourceGeneratedMonoScriptInfo (39ms)
			ResolveRequiredComponents (13ms)
	FinalizeReload (3561ms)
		ReleaseScriptCaches (0ms)
		RebuildScriptCaches (0ms)
		SetupLoadedEditorAssemblies (2040ms)
			LogAssemblyErrors (0ms)
			InitializePlatformSupportModulesInManaged (99ms)
			SetLoadedEditorAssemblies (9ms)
			RefreshPlugins (0ms)
			BeforeProcessingInitializeOnLoad (245ms)
			ProcessInitializeOnLoadAttributes (1146ms)
			ProcessInitializeOnLoadMethodAttributes (521ms)
			AfterProcessingInitializeOnLoad (19ms)
			EditorAssembliesLoaded (1ms)
		ExecutionOrderSort2 (0ms)
		AwakeInstancesAfterBackupRestoration (30ms)
Refreshing native plugins compatible for Editor in 27.95 ms, found 2 plugins.
Preloading 0 native plugins for Editor in 0.00 ms.
Unloading 3840 Unused Serialized files (Serialized files now loaded: 0)
Unloading 16 unused Assets / (27.5 KB). Loaded Objects now: 4490.
Memory consumption went from 139.9 MB to 139.9 MB.
Total: 29.307400 ms (FindLiveObjects: 0.707800 ms CreateObjectMapping: 1.025000 ms MarkObjects: 27.470000 ms  DeleteObjects: 0.102400 ms)

Prepare: number of updated asset objects reloaded= 0
AssetImportParameters requested are different than current active one (requested -> active):
  custom:container-demuxer-ogg: 62fdf1f143b41e24485cea50d1cbac27 -> 
  custom:video-decoder-ogg-theora: a1e56fd34408186e4bbccfd4996cb3dc -> 
  custom:framework-win-MediaFoundation: 216162199b28c13a410421893ffa2e32 -> 
  custom:CustomObjectIndexerAttribute: 9a22284fe3817be447336de3de66b15e -> 
  custom:scripting/monoscript/fileName/GetEnvirData.cs: 606691644bdf7ecd10bb4ebc495c19c8 -> 
  custom:scripting/monoscript/fileName/EnvirData_build.cs: f736887ffe20da6261346a3c69102d4a -> 
  custom:scripting/monoscript/fileName/EnvirData_yg.cs: 3bb54dc4b67a3b540b92ca7af113e256 -> 
  custom:container-demuxer-webm: 4f35f7cbe854078d1ac9338744f61a02 -> 
  custom:container-muxer-webm: aa71ff27fc2769a1b78a27578f13a17b -> 
  custom:video-decoder-webm-vp8: 9c59270c3fd7afecdb556c50c9e8de78 -> 
  custom:SearchIndexIgnoredProperties: e643bd26f0fe6173181afceb89e7c659 -> 
  custom:AudioImporter_EditorPlatform: d09bf68614088b80899f8185d706f6e7 -> 
  custom:scripting/monoscript/fileName/KeyPressAnimation.cs: fc9b01ea31c12afb286dc2cd37a6e098 -> 
  custom:scripting/monoscript/fileName/EnvirData_interface.cs: 15db51baa12205348d10443220bc41a9 -> 
  custom:scripting/monoscript/fileName/EnvirData_yandexPlatform.cs: f24044aced27dadaa5f6f6a76e01f239 -> 
  custom:video-encoder-webm-vp8: eb34c28f22e8b96e1ab97ce403110664 -> 
  custom:audio-decoder-ogg-vorbis: bf7c407c2cedff20999df2af8eb42d56 -> 
  custom:audio-encoder-webm-vorbis: bf7c407c2cedff20999df2af8eb42d56 -> 
  custom:scripting/precompiled-assembly-types:Assembly-CSharp-Editor: 71f3420967b037f8ff02a018ff7ef66c -> ddefecc5e32c82550f9b70692fb0a631
  custom:scripting/precompiled-assembly-types:Assembly-CSharp: 9d83c6f335acdc1c20782c4c43f629ad -> 487e516f97377eda8305839caa2d70fb
========================================================================
Received Prepare
Caller must complete domain reload
Begin MonoManager ReloadAssembly
Symbol file LoadedFromMemory is not a mono symbol file
- Loaded All Assemblies, in  0.834 seconds
Native extension for WindowsStandalone target not found
Native extension for iOS target not found
Native extension for Android target not found
Native extension for WebGL target not found
Asset Pipeline Refresh (id=cb41ba895145ab946a3c69b412faf80e): Total: 0.000 seconds - Initiated by StopAssetImportingV2(NoUpdateAssetOptions)
[ScriptCompilation] NOT recompiling all scripts because this is an import worker process. Reason to compile was: Define symbols changed
[ScriptCompilation] NOT recompiling all scripts because this is an import worker process. Reason to compile was: Define symbols changed
Mono: successfully reloaded assembly
- Finished resetting the current domain, in  1.572 seconds
Domain Reload Profiling: 2405ms
	BeginReloadAssembly (462ms)
		ExecutionOrderSort (0ms)
		DisableScriptedObjects (7ms)
		BackupInstance (0ms)
		ReleaseScriptingObjects (0ms)
		CreateAndSetChildDomain (38ms)
	RebuildCommonClasses (36ms)
	RebuildNativeTypeToScriptingClass (13ms)
	initialDomainReloadingComplete (40ms)
	LoadAllAssembliesAndSetupDomain (281ms)
		LoadAssemblies (359ms)
		RebuildTransferFunctionScriptingTraits (0ms)
		AnalyzeDomain (14ms)
			TypeCache.Refresh (7ms)
				TypeCache.ScanAssembly (0ms)
			ScanForSourceGeneratedMonoScriptInfo (0ms)
			ResolveRequiredComponents (6ms)
	FinalizeReload (1573ms)
		ReleaseScriptCaches (0ms)
		RebuildScriptCaches (0ms)
		SetupLoadedEditorAssemblies (904ms)
			LogAssemblyErrors (0ms)
			InitializePlatformSupportModulesInManaged (49ms)
			SetLoadedEditorAssemblies (6ms)
			RefreshPlugins (0ms)
			BeforeProcessingInitializeOnLoad (99ms)
			ProcessInitializeOnLoadAttributes (449ms)
			ProcessInitializeOnLoadMethodAttributes (290ms)
			AfterProcessingInitializeOnLoad (10ms)
			EditorAssembliesLoaded (1ms)
		ExecutionOrderSort2 (0ms)
		AwakeInstancesAfterBackupRestoration (16ms)
Refreshing native plugins compatible for Editor in 18.66 ms, found 2 plugins.
Preloading 0 native plugins for Editor in 0.00 ms.
Unloading 3840 Unused Serialized files (Serialized files now loaded: 0)
Unloading 16 unused Assets / (27.5 KB). Loaded Objects now: 4493.
Memory consumption went from 139.9 MB to 139.9 MB.
Total: 13.851000 ms (FindLiveObjects: 0.589300 ms CreateObjectMapping: 0.628700 ms MarkObjects: 12.572600 ms  DeleteObjects: 0.059100 ms)

Prepare: number of updated asset objects reloaded= 0
AssetImportParameters requested are different than current active one (requested -> active):
  custom:container-demuxer-ogg: 62fdf1f143b41e24485cea50d1cbac27 -> 
  custom:video-decoder-ogg-theora: a1e56fd34408186e4bbccfd4996cb3dc -> 
  custom:framework-win-MediaFoundation: 216162199b28c13a410421893ffa2e32 -> 
  custom:CustomObjectIndexerAttribute: 9a22284fe3817be447336de3de66b15e -> 
  custom:scripting/monoscript/fileName/GetEnvirData.cs: 606691644bdf7ecd10bb4ebc495c19c8 -> 
  custom:scripting/monoscript/fileName/EnvirData_build.cs: f736887ffe20da6261346a3c69102d4a -> 
  custom:scripting/monoscript/fileName/EnvirData_yg.cs: 3bb54dc4b67a3b540b92ca7af113e256 -> 
  custom:container-demuxer-webm: 4f35f7cbe854078d1ac9338744f61a02 -> 
  custom:container-muxer-webm: aa71ff27fc2769a1b78a27578f13a17b -> 
  custom:video-decoder-webm-vp8: 9c59270c3fd7afecdb556c50c9e8de78 -> 
  custom:SearchIndexIgnoredProperties: e643bd26f0fe6173181afceb89e7c659 -> 
  custom:AudioImporter_EditorPlatform: d09bf68614088b80899f8185d706f6e7 -> 
  custom:scripting/monoscript/fileName/KeyPressAnimation.cs: fc9b01ea31c12afb286dc2cd37a6e098 -> 
  custom:scripting/monoscript/fileName/EnvirData_interface.cs: 15db51baa12205348d10443220bc41a9 -> 
  custom:scripting/monoscript/fileName/EnvirData_yandexPlatform.cs: f24044aced27dadaa5f6f6a76e01f239 -> 
  custom:video-encoder-webm-vp8: eb34c28f22e8b96e1ab97ce403110664 -> 
  custom:audio-decoder-ogg-vorbis: bf7c407c2cedff20999df2af8eb42d56 -> 
  custom:audio-encoder-webm-vorbis: bf7c407c2cedff20999df2af8eb42d56 -> 
  custom:scripting/precompiled-assembly-types:Assembly-CSharp-Editor: 71f3420967b037f8ff02a018ff7ef66c -> ddefecc5e32c82550f9b70692fb0a631
  custom:scripting/precompiled-assembly-types:Assembly-CSharp: 9d83c6f335acdc1c20782c4c43f629ad -> 487e516f97377eda8305839caa2d70fb
========================================================================
Received Prepare
Caller must complete domain reload
Begin MonoManager ReloadAssembly
Symbol file LoadedFromMemory is not a mono symbol file
- Loaded All Assemblies, in  0.952 seconds
Native extension for WindowsStandalone target not found
Native extension for iOS target not found
Native extension for Android target not found
Native extension for WebGL target not found
Asset Pipeline Refresh (id=e5c94ffe9042a4c45a21816d6980e9b5): Total: 0.000 seconds - Initiated by StopAssetImportingV2(NoUpdateAssetOptions)
[ScriptCompilation] NOT recompiling all scripts because this is an import worker process. Reason to compile was: Define symbols changed
[ScriptCompilation] NOT recompiling all scripts because this is an import worker process. Reason to compile was: Define symbols changed
Mono: successfully reloaded assembly
- Finished resetting the current domain, in  1.745 seconds
Domain Reload Profiling: 2694ms
	BeginReloadAssembly (590ms)
		ExecutionOrderSort (0ms)
		DisableScriptedObjects (8ms)
		BackupInstance (0ms)
		ReleaseScriptingObjects (0ms)
		CreateAndSetChildDomain (50ms)
	RebuildCommonClasses (45ms)
	RebuildNativeTypeToScriptingClass (13ms)
	initialDomainReloadingComplete (36ms)
	LoadAllAssembliesAndSetupDomain (265ms)
		LoadAssemblies (354ms)
		RebuildTransferFunctionScriptingTraits (0ms)
		AnalyzeDomain (17ms)
			TypeCache.Refresh (8ms)
				TypeCache.ScanAssembly (0ms)
			ScanForSourceGeneratedMonoScriptInfo (0ms)
			ResolveRequiredComponents (8ms)
	FinalizeReload (1746ms)
		ReleaseScriptCaches (0ms)
		RebuildScriptCaches (0ms)
		SetupLoadedEditorAssemblies (1005ms)
			LogAssemblyErrors (0ms)
			InitializePlatformSupportModulesInManaged (56ms)
			SetLoadedEditorAssemblies (5ms)
			RefreshPlugins (0ms)
			BeforeProcessingInitializeOnLoad (111ms)
			ProcessInitializeOnLoadAttributes (587ms)
			ProcessInitializeOnLoadMethodAttributes (238ms)
			AfterProcessingInitializeOnLoad (10ms)
			EditorAssembliesLoaded (0ms)
		ExecutionOrderSort2 (0ms)
		AwakeInstancesAfterBackupRestoration (13ms)
Refreshing native plugins compatible for Editor in 14.62 ms, found 2 plugins.
Preloading 0 native plugins for Editor in 0.00 ms.
Unloading 3840 Unused Serialized files (Serialized files now loaded: 0)
Unloading 16 unused Assets / (27.6 KB). Loaded Objects now: 4496.
Memory consumption went from 139.9 MB to 139.9 MB.
Total: 11.359400 ms (FindLiveObjects: 0.493800 ms CreateObjectMapping: 0.446300 ms MarkObjects: 10.351800 ms  DeleteObjects: 0.066000 ms)

Prepare: number of updated asset objects reloaded= 0
AssetImportParameters requested are different than current active one (requested -> active):
  custom:container-demuxer-ogg: 62fdf1f143b41e24485cea50d1cbac27 -> 
  custom:video-decoder-ogg-theora: a1e56fd34408186e4bbccfd4996cb3dc -> 
  custom:framework-win-MediaFoundation: 216162199b28c13a410421893ffa2e32 -> 
  custom:CustomObjectIndexerAttribute: 9a22284fe3817be447336de3de66b15e -> 
  custom:scripting/monoscript/fileName/GetEnvirData.cs: 606691644bdf7ecd10bb4ebc495c19c8 -> 
  custom:scripting/monoscript/fileName/EnvirData_build.cs: f736887ffe20da6261346a3c69102d4a -> 
  custom:scripting/monoscript/fileName/EnvirData_yg.cs: 3bb54dc4b67a3b540b92ca7af113e256 -> 
  custom:container-demuxer-webm: 4f35f7cbe854078d1ac9338744f61a02 -> 
  custom:container-muxer-webm: aa71ff27fc2769a1b78a27578f13a17b -> 
  custom:video-decoder-webm-vp8: 9c59270c3fd7afecdb556c50c9e8de78 -> 
  custom:SearchIndexIgnoredProperties: e643bd26f0fe6173181afceb89e7c659 -> 
  custom:AudioImporter_EditorPlatform: d09bf68614088b80899f8185d706f6e7 -> 
  custom:scripting/monoscript/fileName/KeyPressAnimation.cs: fc9b01ea31c12afb286dc2cd37a6e098 -> 
  custom:scripting/monoscript/fileName/EnvirData_interface.cs: 15db51baa12205348d10443220bc41a9 -> 
  custom:scripting/monoscript/fileName/EnvirData_yandexPlatform.cs: f24044aced27dadaa5f6f6a76e01f239 -> 
  custom:video-encoder-webm-vp8: eb34c28f22e8b96e1ab97ce403110664 -> 
  custom:audio-decoder-ogg-vorbis: bf7c407c2cedff20999df2af8eb42d56 -> 
  custom:audio-encoder-webm-vorbis: bf7c407c2cedff20999df2af8eb42d56 -> 
  custom:scripting/precompiled-assembly-types:Assembly-CSharp-Editor: 71f3420967b037f8ff02a018ff7ef66c -> ddefecc5e32c82550f9b70692fb0a631
  custom:scripting/precompiled-assembly-types:Assembly-CSharp: 9d83c6f335acdc1c20782c4c43f629ad -> 487e516f97377eda8305839caa2d70fb
========================================================================
Received Prepare
Caller must complete domain reload
Begin MonoManager ReloadAssembly
Symbol file LoadedFromMemory is not a mono symbol file
- Loaded All Assemblies, in  0.859 seconds
Native extension for WindowsStandalone target not found
Native extension for iOS target not found
Native extension for Android target not found
Native extension for WebGL target not found
Asset Pipeline Refresh (id=73af1d82fc9c906439058a4239fb7352): Total: 0.000 seconds - Initiated by StopAssetImportingV2(NoUpdateAssetOptions)
[ScriptCompilation] NOT recompiling all scripts because this is an import worker process. Reason to compile was: Define symbols changed
[ScriptCompilation] NOT recompiling all scripts because this is an import worker process. Reason to compile was: Define symbols changed
Mono: successfully reloaded assembly
- Finished resetting the current domain, in  1.627 seconds
Domain Reload Profiling: 2484ms
	BeginReloadAssembly (496ms)
		ExecutionOrderSort (0ms)
		DisableScriptedObjects (7ms)
		BackupInstance (0ms)
		ReleaseScriptingObjects (0ms)
		CreateAndSetChildDomain (39ms)
	RebuildCommonClasses (41ms)
	RebuildNativeTypeToScriptingClass (13ms)
	initialDomainReloadingComplete (35ms)
	LoadAllAssembliesAndSetupDomain (271ms)
		LoadAssemblies (364ms)
		RebuildTransferFunctionScriptingTraits (0ms)
		AnalyzeDomain (13ms)
			TypeCache.Refresh (6ms)
				TypeCache.ScanAssembly (0ms)
			ScanForSourceGeneratedMonoScriptInfo (0ms)
			ResolveRequiredComponents (6ms)
	FinalizeReload (1628ms)
		ReleaseScriptCaches (0ms)
		RebuildScriptCaches (0ms)
		SetupLoadedEditorAssemblies (1006ms)
			LogAssemblyErrors (0ms)
			InitializePlatformSupportModulesInManaged (41ms)
			SetLoadedEditorAssemblies (7ms)
			RefreshPlugins (0ms)
			BeforeProcessingInitializeOnLoad (148ms)
			ProcessInitializeOnLoadAttributes (541ms)
			ProcessInitializeOnLoadMethodAttributes (260ms)
			AfterProcessingInitializeOnLoad (9ms)
			EditorAssembliesLoaded (0ms)
		ExecutionOrderSort2 (0ms)
		AwakeInstancesAfterBackupRestoration (14ms)
Refreshing native plugins compatible for Editor in 14.14 ms, found 2 plugins.
Preloading 0 native plugins for Editor in 0.00 ms.
Unloading 3840 Unused Serialized files (Serialized files now loaded: 0)
Unloading 16 unused Assets / (27.6 KB). Loaded Objects now: 4499.
Memory consumption went from 139.9 MB to 139.9 MB.
Total: 9.071400 ms (FindLiveObjects: 0.465500 ms CreateObjectMapping: 0.332500 ms MarkObjects: 8.221700 ms  DeleteObjects: 0.050200 ms)

Prepare: number of updated asset objects reloaded= 0
AssetImportParameters requested are different than current active one (requested -> active):
  custom:container-demuxer-ogg: 62fdf1f143b41e24485cea50d1cbac27 -> 
  custom:video-decoder-ogg-theora: a1e56fd34408186e4bbccfd4996cb3dc -> 
  custom:framework-win-MediaFoundation: 216162199b28c13a410421893ffa2e32 -> 
  custom:CustomObjectIndexerAttribute: 9a22284fe3817be447336de3de66b15e -> 
  custom:scripting/monoscript/fileName/GetEnvirData.cs: 606691644bdf7ecd10bb4ebc495c19c8 -> 
  custom:scripting/monoscript/fileName/EnvirData_build.cs: f736887ffe20da6261346a3c69102d4a -> 
  custom:scripting/monoscript/fileName/EnvirData_yg.cs: 3bb54dc4b67a3b540b92ca7af113e256 -> 
  custom:container-demuxer-webm: 4f35f7cbe854078d1ac9338744f61a02 -> 
  custom:container-muxer-webm: aa71ff27fc2769a1b78a27578f13a17b -> 
  custom:video-decoder-webm-vp8: 9c59270c3fd7afecdb556c50c9e8de78 -> 
  custom:SearchIndexIgnoredProperties: e643bd26f0fe6173181afceb89e7c659 -> 
  custom:AudioImporter_EditorPlatform: d09bf68614088b80899f8185d706f6e7 -> 
  custom:scripting/monoscript/fileName/KeyPressAnimation.cs: fc9b01ea31c12afb286dc2cd37a6e098 -> 
  custom:scripting/monoscript/fileName/EnvirData_interface.cs: 15db51baa12205348d10443220bc41a9 -> 
  custom:scripting/monoscript/fileName/EnvirData_yandexPlatform.cs: f24044aced27dadaa5f6f6a76e01f239 -> 
  custom:video-encoder-webm-vp8: eb34c28f22e8b96e1ab97ce403110664 -> 
  custom:audio-decoder-ogg-vorbis: bf7c407c2cedff20999df2af8eb42d56 -> 
  custom:audio-encoder-webm-vorbis: bf7c407c2cedff20999df2af8eb42d56 -> 
  custom:scripting/precompiled-assembly-types:Assembly-CSharp-Editor: 71f3420967b037f8ff02a018ff7ef66c -> ddefecc5e32c82550f9b70692fb0a631
  custom:scripting/precompiled-assembly-types:Assembly-CSharp: 9d83c6f335acdc1c20782c4c43f629ad -> 487e516f97377eda8305839caa2d70fb
========================================================================
Received Prepare
Caller must complete domain reload
Begin MonoManager ReloadAssembly
Symbol file LoadedFromMemory is not a mono symbol file
- Loaded All Assemblies, in  1.313 seconds
Native extension for WindowsStandalone target not found
Native extension for iOS target not found
Native extension for Android target not found
Native extension for WebGL target not found
Asset Pipeline Refresh (id=247d7089ed034d241a5a9d4d0e5c079b): Total: 0.000 seconds - Initiated by StopAssetImportingV2(NoUpdateAssetOptions)
[ScriptCompilation] NOT recompiling all scripts because this is an import worker process. Reason to compile was: Define symbols changed
[ScriptCompilation] NOT recompiling all scripts because this is an import worker process. Reason to compile was: Define symbols changed
Mono: successfully reloaded assembly
- Finished resetting the current domain, in  2.392 seconds
Domain Reload Profiling: 3703ms
	BeginReloadAssembly (751ms)
		ExecutionOrderSort (0ms)
		DisableScriptedObjects (17ms)
		BackupInstance (0ms)
		ReleaseScriptingObjects (0ms)
		CreateAndSetChildDomain (58ms)
	RebuildCommonClasses (60ms)
	RebuildNativeTypeToScriptingClass (19ms)
	initialDomainReloadingComplete (50ms)
	LoadAllAssembliesAndSetupDomain (430ms)
		LoadAssemblies (556ms)
		RebuildTransferFunctionScriptingTraits (0ms)
		AnalyzeDomain (21ms)
			TypeCache.Refresh (9ms)
				TypeCache.ScanAssembly (0ms)
			ScanForSourceGeneratedMonoScriptInfo (0ms)
			ResolveRequiredComponents (10ms)
	FinalizeReload (2393ms)
		ReleaseScriptCaches (0ms)
		RebuildScriptCaches (0ms)
		SetupLoadedEditorAssemblies (1356ms)
			LogAssemblyErrors (0ms)
			InitializePlatformSupportModulesInManaged (70ms)
			SetLoadedEditorAssemblies (7ms)
			RefreshPlugins (0ms)
			BeforeProcessingInitializeOnLoad (189ms)
			ProcessInitializeOnLoadAttributes (755ms)
			ProcessInitializeOnLoadMethodAttributes (322ms)
			AfterProcessingInitializeOnLoad (13ms)
			EditorAssembliesLoaded (0ms)
		ExecutionOrderSort2 (0ms)
		AwakeInstancesAfterBackupRestoration (18ms)
Refreshing native plugins compatible for Editor in 23.48 ms, found 2 plugins.
Preloading 0 native plugins for Editor in 0.00 ms.
Unloading 3840 Unused Serialized files (Serialized files now loaded: 0)
Unloading 16 unused Assets / (27.6 KB). Loaded Objects now: 4502.
Memory consumption went from 139.9 MB to 139.9 MB.
Total: 15.637100 ms (FindLiveObjects: 0.455700 ms CreateObjectMapping: 0.425500 ms MarkObjects: 14.673600 ms  DeleteObjects: 0.080000 ms)

Prepare: number of updated asset objects reloaded= 0
AssetImportParameters requested are different than current active one (requested -> active):
  custom:container-demuxer-ogg: 62fdf1f143b41e24485cea50d1cbac27 -> 
  custom:video-decoder-ogg-theora: a1e56fd34408186e4bbccfd4996cb3dc -> 
  custom:framework-win-MediaFoundation: 216162199b28c13a410421893ffa2e32 -> 
  custom:CustomObjectIndexerAttribute: 9a22284fe3817be447336de3de66b15e -> 
  custom:scripting/monoscript/fileName/GetEnvirData.cs: 606691644bdf7ecd10bb4ebc495c19c8 -> 
  custom:scripting/monoscript/fileName/EnvirData_build.cs: f736887ffe20da6261346a3c69102d4a -> 
  custom:scripting/monoscript/fileName/EnvirData_yg.cs: 3bb54dc4b67a3b540b92ca7af113e256 -> 
  custom:container-demuxer-webm: 4f35f7cbe854078d1ac9338744f61a02 -> 
  custom:container-muxer-webm: aa71ff27fc2769a1b78a27578f13a17b -> 
  custom:video-decoder-webm-vp8: 9c59270c3fd7afecdb556c50c9e8de78 -> 
  custom:SearchIndexIgnoredProperties: e643bd26f0fe6173181afceb89e7c659 -> 
  custom:AudioImporter_EditorPlatform: d09bf68614088b80899f8185d706f6e7 -> 
  custom:scripting/monoscript/fileName/KeyPressAnimation.cs: fc9b01ea31c12afb286dc2cd37a6e098 -> 
  custom:scripting/monoscript/fileName/EnvirData_interface.cs: 15db51baa12205348d10443220bc41a9 -> 
  custom:scripting/monoscript/fileName/EnvirData_yandexPlatform.cs: f24044aced27dadaa5f6f6a76e01f239 -> 
  custom:video-encoder-webm-vp8: eb34c28f22e8b96e1ab97ce403110664 -> 
  custom:audio-decoder-ogg-vorbis: bf7c407c2cedff20999df2af8eb42d56 -> 
  custom:audio-encoder-webm-vorbis: bf7c407c2cedff20999df2af8eb42d56 -> 
  custom:scripting/precompiled-assembly-types:Assembly-CSharp-Editor: 71f3420967b037f8ff02a018ff7ef66c -> ddefecc5e32c82550f9b70692fb0a631
  custom:scripting/precompiled-assembly-types:Assembly-CSharp: 9d83c6f335acdc1c20782c4c43f629ad -> 487e516f97377eda8305839caa2d70fb
========================================================================
Received Prepare
Caller must complete domain reload
Begin MonoManager ReloadAssembly
Symbol file LoadedFromMemory is not a mono symbol file
- Loaded All Assemblies, in  0.947 seconds
Native extension for WindowsStandalone target not found
Native extension for iOS target not found
Native extension for Android target not found
Native extension for WebGL target not found
Asset Pipeline Refresh (id=ccdbc71f19045074cabd164598d91bca): Total: 0.000 seconds - Initiated by StopAssetImportingV2(NoUpdateAssetOptions)
[ScriptCompilation] NOT recompiling all scripts because this is an import worker process. Reason to compile was: Define symbols changed
[ScriptCompilation] NOT recompiling all scripts because this is an import worker process. Reason to compile was: Define symbols changed
Mono: successfully reloaded assembly
- Finished resetting the current domain, in  1.325 seconds
Domain Reload Profiling: 2273ms
	BeginReloadAssembly (497ms)
		ExecutionOrderSort (0ms)
		DisableScriptedObjects (7ms)
		BackupInstance (0ms)
		ReleaseScriptingObjects (0ms)
		CreateAndSetChildDomain (41ms)
	RebuildCommonClasses (58ms)
	RebuildNativeTypeToScriptingClass (17ms)
	initialDomainReloadingComplete (39ms)
	LoadAllAssembliesAndSetupDomain (337ms)
		LoadAssemblies (392ms)
		RebuildTransferFunctionScriptingTraits (0ms)
		AnalyzeDomain (52ms)
			TypeCache.Refresh (20ms)
				TypeCache.ScanAssembly (7ms)
			ScanForSourceGeneratedMonoScriptInfo (22ms)
			ResolveRequiredComponents (9ms)
	FinalizeReload (1326ms)
		ReleaseScriptCaches (0ms)
		RebuildScriptCaches (0ms)
		SetupLoadedEditorAssemblies (701ms)
			LogAssemblyErrors (0ms)
			InitializePlatformSupportModulesInManaged (40ms)
			SetLoadedEditorAssemblies (3ms)
			RefreshPlugins (0ms)
			BeforeProcessingInitializeOnLoad (83ms)
			ProcessInitializeOnLoadAttributes (371ms)
			ProcessInitializeOnLoadMethodAttributes (197ms)
			AfterProcessingInitializeOnLoad (7ms)
			EditorAssembliesLoaded (0ms)
		ExecutionOrderSort2 (0ms)
		AwakeInstancesAfterBackupRestoration (9ms)
Refreshing native plugins compatible for Editor in 23.14 ms, found 2 plugins.
Preloading 0 native plugins for Editor in 0.00 ms.
Unloading 3840 Unused Serialized files (Serialized files now loaded: 0)
Unloading 16 unused Assets / (27.5 KB). Loaded Objects now: 4505.
Memory consumption went from 140.0 MB to 139.9 MB.
Total: 10.906200 ms (FindLiveObjects: 0.344300 ms CreateObjectMapping: 0.280000 ms MarkObjects: 10.222100 ms  DeleteObjects: 0.057900 ms)

Prepare: number of updated asset objects reloaded= 0
AssetImportParameters requested are different than current active one (requested -> active):
  custom:container-demuxer-ogg: 62fdf1f143b41e24485cea50d1cbac27 -> 
  custom:video-decoder-ogg-theora: a1e56fd34408186e4bbccfd4996cb3dc -> 
  custom:framework-win-MediaFoundation: 216162199b28c13a410421893ffa2e32 -> 
  custom:CustomObjectIndexerAttribute: 9a22284fe3817be447336de3de66b15e -> 
  custom:scripting/monoscript/fileName/GetEnvirData.cs: 606691644bdf7ecd10bb4ebc495c19c8 -> 
  custom:scripting/monoscript/fileName/EnvirData_build.cs: f736887ffe20da6261346a3c69102d4a -> 
  custom:scripting/monoscript/fileName/EnvirData_yg.cs: 3bb54dc4b67a3b540b92ca7af113e256 -> 
  custom:container-demuxer-webm: 4f35f7cbe854078d1ac9338744f61a02 -> 
  custom:container-muxer-webm: aa71ff27fc2769a1b78a27578f13a17b -> 
  custom:video-decoder-webm-vp8: 9c59270c3fd7afecdb556c50c9e8de78 -> 
  custom:SearchIndexIgnoredProperties: e643bd26f0fe6173181afceb89e7c659 -> 
  custom:AudioImporter_EditorPlatform: d09bf68614088b80899f8185d706f6e7 -> 
  custom:scripting/monoscript/fileName/KeyPressAnimation.cs: fc9b01ea31c12afb286dc2cd37a6e098 -> 
  custom:scripting/monoscript/fileName/EnvirData_interface.cs: 15db51baa12205348d10443220bc41a9 -> 
  custom:scripting/monoscript/fileName/EnvirData_yandexPlatform.cs: f24044aced27dadaa5f6f6a76e01f239 -> 
  custom:video-encoder-webm-vp8: eb34c28f22e8b96e1ab97ce403110664 -> 
  custom:audio-decoder-ogg-vorbis: bf7c407c2cedff20999df2af8eb42d56 -> 
  custom:audio-encoder-webm-vorbis: bf7c407c2cedff20999df2af8eb42d56 -> 
  custom:scripting/precompiled-assembly-types:Assembly-CSharp-Editor: 71f3420967b037f8ff02a018ff7ef66c -> ddefecc5e32c82550f9b70692fb0a631
  custom:scripting/precompiled-assembly-types:Assembly-CSharp: 9d83c6f335acdc1c20782c4c43f629ad -> 487e516f97377eda8305839caa2d70fb
========================================================================
Received Prepare
Caller must complete domain reload
Begin MonoManager ReloadAssembly
Symbol file LoadedFromMemory is not a mono symbol file
- Loaded All Assemblies, in  1.180 seconds
Native extension for WindowsStandalone target not found
Native extension for iOS target not found
Native extension for Android target not found
Native extension for WebGL target not found
Asset Pipeline Refresh (id=2239c3908347bac4d8d160090ff2d2f2): Total: 0.000 seconds - Initiated by StopAssetImportingV2(NoUpdateAssetOptions)
[ScriptCompilation] NOT recompiling all scripts because this is an import worker process. Reason to compile was: Define symbols changed
[ScriptCompilation] NOT recompiling all scripts because this is an import worker process. Reason to compile was: Define symbols changed
Mono: successfully reloaded assembly
- Finished resetting the current domain, in  1.361 seconds
Domain Reload Profiling: 2541ms
	BeginReloadAssembly (620ms)
		ExecutionOrderSort (0ms)
		DisableScriptedObjects (8ms)
		BackupInstance (0ms)
		ReleaseScriptingObjects (0ms)
		CreateAndSetChildDomain (38ms)
	RebuildCommonClasses (56ms)
	RebuildNativeTypeToScriptingClass (17ms)
	initialDomainReloadingComplete (50ms)
	LoadAllAssembliesAndSetupDomain (436ms)
		LoadAssemblies (602ms)
		RebuildTransferFunctionScriptingTraits (0ms)
		AnalyzeDomain (53ms)
			TypeCache.Refresh (18ms)
				TypeCache.ScanAssembly (5ms)
			ScanForSourceGeneratedMonoScriptInfo (22ms)
			ResolveRequiredComponents (12ms)
	FinalizeReload (1362ms)
		ReleaseScriptCaches (0ms)
		RebuildScriptCaches (0ms)
		SetupLoadedEditorAssemblies (645ms)
			LogAssemblyErrors (0ms)
			InitializePlatformSupportModulesInManaged (36ms)
			SetLoadedEditorAssemblies (4ms)
			RefreshPlugins (0ms)
			BeforeProcessingInitializeOnLoad (73ms)
			ProcessInitializeOnLoadAttributes (359ms)
			ProcessInitializeOnLoadMethodAttributes (165ms)
			AfterProcessingInitializeOnLoad (8ms)
			EditorAssembliesLoaded (0ms)
		ExecutionOrderSort2 (0ms)
		AwakeInstancesAfterBackupRestoration (13ms)
Refreshing native plugins compatible for Editor in 10.58 ms, found 2 plugins.
Preloading 0 native plugins for Editor in 0.00 ms.
Unloading 3840 Unused Serialized files (Serialized files now loaded: 0)
Unloading 16 unused Assets / (27.6 KB). Loaded Objects now: 4508.
Memory consumption went from 140.0 MB to 139.9 MB.
Total: 7.651300 ms (FindLiveObjects: 0.295100 ms CreateObjectMapping: 0.225600 ms MarkObjects: 7.076400 ms  DeleteObjects: 0.053500 ms)

Prepare: number of updated asset objects reloaded= 0
AssetImportParameters requested are different than current active one (requested -> active):
  custom:container-demuxer-ogg: 62fdf1f143b41e24485cea50d1cbac27 -> 
  custom:video-decoder-ogg-theora: a1e56fd34408186e4bbccfd4996cb3dc -> 
  custom:framework-win-MediaFoundation: 216162199b28c13a410421893ffa2e32 -> 
  custom:CustomObjectIndexerAttribute: 9a22284fe3817be447336de3de66b15e -> 
  custom:scripting/monoscript/fileName/GetEnvirData.cs: 606691644bdf7ecd10bb4ebc495c19c8 -> 
  custom:scripting/monoscript/fileName/EnvirData_build.cs: f736887ffe20da6261346a3c69102d4a -> 
  custom:scripting/monoscript/fileName/EnvirData_yg.cs: 3bb54dc4b67a3b540b92ca7af113e256 -> 
  custom:container-demuxer-webm: 4f35f7cbe854078d1ac9338744f61a02 -> 
  custom:container-muxer-webm: aa71ff27fc2769a1b78a27578f13a17b -> 
  custom:video-decoder-webm-vp8: 9c59270c3fd7afecdb556c50c9e8de78 -> 
  custom:SearchIndexIgnoredProperties: e643bd26f0fe6173181afceb89e7c659 -> 
  custom:AudioImporter_EditorPlatform: d09bf68614088b80899f8185d706f6e7 -> 
  custom:scripting/monoscript/fileName/KeyPressAnimation.cs: fc9b01ea31c12afb286dc2cd37a6e098 -> 
  custom:scripting/monoscript/fileName/EnvirData_interface.cs: 15db51baa12205348d10443220bc41a9 -> 
  custom:scripting/monoscript/fileName/EnvirData_yandexPlatform.cs: f24044aced27dadaa5f6f6a76e01f239 -> 
  custom:video-encoder-webm-vp8: eb34c28f22e8b96e1ab97ce403110664 -> 
  custom:audio-decoder-ogg-vorbis: bf7c407c2cedff20999df2af8eb42d56 -> 
  custom:audio-encoder-webm-vorbis: bf7c407c2cedff20999df2af8eb42d56 -> 
  custom:scripting/precompiled-assembly-types:Assembly-CSharp-Editor: 71f3420967b037f8ff02a018ff7ef66c -> ddefecc5e32c82550f9b70692fb0a631
  custom:scripting/precompiled-assembly-types:Assembly-CSharp: 9d83c6f335acdc1c20782c4c43f629ad -> 487e516f97377eda8305839caa2d70fb
========================================================================
Received Prepare
Caller must complete domain reload
Begin MonoManager ReloadAssembly
Symbol file LoadedFromMemory is not a mono symbol file
- Loaded All Assemblies, in  0.875 seconds
Native extension for WindowsStandalone target not found
Native extension for iOS target not found
Native extension for Android target not found
Native extension for WebGL target not found
Asset Pipeline Refresh (id=377501dabdf0d6648a65eb86cb92702f): Total: 0.000 seconds - Initiated by StopAssetImportingV2(NoUpdateAssetOptions)
[ScriptCompilation] NOT recompiling all scripts because this is an import worker process. Reason to compile was: Define symbols changed
[ScriptCompilation] NOT recompiling all scripts because this is an import worker process. Reason to compile was: Define symbols changed
Mono: successfully reloaded assembly
- Finished resetting the current domain, in  1.264 seconds
Domain Reload Profiling: 2138ms
	BeginReloadAssembly (492ms)
		ExecutionOrderSort (0ms)
		DisableScriptedObjects (7ms)
		BackupInstance (0ms)
		ReleaseScriptingObjects (0ms)
		CreateAndSetChildDomain (42ms)
	RebuildCommonClasses (37ms)
	RebuildNativeTypeToScriptingClass (12ms)
	initialDomainReloadingComplete (30ms)
	LoadAllAssembliesAndSetupDomain (302ms)
		LoadAssemblies (352ms)
		RebuildTransferFunctionScriptingTraits (0ms)
		AnalyzeDomain (40ms)
			TypeCache.Refresh (16ms)
				TypeCache.ScanAssembly (5ms)
			ScanForSourceGeneratedMonoScriptInfo (12ms)
			ResolveRequiredComponents (11ms)
	FinalizeReload (1265ms)
		ReleaseScriptCaches (0ms)
		RebuildScriptCaches (0ms)
		SetupLoadedEditorAssemblies (745ms)
			LogAssemblyErrors (0ms)
			InitializePlatformSupportModulesInManaged (33ms)
			SetLoadedEditorAssemblies (4ms)
			RefreshPlugins (0ms)
			BeforeProcessingInitializeOnLoad (73ms)
			ProcessInitializeOnLoadAttributes (435ms)
			ProcessInitializeOnLoadMethodAttributes (192ms)
			AfterProcessingInitializeOnLoad (7ms)
			EditorAssembliesLoaded (0ms)
		ExecutionOrderSort2 (0ms)
		AwakeInstancesAfterBackupRestoration (9ms)
Refreshing native plugins compatible for Editor in 16.05 ms, found 2 plugins.
Preloading 0 native plugins for Editor in 0.00 ms.
Unloading 3840 Unused Serialized files (Serialized files now loaded: 0)
Unloading 16 unused Assets / (27.7 KB). Loaded Objects now: 4511.
Memory consumption went from 140.0 MB to 139.9 MB.
Total: 8.222800 ms (FindLiveObjects: 0.324600 ms CreateObjectMapping: 0.269300 ms MarkObjects: 7.570000 ms  DeleteObjects: 0.057600 ms)

Prepare: number of updated asset objects reloaded= 0
AssetImportParameters requested are different than current active one (requested -> active):
  custom:container-demuxer-ogg: 62fdf1f143b41e24485cea50d1cbac27 -> 
  custom:video-decoder-ogg-theora: a1e56fd34408186e4bbccfd4996cb3dc -> 
  custom:framework-win-MediaFoundation: 216162199b28c13a410421893ffa2e32 -> 
  custom:CustomObjectIndexerAttribute: 9a22284fe3817be447336de3de66b15e -> 
  custom:scripting/monoscript/fileName/GetEnvirData.cs: 606691644bdf7ecd10bb4ebc495c19c8 -> 
  custom:scripting/monoscript/fileName/EnvirData_build.cs: f736887ffe20da6261346a3c69102d4a -> 
  custom:scripting/monoscript/fileName/EnvirData_yg.cs: 3bb54dc4b67a3b540b92ca7af113e256 -> 
  custom:container-demuxer-webm: 4f35f7cbe854078d1ac9338744f61a02 -> 
  custom:container-muxer-webm: aa71ff27fc2769a1b78a27578f13a17b -> 
  custom:video-decoder-webm-vp8: 9c59270c3fd7afecdb556c50c9e8de78 -> 
  custom:SearchIndexIgnoredProperties: e643bd26f0fe6173181afceb89e7c659 -> 
  custom:AudioImporter_EditorPlatform: d09bf68614088b80899f8185d706f6e7 -> 
  custom:scripting/monoscript/fileName/KeyPressAnimation.cs: fc9b01ea31c12afb286dc2cd37a6e098 -> 
  custom:scripting/monoscript/fileName/EnvirData_interface.cs: 15db51baa12205348d10443220bc41a9 -> 
  custom:scripting/monoscript/fileName/EnvirData_yandexPlatform.cs: f24044aced27dadaa5f6f6a76e01f239 -> 
  custom:video-encoder-webm-vp8: eb34c28f22e8b96e1ab97ce403110664 -> 
  custom:audio-decoder-ogg-vorbis: bf7c407c2cedff20999df2af8eb42d56 -> 
  custom:audio-encoder-webm-vorbis: bf7c407c2cedff20999df2af8eb42d56 -> 
  custom:scripting/precompiled-assembly-types:Assembly-CSharp-Editor: 71f3420967b037f8ff02a018ff7ef66c -> ddefecc5e32c82550f9b70692fb0a631
  custom:scripting/precompiled-assembly-types:Assembly-CSharp: 9d83c6f335acdc1c20782c4c43f629ad -> 487e516f97377eda8305839caa2d70fb
========================================================================
Received Prepare
Caller must complete domain reload
Begin MonoManager ReloadAssembly
Symbol file LoadedFromMemory is not a mono symbol file
- Loaded All Assemblies, in  0.985 seconds
Native extension for WindowsStandalone target not found
Native extension for iOS target not found
Native extension for Android target not found
Native extension for WebGL target not found
Asset Pipeline Refresh (id=024418bcb516f6443b0939e5af4cdb1a): Total: 0.000 seconds - Initiated by StopAssetImportingV2(NoUpdateAssetOptions)
[ScriptCompilation] NOT recompiling all scripts because this is an import worker process. Reason to compile was: Define symbols changed
[ScriptCompilation] NOT recompiling all scripts because this is an import worker process. Reason to compile was: Define symbols changed
Mono: successfully reloaded assembly
- Finished resetting the current domain, in  1.737 seconds
Domain Reload Profiling: 2720ms
	BeginReloadAssembly (514ms)
		ExecutionOrderSort (0ms)
		DisableScriptedObjects (7ms)
		BackupInstance (0ms)
		ReleaseScriptingObjects (0ms)
		CreateAndSetChildDomain (43ms)
	RebuildCommonClasses (43ms)
	RebuildNativeTypeToScriptingClass (12ms)
	initialDomainReloadingComplete (34ms)
	LoadAllAssembliesAndSetupDomain (380ms)
		LoadAssemblies (418ms)
		RebuildTransferFunctionScriptingTraits (0ms)
		AnalyzeDomain (58ms)
			TypeCache.Refresh (23ms)
				TypeCache.ScanAssembly (7ms)
			ScanForSourceGeneratedMonoScriptInfo (24ms)
			ResolveRequiredComponents (9ms)
	FinalizeReload (1738ms)
		ReleaseScriptCaches (0ms)
		RebuildScriptCaches (0ms)
		SetupLoadedEditorAssemblies (936ms)
			LogAssemblyErrors (0ms)
			InitializePlatformSupportModulesInManaged (52ms)
			SetLoadedEditorAssemblies (6ms)
			RefreshPlugins (0ms)
			BeforeProcessingInitializeOnLoad (133ms)
			ProcessInitializeOnLoadAttributes (498ms)
			ProcessInitializeOnLoadMethodAttributes (234ms)
			AfterProcessingInitializeOnLoad (12ms)
			EditorAssembliesLoaded (0ms)
		ExecutionOrderSort2 (0ms)
		AwakeInstancesAfterBackupRestoration (14ms)
Refreshing native plugins compatible for Editor in 18.01 ms, found 2 plugins.
Preloading 0 native plugins for Editor in 0.00 ms.
Unloading 3840 Unused Serialized files (Serialized files now loaded: 0)
Unloading 16 unused Assets / (27.5 KB). Loaded Objects now: 4514.
Memory consumption went from 140.0 MB to 139.9 MB.
Total: 11.831300 ms (FindLiveObjects: 0.416600 ms CreateObjectMapping: 0.391600 ms MarkObjects: 10.944800 ms  DeleteObjects: 0.076700 ms)

Prepare: number of updated asset objects reloaded= 0
AssetImportParameters requested are different than current active one (requested -> active):
  custom:container-demuxer-ogg: 62fdf1f143b41e24485cea50d1cbac27 -> 
  custom:video-decoder-ogg-theora: a1e56fd34408186e4bbccfd4996cb3dc -> 
  custom:framework-win-MediaFoundation: 216162199b28c13a410421893ffa2e32 -> 
  custom:CustomObjectIndexerAttribute: 9a22284fe3817be447336de3de66b15e -> 
  custom:scripting/monoscript/fileName/GetEnvirData.cs: 606691644bdf7ecd10bb4ebc495c19c8 -> 
  custom:scripting/monoscript/fileName/EnvirData_build.cs: f736887ffe20da6261346a3c69102d4a -> 
  custom:scripting/monoscript/fileName/EnvirData_yg.cs: 3bb54dc4b67a3b540b92ca7af113e256 -> 
  custom:container-demuxer-webm: 4f35f7cbe854078d1ac9338744f61a02 -> 
  custom:container-muxer-webm: aa71ff27fc2769a1b78a27578f13a17b -> 
  custom:video-decoder-webm-vp8: 9c59270c3fd7afecdb556c50c9e8de78 -> 
  custom:SearchIndexIgnoredProperties: e643bd26f0fe6173181afceb89e7c659 -> 
  custom:AudioImporter_EditorPlatform: d09bf68614088b80899f8185d706f6e7 -> 
  custom:scripting/monoscript/fileName/KeyPressAnimation.cs: fc9b01ea31c12afb286dc2cd37a6e098 -> 
  custom:scripting/monoscript/fileName/EnvirData_interface.cs: 15db51baa12205348d10443220bc41a9 -> 
  custom:scripting/monoscript/fileName/EnvirData_yandexPlatform.cs: f24044aced27dadaa5f6f6a76e01f239 -> 
  custom:video-encoder-webm-vp8: eb34c28f22e8b96e1ab97ce403110664 -> 
  custom:audio-decoder-ogg-vorbis: bf7c407c2cedff20999df2af8eb42d56 -> 
  custom:audio-encoder-webm-vorbis: bf7c407c2cedff20999df2af8eb42d56 -> 
  custom:scripting/precompiled-assembly-types:Assembly-CSharp-Editor: 71f3420967b037f8ff02a018ff7ef66c -> ddefecc5e32c82550f9b70692fb0a631
  custom:scripting/precompiled-assembly-types:Assembly-CSharp: 9d83c6f335acdc1c20782c4c43f629ad -> 487e516f97377eda8305839caa2d70fb
========================================================================
Received Prepare
Caller must complete domain reload
Begin MonoManager ReloadAssembly
Symbol file LoadedFromMemory is not a mono symbol file
- Loaded All Assemblies, in  0.929 seconds
Native extension for WindowsStandalone target not found
Native extension for iOS target not found
Native extension for Android target not found
Native extension for WebGL target not found
Asset Pipeline Refresh (id=e7fe25330201d69438007df1e8f516dc): Total: 0.000 seconds - Initiated by StopAssetImportingV2(NoUpdateAssetOptions)
[ScriptCompilation] NOT recompiling all scripts because this is an import worker process. Reason to compile was: Define symbols changed
[ScriptCompilation] NOT recompiling all scripts because this is an import worker process. Reason to compile was: Define symbols changed
Mono: successfully reloaded assembly
- Finished resetting the current domain, in  1.362 seconds
Domain Reload Profiling: 2288ms
	BeginReloadAssembly (467ms)
		ExecutionOrderSort (0ms)
		DisableScriptedObjects (7ms)
		BackupInstance (0ms)
		ReleaseScriptingObjects (0ms)
		CreateAndSetChildDomain (37ms)
	RebuildCommonClasses (37ms)
	RebuildNativeTypeToScriptingClass (18ms)
	initialDomainReloadingComplete (34ms)
	LoadAllAssembliesAndSetupDomain (369ms)
		LoadAssemblies (397ms)
		RebuildTransferFunctionScriptingTraits (0ms)
		AnalyzeDomain (61ms)
			TypeCache.Refresh (26ms)
				TypeCache.ScanAssembly (9ms)
			ScanForSourceGeneratedMonoScriptInfo (23ms)
			ResolveRequiredComponents (11ms)
	FinalizeReload (1363ms)
		ReleaseScriptCaches (0ms)
		RebuildScriptCaches (0ms)
		SetupLoadedEditorAssemblies (681ms)
			LogAssemblyErrors (0ms)
			InitializePlatformSupportModulesInManaged (37ms)
			SetLoadedEditorAssemblies (5ms)
			RefreshPlugins (0ms)
			BeforeProcessingInitializeOnLoad (91ms)
			ProcessInitializeOnLoadAttributes (341ms)
			ProcessInitializeOnLoadMethodAttributes (198ms)
			AfterProcessingInitializeOnLoad (10ms)
			EditorAssembliesLoaded (0ms)
		ExecutionOrderSort2 (0ms)
		AwakeInstancesAfterBackupRestoration (10ms)
Refreshing native plugins compatible for Editor in 10.75 ms, found 2 plugins.
Preloading 0 native plugins for Editor in 0.00 ms.
Unloading 3840 Unused Serialized files (Serialized files now loaded: 0)
Unloading 16 unused Assets / (27.6 KB). Loaded Objects now: 4517.
Memory consumption went from 140.0 MB to 139.9 MB.
Total: 8.412400 ms (FindLiveObjects: 0.313400 ms CreateObjectMapping: 0.296500 ms MarkObjects: 7.755200 ms  DeleteObjects: 0.046200 ms)

Prepare: number of updated asset objects reloaded= 0
AssetImportParameters requested are different than current active one (requested -> active):
  custom:container-demuxer-ogg: 62fdf1f143b41e24485cea50d1cbac27 -> 
  custom:video-decoder-ogg-theora: a1e56fd34408186e4bbccfd4996cb3dc -> 
  custom:framework-win-MediaFoundation: 216162199b28c13a410421893ffa2e32 -> 
  custom:CustomObjectIndexerAttribute: 9a22284fe3817be447336de3de66b15e -> 
  custom:scripting/monoscript/fileName/GetEnvirData.cs: 606691644bdf7ecd10bb4ebc495c19c8 -> 
  custom:scripting/monoscript/fileName/EnvirData_build.cs: f736887ffe20da6261346a3c69102d4a -> 
  custom:scripting/monoscript/fileName/EnvirData_yg.cs: 3bb54dc4b67a3b540b92ca7af113e256 -> 
  custom:container-demuxer-webm: 4f35f7cbe854078d1ac9338744f61a02 -> 
  custom:container-muxer-webm: aa71ff27fc2769a1b78a27578f13a17b -> 
  custom:video-decoder-webm-vp8: 9c59270c3fd7afecdb556c50c9e8de78 -> 
  custom:SearchIndexIgnoredProperties: e643bd26f0fe6173181afceb89e7c659 -> 
  custom:AudioImporter_EditorPlatform: d09bf68614088b80899f8185d706f6e7 -> 
  custom:scripting/monoscript/fileName/KeyPressAnimation.cs: fc9b01ea31c12afb286dc2cd37a6e098 -> 
  custom:scripting/monoscript/fileName/EnvirData_interface.cs: 15db51baa12205348d10443220bc41a9 -> 
  custom:scripting/monoscript/fileName/EnvirData_yandexPlatform.cs: f24044aced27dadaa5f6f6a76e01f239 -> 
  custom:video-encoder-webm-vp8: eb34c28f22e8b96e1ab97ce403110664 -> 
  custom:audio-decoder-ogg-vorbis: bf7c407c2cedff20999df2af8eb42d56 -> 
  custom:audio-encoder-webm-vorbis: bf7c407c2cedff20999df2af8eb42d56 -> 
  custom:scripting/precompiled-assembly-types:Assembly-CSharp-Editor: 71f3420967b037f8ff02a018ff7ef66c -> ddefecc5e32c82550f9b70692fb0a631
  custom:scripting/precompiled-assembly-types:Assembly-CSharp: 9d83c6f335acdc1c20782c4c43f629ad -> 487e516f97377eda8305839caa2d70fb
========================================================================
Received Prepare
Caller must complete domain reload
Begin MonoManager ReloadAssembly
Symbol file LoadedFromMemory is not a mono symbol file
- Loaded All Assemblies, in  0.798 seconds
Native extension for WindowsStandalone target not found
Native extension for iOS target not found
Native extension for Android target not found
Native extension for WebGL target not found
Asset Pipeline Refresh (id=4488be8554a369c4ea9b8814f8d44946): Total: 0.000 seconds - Initiated by StopAssetImportingV2(NoUpdateAssetOptions)
[ScriptCompilation] NOT recompiling all scripts because this is an import worker process. Reason to compile was: Define symbols changed
[ScriptCompilation] NOT recompiling all scripts because this is an import worker process. Reason to compile was: Define symbols changed
Mono: successfully reloaded assembly
- Finished resetting the current domain, in  1.527 seconds
Domain Reload Profiling: 2324ms
	BeginReloadAssembly (437ms)
		ExecutionOrderSort (0ms)
		DisableScriptedObjects (8ms)
		BackupInstance (0ms)
		ReleaseScriptingObjects (0ms)
		CreateAndSetChildDomain (34ms)
	RebuildCommonClasses (43ms)
	RebuildNativeTypeToScriptingClass (12ms)
	initialDomainReloadingComplete (40ms)
	LoadAllAssembliesAndSetupDomain (265ms)
		LoadAssemblies (333ms)
		RebuildTransferFunctionScriptingTraits (0ms)
		AnalyzeDomain (14ms)
			TypeCache.Refresh (6ms)
				TypeCache.ScanAssembly (0ms)
			ScanForSourceGeneratedMonoScriptInfo (0ms)
			ResolveRequiredComponents (7ms)
	FinalizeReload (1528ms)
		ReleaseScriptCaches (0ms)
		RebuildScriptCaches (0ms)
		SetupLoadedEditorAssemblies (962ms)
			LogAssemblyErrors (0ms)
			InitializePlatformSupportModulesInManaged (41ms)
			SetLoadedEditorAssemblies (5ms)
			RefreshPlugins (0ms)
			BeforeProcessingInitializeOnLoad (113ms)
			ProcessInitializeOnLoadAttributes (548ms)
			ProcessInitializeOnLoadMethodAttributes (245ms)
			AfterProcessingInitializeOnLoad (9ms)
			EditorAssembliesLoaded (0ms)
		ExecutionOrderSort2 (0ms)
		AwakeInstancesAfterBackupRestoration (12ms)
Refreshing native plugins compatible for Editor in 15.42 ms, found 2 plugins.
Preloading 0 native plugins for Editor in 0.00 ms.
Unloading 3840 Unused Serialized files (Serialized files now loaded: 0)
Unloading 16 unused Assets / (27.5 KB). Loaded Objects now: 4520.
Memory consumption went from 140.0 MB to 139.9 MB.
Total: 11.608600 ms (FindLiveObjects: 0.350400 ms CreateObjectMapping: 0.377100 ms MarkObjects: 10.819700 ms  DeleteObjects: 0.060100 ms)

Prepare: number of updated asset objects reloaded= 0
AssetImportParameters requested are different than current active one (requested -> active):
  custom:container-demuxer-ogg: 62fdf1f143b41e24485cea50d1cbac27 -> 
  custom:video-decoder-ogg-theora: a1e56fd34408186e4bbccfd4996cb3dc -> 
  custom:framework-win-MediaFoundation: 216162199b28c13a410421893ffa2e32 -> 
  custom:CustomObjectIndexerAttribute: 9a22284fe3817be447336de3de66b15e -> 
  custom:scripting/monoscript/fileName/GetEnvirData.cs: 606691644bdf7ecd10bb4ebc495c19c8 -> 
  custom:scripting/monoscript/fileName/EnvirData_build.cs: f736887ffe20da6261346a3c69102d4a -> 
  custom:scripting/monoscript/fileName/EnvirData_yg.cs: 3bb54dc4b67a3b540b92ca7af113e256 -> 
  custom:container-demuxer-webm: 4f35f7cbe854078d1ac9338744f61a02 -> 
  custom:container-muxer-webm: aa71ff27fc2769a1b78a27578f13a17b -> 
  custom:video-decoder-webm-vp8: 9c59270c3fd7afecdb556c50c9e8de78 -> 
  custom:SearchIndexIgnoredProperties: e643bd26f0fe6173181afceb89e7c659 -> 
  custom:AudioImporter_EditorPlatform: d09bf68614088b80899f8185d706f6e7 -> 
  custom:scripting/monoscript/fileName/KeyPressAnimation.cs: fc9b01ea31c12afb286dc2cd37a6e098 -> 
  custom:scripting/monoscript/fileName/EnvirData_interface.cs: 15db51baa12205348d10443220bc41a9 -> 
  custom:scripting/monoscript/fileName/EnvirData_yandexPlatform.cs: f24044aced27dadaa5f6f6a76e01f239 -> 
  custom:video-encoder-webm-vp8: eb34c28f22e8b96e1ab97ce403110664 -> 
  custom:audio-decoder-ogg-vorbis: bf7c407c2cedff20999df2af8eb42d56 -> 
  custom:audio-encoder-webm-vorbis: bf7c407c2cedff20999df2af8eb42d56 -> 
  custom:scripting/precompiled-assembly-types:Assembly-CSharp-Editor: 71f3420967b037f8ff02a018ff7ef66c -> ddefecc5e32c82550f9b70692fb0a631
  custom:scripting/precompiled-assembly-types:Assembly-CSharp: 9d83c6f335acdc1c20782c4c43f629ad -> 487e516f97377eda8305839caa2d70fb
========================================================================
Received Prepare
Caller must complete domain reload
Begin MonoManager ReloadAssembly
Symbol file LoadedFromMemory is not a mono symbol file
- Loaded All Assemblies, in  0.868 seconds
Native extension for WindowsStandalone target not found
Native extension for iOS target not found
Native extension for Android target not found
Native extension for WebGL target not found
Asset Pipeline Refresh (id=11aacad147ab9b945b3ed7151cdb2dab): Total: 0.000 seconds - Initiated by StopAssetImportingV2(NoUpdateAssetOptions)
[ScriptCompilation] NOT recompiling all scripts because this is an import worker process. Reason to compile was: Define symbols changed
[ScriptCompilation] NOT recompiling all scripts because this is an import worker process. Reason to compile was: Define symbols changed
Mono: successfully reloaded assembly
- Finished resetting the current domain, in  1.784 seconds
Domain Reload Profiling: 2652ms
	BeginReloadAssembly (499ms)
		ExecutionOrderSort (0ms)
		DisableScriptedObjects (9ms)
		BackupInstance (0ms)
		ReleaseScriptingObjects (0ms)
		CreateAndSetChildDomain (35ms)
	RebuildCommonClasses (39ms)
	RebuildNativeTypeToScriptingClass (16ms)
	initialDomainReloadingComplete (39ms)
	LoadAllAssembliesAndSetupDomain (273ms)
		LoadAssemblies (359ms)
		RebuildTransferFunctionScriptingTraits (0ms)
		AnalyzeDomain (13ms)
			TypeCache.Refresh (6ms)
				TypeCache.ScanAssembly (0ms)
			ScanForSourceGeneratedMonoScriptInfo (0ms)
			ResolveRequiredComponents (6ms)
	FinalizeReload (1785ms)
		ReleaseScriptCaches (0ms)
		RebuildScriptCaches (0ms)
		SetupLoadedEditorAssemblies (1101ms)
			LogAssemblyErrors (0ms)
			InitializePlatformSupportModulesInManaged (37ms)
			SetLoadedEditorAssemblies (5ms)
			RefreshPlugins (0ms)
			BeforeProcessingInitializeOnLoad (100ms)
			ProcessInitializeOnLoadAttributes (576ms)
			ProcessInitializeOnLoadMethodAttributes (366ms)
			AfterProcessingInitializeOnLoad (16ms)
			EditorAssembliesLoaded (1ms)
		ExecutionOrderSort2 (0ms)
		AwakeInstancesAfterBackupRestoration (21ms)
Refreshing native plugins compatible for Editor in 26.82 ms, found 2 plugins.
Preloading 0 native plugins for Editor in 0.00 ms.
Unloading 3840 Unused Serialized files (Serialized files now loaded: 0)
Unloading 16 unused Assets / (27.5 KB). Loaded Objects now: 4523.
Memory consumption went from 140.0 MB to 139.9 MB.
Total: 16.181300 ms (FindLiveObjects: 0.741300 ms CreateObjectMapping: 0.493000 ms MarkObjects: 14.872300 ms  DeleteObjects: 0.072700 ms)

Prepare: number of updated asset objects reloaded= 0
AssetImportParameters requested are different than current active one (requested -> active):
  custom:container-demuxer-ogg: 62fdf1f143b41e24485cea50d1cbac27 -> 
  custom:video-decoder-ogg-theora: a1e56fd34408186e4bbccfd4996cb3dc -> 
  custom:framework-win-MediaFoundation: 216162199b28c13a410421893ffa2e32 -> 
  custom:CustomObjectIndexerAttribute: 9a22284fe3817be447336de3de66b15e -> 
  custom:scripting/monoscript/fileName/GetEnvirData.cs: 606691644bdf7ecd10bb4ebc495c19c8 -> 
  custom:scripting/monoscript/fileName/EnvirData_build.cs: f736887ffe20da6261346a3c69102d4a -> 
  custom:scripting/monoscript/fileName/EnvirData_yg.cs: 3bb54dc4b67a3b540b92ca7af113e256 -> 
  custom:container-demuxer-webm: 4f35f7cbe854078d1ac9338744f61a02 -> 
  custom:container-muxer-webm: aa71ff27fc2769a1b78a27578f13a17b -> 
  custom:video-decoder-webm-vp8: 9c59270c3fd7afecdb556c50c9e8de78 -> 
  custom:SearchIndexIgnoredProperties: e643bd26f0fe6173181afceb89e7c659 -> 
  custom:AudioImporter_EditorPlatform: d09bf68614088b80899f8185d706f6e7 -> 
  custom:scripting/monoscript/fileName/KeyPressAnimation.cs: fc9b01ea31c12afb286dc2cd37a6e098 -> 
  custom:scripting/monoscript/fileName/EnvirData_interface.cs: 15db51baa12205348d10443220bc41a9 -> 
  custom:scripting/monoscript/fileName/EnvirData_yandexPlatform.cs: f24044aced27dadaa5f6f6a76e01f239 -> 
  custom:video-encoder-webm-vp8: eb34c28f22e8b96e1ab97ce403110664 -> 
  custom:audio-decoder-ogg-vorbis: bf7c407c2cedff20999df2af8eb42d56 -> 
  custom:audio-encoder-webm-vorbis: bf7c407c2cedff20999df2af8eb42d56 -> 
  custom:scripting/precompiled-assembly-types:Assembly-CSharp-Editor: 71f3420967b037f8ff02a018ff7ef66c -> ddefecc5e32c82550f9b70692fb0a631
  custom:scripting/precompiled-assembly-types:Assembly-CSharp: 9d83c6f335acdc1c20782c4c43f629ad -> 487e516f97377eda8305839caa2d70fb
========================================================================
Received Prepare
Caller must complete domain reload
Begin MonoManager ReloadAssembly
Symbol file LoadedFromMemory is not a mono symbol file
- Loaded All Assemblies, in  1.577 seconds
Native extension for WindowsStandalone target not found
Native extension for iOS target not found
Native extension for Android target not found
Native extension for WebGL target not found
Asset Pipeline Refresh (id=ea0b6161b8a05f24491937225c1c7671): Total: 0.000 seconds - Initiated by StopAssetImportingV2(NoUpdateAssetOptions)
[ScriptCompilation] NOT recompiling all scripts because this is an import worker process. Reason to compile was: Define symbols changed
[ScriptCompilation] NOT recompiling all scripts because this is an import worker process. Reason to compile was: Define symbols changed
Mono: successfully reloaded assembly
- Finished resetting the current domain, in  1.875 seconds
Domain Reload Profiling: 3448ms
	BeginReloadAssembly (774ms)
		ExecutionOrderSort (0ms)
		DisableScriptedObjects (10ms)
		BackupInstance (0ms)
		ReleaseScriptingObjects (0ms)
		CreateAndSetChildDomain (72ms)
	RebuildCommonClasses (74ms)
	RebuildNativeTypeToScriptingClass (29ms)
	initialDomainReloadingComplete (76ms)
	LoadAllAssembliesAndSetupDomain (620ms)
		LoadAssemblies (725ms)
		RebuildTransferFunctionScriptingTraits (0ms)
		AnalyzeDomain (59ms)
			TypeCache.Refresh (21ms)
				TypeCache.ScanAssembly (6ms)
			ScanForSourceGeneratedMonoScriptInfo (23ms)
			ResolveRequiredComponents (13ms)
	FinalizeReload (1875ms)
		ReleaseScriptCaches (0ms)
		RebuildScriptCaches (0ms)
		SetupLoadedEditorAssemblies (1089ms)
			LogAssemblyErrors (0ms)
			InitializePlatformSupportModulesInManaged (52ms)
			SetLoadedEditorAssemblies (7ms)
			RefreshPlugins (0ms)
			BeforeProcessingInitializeOnLoad (131ms)
			ProcessInitializeOnLoadAttributes (600ms)
			ProcessInitializeOnLoadMethodAttributes (289ms)
			AfterProcessingInitializeOnLoad (10ms)
			EditorAssembliesLoaded (0ms)
		ExecutionOrderSort2 (0ms)
		AwakeInstancesAfterBackupRestoration (13ms)
Refreshing native plugins compatible for Editor in 15.10 ms, found 2 plugins.
Preloading 0 native plugins for Editor in 0.00 ms.
Unloading 3840 Unused Serialized files (Serialized files now loaded: 0)
Unloading 16 unused Assets / (27.6 KB). Loaded Objects now: 4526.
Memory consumption went from 140.0 MB to 139.9 MB.
Total: 14.140500 ms (FindLiveObjects: 0.509300 ms CreateObjectMapping: 0.472900 ms MarkObjects: 13.103900 ms  DeleteObjects: 0.052300 ms)

Prepare: number of updated asset objects reloaded= 0
AssetImportParameters requested are different than current active one (requested -> active):
  custom:container-demuxer-ogg: 62fdf1f143b41e24485cea50d1cbac27 -> 
  custom:video-decoder-ogg-theora: a1e56fd34408186e4bbccfd4996cb3dc -> 
  custom:framework-win-MediaFoundation: 216162199b28c13a410421893ffa2e32 -> 
  custom:CustomObjectIndexerAttribute: 9a22284fe3817be447336de3de66b15e -> 
  custom:scripting/monoscript/fileName/GetEnvirData.cs: 606691644bdf7ecd10bb4ebc495c19c8 -> 
  custom:scripting/monoscript/fileName/EnvirData_build.cs: f736887ffe20da6261346a3c69102d4a -> 
  custom:scripting/monoscript/fileName/EnvirData_yg.cs: 3bb54dc4b67a3b540b92ca7af113e256 -> 
  custom:container-demuxer-webm: 4f35f7cbe854078d1ac9338744f61a02 -> 
  custom:container-muxer-webm: aa71ff27fc2769a1b78a27578f13a17b -> 
  custom:video-decoder-webm-vp8: 9c59270c3fd7afecdb556c50c9e8de78 -> 
  custom:SearchIndexIgnoredProperties: e643bd26f0fe6173181afceb89e7c659 -> 
  custom:AudioImporter_EditorPlatform: d09bf68614088b80899f8185d706f6e7 -> 
  custom:scripting/monoscript/fileName/KeyPressAnimation.cs: fc9b01ea31c12afb286dc2cd37a6e098 -> 
  custom:scripting/monoscript/fileName/EnvirData_interface.cs: 15db51baa12205348d10443220bc41a9 -> 
  custom:scripting/monoscript/fileName/EnvirData_yandexPlatform.cs: f24044aced27dadaa5f6f6a76e01f239 -> 
  custom:video-encoder-webm-vp8: eb34c28f22e8b96e1ab97ce403110664 -> 
  custom:audio-decoder-ogg-vorbis: bf7c407c2cedff20999df2af8eb42d56 -> 
  custom:audio-encoder-webm-vorbis: bf7c407c2cedff20999df2af8eb42d56 -> 
  custom:scripting/precompiled-assembly-types:Assembly-CSharp-Editor: 71f3420967b037f8ff02a018ff7ef66c -> ddefecc5e32c82550f9b70692fb0a631
  custom:scripting/precompiled-assembly-types:Assembly-CSharp: 9d83c6f335acdc1c20782c4c43f629ad -> 487e516f97377eda8305839caa2d70fb
========================================================================
Received Import Request.
  Time since last request: 1809.111319 seconds.
  path: Assets/Prefabs/NewPrefabs/PanelSettings.prefab
  artifactKey: Guid(60acb927f160b11419cf4c3437242aa2) Importer(815301076,1909f56bfc062723c751e8b465ee728b)
Start importing Assets/Prefabs/NewPrefabs/PanelSettings.prefab using Guid(60acb927f160b11419cf4c3437242aa2) Importer(815301076,1909f56bfc062723c751e8b465ee728b) [PhysX] Initialized MultithreadedTaskDispatcher with 8 workers.
 -> (artifact id: 'e018dd512c8b6fde3602262d761d11df') in 0.341672 seconds
Number of updated asset objects reloaded before import = 0
Number of asset objects unloaded after import = 154
========================================================================
Received Prepare
Caller must complete domain reload
Begin MonoManager ReloadAssembly
Symbol file LoadedFromMemory is not a mono symbol file
- Loaded All Assemblies, in  0.937 seconds
Native extension for WindowsStandalone target not found
Native extension for iOS target not found
Native extension for Android target not found
Native extension for WebGL target not found
Asset Pipeline Refresh (id=cccc0774d026b7841822ebfb7f84bdda): Total: 0.000 seconds - Initiated by StopAssetImportingV2(NoUpdateAssetOptions)
[ScriptCompilation] NOT recompiling all scripts because this is an import worker process. Reason to compile was: Define symbols changed
[ScriptCompilation] NOT recompiling all scripts because this is an import worker process. Reason to compile was: Define symbols changed
Mono: successfully reloaded assembly
- Finished resetting the current domain, in  1.685 seconds
Domain Reload Profiling: 2622ms
	BeginReloadAssembly (514ms)
		ExecutionOrderSort (0ms)
		DisableScriptedObjects (10ms)
		BackupInstance (0ms)
		ReleaseScriptingObjects (0ms)
		CreateAndSetChildDomain (45ms)
	RebuildCommonClasses (54ms)
	RebuildNativeTypeToScriptingClass (15ms)
	initialDomainReloadingComplete (33ms)
	LoadAllAssembliesAndSetupDomain (320ms)
		LoadAssemblies (379ms)
		RebuildTransferFunctionScriptingTraits (0ms)
		AnalyzeDomain (39ms)
			TypeCache.Refresh (15ms)
				TypeCache.ScanAssembly (4ms)
			ScanForSourceGeneratedMonoScriptInfo (18ms)
			ResolveRequiredComponents (6ms)
	FinalizeReload (1687ms)
		ReleaseScriptCaches (0ms)
		RebuildScriptCaches (0ms)
		SetupLoadedEditorAssemblies (893ms)
			LogAssemblyErrors (0ms)
			InitializePlatformSupportModulesInManaged (34ms)
			SetLoadedEditorAssemblies (4ms)
			RefreshPlugins (0ms)
			BeforeProcessingInitializeOnLoad (90ms)
			ProcessInitializeOnLoadAttributes (463ms)
			ProcessInitializeOnLoadMethodAttributes (285ms)
			AfterProcessingInitializeOnLoad (17ms)
			EditorAssembliesLoaded (1ms)
		ExecutionOrderSort2 (0ms)
		AwakeInstancesAfterBackupRestoration (20ms)
Refreshing native plugins compatible for Editor in 16.94 ms, found 2 plugins.
Preloading 0 native plugins for Editor in 0.00 ms.
Unloading 3839 Unused Serialized files (Serialized files now loaded: 0)
Unloading 18 unused Assets / (29.1 KB). Loaded Objects now: 4529.
Memory consumption went from 139.7 MB to 139.7 MB.
Total: 8.196200 ms (FindLiveObjects: 0.365100 ms CreateObjectMapping: 0.315600 ms MarkObjects: 7.453800 ms  DeleteObjects: 0.060800 ms)

Prepare: number of updated asset objects reloaded= 0
AssetImportParameters requested are different than current active one (requested -> active):
  custom:container-demuxer-ogg: 62fdf1f143b41e24485cea50d1cbac27 -> 
  custom:video-decoder-ogg-theora: a1e56fd34408186e4bbccfd4996cb3dc -> 
  custom:framework-win-MediaFoundation: 216162199b28c13a410421893ffa2e32 -> 
  custom:CustomObjectIndexerAttribute: 9a22284fe3817be447336de3de66b15e -> 
  custom:scripting/monoscript/fileName/GetEnvirData.cs: 606691644bdf7ecd10bb4ebc495c19c8 -> 
  custom:scripting/monoscript/fileName/EnvirData_build.cs: f736887ffe20da6261346a3c69102d4a -> 
  custom:scripting/monoscript/fileName/EnvirData_yg.cs: 3bb54dc4b67a3b540b92ca7af113e256 -> 
  custom:container-demuxer-webm: 4f35f7cbe854078d1ac9338744f61a02 -> 
  custom:container-muxer-webm: aa71ff27fc2769a1b78a27578f13a17b -> 
  custom:video-decoder-webm-vp8: 9c59270c3fd7afecdb556c50c9e8de78 -> 
  custom:SearchIndexIgnoredProperties: e643bd26f0fe6173181afceb89e7c659 -> 
  custom:AudioImporter_EditorPlatform: d09bf68614088b80899f8185d706f6e7 -> 
  custom:scripting/monoscript/fileName/KeyPressAnimation.cs: fc9b01ea31c12afb286dc2cd37a6e098 -> 
  custom:scripting/monoscript/fileName/EnvirData_interface.cs: 15db51baa12205348d10443220bc41a9 -> 
  custom:scripting/monoscript/fileName/EnvirData_yandexPlatform.cs: f24044aced27dadaa5f6f6a76e01f239 -> 
  custom:video-encoder-webm-vp8: eb34c28f22e8b96e1ab97ce403110664 -> 
  custom:audio-decoder-ogg-vorbis: bf7c407c2cedff20999df2af8eb42d56 -> 
  custom:audio-encoder-webm-vorbis: bf7c407c2cedff20999df2af8eb42d56 -> 
  custom:scripting/precompiled-assembly-types:Assembly-CSharp-Editor: 71f3420967b037f8ff02a018ff7ef66c -> ddefecc5e32c82550f9b70692fb0a631
  custom:scripting/precompiled-assembly-types:Assembly-CSharp: 2a2f6e1c7c252bd4014e340a166c73e5 -> 487e516f97377eda8305839caa2d70fb
========================================================================
Received Prepare
Caller must complete domain reload
Begin MonoManager ReloadAssembly
Symbol file LoadedFromMemory is not a mono symbol file
- Loaded All Assemblies, in  0.904 seconds
Native extension for WindowsStandalone target not found
Native extension for iOS target not found
Native extension for Android target not found
Native extension for WebGL target not found
Asset Pipeline Refresh (id=8670384d70609374caec73b6ddf25845): Total: 0.000 seconds - Initiated by StopAssetImportingV2(NoUpdateAssetOptions)
[ScriptCompilation] NOT recompiling all scripts because this is an import worker process. Reason to compile was: Define symbols changed
[ScriptCompilation] NOT recompiling all scripts because this is an import worker process. Reason to compile was: Define symbols changed
Mono: successfully reloaded assembly
- Finished resetting the current domain, in  2.749 seconds
Domain Reload Profiling: 3652ms
	BeginReloadAssembly (508ms)
		ExecutionOrderSort (0ms)
		DisableScriptedObjects (11ms)
		BackupInstance (0ms)
		ReleaseScriptingObjects (0ms)
		CreateAndSetChildDomain (49ms)
	RebuildCommonClasses (42ms)
	RebuildNativeTypeToScriptingClass (13ms)
	initialDomainReloadingComplete (30ms)
	LoadAllAssembliesAndSetupDomain (309ms)
		LoadAssemblies (400ms)
		RebuildTransferFunctionScriptingTraits (0ms)
		AnalyzeDomain (13ms)
			TypeCache.Refresh (6ms)
				TypeCache.ScanAssembly (0ms)
			ScanForSourceGeneratedMonoScriptInfo (0ms)
			ResolveRequiredComponents (6ms)
	FinalizeReload (2750ms)
		ReleaseScriptCaches (0ms)
		RebuildScriptCaches (0ms)
		SetupLoadedEditorAssemblies (2012ms)
			LogAssemblyErrors (0ms)
			InitializePlatformSupportModulesInManaged (68ms)
			SetLoadedEditorAssemblies (10ms)
			RefreshPlugins (0ms)
			BeforeProcessingInitializeOnLoad (149ms)
			ProcessInitializeOnLoadAttributes (1331ms)
			ProcessInitializeOnLoadMethodAttributes (444ms)
			AfterProcessingInitializeOnLoad (11ms)
			EditorAssembliesLoaded (0ms)
		ExecutionOrderSort2 (0ms)
		AwakeInstancesAfterBackupRestoration (16ms)
Refreshing native plugins compatible for Editor in 21.14 ms, found 2 plugins.
Preloading 0 native plugins for Editor in 0.00 ms.
Unloading 3840 Unused Serialized files (Serialized files now loaded: 0)
Unloading 16 unused Assets / (27.7 KB). Loaded Objects now: 4532.
Memory consumption went from 140.0 MB to 139.9 MB.
Total: 16.701700 ms (FindLiveObjects: 0.603000 ms CreateObjectMapping: 0.520100 ms MarkObjects: 15.484000 ms  DeleteObjects: 0.092300 ms)

Prepare: number of updated asset objects reloaded= 0
AssetImportParameters requested are different than current active one (requested -> active):
  custom:container-demuxer-ogg: 62fdf1f143b41e24485cea50d1cbac27 -> 
  custom:video-decoder-ogg-theora: a1e56fd34408186e4bbccfd4996cb3dc -> 
  custom:framework-win-MediaFoundation: 216162199b28c13a410421893ffa2e32 -> 
  custom:CustomObjectIndexerAttribute: 9a22284fe3817be447336de3de66b15e -> 
  custom:scripting/monoscript/fileName/GetEnvirData.cs: 606691644bdf7ecd10bb4ebc495c19c8 -> 
  custom:scripting/monoscript/fileName/EnvirData_build.cs: f736887ffe20da6261346a3c69102d4a -> 
  custom:scripting/monoscript/fileName/EnvirData_yg.cs: 3bb54dc4b67a3b540b92ca7af113e256 -> 
  custom:container-demuxer-webm: 4f35f7cbe854078d1ac9338744f61a02 -> 
  custom:container-muxer-webm: aa71ff27fc2769a1b78a27578f13a17b -> 
  custom:video-decoder-webm-vp8: 9c59270c3fd7afecdb556c50c9e8de78 -> 
  custom:SearchIndexIgnoredProperties: e643bd26f0fe6173181afceb89e7c659 -> 
  custom:AudioImporter_EditorPlatform: d09bf68614088b80899f8185d706f6e7 -> 
  custom:scripting/monoscript/fileName/KeyPressAnimation.cs: fc9b01ea31c12afb286dc2cd37a6e098 -> 
  custom:scripting/monoscript/fileName/EnvirData_interface.cs: 15db51baa12205348d10443220bc41a9 -> 
  custom:scripting/monoscript/fileName/EnvirData_yandexPlatform.cs: f24044aced27dadaa5f6f6a76e01f239 -> 
  custom:video-encoder-webm-vp8: eb34c28f22e8b96e1ab97ce403110664 -> 
  custom:audio-decoder-ogg-vorbis: bf7c407c2cedff20999df2af8eb42d56 -> 
  custom:audio-encoder-webm-vorbis: bf7c407c2cedff20999df2af8eb42d56 -> 
  custom:scripting/precompiled-assembly-types:Assembly-CSharp-Editor: 71f3420967b037f8ff02a018ff7ef66c -> ddefecc5e32c82550f9b70692fb0a631
  custom:scripting/precompiled-assembly-types:Assembly-CSharp: 2a2f6e1c7c252bd4014e340a166c73e5 -> 487e516f97377eda8305839caa2d70fb
========================================================================
Received Prepare
Caller must complete domain reload
Begin MonoManager ReloadAssembly
Symbol file LoadedFromMemory is not a mono symbol file
- Loaded All Assemblies, in  0.897 seconds
Native extension for WindowsStandalone target not found
Native extension for iOS target not found
Native extension for Android target not found
Native extension for WebGL target not found
Asset Pipeline Refresh (id=8dc3a04bde42f7446b43076fa5d0c2f9): Total: 0.000 seconds - Initiated by StopAssetImportingV2(NoUpdateAssetOptions)
[ScriptCompilation] NOT recompiling all scripts because this is an import worker process. Reason to compile was: Define symbols changed
[ScriptCompilation] NOT recompiling all scripts because this is an import worker process. Reason to compile was: Define symbols changed
Mono: successfully reloaded assembly
- Finished resetting the current domain, in  1.410 seconds
Domain Reload Profiling: 2306ms
	BeginReloadAssembly (495ms)
		ExecutionOrderSort (0ms)
		DisableScriptedObjects (7ms)
		BackupInstance (0ms)
		ReleaseScriptingObjects (0ms)
		CreateAndSetChildDomain (41ms)
	RebuildCommonClasses (38ms)
	RebuildNativeTypeToScriptingClass (12ms)
	initialDomainReloadingComplete (32ms)
	LoadAllAssembliesAndSetupDomain (318ms)
		LoadAssemblies (378ms)
		RebuildTransferFunctionScriptingTraits (0ms)
		AnalyzeDomain (53ms)
			TypeCache.Refresh (18ms)
				TypeCache.ScanAssembly (4ms)
			ScanForSourceGeneratedMonoScriptInfo (23ms)
			ResolveRequiredComponents (11ms)
	FinalizeReload (1410ms)
		ReleaseScriptCaches (0ms)
		RebuildScriptCaches (0ms)
		SetupLoadedEditorAssemblies (716ms)
			LogAssemblyErrors (0ms)
			InitializePlatformSupportModulesInManaged (29ms)
			SetLoadedEditorAssemblies (3ms)
			RefreshPlugins (0ms)
			BeforeProcessingInitializeOnLoad (73ms)
			ProcessInitializeOnLoadAttributes (407ms)
			ProcessInitializeOnLoadMethodAttributes (196ms)
			AfterProcessingInitializeOnLoad (7ms)
			EditorAssembliesLoaded (0ms)
		ExecutionOrderSort2 (0ms)
		AwakeInstancesAfterBackupRestoration (10ms)
Refreshing native plugins compatible for Editor in 25.78 ms, found 2 plugins.
Preloading 0 native plugins for Editor in 0.00 ms.
Unloading 3840 Unused Serialized files (Serialized files now loaded: 0)
Unloading 16 unused Assets / (27.5 KB). Loaded Objects now: 4535.
Memory consumption went from 140.0 MB to 139.9 MB.
Total: 7.648000 ms (FindLiveObjects: 0.331300 ms CreateObjectMapping: 0.351000 ms MarkObjects: 6.915600 ms  DeleteObjects: 0.049000 ms)

Prepare: number of updated asset objects reloaded= 0
AssetImportParameters requested are different than current active one (requested -> active):
  custom:container-demuxer-ogg: 62fdf1f143b41e24485cea50d1cbac27 -> 
  custom:video-decoder-ogg-theora: a1e56fd34408186e4bbccfd4996cb3dc -> 
  custom:framework-win-MediaFoundation: 216162199b28c13a410421893ffa2e32 -> 
  custom:CustomObjectIndexerAttribute: 9a22284fe3817be447336de3de66b15e -> 
  custom:scripting/monoscript/fileName/GetEnvirData.cs: 606691644bdf7ecd10bb4ebc495c19c8 -> 
  custom:scripting/monoscript/fileName/EnvirData_build.cs: f736887ffe20da6261346a3c69102d4a -> 
  custom:scripting/monoscript/fileName/EnvirData_yg.cs: 3bb54dc4b67a3b540b92ca7af113e256 -> 
  custom:container-demuxer-webm: 4f35f7cbe854078d1ac9338744f61a02 -> 
  custom:container-muxer-webm: aa71ff27fc2769a1b78a27578f13a17b -> 
  custom:video-decoder-webm-vp8: 9c59270c3fd7afecdb556c50c9e8de78 -> 
  custom:SearchIndexIgnoredProperties: e643bd26f0fe6173181afceb89e7c659 -> 
  custom:AudioImporter_EditorPlatform: d09bf68614088b80899f8185d706f6e7 -> 
  custom:scripting/monoscript/fileName/KeyPressAnimation.cs: fc9b01ea31c12afb286dc2cd37a6e098 -> 
  custom:scripting/monoscript/fileName/EnvirData_interface.cs: 15db51baa12205348d10443220bc41a9 -> 
  custom:scripting/monoscript/fileName/EnvirData_yandexPlatform.cs: f24044aced27dadaa5f6f6a76e01f239 -> 
  custom:video-encoder-webm-vp8: eb34c28f22e8b96e1ab97ce403110664 -> 
  custom:audio-decoder-ogg-vorbis: bf7c407c2cedff20999df2af8eb42d56 -> 
  custom:audio-encoder-webm-vorbis: bf7c407c2cedff20999df2af8eb42d56 -> 
  custom:scripting/precompiled-assembly-types:Assembly-CSharp-Editor: 71f3420967b037f8ff02a018ff7ef66c -> ddefecc5e32c82550f9b70692fb0a631
  custom:scripting/precompiled-assembly-types:Assembly-CSharp: 115e12728657e416a3a8f0c1851d0d91 -> 487e516f97377eda8305839caa2d70fb
========================================================================
Received Prepare
Caller must complete domain reload
Begin MonoManager ReloadAssembly
Symbol file LoadedFromMemory is not a mono symbol file
- Loaded All Assemblies, in  1.372 seconds
Native extension for WindowsStandalone target not found
Native extension for iOS target not found
Native extension for Android target not found
Native extension for WebGL target not found
Asset Pipeline Refresh (id=1a2e78538314b9c4ebe4ea7b473bd204): Total: 0.000 seconds - Initiated by StopAssetImportingV2(NoUpdateAssetOptions)
[ScriptCompilation] NOT recompiling all scripts because this is an import worker process. Reason to compile was: Define symbols changed
[ScriptCompilation] NOT recompiling all scripts because this is an import worker process. Reason to compile was: Define symbols changed
Mono: successfully reloaded assembly
- Finished resetting the current domain, in  2.014 seconds
Domain Reload Profiling: 3383ms
	BeginReloadAssembly (729ms)
		ExecutionOrderSort (0ms)
		DisableScriptedObjects (11ms)
		BackupInstance (0ms)
		ReleaseScriptingObjects (0ms)
		CreateAndSetChildDomain (58ms)
	RebuildCommonClasses (59ms)
	RebuildNativeTypeToScriptingClass (18ms)
	initialDomainReloadingComplete (47ms)
	LoadAllAssembliesAndSetupDomain (515ms)
		LoadAssemblies (633ms)
		RebuildTransferFunctionScriptingTraits (0ms)
		AnalyzeDomain (23ms)
			TypeCache.Refresh (12ms)
				TypeCache.ScanAssembly (0ms)
			ScanForSourceGeneratedMonoScriptInfo (0ms)
			ResolveRequiredComponents (10ms)
	FinalizeReload (2015ms)
		ReleaseScriptCaches (0ms)
		RebuildScriptCaches (0ms)
		SetupLoadedEditorAssemblies (1263ms)
			LogAssemblyErrors (0ms)
			InitializePlatformSupportModulesInManaged (45ms)
			SetLoadedEditorAssemblies (4ms)
			RefreshPlugins (0ms)
			BeforeProcessingInitializeOnLoad (108ms)
			ProcessInitializeOnLoadAttributes (740ms)
			ProcessInitializeOnLoadMethodAttributes (346ms)
			AfterProcessingInitializeOnLoad (20ms)
			EditorAssembliesLoaded (1ms)
		ExecutionOrderSort2 (0ms)
		AwakeInstancesAfterBackupRestoration (31ms)
Refreshing native plugins compatible for Editor in 15.54 ms, found 2 plugins.
Preloading 0 native plugins for Editor in 0.00 ms.
Unloading 3840 Unused Serialized files (Serialized files now loaded: 0)
Unloading 16 unused Assets / (27.6 KB). Loaded Objects now: 4538.
Memory consumption went from 140.0 MB to 139.9 MB.
Total: 11.540600 ms (FindLiveObjects: 0.675600 ms CreateObjectMapping: 0.808600 ms MarkObjects: 9.985700 ms  DeleteObjects: 0.069400 ms)

Prepare: number of updated asset objects reloaded= 0
AssetImportParameters requested are different than current active one (requested -> active):
  custom:container-demuxer-ogg: 62fdf1f143b41e24485cea50d1cbac27 -> 
  custom:video-decoder-ogg-theora: a1e56fd34408186e4bbccfd4996cb3dc -> 
  custom:framework-win-MediaFoundation: 216162199b28c13a410421893ffa2e32 -> 
  custom:CustomObjectIndexerAttribute: 9a22284fe3817be447336de3de66b15e -> 
  custom:scripting/monoscript/fileName/GetEnvirData.cs: 606691644bdf7ecd10bb4ebc495c19c8 -> 
  custom:scripting/monoscript/fileName/EnvirData_build.cs: f736887ffe20da6261346a3c69102d4a -> 
  custom:scripting/monoscript/fileName/EnvirData_yg.cs: 3bb54dc4b67a3b540b92ca7af113e256 -> 
  custom:container-demuxer-webm: 4f35f7cbe854078d1ac9338744f61a02 -> 
  custom:container-muxer-webm: aa71ff27fc2769a1b78a27578f13a17b -> 
  custom:video-decoder-webm-vp8: 9c59270c3fd7afecdb556c50c9e8de78 -> 
  custom:SearchIndexIgnoredProperties: e643bd26f0fe6173181afceb89e7c659 -> 
  custom:AudioImporter_EditorPlatform: d09bf68614088b80899f8185d706f6e7 -> 
  custom:scripting/monoscript/fileName/KeyPressAnimation.cs: fc9b01ea31c12afb286dc2cd37a6e098 -> 
  custom:scripting/monoscript/fileName/EnvirData_interface.cs: 15db51baa12205348d10443220bc41a9 -> 
  custom:scripting/monoscript/fileName/EnvirData_yandexPlatform.cs: f24044aced27dadaa5f6f6a76e01f239 -> 
  custom:video-encoder-webm-vp8: eb34c28f22e8b96e1ab97ce403110664 -> 
  custom:audio-decoder-ogg-vorbis: bf7c407c2cedff20999df2af8eb42d56 -> 
  custom:audio-encoder-webm-vorbis: bf7c407c2cedff20999df2af8eb42d56 -> 
  custom:scripting/precompiled-assembly-types:Assembly-CSharp-Editor: 71f3420967b037f8ff02a018ff7ef66c -> ddefecc5e32c82550f9b70692fb0a631
  custom:scripting/precompiled-assembly-types:Assembly-CSharp: 115e12728657e416a3a8f0c1851d0d91 -> 487e516f97377eda8305839caa2d70fb
========================================================================
Received Prepare
Caller must complete domain reload
Begin MonoManager ReloadAssembly
Symbol file LoadedFromMemory is not a mono symbol file
- Loaded All Assemblies, in  1.286 seconds
Native extension for WindowsStandalone target not found
Native extension for iOS target not found
Native extension for Android target not found
Native extension for WebGL target not found
Asset Pipeline Refresh (id=405cf246e3b42fb4683b729d3154a13d): Total: 0.000 seconds - Initiated by StopAssetImportingV2(NoUpdateAssetOptions)
[ScriptCompilation] NOT recompiling all scripts because this is an import worker process. Reason to compile was: Define symbols changed
[ScriptCompilation] NOT recompiling all scripts because this is an import worker process. Reason to compile was: Define symbols changed
Mono: successfully reloaded assembly
- Finished resetting the current domain, in  1.840 seconds
Domain Reload Profiling: 3123ms
	BeginReloadAssembly (680ms)
		ExecutionOrderSort (0ms)
		DisableScriptedObjects (17ms)
		BackupInstance (0ms)
		ReleaseScriptingObjects (0ms)
		CreateAndSetChildDomain (57ms)
	RebuildCommonClasses (59ms)
	RebuildNativeTypeToScriptingClass (20ms)
	initialDomainReloadingComplete (48ms)
	LoadAllAssembliesAndSetupDomain (475ms)
		LoadAssemblies (563ms)
		RebuildTransferFunctionScriptingTraits (0ms)
		AnalyzeDomain (46ms)
			TypeCache.Refresh (18ms)
				TypeCache.ScanAssembly (5ms)
			ScanForSourceGeneratedMonoScriptInfo (18ms)
			ResolveRequiredComponents (9ms)
	FinalizeReload (1841ms)
		ReleaseScriptCaches (0ms)
		RebuildScriptCaches (0ms)
		SetupLoadedEditorAssemblies (1113ms)
			LogAssemblyErrors (0ms)
			InitializePlatformSupportModulesInManaged (44ms)
			SetLoadedEditorAssemblies (6ms)
			RefreshPlugins (0ms)
			BeforeProcessingInitializeOnLoad (107ms)
			ProcessInitializeOnLoadAttributes (644ms)
			ProcessInitializeOnLoadMethodAttributes (300ms)
			AfterProcessingInitializeOnLoad (10ms)
			EditorAssembliesLoaded (0ms)
		ExecutionOrderSort2 (0ms)
		AwakeInstancesAfterBackupRestoration (14ms)
Refreshing native plugins compatible for Editor in 19.02 ms, found 2 plugins.
Preloading 0 native plugins for Editor in 0.00 ms.
Unloading 3840 Unused Serialized files (Serialized files now loaded: 0)
Unloading 16 unused Assets / (27.6 KB). Loaded Objects now: 4541.
Memory consumption went from 140.0 MB to 140.0 MB.
Total: 11.286100 ms (FindLiveObjects: 0.377600 ms CreateObjectMapping: 0.320000 ms MarkObjects: 10.533200 ms  DeleteObjects: 0.054300 ms)

Prepare: number of updated asset objects reloaded= 0
AssetImportParameters requested are different than current active one (requested -> active):
  custom:container-demuxer-ogg: 62fdf1f143b41e24485cea50d1cbac27 -> 
  custom:video-decoder-ogg-theora: a1e56fd34408186e4bbccfd4996cb3dc -> 
  custom:framework-win-MediaFoundation: 216162199b28c13a410421893ffa2e32 -> 
  custom:CustomObjectIndexerAttribute: 9a22284fe3817be447336de3de66b15e -> 
  custom:scripting/monoscript/fileName/GetEnvirData.cs: 606691644bdf7ecd10bb4ebc495c19c8 -> 
  custom:scripting/monoscript/fileName/EnvirData_build.cs: f736887ffe20da6261346a3c69102d4a -> 
  custom:scripting/monoscript/fileName/EnvirData_yg.cs: 3bb54dc4b67a3b540b92ca7af113e256 -> 
  custom:container-demuxer-webm: 4f35f7cbe854078d1ac9338744f61a02 -> 
  custom:container-muxer-webm: aa71ff27fc2769a1b78a27578f13a17b -> 
  custom:video-decoder-webm-vp8: 9c59270c3fd7afecdb556c50c9e8de78 -> 
  custom:SearchIndexIgnoredProperties: e643bd26f0fe6173181afceb89e7c659 -> 
  custom:AudioImporter_EditorPlatform: d09bf68614088b80899f8185d706f6e7 -> 
  custom:scripting/monoscript/fileName/KeyPressAnimation.cs: fc9b01ea31c12afb286dc2cd37a6e098 -> 
  custom:scripting/monoscript/fileName/EnvirData_interface.cs: 15db51baa12205348d10443220bc41a9 -> 
  custom:scripting/monoscript/fileName/EnvirData_yandexPlatform.cs: f24044aced27dadaa5f6f6a76e01f239 -> 
  custom:video-encoder-webm-vp8: eb34c28f22e8b96e1ab97ce403110664 -> 
  custom:audio-decoder-ogg-vorbis: bf7c407c2cedff20999df2af8eb42d56 -> 
  custom:audio-encoder-webm-vorbis: bf7c407c2cedff20999df2af8eb42d56 -> 
  custom:scripting/precompiled-assembly-types:Assembly-CSharp-Editor: 71f3420967b037f8ff02a018ff7ef66c -> ddefecc5e32c82550f9b70692fb0a631
  custom:scripting/precompiled-assembly-types:Assembly-CSharp: 115e12728657e416a3a8f0c1851d0d91 -> 487e516f97377eda8305839caa2d70fb
========================================================================
Received Prepare
Caller must complete domain reload
Begin MonoManager ReloadAssembly
Symbol file LoadedFromMemory is not a mono symbol file
- Loaded All Assemblies, in  1.028 seconds
Native extension for WindowsStandalone target not found
Native extension for iOS target not found
Native extension for Android target not found
Native extension for WebGL target not found
Asset Pipeline Refresh (id=058c68bc4750a6d488df89df69ec7051): Total: 0.000 seconds - Initiated by StopAssetImportingV2(NoUpdateAssetOptions)
[ScriptCompilation] NOT recompiling all scripts because this is an import worker process. Reason to compile was: Define symbols changed
[ScriptCompilation] NOT recompiling all scripts because this is an import worker process. Reason to compile was: Define symbols changed
Mono: successfully reloaded assembly
- Finished resetting the current domain, in  2.363 seconds
Domain Reload Profiling: 3390ms
	BeginReloadAssembly (525ms)
		ExecutionOrderSort (0ms)
		DisableScriptedObjects (8ms)
		BackupInstance (0ms)
		ReleaseScriptingObjects (0ms)
		CreateAndSetChildDomain (52ms)
	RebuildCommonClasses (49ms)
	RebuildNativeTypeToScriptingClass (20ms)
	initialDomainReloadingComplete (45ms)
	LoadAllAssembliesAndSetupDomain (388ms)
		LoadAssemblies (463ms)
		RebuildTransferFunctionScriptingTraits (0ms)
		AnalyzeDomain (21ms)
			TypeCache.Refresh (9ms)
				TypeCache.ScanAssembly (0ms)
			ScanForSourceGeneratedMonoScriptInfo (0ms)
			ResolveRequiredComponents (11ms)
	FinalizeReload (2363ms)
		ReleaseScriptCaches (0ms)
		RebuildScriptCaches (0ms)
		SetupLoadedEditorAssemblies (1637ms)
			LogAssemblyErrors (0ms)
			InitializePlatformSupportModulesInManaged (42ms)
			SetLoadedEditorAssemblies (14ms)
			RefreshPlugins (0ms)
			BeforeProcessingInitializeOnLoad (200ms)
			ProcessInitializeOnLoadAttributes (826ms)
			ProcessInitializeOnLoadMethodAttributes (542ms)
			AfterProcessingInitializeOnLoad (13ms)
			EditorAssembliesLoaded (0ms)
		ExecutionOrderSort2 (0ms)
		AwakeInstancesAfterBackupRestoration (16ms)
Refreshing native plugins compatible for Editor in 18.07 ms, found 2 plugins.
Preloading 0 native plugins for Editor in 0.00 ms.
Unloading 3840 Unused Serialized files (Serialized files now loaded: 0)
Unloading 16 unused Assets / (27.5 KB). Loaded Objects now: 4544.
Memory consumption went from 140.0 MB to 140.0 MB.
Total: 13.627000 ms (FindLiveObjects: 0.387700 ms CreateObjectMapping: 0.382300 ms MarkObjects: 12.796400 ms  DeleteObjects: 0.059100 ms)

Prepare: number of updated asset objects reloaded= 0
AssetImportParameters requested are different than current active one (requested -> active):
  custom:container-demuxer-ogg: 62fdf1f143b41e24485cea50d1cbac27 -> 
  custom:video-decoder-ogg-theora: a1e56fd34408186e4bbccfd4996cb3dc -> 
  custom:framework-win-MediaFoundation: 216162199b28c13a410421893ffa2e32 -> 
  custom:CustomObjectIndexerAttribute: 9a22284fe3817be447336de3de66b15e -> 
  custom:scripting/monoscript/fileName/GetEnvirData.cs: 606691644bdf7ecd10bb4ebc495c19c8 -> 
  custom:scripting/monoscript/fileName/EnvirData_build.cs: f736887ffe20da6261346a3c69102d4a -> 
  custom:scripting/monoscript/fileName/EnvirData_yg.cs: 3bb54dc4b67a3b540b92ca7af113e256 -> 
  custom:container-demuxer-webm: 4f35f7cbe854078d1ac9338744f61a02 -> 
  custom:container-muxer-webm: aa71ff27fc2769a1b78a27578f13a17b -> 
  custom:video-decoder-webm-vp8: 9c59270c3fd7afecdb556c50c9e8de78 -> 
  custom:SearchIndexIgnoredProperties: e643bd26f0fe6173181afceb89e7c659 -> 
  custom:AudioImporter_EditorPlatform: d09bf68614088b80899f8185d706f6e7 -> 
  custom:scripting/monoscript/fileName/KeyPressAnimation.cs: fc9b01ea31c12afb286dc2cd37a6e098 -> 
  custom:scripting/monoscript/fileName/EnvirData_interface.cs: 15db51baa12205348d10443220bc41a9 -> 
  custom:scripting/monoscript/fileName/EnvirData_yandexPlatform.cs: f24044aced27dadaa5f6f6a76e01f239 -> 
  custom:video-encoder-webm-vp8: eb34c28f22e8b96e1ab97ce403110664 -> 
  custom:audio-decoder-ogg-vorbis: bf7c407c2cedff20999df2af8eb42d56 -> 
  custom:audio-encoder-webm-vorbis: bf7c407c2cedff20999df2af8eb42d56 -> 
  custom:scripting/precompiled-assembly-types:Assembly-CSharp-Editor: 71f3420967b037f8ff02a018ff7ef66c -> ddefecc5e32c82550f9b70692fb0a631
  custom:scripting/precompiled-assembly-types:Assembly-CSharp: 115e12728657e416a3a8f0c1851d0d91 -> 487e516f97377eda8305839caa2d70fb
========================================================================
Received Prepare
Caller must complete domain reload
Begin MonoManager ReloadAssembly
Symbol file LoadedFromMemory is not a mono symbol file
- Loaded All Assemblies, in  1.291 seconds
Native extension for WindowsStandalone target not found
Native extension for iOS target not found
Native extension for Android target not found
Native extension for WebGL target not found
Asset Pipeline Refresh (id=286277684fa476d4daeddda42bfca133): Total: 0.000 seconds - Initiated by StopAssetImportingV2(NoUpdateAssetOptions)
[ScriptCompilation] NOT recompiling all scripts because this is an import worker process. Reason to compile was: Define symbols changed
[ScriptCompilation] NOT recompiling all scripts because this is an import worker process. Reason to compile was: Define symbols changed
Mono: successfully reloaded assembly
- Finished resetting the current domain, in  2.345 seconds
Domain Reload Profiling: 3634ms
	BeginReloadAssembly (720ms)
		ExecutionOrderSort (0ms)
		DisableScriptedObjects (16ms)
		BackupInstance (0ms)
		ReleaseScriptingObjects (0ms)
		CreateAndSetChildDomain (59ms)
	RebuildCommonClasses (69ms)
	RebuildNativeTypeToScriptingClass (30ms)
	initialDomainReloadingComplete (58ms)
	LoadAllAssembliesAndSetupDomain (413ms)
		LoadAssemblies (538ms)
		RebuildTransferFunctionScriptingTraits (0ms)
		AnalyzeDomain (20ms)
			TypeCache.Refresh (8ms)
				TypeCache.ScanAssembly (0ms)
			ScanForSourceGeneratedMonoScriptInfo (0ms)
			ResolveRequiredComponents (10ms)
	FinalizeReload (2346ms)
		ReleaseScriptCaches (0ms)
		RebuildScriptCaches (0ms)
		SetupLoadedEditorAssemblies (1398ms)
			LogAssemblyErrors (0ms)
			InitializePlatformSupportModulesInManaged (95ms)
			SetLoadedEditorAssemblies (9ms)
			RefreshPlugins (0ms)
			BeforeProcessingInitializeOnLoad (192ms)
			ProcessInitializeOnLoadAttributes (765ms)
			ProcessInitializeOnLoadMethodAttributes (322ms)
			AfterProcessingInitializeOnLoad (14ms)
			EditorAssembliesLoaded (1ms)
		ExecutionOrderSort2 (0ms)
		AwakeInstancesAfterBackupRestoration (16ms)
Refreshing native plugins compatible for Editor in 27.81 ms, found 2 plugins.
Preloading 0 native plugins for Editor in 0.00 ms.
Unloading 3840 Unused Serialized files (Serialized files now loaded: 0)
Unloading 16 unused Assets / (27.5 KB). Loaded Objects now: 4547.
Memory consumption went from 140.0 MB to 140.0 MB.
Total: 16.657200 ms (FindLiveObjects: 0.668300 ms CreateObjectMapping: 0.580700 ms MarkObjects: 15.344700 ms  DeleteObjects: 0.062300 ms)

Prepare: number of updated asset objects reloaded= 0
AssetImportParameters requested are different than current active one (requested -> active):
  custom:container-demuxer-ogg: 62fdf1f143b41e24485cea50d1cbac27 -> 
  custom:video-decoder-ogg-theora: a1e56fd34408186e4bbccfd4996cb3dc -> 
  custom:framework-win-MediaFoundation: 216162199b28c13a410421893ffa2e32 -> 
  custom:CustomObjectIndexerAttribute: 9a22284fe3817be447336de3de66b15e -> 
  custom:scripting/monoscript/fileName/GetEnvirData.cs: 606691644bdf7ecd10bb4ebc495c19c8 -> 
  custom:scripting/monoscript/fileName/EnvirData_build.cs: f736887ffe20da6261346a3c69102d4a -> 
  custom:scripting/monoscript/fileName/EnvirData_yg.cs: 3bb54dc4b67a3b540b92ca7af113e256 -> 
  custom:container-demuxer-webm: 4f35f7cbe854078d1ac9338744f61a02 -> 
  custom:container-muxer-webm: aa71ff27fc2769a1b78a27578f13a17b -> 
  custom:video-decoder-webm-vp8: 9c59270c3fd7afecdb556c50c9e8de78 -> 
  custom:SearchIndexIgnoredProperties: e643bd26f0fe6173181afceb89e7c659 -> 
  custom:AudioImporter_EditorPlatform: d09bf68614088b80899f8185d706f6e7 -> 
  custom:scripting/monoscript/fileName/KeyPressAnimation.cs: fc9b01ea31c12afb286dc2cd37a6e098 -> 
  custom:scripting/monoscript/fileName/EnvirData_interface.cs: 15db51baa12205348d10443220bc41a9 -> 
  custom:scripting/monoscript/fileName/EnvirData_yandexPlatform.cs: f24044aced27dadaa5f6f6a76e01f239 -> 
  custom:video-encoder-webm-vp8: eb34c28f22e8b96e1ab97ce403110664 -> 
  custom:audio-decoder-ogg-vorbis: bf7c407c2cedff20999df2af8eb42d56 -> 
  custom:audio-encoder-webm-vorbis: bf7c407c2cedff20999df2af8eb42d56 -> 
  custom:scripting/precompiled-assembly-types:Assembly-CSharp-Editor: 71f3420967b037f8ff02a018ff7ef66c -> ddefecc5e32c82550f9b70692fb0a631
  custom:scripting/precompiled-assembly-types:Assembly-CSharp: 115e12728657e416a3a8f0c1851d0d91 -> 487e516f97377eda8305839caa2d70fb
========================================================================
Received Import Request.
  Time since last request: 1270.551278 seconds.
  path: Assets/SO/Upgrades/MagnitUpgrade.asset
  artifactKey: Guid(02285683d8ca587479d6e3a659959146) Importer(815301076,1909f56bfc062723c751e8b465ee728b)
Start importing Assets/SO/Upgrades/MagnitUpgrade.asset using Guid(02285683d8ca587479d6e3a659959146) Importer(815301076,1909f56bfc062723c751e8b465ee728b) [PhysX] Initialized MultithreadedTaskDispatcher with 8 workers.
 -> (artifact id: '610d843516c3a22f5451d72303f02ad9') in 0.020091 seconds
Number of updated asset objects reloaded before import = 0
Number of asset objects unloaded after import = 2
========================================================================
Received Prepare
Caller must complete domain reload
Begin MonoManager ReloadAssembly
Symbol file LoadedFromMemory is not a mono symbol file
- Loaded All Assemblies, in  0.902 seconds
Native extension for WindowsStandalone target not found
Native extension for iOS target not found
Native extension for Android target not found
Native extension for WebGL target not found
Asset Pipeline Refresh (id=d7b90c14f78e4b94da04784dede348e8): Total: 0.000 seconds - Initiated by StopAssetImportingV2(NoUpdateAssetOptions)
[ScriptCompilation] NOT recompiling all scripts because this is an import worker process. Reason to compile was: Define symbols changed
[ScriptCompilation] NOT recompiling all scripts because this is an import worker process. Reason to compile was: Define symbols changed
Mono: successfully reloaded assembly
- Finished resetting the current domain, in  1.507 seconds
Domain Reload Profiling: 2409ms
	BeginReloadAssembly (490ms)
		ExecutionOrderSort (0ms)
		DisableScriptedObjects (8ms)
		BackupInstance (0ms)
		ReleaseScriptingObjects (0ms)
		CreateAndSetChildDomain (43ms)
	RebuildCommonClasses (60ms)
	RebuildNativeTypeToScriptingClass (14ms)
	initialDomainReloadingComplete (40ms)
	LoadAllAssembliesAndSetupDomain (297ms)
		LoadAssemblies (373ms)
		RebuildTransferFunctionScriptingTraits (0ms)
		AnalyzeDomain (14ms)
			TypeCache.Refresh (6ms)
				TypeCache.ScanAssembly (0ms)
			ScanForSourceGeneratedMonoScriptInfo (0ms)
			ResolveRequiredComponents (6ms)
	FinalizeReload (1508ms)
		ReleaseScriptCaches (0ms)
		RebuildScriptCaches (0ms)
		SetupLoadedEditorAssemblies (844ms)
			LogAssemblyErrors (0ms)
			InitializePlatformSupportModulesInManaged (30ms)
			SetLoadedEditorAssemblies (4ms)
			RefreshPlugins (0ms)
			BeforeProcessingInitializeOnLoad (76ms)
			ProcessInitializeOnLoadAttributes (482ms)
			ProcessInitializeOnLoadMethodAttributes (241ms)
			AfterProcessingInitializeOnLoad (10ms)
			EditorAssembliesLoaded (1ms)
		ExecutionOrderSort2 (0ms)
		AwakeInstancesAfterBackupRestoration (12ms)
Refreshing native plugins compatible for Editor in 14.53 ms, found 2 plugins.
Preloading 0 native plugins for Editor in 0.00 ms.
Unloading 3839 Unused Serialized files (Serialized files now loaded: 0)
Unloading 16 unused Assets / (27.6 KB). Loaded Objects now: 4550.
Memory consumption went from 139.7 MB to 139.7 MB.
Total: 11.293100 ms (FindLiveObjects: 0.408000 ms CreateObjectMapping: 0.347900 ms MarkObjects: 10.413000 ms  DeleteObjects: 0.122300 ms)

Prepare: number of updated asset objects reloaded= 1
AssetImportParameters requested are different than current active one (requested -> active):
  custom:container-demuxer-ogg: 62fdf1f143b41e24485cea50d1cbac27 -> 
  custom:video-decoder-ogg-theora: a1e56fd34408186e4bbccfd4996cb3dc -> 
  custom:framework-win-MediaFoundation: 216162199b28c13a410421893ffa2e32 -> 
  custom:CustomObjectIndexerAttribute: 9a22284fe3817be447336de3de66b15e -> 
  custom:scripting/monoscript/fileName/GetEnvirData.cs: 606691644bdf7ecd10bb4ebc495c19c8 -> 
  custom:scripting/monoscript/fileName/EnvirData_build.cs: f736887ffe20da6261346a3c69102d4a -> 
  custom:scripting/monoscript/fileName/EnvirData_yg.cs: 3bb54dc4b67a3b540b92ca7af113e256 -> 
  custom:container-demuxer-webm: 4f35f7cbe854078d1ac9338744f61a02 -> 
  custom:container-muxer-webm: aa71ff27fc2769a1b78a27578f13a17b -> 
  custom:video-decoder-webm-vp8: 9c59270c3fd7afecdb556c50c9e8de78 -> 
  custom:SearchIndexIgnoredProperties: e643bd26f0fe6173181afceb89e7c659 -> 
  custom:AudioImporter_EditorPlatform: d09bf68614088b80899f8185d706f6e7 -> 
  custom:scripting/monoscript/fileName/KeyPressAnimation.cs: fc9b01ea31c12afb286dc2cd37a6e098 -> 
  custom:scripting/monoscript/fileName/EnvirData_interface.cs: 15db51baa12205348d10443220bc41a9 -> 
  custom:scripting/monoscript/fileName/EnvirData_yandexPlatform.cs: f24044aced27dadaa5f6f6a76e01f239 -> 
  custom:video-encoder-webm-vp8: eb34c28f22e8b96e1ab97ce403110664 -> 
  custom:audio-decoder-ogg-vorbis: bf7c407c2cedff20999df2af8eb42d56 -> 
  custom:audio-encoder-webm-vorbis: bf7c407c2cedff20999df2af8eb42d56 -> 
  custom:scripting/precompiled-assembly-types:Assembly-CSharp-Editor: 71f3420967b037f8ff02a018ff7ef66c -> ddefecc5e32c82550f9b70692fb0a631
  custom:scripting/precompiled-assembly-types:Assembly-CSharp: 115e12728657e416a3a8f0c1851d0d91 -> 487e516f97377eda8305839caa2d70fb
========================================================================
Received Prepare
Caller must complete domain reload
Begin MonoManager ReloadAssembly
Symbol file LoadedFromMemory is not a mono symbol file
- Loaded All Assemblies, in  0.853 seconds
Native extension for WindowsStandalone target not found
Native extension for iOS target not found
Native extension for Android target not found
Native extension for WebGL target not found
Asset Pipeline Refresh (id=0081e0ef29c759b47aceb31d0b1467f8): Total: 0.000 seconds - Initiated by StopAssetImportingV2(NoUpdateAssetOptions)
[ScriptCompilation] NOT recompiling all scripts because this is an import worker process. Reason to compile was: Define symbols changed
[ScriptCompilation] NOT recompiling all scripts because this is an import worker process. Reason to compile was: Define symbols changed
Mono: successfully reloaded assembly
- Finished resetting the current domain, in  1.944 seconds
Domain Reload Profiling: 2796ms
	BeginReloadAssembly (484ms)
		ExecutionOrderSort (0ms)
		DisableScriptedObjects (10ms)
		BackupInstance (0ms)
		ReleaseScriptingObjects (0ms)
		CreateAndSetChildDomain (45ms)
	RebuildCommonClasses (53ms)
	RebuildNativeTypeToScriptingClass (13ms)
	initialDomainReloadingComplete (35ms)
	LoadAllAssembliesAndSetupDomain (267ms)
		LoadAssemblies (342ms)
		RebuildTransferFunctionScriptingTraits (0ms)
		AnalyzeDomain (17ms)
			TypeCache.Refresh (7ms)
				TypeCache.ScanAssembly (0ms)
			ScanForSourceGeneratedMonoScriptInfo (0ms)
			ResolveRequiredComponents (8ms)
	FinalizeReload (1945ms)
		ReleaseScriptCaches (0ms)
		RebuildScriptCaches (0ms)
		SetupLoadedEditorAssemblies (1285ms)
			LogAssemblyErrors (0ms)
			InitializePlatformSupportModulesInManaged (32ms)
			SetLoadedEditorAssemblies (4ms)
			RefreshPlugins (0ms)
			BeforeProcessingInitializeOnLoad (124ms)
			ProcessInitializeOnLoadAttributes (742ms)
			ProcessInitializeOnLoadMethodAttributes (368ms)
			AfterProcessingInitializeOnLoad (15ms)
			EditorAssembliesLoaded (1ms)
		ExecutionOrderSort2 (0ms)
		AwakeInstancesAfterBackupRestoration (25ms)
Refreshing native plugins compatible for Editor in 14.63 ms, found 2 plugins.
Preloading 0 native plugins for Editor in 0.00 ms.
Unloading 3840 Unused Serialized files (Serialized files now loaded: 0)
Unloading 16 unused Assets / (27.6 KB). Loaded Objects now: 4553.
Memory consumption went from 140.0 MB to 139.9 MB.
Total: 9.372800 ms (FindLiveObjects: 0.532900 ms CreateObjectMapping: 0.501900 ms MarkObjects: 8.288000 ms  DeleteObjects: 0.048300 ms)

Prepare: number of updated asset objects reloaded= 0
AssetImportParameters requested are different than current active one (requested -> active):
  custom:container-demuxer-ogg: 62fdf1f143b41e24485cea50d1cbac27 -> 
  custom:video-decoder-ogg-theora: a1e56fd34408186e4bbccfd4996cb3dc -> 
  custom:framework-win-MediaFoundation: 216162199b28c13a410421893ffa2e32 -> 
  custom:CustomObjectIndexerAttribute: 9a22284fe3817be447336de3de66b15e -> 
  custom:scripting/monoscript/fileName/GetEnvirData.cs: 606691644bdf7ecd10bb4ebc495c19c8 -> 
  custom:scripting/monoscript/fileName/EnvirData_build.cs: f736887ffe20da6261346a3c69102d4a -> 
  custom:scripting/monoscript/fileName/EnvirData_yg.cs: 3bb54dc4b67a3b540b92ca7af113e256 -> 
  custom:container-demuxer-webm: 4f35f7cbe854078d1ac9338744f61a02 -> 
  custom:container-muxer-webm: aa71ff27fc2769a1b78a27578f13a17b -> 
  custom:video-decoder-webm-vp8: 9c59270c3fd7afecdb556c50c9e8de78 -> 
  custom:SearchIndexIgnoredProperties: e643bd26f0fe6173181afceb89e7c659 -> 
  custom:AudioImporter_EditorPlatform: d09bf68614088b80899f8185d706f6e7 -> 
  custom:scripting/monoscript/fileName/KeyPressAnimation.cs: fc9b01ea31c12afb286dc2cd37a6e098 -> 
  custom:scripting/monoscript/fileName/EnvirData_interface.cs: 15db51baa12205348d10443220bc41a9 -> 
  custom:scripting/monoscript/fileName/EnvirData_yandexPlatform.cs: f24044aced27dadaa5f6f6a76e01f239 -> 
  custom:video-encoder-webm-vp8: eb34c28f22e8b96e1ab97ce403110664 -> 
  custom:audio-decoder-ogg-vorbis: bf7c407c2cedff20999df2af8eb42d56 -> 
  custom:audio-encoder-webm-vorbis: bf7c407c2cedff20999df2af8eb42d56 -> 
  custom:scripting/precompiled-assembly-types:Assembly-CSharp-Editor: 71f3420967b037f8ff02a018ff7ef66c -> ddefecc5e32c82550f9b70692fb0a631
  custom:scripting/precompiled-assembly-types:Assembly-CSharp: 115e12728657e416a3a8f0c1851d0d91 -> 487e516f97377eda8305839caa2d70fb
========================================================================
Received Prepare
Caller must complete domain reload
Begin MonoManager ReloadAssembly
Symbol file LoadedFromMemory is not a mono symbol file
- Loaded All Assemblies, in  1.011 seconds
Native extension for WindowsStandalone target not found
Native extension for iOS target not found
Native extension for Android target not found
Native extension for WebGL target not found
Asset Pipeline Refresh (id=2c98f322162cc88459cc424dffe8ebe2): Total: 0.000 seconds - Initiated by StopAssetImportingV2(NoUpdateAssetOptions)
[ScriptCompilation] NOT recompiling all scripts because this is an import worker process. Reason to compile was: Define symbols changed
[ScriptCompilation] NOT recompiling all scripts because this is an import worker process. Reason to compile was: Define symbols changed
Mono: successfully reloaded assembly
- Finished resetting the current domain, in  1.761 seconds
Domain Reload Profiling: 2768ms
	BeginReloadAssembly (576ms)
		ExecutionOrderSort (0ms)
		DisableScriptedObjects (8ms)
		BackupInstance (0ms)
		ReleaseScriptingObjects (0ms)
		CreateAndSetChildDomain (49ms)
	RebuildCommonClasses (63ms)
	RebuildNativeTypeToScriptingClass (18ms)
	initialDomainReloadingComplete (52ms)
	LoadAllAssembliesAndSetupDomain (297ms)
		LoadAssemblies (401ms)
		RebuildTransferFunctionScriptingTraits (0ms)
		AnalyzeDomain (14ms)
			TypeCache.Refresh (7ms)
				TypeCache.ScanAssembly (0ms)
			ScanForSourceGeneratedMonoScriptInfo (0ms)
			ResolveRequiredComponents (6ms)
	FinalizeReload (1762ms)
		ReleaseScriptCaches (0ms)
		RebuildScriptCaches (0ms)
		SetupLoadedEditorAssemblies (999ms)
			LogAssemblyErrors (0ms)
			InitializePlatformSupportModulesInManaged (40ms)
			SetLoadedEditorAssemblies (6ms)
			RefreshPlugins (0ms)
			BeforeProcessingInitializeOnLoad (98ms)
			ProcessInitializeOnLoadAttributes (523ms)
			ProcessInitializeOnLoadMethodAttributes (322ms)
			AfterProcessingInitializeOnLoad (10ms)
			EditorAssembliesLoaded (0ms)
		ExecutionOrderSort2 (0ms)
		AwakeInstancesAfterBackupRestoration (17ms)
Refreshing native plugins compatible for Editor in 25.56 ms, found 2 plugins.
Preloading 0 native plugins for Editor in 0.00 ms.
Unloading 3840 Unused Serialized files (Serialized files now loaded: 0)
Unloading 16 unused Assets / (27.5 KB). Loaded Objects now: 4556.
Memory consumption went from 140.0 MB to 139.9 MB.
Total: 21.412900 ms (FindLiveObjects: 0.717500 ms CreateObjectMapping: 3.137300 ms MarkObjects: 17.476900 ms  DeleteObjects: 0.079400 ms)

Prepare: number of updated asset objects reloaded= 0
AssetImportParameters requested are different than current active one (requested -> active):
  custom:container-demuxer-ogg: 62fdf1f143b41e24485cea50d1cbac27 -> 
  custom:video-decoder-ogg-theora: a1e56fd34408186e4bbccfd4996cb3dc -> 
  custom:framework-win-MediaFoundation: 216162199b28c13a410421893ffa2e32 -> 
  custom:CustomObjectIndexerAttribute: 9a22284fe3817be447336de3de66b15e -> 
  custom:scripting/monoscript/fileName/GetEnvirData.cs: 606691644bdf7ecd10bb4ebc495c19c8 -> 
  custom:scripting/monoscript/fileName/EnvirData_build.cs: f736887ffe20da6261346a3c69102d4a -> 
  custom:scripting/monoscript/fileName/EnvirData_yg.cs: 3bb54dc4b67a3b540b92ca7af113e256 -> 
  custom:container-demuxer-webm: 4f35f7cbe854078d1ac9338744f61a02 -> 
  custom:container-muxer-webm: aa71ff27fc2769a1b78a27578f13a17b -> 
  custom:video-decoder-webm-vp8: 9c59270c3fd7afecdb556c50c9e8de78 -> 
  custom:SearchIndexIgnoredProperties: e643bd26f0fe6173181afceb89e7c659 -> 
  custom:AudioImporter_EditorPlatform: d09bf68614088b80899f8185d706f6e7 -> 
  custom:scripting/monoscript/fileName/KeyPressAnimation.cs: fc9b01ea31c12afb286dc2cd37a6e098 -> 
  custom:scripting/monoscript/fileName/EnvirData_interface.cs: 15db51baa12205348d10443220bc41a9 -> 
  custom:scripting/monoscript/fileName/EnvirData_yandexPlatform.cs: f24044aced27dadaa5f6f6a76e01f239 -> 
  custom:video-encoder-webm-vp8: eb34c28f22e8b96e1ab97ce403110664 -> 
  custom:audio-decoder-ogg-vorbis: bf7c407c2cedff20999df2af8eb42d56 -> 
  custom:audio-encoder-webm-vorbis: bf7c407c2cedff20999df2af8eb42d56 -> 
  custom:scripting/precompiled-assembly-types:Assembly-CSharp-Editor: 71f3420967b037f8ff02a018ff7ef66c -> ddefecc5e32c82550f9b70692fb0a631
  custom:scripting/precompiled-assembly-types:Assembly-CSharp: 115e12728657e416a3a8f0c1851d0d91 -> 487e516f97377eda8305839caa2d70fb
========================================================================
Received Prepare
Caller must complete domain reload
Begin MonoManager ReloadAssembly
Symbol file LoadedFromMemory is not a mono symbol file
- Loaded All Assemblies, in  0.971 seconds
Native extension for WindowsStandalone target not found
Native extension for iOS target not found
Native extension for Android target not found
Native extension for WebGL target not found
Asset Pipeline Refresh (id=def6f0b59774d2346b1e15ae5190ca23): Total: 0.000 seconds - Initiated by StopAssetImportingV2(NoUpdateAssetOptions)
[ScriptCompilation] NOT recompiling all scripts because this is an import worker process. Reason to compile was: Define symbols changed
[ScriptCompilation] NOT recompiling all scripts because this is an import worker process. Reason to compile was: Define symbols changed
Mono: successfully reloaded assembly
- Finished resetting the current domain, in  1.621 seconds
Domain Reload Profiling: 2590ms
	BeginReloadAssembly (534ms)
		ExecutionOrderSort (0ms)
		DisableScriptedObjects (7ms)
		BackupInstance (0ms)
		ReleaseScriptingObjects (0ms)
		CreateAndSetChildDomain (38ms)
	RebuildCommonClasses (52ms)
	RebuildNativeTypeToScriptingClass (16ms)
	initialDomainReloadingComplete (46ms)
	LoadAllAssembliesAndSetupDomain (320ms)
		LoadAssemblies (410ms)
		RebuildTransferFunctionScriptingTraits (0ms)
		AnalyzeDomain (25ms)
			TypeCache.Refresh (10ms)
				TypeCache.ScanAssembly (0ms)
			ScanForSourceGeneratedMonoScriptInfo (0ms)
			ResolveRequiredComponents (13ms)
	FinalizeReload (1622ms)
		ReleaseScriptCaches (0ms)
		RebuildScriptCaches (0ms)
		SetupLoadedEditorAssemblies (886ms)
			LogAssemblyErrors (0ms)
			InitializePlatformSupportModulesInManaged (49ms)
			SetLoadedEditorAssemblies (5ms)
			RefreshPlugins (0ms)
			BeforeProcessingInitializeOnLoad (141ms)
			ProcessInitializeOnLoadAttributes (500ms)
			ProcessInitializeOnLoadMethodAttributes (183ms)
			AfterProcessingInitializeOnLoad (7ms)
			EditorAssembliesLoaded (0ms)
		ExecutionOrderSort2 (0ms)
		AwakeInstancesAfterBackupRestoration (10ms)
Refreshing native plugins compatible for Editor in 16.39 ms, found 2 plugins.
Preloading 0 native plugins for Editor in 0.00 ms.
Unloading 3840 Unused Serialized files (Serialized files now loaded: 0)
Unloading 16 unused Assets / (27.6 KB). Loaded Objects now: 4559.
Memory consumption went from 140.0 MB to 139.9 MB.
Total: 14.523100 ms (FindLiveObjects: 0.358500 ms CreateObjectMapping: 0.301000 ms MarkObjects: 13.786100 ms  DeleteObjects: 0.076100 ms)

Prepare: number of updated asset objects reloaded= 0
AssetImportParameters requested are different than current active one (requested -> active):
  custom:container-demuxer-ogg: 62fdf1f143b41e24485cea50d1cbac27 -> 
  custom:video-decoder-ogg-theora: a1e56fd34408186e4bbccfd4996cb3dc -> 
  custom:framework-win-MediaFoundation: 216162199b28c13a410421893ffa2e32 -> 
  custom:CustomObjectIndexerAttribute: 9a22284fe3817be447336de3de66b15e -> 
  custom:scripting/monoscript/fileName/GetEnvirData.cs: 606691644bdf7ecd10bb4ebc495c19c8 -> 
  custom:scripting/monoscript/fileName/EnvirData_build.cs: f736887ffe20da6261346a3c69102d4a -> 
  custom:scripting/monoscript/fileName/EnvirData_yg.cs: 3bb54dc4b67a3b540b92ca7af113e256 -> 
  custom:container-demuxer-webm: 4f35f7cbe854078d1ac9338744f61a02 -> 
  custom:container-muxer-webm: aa71ff27fc2769a1b78a27578f13a17b -> 
  custom:video-decoder-webm-vp8: 9c59270c3fd7afecdb556c50c9e8de78 -> 
  custom:SearchIndexIgnoredProperties: e643bd26f0fe6173181afceb89e7c659 -> 
  custom:AudioImporter_EditorPlatform: d09bf68614088b80899f8185d706f6e7 -> 
  custom:scripting/monoscript/fileName/KeyPressAnimation.cs: fc9b01ea31c12afb286dc2cd37a6e098 -> 
  custom:scripting/monoscript/fileName/EnvirData_interface.cs: 15db51baa12205348d10443220bc41a9 -> 
  custom:scripting/monoscript/fileName/EnvirData_yandexPlatform.cs: f24044aced27dadaa5f6f6a76e01f239 -> 
  custom:video-encoder-webm-vp8: eb34c28f22e8b96e1ab97ce403110664 -> 
  custom:audio-decoder-ogg-vorbis: bf7c407c2cedff20999df2af8eb42d56 -> 
  custom:audio-encoder-webm-vorbis: bf7c407c2cedff20999df2af8eb42d56 -> 
  custom:scripting/precompiled-assembly-types:Assembly-CSharp-Editor: 71f3420967b037f8ff02a018ff7ef66c -> ddefecc5e32c82550f9b70692fb0a631
  custom:scripting/precompiled-assembly-types:Assembly-CSharp: 115e12728657e416a3a8f0c1851d0d91 -> 487e516f97377eda8305839caa2d70fb
========================================================================
Received Prepare
Caller must complete domain reload
Begin MonoManager ReloadAssembly
Symbol file LoadedFromMemory is not a mono symbol file
- Loaded All Assemblies, in  3.058 seconds
Native extension for WindowsStandalone target not found
Native extension for iOS target not found
Native extension for Android target not found
Native extension for WebGL target not found
Asset Pipeline Refresh (id=603258b751aab644880bd06d4c9bb89a): Total: 0.000 seconds - Initiated by StopAssetImportingV2(NoUpdateAssetOptions)
[ScriptCompilation] NOT recompiling all scripts because this is an import worker process. Reason to compile was: Define symbols changed
[ScriptCompilation] NOT recompiling all scripts because this is an import worker process. Reason to compile was: Define symbols changed
Mono: successfully reloaded assembly
- Finished resetting the current domain, in  2.954 seconds
Domain Reload Profiling: 6008ms
	BeginReloadAssembly (1935ms)
		ExecutionOrderSort (0ms)
		DisableScriptedObjects (13ms)
		BackupInstance (0ms)
		ReleaseScriptingObjects (0ms)
		CreateAndSetChildDomain (105ms)
	RebuildCommonClasses (79ms)
	RebuildNativeTypeToScriptingClass (26ms)
	initialDomainReloadingComplete (81ms)
	LoadAllAssembliesAndSetupDomain (932ms)
		LoadAssemblies (1159ms)
		RebuildTransferFunctionScriptingTraits (0ms)
		AnalyzeDomain (95ms)
			TypeCache.Refresh (55ms)
				TypeCache.ScanAssembly (17ms)
			ScanForSourceGeneratedMonoScriptInfo (29ms)
			ResolveRequiredComponents (9ms)
	FinalizeReload (2955ms)
		ReleaseScriptCaches (0ms)
		RebuildScriptCaches (0ms)
		SetupLoadedEditorAssemblies (1293ms)
			LogAssemblyErrors (0ms)
			InitializePlatformSupportModulesInManaged (49ms)
			SetLoadedEditorAssemblies (6ms)
			RefreshPlugins (0ms)
			BeforeProcessingInitializeOnLoad (115ms)
			ProcessInitializeOnLoadAttributes (805ms)
			ProcessInitializeOnLoadMethodAttributes (308ms)
			AfterProcessingInitializeOnLoad (11ms)
			EditorAssembliesLoaded (0ms)
		ExecutionOrderSort2 (0ms)
		AwakeInstancesAfterBackupRestoration (20ms)
Refreshing native plugins compatible for Editor in 34.41 ms, found 2 plugins.
Preloading 0 native plugins for Editor in 0.00 ms.
Unloading 3840 Unused Serialized files (Serialized files now loaded: 0)
Unloading 16 unused Assets / (27.6 KB). Loaded Objects now: 4562.
Memory consumption went from 140.0 MB to 140.0 MB.
Total: 15.063900 ms (FindLiveObjects: 0.487900 ms CreateObjectMapping: 0.414500 ms MarkObjects: 14.095400 ms  DeleteObjects: 0.064500 ms)

Prepare: number of updated asset objects reloaded= 0
AssetImportParameters requested are different than current active one (requested -> active):
  custom:container-demuxer-ogg: 62fdf1f143b41e24485cea50d1cbac27 -> 
  custom:video-decoder-ogg-theora: a1e56fd34408186e4bbccfd4996cb3dc -> 
  custom:framework-win-MediaFoundation: 216162199b28c13a410421893ffa2e32 -> 
  custom:CustomObjectIndexerAttribute: 9a22284fe3817be447336de3de66b15e -> 
  custom:scripting/monoscript/fileName/GetEnvirData.cs: 606691644bdf7ecd10bb4ebc495c19c8 -> 
  custom:scripting/monoscript/fileName/EnvirData_build.cs: f736887ffe20da6261346a3c69102d4a -> 
  custom:scripting/monoscript/fileName/EnvirData_yg.cs: 3bb54dc4b67a3b540b92ca7af113e256 -> 
  custom:container-demuxer-webm: 4f35f7cbe854078d1ac9338744f61a02 -> 
  custom:container-muxer-webm: aa71ff27fc2769a1b78a27578f13a17b -> 
  custom:video-decoder-webm-vp8: 9c59270c3fd7afecdb556c50c9e8de78 -> 
  custom:SearchIndexIgnoredProperties: e643bd26f0fe6173181afceb89e7c659 -> 
  custom:AudioImporter_EditorPlatform: d09bf68614088b80899f8185d706f6e7 -> 
  custom:scripting/monoscript/fileName/KeyPressAnimation.cs: fc9b01ea31c12afb286dc2cd37a6e098 -> 
  custom:scripting/monoscript/fileName/EnvirData_interface.cs: 15db51baa12205348d10443220bc41a9 -> 
  custom:scripting/monoscript/fileName/EnvirData_yandexPlatform.cs: f24044aced27dadaa5f6f6a76e01f239 -> 
  custom:video-encoder-webm-vp8: eb34c28f22e8b96e1ab97ce403110664 -> 
  custom:audio-decoder-ogg-vorbis: bf7c407c2cedff20999df2af8eb42d56 -> 
  custom:audio-encoder-webm-vorbis: bf7c407c2cedff20999df2af8eb42d56 -> 
  custom:scripting/precompiled-assembly-types:Assembly-CSharp-Editor: 71f3420967b037f8ff02a018ff7ef66c -> ddefecc5e32c82550f9b70692fb0a631
  custom:scripting/precompiled-assembly-types:Assembly-CSharp: 5326f4936fe7f9b73f4042eec5984ab5 -> 487e516f97377eda8305839caa2d70fb
========================================================================
Received Prepare
Caller must complete domain reload
Begin MonoManager ReloadAssembly
Symbol file LoadedFromMemory is not a mono symbol file
- Loaded All Assemblies, in  2.130 seconds
Native extension for WindowsStandalone target not found
Native extension for iOS target not found
Native extension for Android target not found
Native extension for WebGL target not found
Asset Pipeline Refresh (id=0e22b9e09b8691d418d3871615039dc0): Total: 0.000 seconds - Initiated by StopAssetImportingV2(NoUpdateAssetOptions)
[ScriptCompilation] NOT recompiling all scripts because this is an import worker process. Reason to compile was: Define symbols changed
[ScriptCompilation] NOT recompiling all scripts because this is an import worker process. Reason to compile was: Define symbols changed
Mono: successfully reloaded assembly
- Finished resetting the current domain, in  2.907 seconds
Domain Reload Profiling: 5035ms
	BeginReloadAssembly (1475ms)
		ExecutionOrderSort (0ms)
		DisableScriptedObjects (11ms)
		BackupInstance (0ms)
		ReleaseScriptingObjects (0ms)
		CreateAndSetChildDomain (70ms)
	RebuildCommonClasses (69ms)
	RebuildNativeTypeToScriptingClass (23ms)
	initialDomainReloadingComplete (49ms)
	LoadAllAssembliesAndSetupDomain (511ms)
		LoadAssemblies (679ms)
		RebuildTransferFunctionScriptingTraits (0ms)
		AnalyzeDomain (52ms)
			TypeCache.Refresh (18ms)
				TypeCache.ScanAssembly (4ms)
			ScanForSourceGeneratedMonoScriptInfo (24ms)
			ResolveRequiredComponents (9ms)
	FinalizeReload (2908ms)
		ReleaseScriptCaches (0ms)
		RebuildScriptCaches (0ms)
		SetupLoadedEditorAssemblies (1387ms)
			LogAssemblyErrors (0ms)
			InitializePlatformSupportModulesInManaged (60ms)
			SetLoadedEditorAssemblies (8ms)
			RefreshPlugins (0ms)
			BeforeProcessingInitializeOnLoad (111ms)
			ProcessInitializeOnLoadAttributes (855ms)
			ProcessInitializeOnLoadMethodAttributes (340ms)
			AfterProcessingInitializeOnLoad (12ms)
			EditorAssembliesLoaded (0ms)
		ExecutionOrderSort2 (0ms)
		AwakeInstancesAfterBackupRestoration (17ms)
Refreshing native plugins compatible for Editor in 24.67 ms, found 2 plugins.
Preloading 0 native plugins for Editor in 0.00 ms.
Unloading 3840 Unused Serialized files (Serialized files now loaded: 0)
Unloading 16 unused Assets / (27.5 KB). Loaded Objects now: 4565.
Memory consumption went from 140.0 MB to 140.0 MB.
Total: 10.845600 ms (FindLiveObjects: 0.404800 ms CreateObjectMapping: 0.364300 ms MarkObjects: 10.006600 ms  DeleteObjects: 0.068400 ms)

Prepare: number of updated asset objects reloaded= 0
AssetImportParameters requested are different than current active one (requested -> active):
  custom:container-demuxer-ogg: 62fdf1f143b41e24485cea50d1cbac27 -> 
  custom:video-decoder-ogg-theora: a1e56fd34408186e4bbccfd4996cb3dc -> 
  custom:framework-win-MediaFoundation: 216162199b28c13a410421893ffa2e32 -> 
  custom:CustomObjectIndexerAttribute: 9a22284fe3817be447336de3de66b15e -> 
  custom:scripting/monoscript/fileName/GetEnvirData.cs: 606691644bdf7ecd10bb4ebc495c19c8 -> 
  custom:scripting/monoscript/fileName/EnvirData_build.cs: f736887ffe20da6261346a3c69102d4a -> 
  custom:scripting/monoscript/fileName/EnvirData_yg.cs: 3bb54dc4b67a3b540b92ca7af113e256 -> 
  custom:container-demuxer-webm: 4f35f7cbe854078d1ac9338744f61a02 -> 
  custom:container-muxer-webm: aa71ff27fc2769a1b78a27578f13a17b -> 
  custom:video-decoder-webm-vp8: 9c59270c3fd7afecdb556c50c9e8de78 -> 
  custom:SearchIndexIgnoredProperties: e643bd26f0fe6173181afceb89e7c659 -> 
  custom:AudioImporter_EditorPlatform: d09bf68614088b80899f8185d706f6e7 -> 
  custom:scripting/monoscript/fileName/KeyPressAnimation.cs: fc9b01ea31c12afb286dc2cd37a6e098 -> 
  custom:scripting/monoscript/fileName/EnvirData_interface.cs: 15db51baa12205348d10443220bc41a9 -> 
  custom:scripting/monoscript/fileName/EnvirData_yandexPlatform.cs: f24044aced27dadaa5f6f6a76e01f239 -> 
  custom:video-encoder-webm-vp8: eb34c28f22e8b96e1ab97ce403110664 -> 
  custom:audio-decoder-ogg-vorbis: bf7c407c2cedff20999df2af8eb42d56 -> 
  custom:audio-encoder-webm-vorbis: bf7c407c2cedff20999df2af8eb42d56 -> 
  custom:scripting/precompiled-assembly-types:Assembly-CSharp-Editor: 71f3420967b037f8ff02a018ff7ef66c -> ddefecc5e32c82550f9b70692fb0a631
  custom:scripting/precompiled-assembly-types:Assembly-CSharp: 5326f4936fe7f9b73f4042eec5984ab5 -> 487e516f97377eda8305839caa2d70fb
========================================================================
Received Prepare
Caller must complete domain reload
Begin MonoManager ReloadAssembly
Symbol file LoadedFromMemory is not a mono symbol file
- Loaded All Assemblies, in  1.361 seconds
Native extension for WindowsStandalone target not found
Native extension for iOS target not found
Native extension for Android target not found
Native extension for WebGL target not found
Asset Pipeline Refresh (id=da82baea023fae24b9b05eab56188e8e): Total: 0.000 seconds - Initiated by StopAssetImportingV2(NoUpdateAssetOptions)
[ScriptCompilation] NOT recompiling all scripts because this is an import worker process. Reason to compile was: Define symbols changed
[ScriptCompilation] NOT recompiling all scripts because this is an import worker process. Reason to compile was: Define symbols changed
Mono: successfully reloaded assembly
- Finished resetting the current domain, in  3.040 seconds
Domain Reload Profiling: 4398ms
	BeginReloadAssembly (753ms)
		ExecutionOrderSort (0ms)
		DisableScriptedObjects (9ms)
		BackupInstance (0ms)
		ReleaseScriptingObjects (0ms)
		CreateAndSetChildDomain (60ms)
	RebuildCommonClasses (70ms)
	RebuildNativeTypeToScriptingClass (28ms)
	initialDomainReloadingComplete (57ms)
	LoadAllAssembliesAndSetupDomain (449ms)
		LoadAssemblies (611ms)
		RebuildTransferFunctionScriptingTraits (0ms)
		AnalyzeDomain (21ms)
			TypeCache.Refresh (8ms)
				TypeCache.ScanAssembly (0ms)
			ScanForSourceGeneratedMonoScriptInfo (0ms)
			ResolveRequiredComponents (11ms)
	FinalizeReload (3041ms)
		ReleaseScriptCaches (0ms)
		RebuildScriptCaches (0ms)
		SetupLoadedEditorAssemblies (1785ms)
			LogAssemblyErrors (0ms)
			InitializePlatformSupportModulesInManaged (87ms)
			SetLoadedEditorAssemblies (11ms)
			RefreshPlugins (0ms)
			BeforeProcessingInitializeOnLoad (206ms)
			ProcessInitializeOnLoadAttributes (1052ms)
			ProcessInitializeOnLoadMethodAttributes (407ms)
			AfterProcessingInitializeOnLoad (21ms)
			EditorAssembliesLoaded (1ms)
		ExecutionOrderSort2 (0ms)
		AwakeInstancesAfterBackupRestoration (24ms)
Refreshing native plugins compatible for Editor in 30.86 ms, found 2 plugins.
Preloading 0 native plugins for Editor in 0.00 ms.
Unloading 3840 Unused Serialized files (Serialized files now loaded: 0)
Unloading 16 unused Assets / (27.5 KB). Loaded Objects now: 4568.
Memory consumption went from 140.0 MB to 140.0 MB.
Total: 17.236900 ms (FindLiveObjects: 0.470700 ms CreateObjectMapping: 0.394700 ms MarkObjects: 16.305900 ms  DeleteObjects: 0.064100 ms)

Prepare: number of updated asset objects reloaded= 0
AssetImportParameters requested are different than current active one (requested -> active):
  custom:container-demuxer-ogg: 62fdf1f143b41e24485cea50d1cbac27 -> 
  custom:video-decoder-ogg-theora: a1e56fd34408186e4bbccfd4996cb3dc -> 
  custom:framework-win-MediaFoundation: 216162199b28c13a410421893ffa2e32 -> 
  custom:CustomObjectIndexerAttribute: 9a22284fe3817be447336de3de66b15e -> 
  custom:scripting/monoscript/fileName/GetEnvirData.cs: 606691644bdf7ecd10bb4ebc495c19c8 -> 
  custom:scripting/monoscript/fileName/EnvirData_build.cs: f736887ffe20da6261346a3c69102d4a -> 
  custom:scripting/monoscript/fileName/EnvirData_yg.cs: 3bb54dc4b67a3b540b92ca7af113e256 -> 
  custom:container-demuxer-webm: 4f35f7cbe854078d1ac9338744f61a02 -> 
  custom:container-muxer-webm: aa71ff27fc2769a1b78a27578f13a17b -> 
  custom:video-decoder-webm-vp8: 9c59270c3fd7afecdb556c50c9e8de78 -> 
  custom:SearchIndexIgnoredProperties: e643bd26f0fe6173181afceb89e7c659 -> 
  custom:AudioImporter_EditorPlatform: d09bf68614088b80899f8185d706f6e7 -> 
  custom:scripting/monoscript/fileName/KeyPressAnimation.cs: fc9b01ea31c12afb286dc2cd37a6e098 -> 
  custom:scripting/monoscript/fileName/EnvirData_interface.cs: 15db51baa12205348d10443220bc41a9 -> 
  custom:scripting/monoscript/fileName/EnvirData_yandexPlatform.cs: f24044aced27dadaa5f6f6a76e01f239 -> 
  custom:video-encoder-webm-vp8: eb34c28f22e8b96e1ab97ce403110664 -> 
  custom:audio-decoder-ogg-vorbis: bf7c407c2cedff20999df2af8eb42d56 -> 
  custom:audio-encoder-webm-vorbis: bf7c407c2cedff20999df2af8eb42d56 -> 
  custom:scripting/precompiled-assembly-types:Assembly-CSharp-Editor: 71f3420967b037f8ff02a018ff7ef66c -> ddefecc5e32c82550f9b70692fb0a631
  custom:scripting/precompiled-assembly-types:Assembly-CSharp: 5326f4936fe7f9b73f4042eec5984ab5 -> 487e516f97377eda8305839caa2d70fb
========================================================================
Received Prepare
Caller must complete domain reload
Begin MonoManager ReloadAssembly
Symbol file LoadedFromMemory is not a mono symbol file
- Loaded All Assemblies, in  1.536 seconds
Native extension for WindowsStandalone target not found
Native extension for iOS target not found
Native extension for Android target not found
Native extension for WebGL target not found
Asset Pipeline Refresh (id=abf40352846b82f42ac0057e2efcf3cb): Total: 0.000 seconds - Initiated by StopAssetImportingV2(NoUpdateAssetOptions)
[ScriptCompilation] NOT recompiling all scripts because this is an import worker process. Reason to compile was: Define symbols changed
[ScriptCompilation] NOT recompiling all scripts because this is an import worker process. Reason to compile was: Define symbols changed
Mono: successfully reloaded assembly
- Finished resetting the current domain, in  2.918 seconds
Domain Reload Profiling: 4449ms
	BeginReloadAssembly (889ms)
		ExecutionOrderSort (0ms)
		DisableScriptedObjects (18ms)
		BackupInstance (0ms)
		ReleaseScriptingObjects (0ms)
		CreateAndSetChildDomain (92ms)
	RebuildCommonClasses (61ms)
	RebuildNativeTypeToScriptingClass (19ms)
	initialDomainReloadingComplete (69ms)
	LoadAllAssembliesAndSetupDomain (492ms)
		LoadAssemblies (666ms)
		RebuildTransferFunctionScriptingTraits (0ms)
		AnalyzeDomain (25ms)
			TypeCache.Refresh (10ms)
				TypeCache.ScanAssembly (0ms)
			ScanForSourceGeneratedMonoScriptInfo (0ms)
			ResolveRequiredComponents (12ms)
	FinalizeReload (2919ms)
		ReleaseScriptCaches (0ms)
		RebuildScriptCaches (0ms)
		SetupLoadedEditorAssemblies (1595ms)
			LogAssemblyErrors (0ms)
			InitializePlatformSupportModulesInManaged (96ms)
			SetLoadedEditorAssemblies (16ms)
			RefreshPlugins (0ms)
			BeforeProcessingInitializeOnLoad (176ms)
			ProcessInitializeOnLoadAttributes (849ms)
			ProcessInitializeOnLoadMethodAttributes (441ms)
			AfterProcessingInitializeOnLoad (14ms)
			EditorAssembliesLoaded (3ms)
		ExecutionOrderSort2 (0ms)
		AwakeInstancesAfterBackupRestoration (16ms)
Refreshing native plugins compatible for Editor in 56.99 ms, found 2 plugins.
Preloading 0 native plugins for Editor in 0.00 ms.
Unloading 3840 Unused Serialized files (Serialized files now loaded: 0)
Unloading 16 unused Assets / (27.6 KB). Loaded Objects now: 4571.
Memory consumption went from 140.0 MB to 140.0 MB.
Total: 18.432900 ms (FindLiveObjects: 0.519300 ms CreateObjectMapping: 0.448800 ms MarkObjects: 17.385300 ms  DeleteObjects: 0.077400 ms)

Prepare: number of updated asset objects reloaded= 0
AssetImportParameters requested are different than current active one (requested -> active):
  custom:container-demuxer-ogg: 62fdf1f143b41e24485cea50d1cbac27 -> 
  custom:video-decoder-ogg-theora: a1e56fd34408186e4bbccfd4996cb3dc -> 
  custom:framework-win-MediaFoundation: 216162199b28c13a410421893ffa2e32 -> 
  custom:CustomObjectIndexerAttribute: 9a22284fe3817be447336de3de66b15e -> 
  custom:scripting/monoscript/fileName/GetEnvirData.cs: 606691644bdf7ecd10bb4ebc495c19c8 -> 
  custom:scripting/monoscript/fileName/EnvirData_build.cs: f736887ffe20da6261346a3c69102d4a -> 
  custom:scripting/monoscript/fileName/EnvirData_yg.cs: 3bb54dc4b67a3b540b92ca7af113e256 -> 
  custom:container-demuxer-webm: 4f35f7cbe854078d1ac9338744f61a02 -> 
  custom:container-muxer-webm: aa71ff27fc2769a1b78a27578f13a17b -> 
  custom:video-decoder-webm-vp8: 9c59270c3fd7afecdb556c50c9e8de78 -> 
  custom:SearchIndexIgnoredProperties: e643bd26f0fe6173181afceb89e7c659 -> 
  custom:AudioImporter_EditorPlatform: d09bf68614088b80899f8185d706f6e7 -> 
  custom:scripting/monoscript/fileName/KeyPressAnimation.cs: fc9b01ea31c12afb286dc2cd37a6e098 -> 
  custom:scripting/monoscript/fileName/EnvirData_interface.cs: 15db51baa12205348d10443220bc41a9 -> 
  custom:scripting/monoscript/fileName/EnvirData_yandexPlatform.cs: f24044aced27dadaa5f6f6a76e01f239 -> 
  custom:video-encoder-webm-vp8: eb34c28f22e8b96e1ab97ce403110664 -> 
  custom:audio-decoder-ogg-vorbis: bf7c407c2cedff20999df2af8eb42d56 -> 
  custom:audio-encoder-webm-vorbis: bf7c407c2cedff20999df2af8eb42d56 -> 
  custom:scripting/precompiled-assembly-types:Assembly-CSharp-Editor: 71f3420967b037f8ff02a018ff7ef66c -> ddefecc5e32c82550f9b70692fb0a631
  custom:scripting/precompiled-assembly-types:Assembly-CSharp: 5326f4936fe7f9b73f4042eec5984ab5 -> 487e516f97377eda8305839caa2d70fb
========================================================================
Received Prepare
Caller must complete domain reload
Begin MonoManager ReloadAssembly
Symbol file LoadedFromMemory is not a mono symbol file
- Loaded All Assemblies, in  1.411 seconds
Native extension for WindowsStandalone target not found
Native extension for iOS target not found
Native extension for Android target not found
Native extension for WebGL target not found
Asset Pipeline Refresh (id=838c6805c82be6b45b72797c1c781b91): Total: 0.000 seconds - Initiated by StopAssetImportingV2(NoUpdateAssetOptions)
[ScriptCompilation] NOT recompiling all scripts because this is an import worker process. Reason to compile was: Define symbols changed
[ScriptCompilation] NOT recompiling all scripts because this is an import worker process. Reason to compile was: Define symbols changed
Mono: successfully reloaded assembly
- Finished resetting the current domain, in  2.620 seconds
Domain Reload Profiling: 4030ms
	BeginReloadAssembly (771ms)
		ExecutionOrderSort (0ms)
		DisableScriptedObjects (11ms)
		BackupInstance (0ms)
		ReleaseScriptingObjects (0ms)
		CreateAndSetChildDomain (66ms)
	RebuildCommonClasses (63ms)
	RebuildNativeTypeToScriptingClass (44ms)
	initialDomainReloadingComplete (64ms)
	LoadAllAssembliesAndSetupDomain (463ms)
		LoadAssemblies (589ms)
		RebuildTransferFunctionScriptingTraits (0ms)
		AnalyzeDomain (26ms)
			TypeCache.Refresh (10ms)
				TypeCache.ScanAssembly (0ms)
			ScanForSourceGeneratedMonoScriptInfo (0ms)
			ResolveRequiredComponents (14ms)
	FinalizeReload (2625ms)
		ReleaseScriptCaches (0ms)
		RebuildScriptCaches (0ms)
		SetupLoadedEditorAssemblies (1486ms)
			LogAssemblyErrors (0ms)
			InitializePlatformSupportModulesInManaged (55ms)
			SetLoadedEditorAssemblies (9ms)
			RefreshPlugins (0ms)
			BeforeProcessingInitializeOnLoad (174ms)
			ProcessInitializeOnLoadAttributes (824ms)
			ProcessInitializeOnLoadMethodAttributes (404ms)
			AfterProcessingInitializeOnLoad (19ms)
			EditorAssembliesLoaded (1ms)
		ExecutionOrderSort2 (0ms)
		AwakeInstancesAfterBackupRestoration (24ms)
Refreshing native plugins compatible for Editor in 21.55 ms, found 2 plugins.
Preloading 0 native plugins for Editor in 0.00 ms.
Unloading 3840 Unused Serialized files (Serialized files now loaded: 0)
Unloading 16 unused Assets / (27.5 KB). Loaded Objects now: 4574.
Memory consumption went from 140.0 MB to 140.0 MB.
Total: 11.611500 ms (FindLiveObjects: 0.371100 ms CreateObjectMapping: 0.338900 ms MarkObjects: 10.837400 ms  DeleteObjects: 0.062400 ms)

Prepare: number of updated asset objects reloaded= 0
AssetImportParameters requested are different than current active one (requested -> active):
  custom:container-demuxer-ogg: 62fdf1f143b41e24485cea50d1cbac27 -> 
  custom:video-decoder-ogg-theora: a1e56fd34408186e4bbccfd4996cb3dc -> 
  custom:framework-win-MediaFoundation: 216162199b28c13a410421893ffa2e32 -> 
  custom:CustomObjectIndexerAttribute: 9a22284fe3817be447336de3de66b15e -> 
  custom:scripting/monoscript/fileName/GetEnvirData.cs: 606691644bdf7ecd10bb4ebc495c19c8 -> 
  custom:scripting/monoscript/fileName/EnvirData_build.cs: f736887ffe20da6261346a3c69102d4a -> 
  custom:scripting/monoscript/fileName/EnvirData_yg.cs: 3bb54dc4b67a3b540b92ca7af113e256 -> 
  custom:container-demuxer-webm: 4f35f7cbe854078d1ac9338744f61a02 -> 
  custom:container-muxer-webm: aa71ff27fc2769a1b78a27578f13a17b -> 
  custom:video-decoder-webm-vp8: 9c59270c3fd7afecdb556c50c9e8de78 -> 
  custom:SearchIndexIgnoredProperties: e643bd26f0fe6173181afceb89e7c659 -> 
  custom:AudioImporter_EditorPlatform: d09bf68614088b80899f8185d706f6e7 -> 
  custom:scripting/monoscript/fileName/KeyPressAnimation.cs: fc9b01ea31c12afb286dc2cd37a6e098 -> 
  custom:scripting/monoscript/fileName/EnvirData_interface.cs: 15db51baa12205348d10443220bc41a9 -> 
  custom:scripting/monoscript/fileName/EnvirData_yandexPlatform.cs: f24044aced27dadaa5f6f6a76e01f239 -> 
  custom:video-encoder-webm-vp8: eb34c28f22e8b96e1ab97ce403110664 -> 
  custom:audio-decoder-ogg-vorbis: bf7c407c2cedff20999df2af8eb42d56 -> 
  custom:audio-encoder-webm-vorbis: bf7c407c2cedff20999df2af8eb42d56 -> 
  custom:scripting/precompiled-assembly-types:Assembly-CSharp-Editor: 71f3420967b037f8ff02a018ff7ef66c -> ddefecc5e32c82550f9b70692fb0a631
  custom:scripting/precompiled-assembly-types:Assembly-CSharp: 5326f4936fe7f9b73f4042eec5984ab5 -> 487e516f97377eda8305839caa2d70fb
========================================================================
Received Prepare
Caller must complete domain reload
Begin MonoManager ReloadAssembly
Symbol file LoadedFromMemory is not a mono symbol file
- Loaded All Assemblies, in  1.604 seconds
Native extension for WindowsStandalone target not found
Native extension for iOS target not found
Native extension for Android target not found
Native extension for WebGL target not found
Asset Pipeline Refresh (id=2ae734d9dea0d19419c6c61eba42380d): Total: 0.000 seconds - Initiated by StopAssetImportingV2(NoUpdateAssetOptions)
[ScriptCompilation] NOT recompiling all scripts because this is an import worker process. Reason to compile was: Define symbols changed
[ScriptCompilation] NOT recompiling all scripts because this is an import worker process. Reason to compile was: Define symbols changed
Mono: successfully reloaded assembly
- Finished resetting the current domain, in  2.840 seconds
Domain Reload Profiling: 4442ms
	BeginReloadAssembly (844ms)
		ExecutionOrderSort (0ms)
		DisableScriptedObjects (11ms)
		BackupInstance (0ms)
		ReleaseScriptingObjects (0ms)
		CreateAndSetChildDomain (57ms)
	RebuildCommonClasses (70ms)
	RebuildNativeTypeToScriptingClass (23ms)
	initialDomainReloadingComplete (54ms)
	LoadAllAssembliesAndSetupDomain (610ms)
		LoadAssemblies (698ms)
		RebuildTransferFunctionScriptingTraits (0ms)
		AnalyzeDomain (75ms)
			TypeCache.Refresh (32ms)
				TypeCache.ScanAssembly (9ms)
			ScanForSourceGeneratedMonoScriptInfo (28ms)
			ResolveRequiredComponents (14ms)
	FinalizeReload (2841ms)
		ReleaseScriptCaches (0ms)
		RebuildScriptCaches (0ms)
		SetupLoadedEditorAssemblies (1701ms)
			LogAssemblyErrors (0ms)
			InitializePlatformSupportModulesInManaged (63ms)
			SetLoadedEditorAssemblies (8ms)
			RefreshPlugins (0ms)
			BeforeProcessingInitializeOnLoad (229ms)
			ProcessInitializeOnLoadAttributes (995ms)
			ProcessInitializeOnLoadMethodAttributes (389ms)
			AfterProcessingInitializeOnLoad (16ms)
			EditorAssembliesLoaded (1ms)
		ExecutionOrderSort2 (0ms)
		AwakeInstancesAfterBackupRestoration (18ms)
Refreshing native plugins compatible for Editor in 42.14 ms, found 2 plugins.
Preloading 0 native plugins for Editor in 0.00 ms.
Unloading 3840 Unused Serialized files (Serialized files now loaded: 0)
Unloading 16 unused Assets / (27.6 KB). Loaded Objects now: 4577.
Memory consumption went from 140.0 MB to 140.0 MB.
Total: 12.245500 ms (FindLiveObjects: 0.415300 ms CreateObjectMapping: 0.343800 ms MarkObjects: 11.425200 ms  DeleteObjects: 0.059700 ms)

Prepare: number of updated asset objects reloaded= 0
AssetImportParameters requested are different than current active one (requested -> active):
  custom:container-demuxer-ogg: 62fdf1f143b41e24485cea50d1cbac27 -> 
  custom:video-decoder-ogg-theora: a1e56fd34408186e4bbccfd4996cb3dc -> 
  custom:framework-win-MediaFoundation: 216162199b28c13a410421893ffa2e32 -> 
  custom:CustomObjectIndexerAttribute: 9a22284fe3817be447336de3de66b15e -> 
  custom:scripting/monoscript/fileName/GetEnvirData.cs: 606691644bdf7ecd10bb4ebc495c19c8 -> 
  custom:scripting/monoscript/fileName/EnvirData_build.cs: f736887ffe20da6261346a3c69102d4a -> 
  custom:scripting/monoscript/fileName/EnvirData_yg.cs: 3bb54dc4b67a3b540b92ca7af113e256 -> 
  custom:container-demuxer-webm: 4f35f7cbe854078d1ac9338744f61a02 -> 
  custom:container-muxer-webm: aa71ff27fc2769a1b78a27578f13a17b -> 
  custom:video-decoder-webm-vp8: 9c59270c3fd7afecdb556c50c9e8de78 -> 
  custom:SearchIndexIgnoredProperties: e643bd26f0fe6173181afceb89e7c659 -> 
  custom:AudioImporter_EditorPlatform: d09bf68614088b80899f8185d706f6e7 -> 
  custom:scripting/monoscript/fileName/KeyPressAnimation.cs: fc9b01ea31c12afb286dc2cd37a6e098 -> 
  custom:scripting/monoscript/fileName/EnvirData_interface.cs: 15db51baa12205348d10443220bc41a9 -> 
  custom:scripting/monoscript/fileName/EnvirData_yandexPlatform.cs: f24044aced27dadaa5f6f6a76e01f239 -> 
  custom:video-encoder-webm-vp8: eb34c28f22e8b96e1ab97ce403110664 -> 
  custom:audio-decoder-ogg-vorbis: bf7c407c2cedff20999df2af8eb42d56 -> 
  custom:audio-encoder-webm-vorbis: bf7c407c2cedff20999df2af8eb42d56 -> 
  custom:scripting/precompiled-assembly-types:Assembly-CSharp-Editor: 71f3420967b037f8ff02a018ff7ef66c -> ddefecc5e32c82550f9b70692fb0a631
  custom:scripting/precompiled-assembly-types:Assembly-CSharp: 5326f4936fe7f9b73f4042eec5984ab5 -> 487e516f97377eda8305839caa2d70fb
========================================================================
Received Prepare
Caller must complete domain reload
Begin MonoManager ReloadAssembly
Symbol file LoadedFromMemory is not a mono symbol file
- Loaded All Assemblies, in  1.343 seconds
Native extension for WindowsStandalone target not found
Native extension for iOS target not found
Native extension for Android target not found
Native extension for WebGL target not found
Asset Pipeline Refresh (id=89100924d9657c2449fb8d69a132af26): Total: 0.000 seconds - Initiated by StopAssetImportingV2(NoUpdateAssetOptions)
[ScriptCompilation] NOT recompiling all scripts because this is an import worker process. Reason to compile was: Define symbols changed
[ScriptCompilation] NOT recompiling all scripts because this is an import worker process. Reason to compile was: Define symbols changed
Mono: successfully reloaded assembly
- Finished resetting the current domain, in  2.613 seconds
Domain Reload Profiling: 3951ms
	BeginReloadAssembly (767ms)
		ExecutionOrderSort (0ms)
		DisableScriptedObjects (12ms)
		BackupInstance (0ms)
		ReleaseScriptingObjects (0ms)
		CreateAndSetChildDomain (56ms)
	RebuildCommonClasses (54ms)
	RebuildNativeTypeToScriptingClass (19ms)
	initialDomainReloadingComplete (52ms)
	LoadAllAssembliesAndSetupDomain (445ms)
		LoadAssemblies (600ms)
		RebuildTransferFunctionScriptingTraits (0ms)
		AnalyzeDomain (19ms)
			TypeCache.Refresh (8ms)
				TypeCache.ScanAssembly (0ms)
			ScanForSourceGeneratedMonoScriptInfo (0ms)
			ResolveRequiredComponents (9ms)
	FinalizeReload (2614ms)
		ReleaseScriptCaches (0ms)
		RebuildScriptCaches (0ms)
		SetupLoadedEditorAssemblies (1605ms)
			LogAssemblyErrors (0ms)
			InitializePlatformSupportModulesInManaged (57ms)
			SetLoadedEditorAssemblies (7ms)
			RefreshPlugins (0ms)
			BeforeProcessingInitializeOnLoad (139ms)
			ProcessInitializeOnLoadAttributes (989ms)
			ProcessInitializeOnLoadMethodAttributes (398ms)
			AfterProcessingInitializeOnLoad (14ms)
			EditorAssembliesLoaded (1ms)
		ExecutionOrderSort2 (0ms)
		AwakeInstancesAfterBackupRestoration (20ms)
Refreshing native plugins compatible for Editor in 29.86 ms, found 2 plugins.
Preloading 0 native plugins for Editor in 0.00 ms.
Unloading 3840 Unused Serialized files (Serialized files now loaded: 0)
Unloading 16 unused Assets / (27.5 KB). Loaded Objects now: 4580.
Memory consumption went from 140.0 MB to 140.0 MB.
Total: 24.435800 ms (FindLiveObjects: 0.692000 ms CreateObjectMapping: 0.801800 ms MarkObjects: 22.850800 ms  DeleteObjects: 0.089600 ms)

Prepare: number of updated asset objects reloaded= 1
AssetImportParameters requested are different than current active one (requested -> active):
  custom:container-demuxer-ogg: 62fdf1f143b41e24485cea50d1cbac27 -> 
  custom:video-decoder-ogg-theora: a1e56fd34408186e4bbccfd4996cb3dc -> 
  custom:framework-win-MediaFoundation: 216162199b28c13a410421893ffa2e32 -> 
  custom:CustomObjectIndexerAttribute: 9a22284fe3817be447336de3de66b15e -> 
  custom:scripting/monoscript/fileName/GetEnvirData.cs: 606691644bdf7ecd10bb4ebc495c19c8 -> 
  custom:scripting/monoscript/fileName/EnvirData_build.cs: f736887ffe20da6261346a3c69102d4a -> 
  custom:scripting/monoscript/fileName/EnvirData_yg.cs: 3bb54dc4b67a3b540b92ca7af113e256 -> 
  custom:container-demuxer-webm: 4f35f7cbe854078d1ac9338744f61a02 -> 
  custom:container-muxer-webm: aa71ff27fc2769a1b78a27578f13a17b -> 
  custom:video-decoder-webm-vp8: 9c59270c3fd7afecdb556c50c9e8de78 -> 
  custom:SearchIndexIgnoredProperties: e643bd26f0fe6173181afceb89e7c659 -> 
  custom:AudioImporter_EditorPlatform: d09bf68614088b80899f8185d706f6e7 -> 
  custom:scripting/monoscript/fileName/KeyPressAnimation.cs: fc9b01ea31c12afb286dc2cd37a6e098 -> 
  custom:scripting/monoscript/fileName/EnvirData_interface.cs: 15db51baa12205348d10443220bc41a9 -> 
  custom:scripting/monoscript/fileName/EnvirData_yandexPlatform.cs: f24044aced27dadaa5f6f6a76e01f239 -> 
  custom:video-encoder-webm-vp8: eb34c28f22e8b96e1ab97ce403110664 -> 
  custom:audio-decoder-ogg-vorbis: bf7c407c2cedff20999df2af8eb42d56 -> 
  custom:audio-encoder-webm-vorbis: bf7c407c2cedff20999df2af8eb42d56 -> 
  custom:scripting/precompiled-assembly-types:Assembly-CSharp-Editor: 71f3420967b037f8ff02a018ff7ef66c -> ddefecc5e32c82550f9b70692fb0a631
  custom:scripting/precompiled-assembly-types:Assembly-CSharp: 5326f4936fe7f9b73f4042eec5984ab5 -> 487e516f97377eda8305839caa2d70fb
========================================================================
Received Prepare
Caller must complete domain reload
Begin MonoManager ReloadAssembly
Symbol file LoadedFromMemory is not a mono symbol file
- Loaded All Assemblies, in  1.890 seconds
Native extension for WindowsStandalone target not found
Native extension for iOS target not found
Native extension for Android target not found
Native extension for WebGL target not found
Asset Pipeline Refresh (id=ed3999c64cf2c954b87f3523425e4b1b): Total: 0.000 seconds - Initiated by StopAssetImportingV2(NoUpdateAssetOptions)
[ScriptCompilation] NOT recompiling all scripts because this is an import worker process. Reason to compile was: Define symbols changed
[ScriptCompilation] NOT recompiling all scripts because this is an import worker process. Reason to compile was: Define symbols changed
Mono: successfully reloaded assembly
- Finished resetting the current domain, in  2.559 seconds
Domain Reload Profiling: 4443ms
	BeginReloadAssembly (859ms)
		ExecutionOrderSort (0ms)
		DisableScriptedObjects (14ms)
		BackupInstance (0ms)
		ReleaseScriptingObjects (0ms)
		CreateAndSetChildDomain (80ms)
	RebuildCommonClasses (75ms)
	RebuildNativeTypeToScriptingClass (39ms)
	initialDomainReloadingComplete (95ms)
	LoadAllAssembliesAndSetupDomain (816ms)
		LoadAssemblies (852ms)
		RebuildTransferFunctionScriptingTraits (0ms)
		AnalyzeDomain (112ms)
			TypeCache.Refresh (50ms)
				TypeCache.ScanAssembly (18ms)
			ScanForSourceGeneratedMonoScriptInfo (44ms)
			ResolveRequiredComponents (17ms)
	FinalizeReload (2560ms)
		ReleaseScriptCaches (0ms)
		RebuildScriptCaches (0ms)
		SetupLoadedEditorAssemblies (1411ms)
			LogAssemblyErrors (0ms)
			InitializePlatformSupportModulesInManaged (72ms)
			SetLoadedEditorAssemblies (13ms)
			RefreshPlugins (0ms)
			BeforeProcessingInitializeOnLoad (284ms)
			ProcessInitializeOnLoadAttributes (717ms)
			ProcessInitializeOnLoadMethodAttributes (316ms)
			AfterProcessingInitializeOnLoad (9ms)
			EditorAssembliesLoaded (0ms)
		ExecutionOrderSort2 (0ms)
		AwakeInstancesAfterBackupRestoration (11ms)
Refreshing native plugins compatible for Editor in 21.55 ms, found 2 plugins.
Preloading 0 native plugins for Editor in 0.00 ms.
Unloading 3840 Unused Serialized files (Serialized files now loaded: 0)
Unloading 16 unused Assets / (27.5 KB). Loaded Objects now: 4583.
Memory consumption went from 140.0 MB to 140.0 MB.
Total: 12.033400 ms (FindLiveObjects: 0.341400 ms CreateObjectMapping: 0.302100 ms MarkObjects: 11.336300 ms  DeleteObjects: 0.052400 ms)

Prepare: number of updated asset objects reloaded= 0
AssetImportParameters requested are different than current active one (requested -> active):
  custom:container-demuxer-ogg: 62fdf1f143b41e24485cea50d1cbac27 -> 
  custom:video-decoder-ogg-theora: a1e56fd34408186e4bbccfd4996cb3dc -> 
  custom:framework-win-MediaFoundation: 216162199b28c13a410421893ffa2e32 -> 
  custom:CustomObjectIndexerAttribute: 9a22284fe3817be447336de3de66b15e -> 
  custom:scripting/monoscript/fileName/GetEnvirData.cs: 606691644bdf7ecd10bb4ebc495c19c8 -> 
  custom:scripting/monoscript/fileName/EnvirData_build.cs: f736887ffe20da6261346a3c69102d4a -> 
  custom:scripting/monoscript/fileName/EnvirData_yg.cs: 3bb54dc4b67a3b540b92ca7af113e256 -> 
  custom:container-demuxer-webm: 4f35f7cbe854078d1ac9338744f61a02 -> 
  custom:container-muxer-webm: aa71ff27fc2769a1b78a27578f13a17b -> 
  custom:video-decoder-webm-vp8: 9c59270c3fd7afecdb556c50c9e8de78 -> 
  custom:SearchIndexIgnoredProperties: e643bd26f0fe6173181afceb89e7c659 -> 
  custom:AudioImporter_EditorPlatform: d09bf68614088b80899f8185d706f6e7 -> 
  custom:scripting/monoscript/fileName/KeyPressAnimation.cs: fc9b01ea31c12afb286dc2cd37a6e098 -> 
  custom:scripting/monoscript/fileName/EnvirData_interface.cs: 15db51baa12205348d10443220bc41a9 -> 
  custom:scripting/monoscript/fileName/EnvirData_yandexPlatform.cs: f24044aced27dadaa5f6f6a76e01f239 -> 
  custom:video-encoder-webm-vp8: eb34c28f22e8b96e1ab97ce403110664 -> 
  custom:audio-decoder-ogg-vorbis: bf7c407c2cedff20999df2af8eb42d56 -> 
  custom:audio-encoder-webm-vorbis: bf7c407c2cedff20999df2af8eb42d56 -> 
  custom:scripting/precompiled-assembly-types:Assembly-CSharp-Editor: 71f3420967b037f8ff02a018ff7ef66c -> ddefecc5e32c82550f9b70692fb0a631
  custom:scripting/precompiled-assembly-types:Assembly-CSharp: 9fb413334a5d09436282d6ae84b3c0fd -> 487e516f97377eda8305839caa2d70fb
========================================================================
Received Prepare
Caller must complete domain reload
Begin MonoManager ReloadAssembly
Symbol file LoadedFromMemory is not a mono symbol file
- Loaded All Assemblies, in  1.595 seconds
Native extension for WindowsStandalone target not found
Native extension for iOS target not found
Native extension for Android target not found
Native extension for WebGL target not found
Asset Pipeline Refresh (id=d56643073cee8f546ac1245bb69667c8): Total: 0.000 seconds - Initiated by StopAssetImportingV2(NoUpdateAssetOptions)
[ScriptCompilation] NOT recompiling all scripts because this is an import worker process. Reason to compile was: Define symbols changed
[ScriptCompilation] NOT recompiling all scripts because this is an import worker process. Reason to compile was: Define symbols changed
Mono: successfully reloaded assembly
- Finished resetting the current domain, in  3.698 seconds
Domain Reload Profiling: 5290ms
	BeginReloadAssembly (910ms)
		ExecutionOrderSort (0ms)
		DisableScriptedObjects (12ms)
		BackupInstance (0ms)
		ReleaseScriptingObjects (0ms)
		CreateAndSetChildDomain (50ms)
	RebuildCommonClasses (61ms)
	RebuildNativeTypeToScriptingClass (32ms)
	initialDomainReloadingComplete (50ms)
	LoadAllAssembliesAndSetupDomain (538ms)
		LoadAssemblies (716ms)
		RebuildTransferFunctionScriptingTraits (0ms)
		AnalyzeDomain (32ms)
			TypeCache.Refresh (15ms)
				TypeCache.ScanAssembly (0ms)
			ScanForSourceGeneratedMonoScriptInfo (1ms)
			ResolveRequiredComponents (15ms)
	FinalizeReload (3699ms)
		ReleaseScriptCaches (0ms)
		RebuildScriptCaches (0ms)
		SetupLoadedEditorAssemblies (1698ms)
			LogAssemblyErrors (0ms)
			InitializePlatformSupportModulesInManaged (83ms)
			SetLoadedEditorAssemblies (13ms)
			RefreshPlugins (0ms)
			BeforeProcessingInitializeOnLoad (221ms)
			ProcessInitializeOnLoadAttributes (886ms)
			ProcessInitializeOnLoadMethodAttributes (476ms)
			AfterProcessingInitializeOnLoad (18ms)
			EditorAssembliesLoaded (1ms)
		ExecutionOrderSort2 (0ms)
		AwakeInstancesAfterBackupRestoration (20ms)
Refreshing native plugins compatible for Editor in 36.69 ms, found 2 plugins.
Preloading 0 native plugins for Editor in 0.00 ms.
Unloading 3840 Unused Serialized files (Serialized files now loaded: 0)
Unloading 16 unused Assets / (27.5 KB). Loaded Objects now: 4586.
Memory consumption went from 140.0 MB to 140.0 MB.
Total: 13.659100 ms (FindLiveObjects: 0.505800 ms CreateObjectMapping: 0.460200 ms MarkObjects: 12.604400 ms  DeleteObjects: 0.087100 ms)

Prepare: number of updated asset objects reloaded= 0
AssetImportParameters requested are different than current active one (requested -> active):
  custom:container-demuxer-ogg: 62fdf1f143b41e24485cea50d1cbac27 -> 
  custom:video-decoder-ogg-theora: a1e56fd34408186e4bbccfd4996cb3dc -> 
  custom:framework-win-MediaFoundation: 216162199b28c13a410421893ffa2e32 -> 
  custom:CustomObjectIndexerAttribute: 9a22284fe3817be447336de3de66b15e -> 
  custom:scripting/monoscript/fileName/GetEnvirData.cs: 606691644bdf7ecd10bb4ebc495c19c8 -> 
  custom:scripting/monoscript/fileName/EnvirData_build.cs: f736887ffe20da6261346a3c69102d4a -> 
  custom:scripting/monoscript/fileName/EnvirData_yg.cs: 3bb54dc4b67a3b540b92ca7af113e256 -> 
  custom:container-demuxer-webm: 4f35f7cbe854078d1ac9338744f61a02 -> 
  custom:container-muxer-webm: aa71ff27fc2769a1b78a27578f13a17b -> 
  custom:video-decoder-webm-vp8: 9c59270c3fd7afecdb556c50c9e8de78 -> 
  custom:SearchIndexIgnoredProperties: e643bd26f0fe6173181afceb89e7c659 -> 
  custom:AudioImporter_EditorPlatform: d09bf68614088b80899f8185d706f6e7 -> 
  custom:scripting/monoscript/fileName/KeyPressAnimation.cs: fc9b01ea31c12afb286dc2cd37a6e098 -> 
  custom:scripting/monoscript/fileName/EnvirData_interface.cs: 15db51baa12205348d10443220bc41a9 -> 
  custom:scripting/monoscript/fileName/EnvirData_yandexPlatform.cs: f24044aced27dadaa5f6f6a76e01f239 -> 
  custom:video-encoder-webm-vp8: eb34c28f22e8b96e1ab97ce403110664 -> 
  custom:audio-decoder-ogg-vorbis: bf7c407c2cedff20999df2af8eb42d56 -> 
  custom:audio-encoder-webm-vorbis: bf7c407c2cedff20999df2af8eb42d56 -> 
  custom:scripting/precompiled-assembly-types:Assembly-CSharp-Editor: 71f3420967b037f8ff02a018ff7ef66c -> ddefecc5e32c82550f9b70692fb0a631
  custom:scripting/precompiled-assembly-types:Assembly-CSharp: 9fb413334a5d09436282d6ae84b3c0fd -> 487e516f97377eda8305839caa2d70fb
========================================================================
Received Import Request.
  Time since last request: 3230.818499 seconds.
  path: Assets/AddressableAssetsData/AddressableAssetSettings.asset
  artifactKey: Guid(9c167519fef7f6f4199ce2b45d141236) Importer(2089858483,0ecaa5967403d082aa24f35e1b516d23)
Start importing Assets/AddressableAssetsData/AddressableAssetSettings.asset using Guid(9c167519fef7f6f4199ce2b45d141236) Importer(2089858483,0ecaa5967403d082aa24f35e1b516d23) [PhysX] Initialized MultithreadedTaskDispatcher with 8 workers.
 -> (artifact id: 'cebd6c3cddf135784aec6f72d32d1776') in 0.192777 seconds
Number of updated asset objects reloaded before import = 0
Number of asset objects unloaded after import = 1
========================================================================
Received Import Request.
  Time since last request: 0.000022 seconds.
  path: Assets/Audio/493915__damnsatinist__retro-punch.wav
  artifactKey: Guid(26329f12d2f09fb41bf9af7575db59a2) Importer(2089858483,0ecaa5967403d082aa24f35e1b516d23)
Start importing Assets/Audio/493915__damnsatinist__retro-punch.wav using Guid(26329f12d2f09fb41bf9af7575db59a2) Importer(2089858483,0ecaa5967403d082aa24f35e1b516d23) [PhysX] Initialized MultithreadedTaskDispatcher with 8 workers.
 -> (artifact id: 'aa54f7e43d8f66e3414b9ef479c88f75') in 0.075100 seconds
Number of updated asset objects reloaded before import = 0
Number of asset objects unloaded after import = 1
========================================================================
Received Import Request.
  Time since last request: 0.000042 seconds.
  path: Assets/PluginYourGames/Third-Party Notices.txt
  artifactKey: Guid(fc4bfab6e54579742919652139a338e0) Importer(2089858483,0ecaa5967403d082aa24f35e1b516d23)
Start importing Assets/PluginYourGames/Third-Party Notices.txt using Guid(fc4bfab6e54579742919652139a338e0) Importer(2089858483,0ecaa5967403d082aa24f35e1b516d23) [PhysX] Initialized MultithreadedTaskDispatcher with 8 workers.
 -> (artifact id: 'f1d37633627087d141b5c782c229ac33') in 0.013966 seconds
Number of updated asset objects reloaded before import = 0
Number of asset objects unloaded after import = 1
========================================================================
Received Import Request.
  Time since last request: 0.000026 seconds.
  path: Assets/Animation/BallonEnemy.controller
  artifactKey: Guid(11af2333ea921fe44a6ff1236c27bdbd) Importer(2089858483,0ecaa5967403d082aa24f35e1b516d23)
Start importing Assets/Animation/BallonEnemy.controller using Guid(11af2333ea921fe44a6ff1236c27bdbd) Importer(2089858483,0ecaa5967403d082aa24f35e1b516d23) [PhysX] Initialized MultithreadedTaskDispatcher with 8 workers.
 -> (artifact id: 'df0b97c30a02cb865ce970f901a5bd07') in 0.045808 seconds
Number of updated asset objects reloaded before import = 0
Number of asset objects unloaded after import = 8
========================================================================
Received Import Request.
  Time since last request: 0.000020 seconds.
  path: Assets/Animation/MagnitAnimator.controller
  artifactKey: Guid(9985216d6334e144e824fa159704ac6f) Importer(2089858483,0ecaa5967403d082aa24f35e1b516d23)
Start importing Assets/Animation/MagnitAnimator.controller using Guid(9985216d6334e144e824fa159704ac6f) Importer(2089858483,0ecaa5967403d082aa24f35e1b516d23) [PhysX] Initialized MultithreadedTaskDispatcher with 8 workers.
 -> (artifact id: '7a2b29efd588dda76756f2e74ec8b30f') in 0.013800 seconds
Number of updated asset objects reloaded before import = 0
Number of asset objects unloaded after import = 4
========================================================================
Received Import Request.
  Time since last request: 0.000029 seconds.
  path: Assets/Fonts/Play-Regular SDF.asset
  artifactKey: Guid(f1f14be6073e6e348b662584332a580c) Importer(2089858483,0ecaa5967403d082aa24f35e1b516d23)
Start importing Assets/Fonts/Play-Regular SDF.asset using Guid(f1f14be6073e6e348b662584332a580c) Importer(2089858483,0ecaa5967403d082aa24f35e1b516d23) [PhysX] Initialized MultithreadedTaskDispatcher with 8 workers.
 -> (artifact id: '28d5961fa627835eede6106cfd6e9286') in 0.101917 seconds
Number of updated asset objects reloaded before import = 0
Number of asset objects unloaded after import = 3
========================================================================
Received Import Request.
  Time since last request: 0.000021 seconds.
  path: Assets/Localization/UpgradeNames.asset
  artifactKey: Guid(e11471f29754d144aa79701875f5f232) Importer(2089858483,0ecaa5967403d082aa24f35e1b516d23)
Start importing Assets/Localization/UpgradeNames.asset using Guid(e11471f29754d144aa79701875f5f232) Importer(2089858483,0ecaa5967403d082aa24f35e1b516d23) [PhysX] Initialized MultithreadedTaskDispatcher with 8 workers.
 -> (artifact id: 'ce08b2d6723c3211799b7c7b15c932a7') in 0.027019 seconds
Number of updated asset objects reloaded before import = 0
Number of asset objects unloaded after import = 2
========================================================================
Received Import Request.
  Time since last request: 0.000021 seconds.
  path: Assets/Prefabs/BallonEnemySnow.prefab
  artifactKey: Guid(e9452b79a1ad10244ab05e0fd6ef3e4f) Importer(2089858483,0ecaa5967403d082aa24f35e1b516d23)
Start importing Assets/Prefabs/BallonEnemySnow.prefab using Guid(e9452b79a1ad10244ab05e0fd6ef3e4f) Importer(2089858483,0ecaa5967403d082aa24f35e1b516d23) [PhysX] Initialized MultithreadedTaskDispatcher with 8 workers.
 -> (artifact id: 'e3d3d8eba31cdbe8976836b41781d159') in 0.081567 seconds
Number of updated asset objects reloaded before import = 0
Number of asset objects unloaded after import = 24
========================================================================
Received Import Request.
  Time since last request: 0.000033 seconds.
  path: Assets/Animation/GreenFly.anim
  artifactKey: Guid(ebec97b201fa2be41905c98f0e2aa654) Importer(2089858483,0ecaa5967403d082aa24f35e1b516d23)
Start importing Assets/Animation/GreenFly.anim using Guid(ebec97b201fa2be41905c98f0e2aa654) Importer(2089858483,0ecaa5967403d082aa24f35e1b516d23) [PhysX] Initialized MultithreadedTaskDispatcher with 8 workers.
 -> (artifact id: '32bd77f74e8514cb78ee23f852d7cead') in 0.023783 seconds
Number of updated asset objects reloaded before import = 0
Number of asset objects unloaded after import = 1
========================================================================
Received Import Request.
  Time since last request: 0.000050 seconds.
  path: Assets/Materials/New Material.mat
  artifactKey: Guid(bb0038144353e2543b80090e01bbb306) Importer(2089858483,0ecaa5967403d082aa24f35e1b516d23)
Start importing Assets/Materials/New Material.mat using Guid(bb0038144353e2543b80090e01bbb306) Importer(2089858483,0ecaa5967403d082aa24f35e1b516d23) [PhysX] Initialized MultithreadedTaskDispatcher with 8 workers.
 -> (artifact id: 'ba760f27d2f1b382379d7df149411f30') in 0.043576 seconds
Number of updated asset objects reloaded before import = 0
Number of asset objects unloaded after import = 1
========================================================================
Received Import Request.
  Time since last request: 0.000032 seconds.
  path: Assets/Prefabs/BallonYellowWhite.prefab
  artifactKey: Guid(d55308a372538a44c89fcc4ae1f2eab8) Importer(2089858483,0ecaa5967403d082aa24f35e1b516d23)
Start importing Assets/Prefabs/BallonYellowWhite.prefab using Guid(d55308a372538a44c89fcc4ae1f2eab8) Importer(2089858483,0ecaa5967403d082aa24f35e1b516d23) [PhysX] Initialized MultithreadedTaskDispatcher with 8 workers.
 -> (artifact id: 'f92985da43b8d4e865e251e6311cacd1') in 0.077022 seconds
Number of updated asset objects reloaded before import = 0
Number of asset objects unloaded after import = 20
========================================================================
Received Import Request.
  Time since last request: 0.000024 seconds.
  path: Assets/Localization/UI_Text.asset
  artifactKey: Guid(6d79ec0e611eba040ba49a04254d75ed) Importer(2089858483,0ecaa5967403d082aa24f35e1b516d23)
Start importing Assets/Localization/UI_Text.asset using Guid(6d79ec0e611eba040ba49a04254d75ed) Importer(2089858483,0ecaa5967403d082aa24f35e1b516d23) [PhysX] Initialized MultithreadedTaskDispatcher with 8 workers.
 -> (artifact id: '635f61a7667afbaf607c975c2ab7af0e') in 0.016110 seconds
Number of updated asset objects reloaded before import = 0
Number of asset objects unloaded after import = 2
========================================================================
Received Import Request.
  Time since last request: 0.000039 seconds.
  path: Assets/Localazi/LocalizationData.cs
  artifactKey: Guid(1e98bd7852d792d40925c21be1900acf) Importer(2089858483,0ecaa5967403d082aa24f35e1b516d23)
Start importing Assets/Localazi/LocalizationData.cs using Guid(1e98bd7852d792d40925c21be1900acf) Importer(2089858483,0ecaa5967403d082aa24f35e1b516d23) [PhysX] Initialized MultithreadedTaskDispatcher with 8 workers.
 -> (artifact id: 'e0072c58eaf17bab9f308310fad81856') in 0.014522 seconds
Number of updated asset objects reloaded before import = 0
Number of asset objects unloaded after import = 1
========================================================================
Received Import Request.
  Time since last request: 0.000043 seconds.
  path: Assets/Prefabs/EnemySound.prefab
  artifactKey: Guid(7648c373f21bc8947ab98f3573670ebe) Importer(2089858483,0ecaa5967403d082aa24f35e1b516d23)
Start importing Assets/Prefabs/EnemySound.prefab using Guid(7648c373f21bc8947ab98f3573670ebe) Importer(2089858483,0ecaa5967403d082aa24f35e1b516d23) [PhysX] Initialized MultithreadedTaskDispatcher with 8 workers.
 -> (artifact id: 'ac5a4000af1bf7afecd29ca190d89001') in 0.050524 seconds
Number of updated asset objects reloaded before import = 0
Number of asset objects unloaded after import = 7
========================================================================
Received Import Request.
  Time since last request: 0.000043 seconds.
  path: Assets/Prefabs/EnemyExplosionLeftMove.prefab
  artifactKey: Guid(6c25114c655c60a43a8705ebdb9c9d42) Importer(2089858483,0ecaa5967403d082aa24f35e1b516d23)
Start importing Assets/Prefabs/EnemyExplosionLeftMove.prefab using Guid(6c25114c655c60a43a8705ebdb9c9d42) Importer(2089858483,0ecaa5967403d082aa24f35e1b516d23) [PhysX] Initialized MultithreadedTaskDispatcher with 8 workers.
 -> (artifact id: '6b0e8cd304f66461777583f70776c646') in 0.033166 seconds
Number of updated asset objects reloaded before import = 0
Number of asset objects unloaded after import = 12
========================================================================
Received Import Request.
  Time since last request: 0.000030 seconds.
  path: Assets/Animation/FingerAnimController.anim
  artifactKey: Guid(d1de6e9508d6dda4b9aff911f58f4812) Importer(2089858483,0ecaa5967403d082aa24f35e1b516d23)
Start importing Assets/Animation/FingerAnimController.anim using Guid(d1de6e9508d6dda4b9aff911f58f4812) Importer(2089858483,0ecaa5967403d082aa24f35e1b516d23) [PhysX] Initialized MultithreadedTaskDispatcher with 8 workers.
 -> (artifact id: 'aa74c1eac6dfea36bc22509aecf3b008') in 0.014687 seconds
Number of updated asset objects reloaded before import = 0
Number of asset objects unloaded after import = 1
========================================================================
Received Import Request.
  Time since last request: 0.000024 seconds.
  path: Assets/Animation/FingerLeft.anim
  artifactKey: Guid(9372a0e1c0df749459fac5883d99a025) Importer(2089858483,0ecaa5967403d082aa24f35e1b516d23)
Start importing Assets/Animation/FingerLeft.anim using Guid(9372a0e1c0df749459fac5883d99a025) Importer(2089858483,0ecaa5967403d082aa24f35e1b516d23) [PhysX] Initialized MultithreadedTaskDispatcher with 8 workers.
 -> (artifact id: '35fe2df7df688f4e636dff6fc0be8e7c') in 0.018676 seconds
Number of updated asset objects reloaded before import = 0
Number of asset objects unloaded after import = 1
========================================================================
Received Import Request.
  Time since last request: 0.000022 seconds.
  path: Assets/Animation/MagnitAnim.anim
  artifactKey: Guid(6ffc3dbbacf038d46b95f630682fe9f4) Importer(2089858483,0ecaa5967403d082aa24f35e1b516d23)
Start importing Assets/Animation/MagnitAnim.anim using Guid(6ffc3dbbacf038d46b95f630682fe9f4) Importer(2089858483,0ecaa5967403d082aa24f35e1b516d23) [PhysX] Initialized MultithreadedTaskDispatcher with 8 workers.
 -> (artifact id: '20287b290cb8d726259a7201f61fb9fc') in 0.016685 seconds
Number of updated asset objects reloaded before import = 0
Number of asset objects unloaded after import = 1
========================================================================
Received Import Request.
  Time since last request: 0.000035 seconds.
  path: Assets/Prefabs/Particle SystemBlueEnemyWhite.prefab
  artifactKey: Guid(b10961e248dc24d439dba47375814912) Importer(2089858483,0ecaa5967403d082aa24f35e1b516d23)
Start importing Assets/Prefabs/Particle SystemBlueEnemyWhite.prefab using Guid(b10961e248dc24d439dba47375814912) Importer(2089858483,0ecaa5967403d082aa24f35e1b516d23) [PhysX] Initialized MultithreadedTaskDispatcher with 8 workers.
 -> (artifact id: '6865b24c4160fc5a2146824301e0d704') in 0.117472 seconds
Number of updated asset objects reloaded before import = 0
Number of asset objects unloaded after import = 6
========================================================================
Received Import Request.
  Time since last request: 0.000026 seconds.
  path: Assets/Prefabs/magnit.prefab
  artifactKey: Guid(2c808c1754d187243ba5f8d52c524353) Importer(2089858483,0ecaa5967403d082aa24f35e1b516d23)
Start importing Assets/Prefabs/magnit.prefab using Guid(2c808c1754d187243ba5f8d52c524353) Importer(2089858483,0ecaa5967403d082aa24f35e1b516d23) [PhysX] Initialized MultithreadedTaskDispatcher with 8 workers.
 -> (artifact id: '8fce166b201761cfd4de46fc1c167cf9') in 0.029209 seconds
Number of updated asset objects reloaded before import = 0
Number of asset objects unloaded after import = 17
========================================================================
Received Import Request.
  Time since last request: 0.000023 seconds.
  path: Assets/Prefabs/Particle SystemGhost.prefab
  artifactKey: Guid(be4fdee2f54a47b4f9965806ca395fb6) Importer(2089858483,0ecaa5967403d082aa24f35e1b516d23)
Start importing Assets/Prefabs/Particle SystemGhost.prefab using Guid(be4fdee2f54a47b4f9965806ca395fb6) Importer(2089858483,0ecaa5967403d082aa24f35e1b516d23) [PhysX] Initialized MultithreadedTaskDispatcher with 8 workers.
 -> (artifact id: '92f55607b45a8757b6c0257e9f238aaf') in 0.054603 seconds
Number of updated asset objects reloaded before import = 0
Number of asset objects unloaded after import = 6
========================================================================
Received Import Request.
  Time since last request: 0.000031 seconds.
  path: Assets/Prefabs/Particle SystemYellowEnemySnow.prefab
  artifactKey: Guid(5152f2a98d696ea47a826e4802f2710d) Importer(2089858483,0ecaa5967403d082aa24f35e1b516d23)
Start importing Assets/Prefabs/Particle SystemYellowEnemySnow.prefab using Guid(5152f2a98d696ea47a826e4802f2710d) Importer(2089858483,0ecaa5967403d082aa24f35e1b516d23) [PhysX] Initialized MultithreadedTaskDispatcher with 8 workers.
 -> (artifact id: 'ae05f92b1c219d95abc5da182a0329ae') in 0.056558 seconds
Number of updated asset objects reloaded before import = 0
Number of asset objects unloaded after import = 6
========================================================================
Received Import Request.
  Time since last request: 0.000041 seconds.
  path: Assets/Prefabs/Variant1.prefab
  artifactKey: Guid(45a339f5db433c94aab787cfb460b20d) Importer(2089858483,0ecaa5967403d082aa24f35e1b516d23)
Start importing Assets/Prefabs/Variant1.prefab using Guid(45a339f5db433c94aab787cfb460b20d) Importer(2089858483,0ecaa5967403d082aa24f35e1b516d23) [PhysX] Initialized MultithreadedTaskDispatcher with 8 workers.
 -> (artifact id: '7c93909cd0c5137e8879436d0cc6a649') in 0.025750 seconds
Number of updated asset objects reloaded before import = 0
Number of asset objects unloaded after import = 36
========================================================================
Received Import Request.
  Time since last request: 0.000019 seconds.
  path: Assets/Prefabs/Particle SystemShit.prefab
  artifactKey: Guid(f7648e098a1f4704f8e904fdd2a26b39) Importer(2089858483,0ecaa5967403d082aa24f35e1b516d23)
Start importing Assets/Prefabs/Particle SystemShit.prefab using Guid(f7648e098a1f4704f8e904fdd2a26b39) Importer(2089858483,0ecaa5967403d082aa24f35e1b516d23) [PhysX] Initialized MultithreadedTaskDispatcher with 8 workers.
 -> (artifact id: '9301e9e32b875b783f042120e76d701a') in 0.045566 seconds
Number of updated asset objects reloaded before import = 0
Number of asset objects unloaded after import = 6
========================================================================
Received Import Request.
  Time since last request: 0.000035 seconds.
  path: Assets/Localization/UpgradeDescription Shared Data.asset
  artifactKey: Guid(b4e1c1df6e8ad0f4f876aedda4ce3130) Importer(2089858483,0ecaa5967403d082aa24f35e1b516d23)
Start importing Assets/Localization/UpgradeDescription Shared Data.asset using Guid(b4e1c1df6e8ad0f4f876aedda4ce3130) Importer(2089858483,0ecaa5967403d082aa24f35e1b516d23) [PhysX] Initialized MultithreadedTaskDispatcher with 8 workers.
 -> (artifact id: 'c438243827de7a42669d3f33d224df64') in 0.068389 seconds
Number of updated asset objects reloaded before import = 0
Number of asset objects unloaded after import = 1
========================================================================
Received Import Request.
  Time since last request: 0.000018 seconds.
  path: Assets/Animation/DieGreenBallon.anim
  artifactKey: Guid(4a736896f9d2a8849845fa7040a111e6) Importer(2089858483,0ecaa5967403d082aa24f35e1b516d23)
Start importing Assets/Animation/DieGreenBallon.anim using Guid(4a736896f9d2a8849845fa7040a111e6) Importer(2089858483,0ecaa5967403d082aa24f35e1b516d23) [PhysX] Initialized MultithreadedTaskDispatcher with 8 workers.
 -> (artifact id: '467edd749bf83b8c89b519293f1f5651') in 0.018572 seconds
Number of updated asset objects reloaded before import = 0
Number of asset objects unloaded after import = 1
========================================================================
Received Import Request.
  Time since last request: 0.000018 seconds.
  path: Assets/Localization/UpgradeNames_ru.asset
  artifactKey: Guid(9c18786da3372be45b1a409e49ddeea9) Importer(2089858483,0ecaa5967403d082aa24f35e1b516d23)
Start importing Assets/Localization/UpgradeNames_ru.asset using Guid(9c18786da3372be45b1a409e49ddeea9) Importer(2089858483,0ecaa5967403d082aa24f35e1b516d23) [PhysX] Initialized MultithreadedTaskDispatcher with 8 workers.
 -> (artifact id: '0939290e5641eb882c252dbe799ad5bd') in 0.023345 seconds
Number of updated asset objects reloaded before import = 0
Number of asset objects unloaded after import = 2
========================================================================
Received Import Request.
  Time since last request: 0.000021 seconds.
  path: Assets/Prefabs/Particle SystemLolilop.prefab
  artifactKey: Guid(4e777896002085c479c23dfca7dda6fc) Importer(2089858483,0ecaa5967403d082aa24f35e1b516d23)
Start importing Assets/Prefabs/Particle SystemLolilop.prefab using Guid(4e777896002085c479c23dfca7dda6fc) Importer(2089858483,0ecaa5967403d082aa24f35e1b516d23) [PhysX] Initialized MultithreadedTaskDispatcher with 8 workers.
 -> (artifact id: '4f4c1bf2e173abe2bbd80539e142d7ea') in 0.053858 seconds
Number of updated asset objects reloaded before import = 0
Number of asset objects unloaded after import = 6
========================================================================
Received Import Request.
  Time since last request: 0.000021 seconds.
  path: Assets/Animation/PanelController.controller
  artifactKey: Guid(f9f1c87940fa65d4797f2b7b5cadc799) Importer(2089858483,0ecaa5967403d082aa24f35e1b516d23)
Start importing Assets/Animation/PanelController.controller using Guid(f9f1c87940fa65d4797f2b7b5cadc799) Importer(2089858483,0ecaa5967403d082aa24f35e1b516d23) [PhysX] Initialized MultithreadedTaskDispatcher with 8 workers.
 -> (artifact id: '73d9d5831b7c579ed81c9dbaa0b21276') in 0.016813 seconds
Number of updated asset objects reloaded before import = 0
Number of asset objects unloaded after import = 4
========================================================================
Received Import Request.
  Time since last request: 0.000027 seconds.
  path: Assets/Localization/UpgradeDescription_ru.asset
  artifactKey: Guid(08c9192c3d6b20645b555d38dc7841d0) Importer(2089858483,0ecaa5967403d082aa24f35e1b516d23)
Start importing Assets/Localization/UpgradeDescription_ru.asset using Guid(08c9192c3d6b20645b555d38dc7841d0) Importer(2089858483,0ecaa5967403d082aa24f35e1b516d23) [PhysX] Initialized MultithreadedTaskDispatcher with 8 workers.
 -> (artifact id: '3b5475500028677f076f7e3bc2659473') in 0.017399 seconds
Number of updated asset objects reloaded before import = 0
Number of asset objects unloaded after import = 2
========================================================================
Received Import Request.
  Time since last request: 0.000025 seconds.
  path: Assets/Prefabs/HeroSound.prefab
  artifactKey: Guid(e2a8f63a80b34cb48b098039ef43685b) Importer(2089858483,0ecaa5967403d082aa24f35e1b516d23)
Start importing Assets/Prefabs/HeroSound.prefab using Guid(e2a8f63a80b34cb48b098039ef43685b) Importer(2089858483,0ecaa5967403d082aa24f35e1b516d23) [PhysX] Initialized MultithreadedTaskDispatcher with 8 workers.
 -> (artifact id: '1eec406aee7f85563b4406713578e953') in 0.051086 seconds
Number of updated asset objects reloaded before import = 0
Number of asset objects unloaded after import = 7
========================================================================
Received Import Request.
  Time since last request: 0.000024 seconds.
  path: Assets/Audio/звуки смерти.wav
  artifactKey: Guid(76d9059c97700e849b7bebdf4fd9ee76) Importer(2089858483,0ecaa5967403d082aa24f35e1b516d23)
Start importing Assets/Audio/звуки смерти.wav using Guid(76d9059c97700e849b7bebdf4fd9ee76) Importer(2089858483,0ecaa5967403d082aa24f35e1b516d23) [PhysX] Initialized MultithreadedTaskDispatcher with 8 workers.
 -> (artifact id: 'f9b70bd7e20eb5ce389bb5e5635be4e5') in 0.035696 seconds
Number of updated asset objects reloaded before import = 0
Number of asset objects unloaded after import = 1
========================================================================
Received Import Request.
  Time since last request: 0.000051 seconds.
  path: Assets/Audio/звуки кнопок.wav
  artifactKey: Guid(1eb5e40fd42a1fc4aa4344a1eafb7e3e) Importer(2089858483,0ecaa5967403d082aa24f35e1b516d23)
Start importing Assets/Audio/звуки кнопок.wav using Guid(1eb5e40fd42a1fc4aa4344a1eafb7e3e) Importer(2089858483,0ecaa5967403d082aa24f35e1b516d23) [PhysX] Initialized MultithreadedTaskDispatcher with 8 workers.
 -> (artifact id: 'f9933af4222844483523265e6e8fa8d9') in 0.066041 seconds
Number of updated asset objects reloaded before import = 0
Number of asset objects unloaded after import = 1
========================================================================
Received Import Request.
  Time since last request: 0.000021 seconds.
  path: Assets/Prefabs/Lolilop.prefab
  artifactKey: Guid(ff552e97942380d47bdbcc7c184ae572) Importer(2089858483,0ecaa5967403d082aa24f35e1b516d23)
Start importing Assets/Prefabs/Lolilop.prefab using Guid(ff552e97942380d47bdbcc7c184ae572) Importer(2089858483,0ecaa5967403d082aa24f35e1b516d23) [PhysX] Initialized MultithreadedTaskDispatcher with 8 workers.
 -> (artifact id: '7c16b859e9ad58de0c4a1bf7f3aacace') in 0.038426 seconds
Number of updated asset objects reloaded before import = 0
Number of asset objects unloaded after import = 25
========================================================================
Received Import Request.
  Time since last request: 0.000029 seconds.
  path: Assets/Audio/success-fanfare-trumpets-6185.mp3
  artifactKey: Guid(61fe6a6f9e485e34286fc0f0b7abc1fc) Importer(2089858483,0ecaa5967403d082aa24f35e1b516d23)
Start importing Assets/Audio/success-fanfare-trumpets-6185.mp3 using Guid(61fe6a6f9e485e34286fc0f0b7abc1fc) Importer(2089858483,0ecaa5967403d082aa24f35e1b516d23) [PhysX] Initialized MultithreadedTaskDispatcher with 8 workers.
 -> (artifact id: '05ab8c292cb333283c0a059fb4d4ae4d') in 0.062157 seconds
Number of updated asset objects reloaded before import = 0
Number of asset objects unloaded after import = 1
========================================================================
Received Import Request.
  Time since last request: 0.000030 seconds.
  path: Assets/Prefabs/Particle SystemExplosion.prefab
  artifactKey: Guid(587de425489d6cd41b0185428a08dda7) Importer(2089858483,0ecaa5967403d082aa24f35e1b516d23)
Start importing Assets/Prefabs/Particle SystemExplosion.prefab using Guid(587de425489d6cd41b0185428a08dda7) Importer(2089858483,0ecaa5967403d082aa24f35e1b516d23) [PhysX] Initialized MultithreadedTaskDispatcher with 8 workers.
 -> (artifact id: '79962e8ae07f89d52656df2b26a70649') in 0.047912 seconds
Number of updated asset objects reloaded before import = 0
Number of asset objects unloaded after import = 6
========================================================================
Received Import Request.
  Time since last request: 0.000023 seconds.
  path: Assets/Prefabs/Variant1StoneSwamp.prefab
  artifactKey: Guid(c3b80be06e1efd34cb80fe812f2f68f7) Importer(2089858483,0ecaa5967403d082aa24f35e1b516d23)
Start importing Assets/Prefabs/Variant1StoneSwamp.prefab using Guid(c3b80be06e1efd34cb80fe812f2f68f7) Importer(2089858483,0ecaa5967403d082aa24f35e1b516d23) [PhysX] Initialized MultithreadedTaskDispatcher with 8 workers.
 -> (artifact id: '45811b833853e092e83807cdef04e445') in 0.018440 seconds
Number of updated asset objects reloaded before import = 0
Number of asset objects unloaded after import = 28
========================================================================
Received Import Request.
  Time since last request: 0.000018 seconds.
  path: Assets/Prefabs/Variant1Snow.prefab
  artifactKey: Guid(613f1ec49132e014482987be48dbed27) Importer(2089858483,0ecaa5967403d082aa24f35e1b516d23)
Start importing Assets/Prefabs/Variant1Snow.prefab using Guid(613f1ec49132e014482987be48dbed27) Importer(2089858483,0ecaa5967403d082aa24f35e1b516d23) [PhysX] Initialized MultithreadedTaskDispatcher with 8 workers.
 -> (artifact id: '063fa7aa27f5a799c5f21cf7a1e89a78') in 0.019810 seconds
Number of updated asset objects reloaded before import = 0
Number of asset objects unloaded after import = 43
========================================================================
Received Import Request.
  Time since last request: 0.000021 seconds.
  path: Assets/Prefabs/Variant1StoneSnow.prefab
  artifactKey: Guid(70e9e4a47c1ea6e43831cfc0a34bf861) Importer(2089858483,0ecaa5967403d082aa24f35e1b516d23)
Start importing Assets/Prefabs/Variant1StoneSnow.prefab using Guid(70e9e4a47c1ea6e43831cfc0a34bf861) Importer(2089858483,0ecaa5967403d082aa24f35e1b516d23) [PhysX] Initialized MultithreadedTaskDispatcher with 8 workers.
 -> (artifact id: '06f5ec8855e4cbacbdd5800c9aa3f7a3') in 0.060138 seconds
Number of updated asset objects reloaded before import = 0
Number of asset objects unloaded after import = 28
========================================================================
Received Import Request.
  Time since last request: 0.000019 seconds.
  path: Assets/Prefabs/Variant1YellowTeleportEnemy.prefab
  artifactKey: Guid(7012eae17a85baf4ab4235e305fe17cd) Importer(2089858483,0ecaa5967403d082aa24f35e1b516d23)
Start importing Assets/Prefabs/Variant1YellowTeleportEnemy.prefab using Guid(7012eae17a85baf4ab4235e305fe17cd) Importer(2089858483,0ecaa5967403d082aa24f35e1b516d23) [PhysX] Initialized MultithreadedTaskDispatcher with 8 workers.
 -> (artifact id: '1e23fd2c7688e614700f6b3e97af5f1d') in 0.041584 seconds
Number of updated asset objects reloaded before import = 0
Number of asset objects unloaded after import = 46
========================================================================
Received Import Request.
  Time since last request: 0.000023 seconds.
  path: Assets/Prefabs/Variant2GhostTeleportEnemy.prefab
  artifactKey: Guid(f85bb9bc331a4364baa9e7c5930d7ee7) Importer(2089858483,0ecaa5967403d082aa24f35e1b516d23)
Start importing Assets/Prefabs/Variant2GhostTeleportEnemy.prefab using Guid(f85bb9bc331a4364baa9e7c5930d7ee7) Importer(2089858483,0ecaa5967403d082aa24f35e1b516d23) [PhysX] Initialized MultithreadedTaskDispatcher with 8 workers.
 -> (artifact id: 'b4a409bb55dd2542fab689f2ba378ab0') in 0.021985 seconds
Number of updated asset objects reloaded before import = 0
Number of asset objects unloaded after import = 49
========================================================================
Received Import Request.
  Time since last request: 0.000028 seconds.
  path: Assets/Prefabs/Variant2GhostEnemy.prefab
  artifactKey: Guid(f16b600c24e806f448d98b3541b55749) Importer(2089858483,0ecaa5967403d082aa24f35e1b516d23)
Start importing Assets/Prefabs/Variant2GhostEnemy.prefab using Guid(f16b600c24e806f448d98b3541b55749) Importer(2089858483,0ecaa5967403d082aa24f35e1b516d23) [PhysX] Initialized MultithreadedTaskDispatcher with 8 workers.
 -> (artifact id: 'b3cec9d3d7be8a8eace8667f48245087') in 0.025893 seconds
Number of updated asset objects reloaded before import = 0
Number of asset objects unloaded after import = 30
========================================================================
Received Import Request.
  Time since last request: 0.000027 seconds.
  path: Assets/Prefabs/Variant2Stone.prefab
  artifactKey: Guid(3d0ed4815f7b3a142acec7d051a0cc67) Importer(2089858483,0ecaa5967403d082aa24f35e1b516d23)
Start importing Assets/Prefabs/Variant2Stone.prefab using Guid(3d0ed4815f7b3a142acec7d051a0cc67) Importer(2089858483,0ecaa5967403d082aa24f35e1b516d23) [PhysX] Initialized MultithreadedTaskDispatcher with 8 workers.
 -> (artifact id: '6b0f4e34c7b9d1ea6a1ea97a180be2d0') in 0.064468 seconds
Number of updated asset objects reloaded before import = 0
Number of asset objects unloaded after import = 28
========================================================================
Received Import Request.
  Time since last request: 0.000027 seconds.
  path: Assets/Prefabs/Variant2BlueEnemy 1.prefab
  artifactKey: Guid(ccab190188144fb4a85af99336a5aee7) Importer(2089858483,0ecaa5967403d082aa24f35e1b516d23)
Start importing Assets/Prefabs/Variant2BlueEnemy 1.prefab using Guid(ccab190188144fb4a85af99336a5aee7) Importer(2089858483,0ecaa5967403d082aa24f35e1b516d23) [PhysX] Initialized MultithreadedTaskDispatcher with 8 workers.
 -> (artifact id: 'feb0254d372c86309c52099034a63166') in 0.038325 seconds
Number of updated asset objects reloaded before import = 0
Number of asset objects unloaded after import = 37
========================================================================
Received Import Request.
  Time since last request: 0.000023 seconds.
  path: Assets/Prefabs/Variant1Money.prefab
  artifactKey: Guid(11db729300e582b4f816cf9979ca5688) Importer(2089858483,0ecaa5967403d082aa24f35e1b516d23)
Start importing Assets/Prefabs/Variant1Money.prefab using Guid(11db729300e582b4f816cf9979ca5688) Importer(2089858483,0ecaa5967403d082aa24f35e1b516d23) [PhysX] Initialized MultithreadedTaskDispatcher with 8 workers.
 -> (artifact id: 'd52581eaf5c1478f829b60e72bec9ffe') in 0.026476 seconds
Number of updated asset objects reloaded before import = 0
Number of asset objects unloaded after import = 18
========================================================================
Received Import Request.
  Time since last request: 0.000022 seconds.
  path: Assets/Localization/Localization Settings.asset
  artifactKey: Guid(4ab2f92ceff5a144b8ca8720bcdab5d9) Importer(2089858483,0ecaa5967403d082aa24f35e1b516d23)
Start importing Assets/Localization/Localization Settings.asset using Guid(4ab2f92ceff5a144b8ca8720bcdab5d9) Importer(2089858483,0ecaa5967403d082aa24f35e1b516d23) [PhysX] Initialized MultithreadedTaskDispatcher with 8 workers.
 -> (artifact id: '961b80cd7edb6d9f3fe0091c46504d69') in 0.054614 seconds
Number of updated asset objects reloaded before import = 0
Number of asset objects unloaded after import = 1
========================================================================
Received Import Request.
  Time since last request: 0.000026 seconds.
  path: Assets/Localization/UI_Text_en.asset
  artifactKey: Guid(fbafe19b117d2b749a37a5b2edb88327) Importer(2089858483,0ecaa5967403d082aa24f35e1b516d23)
Start importing Assets/Localization/UI_Text_en.asset using Guid(fbafe19b117d2b749a37a5b2edb88327) Importer(2089858483,0ecaa5967403d082aa24f35e1b516d23) [PhysX] Initialized MultithreadedTaskDispatcher with 8 workers.
 -> (artifact id: '5e744421c027d62e9a43865fb9a5a328') in 0.018403 seconds
Number of updated asset objects reloaded before import = 0
Number of asset objects unloaded after import = 2
========================================================================
Received Import Request.
  Time since last request: 0.000029 seconds.
  path: Assets/Prefabs/Particle SystemStone.prefab
  artifactKey: Guid(9561f62ee2821aa41b822aa4396a92fa) Importer(2089858483,0ecaa5967403d082aa24f35e1b516d23)
Start importing Assets/Prefabs/Particle SystemStone.prefab using Guid(9561f62ee2821aa41b822aa4396a92fa) Importer(2089858483,0ecaa5967403d082aa24f35e1b516d23) [PhysX] Initialized MultithreadedTaskDispatcher with 8 workers.
 -> (artifact id: '336346f88bca065c65639283a1a802e7') in 0.055418 seconds
Number of updated asset objects reloaded before import = 0
Number of asset objects unloaded after import = 6
========================================================================
Received Import Request.
  Time since last request: 0.000027 seconds.
  path: Assets/Localization/UI Shared Data.asset
  artifactKey: Guid(da6196002e1aaf944be7e3802b729df5) Importer(2089858483,0ecaa5967403d082aa24f35e1b516d23)
Start importing Assets/Localization/UI Shared Data.asset using Guid(da6196002e1aaf944be7e3802b729df5) Importer(2089858483,0ecaa5967403d082aa24f35e1b516d23) [PhysX] Initialized MultithreadedTaskDispatcher with 8 workers.
 -> (artifact id: '289e95bb78bf74d4a2d580a567e8fe5b') in 0.017317 seconds
Number of updated asset objects reloaded before import = 0
Number of asset objects unloaded after import = 1
========================================================================
Received Import Request.
  Time since last request: 0.000021 seconds.
  path: Assets/Animation/PanelLight.anim
  artifactKey: Guid(679971977f61f9040ad594cdcfe74edd) Importer(2089858483,0ecaa5967403d082aa24f35e1b516d23)
Start importing Assets/Animation/PanelLight.anim using Guid(679971977f61f9040ad594cdcfe74edd) Importer(2089858483,0ecaa5967403d082aa24f35e1b516d23) [PhysX] Initialized MultithreadedTaskDispatcher with 8 workers.
 -> (artifact id: '7308ba05124aba8b73df122fd5601e59') in 0.021277 seconds
Number of updated asset objects reloaded before import = 0
Number of asset objects unloaded after import = 1
========================================================================
Received Import Request.
  Time since last request: 0.000036 seconds.
  path: Assets/Localization/UI_Text Shared Data.asset
  artifactKey: Guid(8c5ed725b99bc7643b221e106f9d0ef7) Importer(2089858483,0ecaa5967403d082aa24f35e1b516d23)
Start importing Assets/Localization/UI_Text Shared Data.asset using Guid(8c5ed725b99bc7643b221e106f9d0ef7) Importer(2089858483,0ecaa5967403d082aa24f35e1b516d23) [PhysX] Initialized MultithreadedTaskDispatcher with 8 workers.
 -> (artifact id: 'a820c6b6405319c96109497058be79c0') in 0.014112 seconds
Number of updated asset objects reloaded before import = 0
Number of asset objects unloaded after import = 1
========================================================================
Received Import Request.
  Time since last request: 0.000025 seconds.
  path: Assets/Audio/489035__michael-db__game-music-01.wav
  artifactKey: Guid(7547942a0f86dd84da98cfef4d730fa5) Importer(2089858483,0ecaa5967403d082aa24f35e1b516d23)
Start importing Assets/Audio/489035__michael-db__game-music-01.wav using Guid(7547942a0f86dd84da98cfef4d730fa5) Importer(2089858483,0ecaa5967403d082aa24f35e1b516d23) [PhysX] Initialized MultithreadedTaskDispatcher with 8 workers.
 -> (artifact id: 'cc9cd4bedc1cf8d43274be0d1cebf968') in 0.156997 seconds
Number of updated asset objects reloaded before import = 0
Number of asset objects unloaded after import = 1
========================================================================
Received Import Request.
  Time since last request: 0.000024 seconds.
  path: Assets/Localization/Russian (ru).asset
  artifactKey: Guid(a9f2483f92a2e7f4993314a9816c4c19) Importer(2089858483,0ecaa5967403d082aa24f35e1b516d23)
Start importing Assets/Localization/Russian (ru).asset using Guid(a9f2483f92a2e7f4993314a9816c4c19) Importer(2089858483,0ecaa5967403d082aa24f35e1b516d23) [PhysX] Initialized MultithreadedTaskDispatcher with 8 workers.
 -> (artifact id: 'a7b79283c0de887e4b9bf7c4126a893e') in 0.030090 seconds
Number of updated asset objects reloaded before import = 0
Number of asset objects unloaded after import = 1
========================================================================
Received Import Request.
  Time since last request: 0.000028 seconds.
  path: Assets/Prefabs/Variant1GhostTeleportEnemy.prefab
  artifactKey: Guid(a0862fe12c7cbab4f82e7e2b1b0df375) Importer(2089858483,0ecaa5967403d082aa24f35e1b516d23)
Start importing Assets/Prefabs/Variant1GhostTeleportEnemy.prefab using Guid(a0862fe12c7cbab4f82e7e2b1b0df375) Importer(2089858483,0ecaa5967403d082aa24f35e1b516d23) [PhysX] Initialized MultithreadedTaskDispatcher with 8 workers.
 -> (artifact id: '5f810cdfafa3dda744e07e388881791e') in 0.020279 seconds
Number of updated asset objects reloaded before import = 0
Number of asset objects unloaded after import = 49
========================================================================
Received Import Request.
  Time since last request: 0.000018 seconds.
  path: Assets/Localization/English (en).asset
  artifactKey: Guid(c70c9810a0da48341a9663b3ac4fa960) Importer(2089858483,0ecaa5967403d082aa24f35e1b516d23)
Start importing Assets/Localization/English (en).asset using Guid(c70c9810a0da48341a9663b3ac4fa960) Importer(2089858483,0ecaa5967403d082aa24f35e1b516d23) [PhysX] Initialized MultithreadedTaskDispatcher with 8 workers.
 -> (artifact id: '16531067b75b79d5aa3e87f883f9b998') in 0.026481 seconds
Number of updated asset objects reloaded before import = 0
Number of asset objects unloaded after import = 1
========================================================================
Received Import Request.
  Time since last request: 0.000025 seconds.
  path: Assets/Prefabs/stone.prefab
  artifactKey: Guid(ef530a73e33e92540a507829290872c6) Importer(2089858483,0ecaa5967403d082aa24f35e1b516d23)
Start importing Assets/Prefabs/stone.prefab using Guid(ef530a73e33e92540a507829290872c6) Importer(2089858483,0ecaa5967403d082aa24f35e1b516d23) [PhysX] Initialized MultithreadedTaskDispatcher with 8 workers.
 -> (artifact id: '8bb06a3fb29865639a0f44c15c530e91') in 0.033046 seconds
Number of updated asset objects reloaded before import = 0
Number of asset objects unloaded after import = 21
========================================================================
Received Import Request.
  Time since last request: 0.000026 seconds.
  path: Assets/AddressableAssetsData/DefaultObject.asset
  artifactKey: Guid(0da2212632947c34aa01c97490733b7a) Importer(2089858483,0ecaa5967403d082aa24f35e1b516d23)
Start importing Assets/AddressableAssetsData/DefaultObject.asset using Guid(0da2212632947c34aa01c97490733b7a) Importer(2089858483,0ecaa5967403d082aa24f35e1b516d23) [PhysX] Initialized MultithreadedTaskDispatcher with 8 workers.
 -> (artifact id: 'c4a0aea610c2c0b4c44cffc22ca30520') in 0.017706 seconds
Number of updated asset objects reloaded before import = 0
Number of asset objects unloaded after import = 1
========================================================================
Received Import Request.
  Time since last request: 0.000021 seconds.
  path: Assets/Prefabs/EnemyGhostTeleport.prefab
  artifactKey: Guid(18d8deb85b7cdb94e94f940ed5505d0b) Importer(2089858483,0ecaa5967403d082aa24f35e1b516d23)
Start importing Assets/Prefabs/EnemyGhostTeleport.prefab using Guid(18d8deb85b7cdb94e94f940ed5505d0b) Importer(2089858483,0ecaa5967403d082aa24f35e1b516d23) [PhysX] Initialized MultithreadedTaskDispatcher with 8 workers.
 -> (artifact id: '0a159ae7ee2e114091135081b719783e') in 0.062633 seconds
Number of updated asset objects reloaded before import = 0
Number of asset objects unloaded after import = 31
========================================================================
Received Import Request.
  Time since last request: 0.000022 seconds.
  path: Assets/Scripts/FloatingDOTween.cs
  artifactKey: Guid(678d9fe08a786f248a247b1df6cb76b1) Importer(2089858483,0ecaa5967403d082aa24f35e1b516d23)
Start importing Assets/Scripts/FloatingDOTween.cs using Guid(678d9fe08a786f248a247b1df6cb76b1) Importer(2089858483,0ecaa5967403d082aa24f35e1b516d23) [PhysX] Initialized MultithreadedTaskDispatcher with 8 workers.
 -> (artifact id: '6e4fb9b3d6b58d3d4f1a9b6d11682f8b') in 0.017773 seconds
Number of updated asset objects reloaded before import = 0
Number of asset objects unloaded after import = 1
========================================================================
Received Import Request.
  Time since last request: 0.000025 seconds.
  path: Assets/PrefabsNew/PlayButton.prefab
  artifactKey: Guid(c40b8e9db5756264d9c275763f150291) Importer(2089858483,0ecaa5967403d082aa24f35e1b516d23)
Start importing Assets/PrefabsNew/PlayButton.prefab using Guid(c40b8e9db5756264d9c275763f150291) Importer(2089858483,0ecaa5967403d082aa24f35e1b516d23) [PhysX] Initialized MultithreadedTaskDispatcher with 8 workers.
 -> (artifact id: '3909ec61e8dbc907e6803c34a19a43c9') in 0.124216 seconds
Number of updated asset objects reloaded before import = 0
Number of asset objects unloaded after import = 22
========================================================================
Received Import Request.
  Time since last request: 0.000021 seconds.
  path: Assets/PrefabsNew/Player.prefab
  artifactKey: Guid(ff124bc43feccd647bb926716c7b257c) Importer(2089858483,0ecaa5967403d082aa24f35e1b516d23)
Start importing Assets/PrefabsNew/Player.prefab using Guid(ff124bc43feccd647bb926716c7b257c) Importer(2089858483,0ecaa5967403d082aa24f35e1b516d23) [PhysX] Initialized MultithreadedTaskDispatcher with 8 workers.
 -> (artifact id: 'a2bf4a8c5daab91d19200b68c088eb4c') in 0.051766 seconds
Number of updated asset objects reloaded before import = 0
Number of asset objects unloaded after import = 58
========================================================================
Received Import Request.
  Time since last request: 0.000028 seconds.
  path: Assets/Scripts/GameOverUIAnimator.cs
  artifactKey: Guid(652293098fd8e2b49a36637f76ccb825) Importer(2089858483,0ecaa5967403d082aa24f35e1b516d23)
Start importing Assets/Scripts/GameOverUIAnimator.cs using Guid(652293098fd8e2b49a36637f76ccb825) Importer(2089858483,0ecaa5967403d082aa24f35e1b516d23) [PhysX] Initialized MultithreadedTaskDispatcher with 8 workers.
 -> (artifact id: '2d2f2f6c8c3dcb9dbd098645050e839f') in 0.018130 seconds
Number of updated asset objects reloaded before import = 0
Number of asset objects unloaded after import = 1
========================================================================
Received Import Request.
  Time since last request: 0.000017 seconds.
  path: Assets/Scripts/GameHUD.cs
  artifactKey: Guid(d883bc22b2b5c504489ae8c795f48b00) Importer(2089858483,0ecaa5967403d082aa24f35e1b516d23)
Start importing Assets/Scripts/GameHUD.cs using Guid(d883bc22b2b5c504489ae8c795f48b00) Importer(2089858483,0ecaa5967403d082aa24f35e1b516d23) [PhysX] Initialized MultithreadedTaskDispatcher with 8 workers.
 -> (artifact id: 'b5049b89931eb2d2ed42a6d009f39607') in 0.015260 seconds
Number of updated asset objects reloaded before import = 0
Number of asset objects unloaded after import = 1
========================================================================
Received Import Request.
  Time since last request: 0.000027 seconds.
  path: Assets/PrefabsNew/Text (3).prefab
  artifactKey: Guid(3ac7f6c44cb01484f8f1b90a41179454) Importer(2089858483,0ecaa5967403d082aa24f35e1b516d23)
Start importing Assets/PrefabsNew/Text (3).prefab using Guid(3ac7f6c44cb01484f8f1b90a41179454) Importer(2089858483,0ecaa5967403d082aa24f35e1b516d23) [PhysX] Initialized MultithreadedTaskDispatcher with 8 workers.
 -> (artifact id: '7293d6d012db0f61e475d89c65a569f7') in 0.131990 seconds
Number of updated asset objects reloaded before import = 0
Number of asset objects unloaded after import = 17
========================================================================
Received Import Request.
  Time since last request: 0.000018 seconds.
  path: Assets/Resources/Localization.xml.txt
  artifactKey: Guid(23192d7a11715fa439d139cb26a21c74) Importer(2089858483,0ecaa5967403d082aa24f35e1b516d23)
Start importing Assets/Resources/Localization.xml.txt using Guid(23192d7a11715fa439d139cb26a21c74) Importer(2089858483,0ecaa5967403d082aa24f35e1b516d23) [PhysX] Initialized MultithreadedTaskDispatcher with 8 workers.
 -> (artifact id: '5842c701a7f7e10e0797dc53897326b9') in 0.023917 seconds
Number of updated asset objects reloaded before import = 0
Number of asset objects unloaded after import = 1
========================================================================
Received Import Request.
  Time since last request: 0.000023 seconds.
  path: Assets/PrefabsNew/CanvasFade.prefab
  artifactKey: Guid(3953d5def9dd0dc4aa068646eae1e6a0) Importer(2089858483,0ecaa5967403d082aa24f35e1b516d23)
Start importing Assets/PrefabsNew/CanvasFade.prefab using Guid(3953d5def9dd0dc4aa068646eae1e6a0) Importer(2089858483,0ecaa5967403d082aa24f35e1b516d23) [PhysX] Initialized MultithreadedTaskDispatcher with 8 workers.
 -> (artifact id: 'fd764418a1c5c0e9de611bec44175357') in 0.050016 seconds
Number of updated asset objects reloaded before import = 0
Number of asset objects unloaded after import = 22
========================================================================
Received Import Request.
  Time since last request: 0.000025 seconds.
  path: Assets/Prefabs/Variant3Green.prefab
  artifactKey: Guid(7421621506e19e54f9997af99d289b80) Importer(2089858483,0ecaa5967403d082aa24f35e1b516d23)
Start importing Assets/Prefabs/Variant3Green.prefab using Guid(7421621506e19e54f9997af99d289b80) Importer(2089858483,0ecaa5967403d082aa24f35e1b516d23) [PhysX] Initialized MultithreadedTaskDispatcher with 8 workers.
 -> (artifact id: '66c24c785caba498be12bfda9af4b36e') in 0.019860 seconds
Number of updated asset objects reloaded before import = 0
Number of asset objects unloaded after import = 27
========================================================================
Received Import Request.
  Time since last request: 0.000069 seconds.
  path: Assets/PrefabsNew/CanvasMenu.prefab
  artifactKey: Guid(3dca3a69867d5904887271445cb06379) Importer(2089858483,0ecaa5967403d082aa24f35e1b516d23)
Start importing Assets/PrefabsNew/CanvasMenu.prefab using Guid(3dca3a69867d5904887271445cb06379) Importer(2089858483,0ecaa5967403d082aa24f35e1b516d23) [PhysX] Initialized MultithreadedTaskDispatcher with 8 workers.
 -> (artifact id: '6009f4d29c94aa218c23a3bf669ad17a') in 0.060740 seconds
Number of updated asset objects reloaded before import = 0
Number of asset objects unloaded after import = 201
========================================================================
Received Import Request.
  Time since last request: 0.000022 seconds.
  path: Assets/PrefabsNew/Main Camera.prefab
  artifactKey: Guid(fef4700e5b331f74fa2bf9181a89be18) Importer(2089858483,0ecaa5967403d082aa24f35e1b516d23)
Start importing Assets/PrefabsNew/Main Camera.prefab using Guid(fef4700e5b331f74fa2bf9181a89be18) Importer(2089858483,0ecaa5967403d082aa24f35e1b516d23) [PhysX] Initialized MultithreadedTaskDispatcher with 8 workers.
 -> (artifact id: '93363043d5657b00b793225c162c0869') in 0.136789 seconds
Number of updated asset objects reloaded before import = 0
Number of asset objects unloaded after import = 16
========================================================================
Received Import Request.
  Time since last request: 0.000020 seconds.
  path: Assets/Scripts/DiagonalEnemy.cs
  artifactKey: Guid(047be3fb0ca4a4c4b9369aed3a66e6d3) Importer(2089858483,0ecaa5967403d082aa24f35e1b516d23)
Start importing Assets/Scripts/DiagonalEnemy.cs using Guid(047be3fb0ca4a4c4b9369aed3a66e6d3) Importer(2089858483,0ecaa5967403d082aa24f35e1b516d23) [PhysX] Initialized MultithreadedTaskDispatcher with 8 workers.
 -> (artifact id: '8a8c2d1211d5df28f41833ae7e498786') in 0.020313 seconds
Number of updated asset objects reloaded before import = 0
Number of asset objects unloaded after import = 1
========================================================================
Received Import Request.
  Time since last request: 0.000025 seconds.
  path: Assets/Animation/UpDown.anim
  artifactKey: Guid(78dbc84947f3159479a9191b42f6524d) Importer(2089858483,0ecaa5967403d082aa24f35e1b516d23)
Start importing Assets/Animation/UpDown.anim using Guid(78dbc84947f3159479a9191b42f6524d) Importer(2089858483,0ecaa5967403d082aa24f35e1b516d23) [PhysX] Initialized MultithreadedTaskDispatcher with 8 workers.
 -> (artifact id: '72de6b305829409235ec90b1b20853e7') in 0.020183 seconds
Number of updated asset objects reloaded before import = 0
Number of asset objects unloaded after import = 1
========================================================================
Received Import Request.
  Time since last request: 0.000028 seconds.
  path: Assets/Scripts/ShopManager.cs
  artifactKey: Guid(64247c3612533a64690728728afda341) Importer(2089858483,0ecaa5967403d082aa24f35e1b516d23)
Start importing Assets/Scripts/ShopManager.cs using Guid(64247c3612533a64690728728afda341) Importer(2089858483,0ecaa5967403d082aa24f35e1b516d23) [PhysX] Initialized MultithreadedTaskDispatcher with 8 workers.
 -> (artifact id: '7e3e0f3f68f5b6b7570ad560ceedf229') in 0.019645 seconds
Number of updated asset objects reloaded before import = 0
Number of asset objects unloaded after import = 1
========================================================================
Received Import Request.
  Time since last request: 0.000026 seconds.
  path: Assets/Scripts/SetSkin.cs
  artifactKey: Guid(e0b218c4b7b52a547afe8fdd5ec2aa6d) Importer(2089858483,0ecaa5967403d082aa24f35e1b516d23)
Start importing Assets/Scripts/SetSkin.cs using Guid(e0b218c4b7b52a547afe8fdd5ec2aa6d) Importer(2089858483,0ecaa5967403d082aa24f35e1b516d23) [PhysX] Initialized MultithreadedTaskDispatcher with 8 workers.
 -> (artifact id: 'fb416d7104e839e1bd792b84e789222e') in 0.013587 seconds
Number of updated asset objects reloaded before import = 0
Number of asset objects unloaded after import = 1
========================================================================
Received Import Request.
  Time since last request: 0.000023 seconds.
  path: Assets/Scripts/ParalaxBackground.cs
  artifactKey: Guid(9af2801eee101b34fb8eca9a20f2074c) Importer(2089858483,0ecaa5967403d082aa24f35e1b516d23)
Start importing Assets/Scripts/ParalaxBackground.cs using Guid(9af2801eee101b34fb8eca9a20f2074c) Importer(2089858483,0ecaa5967403d082aa24f35e1b516d23) [PhysX] Initialized MultithreadedTaskDispatcher with 8 workers.
 -> (artifact id: 'ac8e9183f193cbf6281d08a581cf9a05') in 0.014513 seconds
Number of updated asset objects reloaded before import = 0
Number of asset objects unloaded after import = 1
========================================================================
Received Import Request.
  Time since last request: 0.000023 seconds.
  path: Assets/Scripts/Menu.cs
  artifactKey: Guid(54f7e00e208933344b030f49e42cd343) Importer(2089858483,0ecaa5967403d082aa24f35e1b516d23)
Start importing Assets/Scripts/Menu.cs using Guid(54f7e00e208933344b030f49e42cd343) Importer(2089858483,0ecaa5967403d082aa24f35e1b516d23) [PhysX] Initialized MultithreadedTaskDispatcher with 8 workers.
 -> (artifact id: 'b223f4ac1d2f24881743f617c2b77969') in 0.013916 seconds
Number of updated asset objects reloaded before import = 0
Number of asset objects unloaded after import = 1
========================================================================
Received Import Request.
  Time since last request: 0.000026 seconds.
  path: Assets/Scripts/SetSkinFons.cs
  artifactKey: Guid(120d397f43c79474abd794332ad1f8c4) Importer(2089858483,0ecaa5967403d082aa24f35e1b516d23)
Start importing Assets/Scripts/SetSkinFons.cs using Guid(120d397f43c79474abd794332ad1f8c4) Importer(2089858483,0ecaa5967403d082aa24f35e1b516d23) [PhysX] Initialized MultithreadedTaskDispatcher with 8 workers.
 -> (artifact id: '750226ba7aa93835aa1db48340f0dff4') in 0.015703 seconds
Number of updated asset objects reloaded before import = 0
Number of asset objects unloaded after import = 1
========================================================================
Received Import Request.
  Time since last request: 0.000023 seconds.
  path: Assets/Scripts/Point.cs
  artifactKey: Guid(042392c8950774a45ae5c25fd57de5b3) Importer(2089858483,0ecaa5967403d082aa24f35e1b516d23)
Start importing Assets/Scripts/Point.cs using Guid(042392c8950774a45ae5c25fd57de5b3) Importer(2089858483,0ecaa5967403d082aa24f35e1b516d23) [PhysX] Initialized MultithreadedTaskDispatcher with 8 workers.
 -> (artifact id: 'e727701ed714a43442ae4346bf0a9f90') in 0.017196 seconds
Number of updated asset objects reloaded before import = 0
Number of asset objects unloaded after import = 1
========================================================================
Received Import Request.
  Time since last request: 0.000021 seconds.
  path: Assets/Scripts/ObjectPoolManager.cs
  artifactKey: Guid(e6a4e6367e4eb8f48ac7dc0e52fa2082) Importer(2089858483,0ecaa5967403d082aa24f35e1b516d23)
Start importing Assets/Scripts/ObjectPoolManager.cs using Guid(e6a4e6367e4eb8f48ac7dc0e52fa2082) Importer(2089858483,0ecaa5967403d082aa24f35e1b516d23) [PhysX] Initialized MultithreadedTaskDispatcher with 8 workers.
 -> (artifact id: '4bf706b0bccb7704440c2e16d0f78d98') in 0.017350 seconds
Number of updated asset objects reloaded before import = 0
Number of asset objects unloaded after import = 1
========================================================================
Received Import Request.
  Time since last request: 0.000028 seconds.
  path: Assets/Scripts/GhostEnemy.cs
  artifactKey: Guid(fbad6f398d59c7247b575944d72512d0) Importer(2089858483,0ecaa5967403d082aa24f35e1b516d23)
Start importing Assets/Scripts/GhostEnemy.cs using Guid(fbad6f398d59c7247b575944d72512d0) Importer(2089858483,0ecaa5967403d082aa24f35e1b516d23) [PhysX] Initialized MultithreadedTaskDispatcher with 8 workers.
 -> (artifact id: 'ac49203a2cf09a1d49c140efd68b1b66') in 0.014846 seconds
Number of updated asset objects reloaded before import = 0
Number of asset objects unloaded after import = 1
========================================================================
Received Import Request.
  Time since last request: 0.000026 seconds.
  path: Assets/Scripts/Invulnerable.cs
  artifactKey: Guid(279c9a7ab04104d449c5942d9270804c) Importer(2089858483,0ecaa5967403d082aa24f35e1b516d23)
Start importing Assets/Scripts/Invulnerable.cs using Guid(279c9a7ab04104d449c5942d9270804c) Importer(2089858483,0ecaa5967403d082aa24f35e1b516d23) [PhysX] Initialized MultithreadedTaskDispatcher with 8 workers.
 -> (artifact id: '2ce5756e6eb6fb2412c3ce58b66187d3') in 0.029725 seconds
Number of updated asset objects reloaded before import = 0
Number of asset objects unloaded after import = 1
========================================================================
Received Import Request.
  Time since last request: 0.000023 seconds.
  path: Assets/Scripts/SafeAreaHelper.cs
  artifactKey: Guid(5e5fb2d8158f141428915adbf2b94c2a) Importer(2089858483,0ecaa5967403d082aa24f35e1b516d23)
Start importing Assets/Scripts/SafeAreaHelper.cs using Guid(5e5fb2d8158f141428915adbf2b94c2a) Importer(2089858483,0ecaa5967403d082aa24f35e1b516d23) [PhysX] Initialized MultithreadedTaskDispatcher with 8 workers.
 -> (artifact id: '996413676a2564d532569741df7ac30c') in 0.023164 seconds
Number of updated asset objects reloaded before import = 0
Number of asset objects unloaded after import = 1
========================================================================
Received Import Request.
  Time since last request: 0.000048 seconds.
  path: Assets/Scripts/MoveDown.cs
  artifactKey: Guid(efbf6074b94210348bdd80b9b4da5afc) Importer(2089858483,0ecaa5967403d082aa24f35e1b516d23)
Start importing Assets/Scripts/MoveDown.cs using Guid(efbf6074b94210348bdd80b9b4da5afc) Importer(2089858483,0ecaa5967403d082aa24f35e1b516d23) [PhysX] Initialized MultithreadedTaskDispatcher with 8 workers.
 -> (artifact id: 'd0fbe8951f0938e704a801c17cf05d67') in 0.019011 seconds
Number of updated asset objects reloaded before import = 0
Number of asset objects unloaded after import = 1
========================================================================
Received Import Request.
  Time since last request: 0.000031 seconds.
  path: Assets/Scripts/MainMenuSkinUpdater.cs
  artifactKey: Guid(781fd3c9155fd1147af366fdafcba230) Importer(2089858483,0ecaa5967403d082aa24f35e1b516d23)
Start importing Assets/Scripts/MainMenuSkinUpdater.cs using Guid(781fd3c9155fd1147af366fdafcba230) Importer(2089858483,0ecaa5967403d082aa24f35e1b516d23) [PhysX] Initialized MultithreadedTaskDispatcher with 8 workers.
 -> (artifact id: 'df12022a793bb35df3f40b78f59d82a1') in 0.020802 seconds
Number of updated asset objects reloaded before import = 0
Number of asset objects unloaded after import = 1
========================================================================
Received Import Request.
  Time since last request: 0.000034 seconds.
  path: Assets/Scripts/Paralax.cs
  artifactKey: Guid(ad1caf06ffb040142941cb5597c0120b) Importer(2089858483,0ecaa5967403d082aa24f35e1b516d23)
Start importing Assets/Scripts/Paralax.cs using Guid(ad1caf06ffb040142941cb5597c0120b) Importer(2089858483,0ecaa5967403d082aa24f35e1b516d23) [PhysX] Initialized MultithreadedTaskDispatcher with 8 workers.
 -> (artifact id: '34128bac78f3823d3db5e01d4ad4845d') in 0.013986 seconds
Number of updated asset objects reloaded before import = 0
Number of asset objects unloaded after import = 1
========================================================================
Received Import Request.
  Time since last request: 0.000027 seconds.
  path: Assets/Scripts/ManagerLocalization.cs
  artifactKey: Guid(4fb09e2ad0410294997712634ccf0d5f) Importer(2089858483,0ecaa5967403d082aa24f35e1b516d23)
Start importing Assets/Scripts/ManagerLocalization.cs using Guid(4fb09e2ad0410294997712634ccf0d5f) Importer(2089858483,0ecaa5967403d082aa24f35e1b516d23) [PhysX] Initialized MultithreadedTaskDispatcher with 8 workers.
 -> (artifact id: '498bb1f0a82c58612b4378f1d60c33fe') in 0.020508 seconds
Number of updated asset objects reloaded before import = 0
Number of asset objects unloaded after import = 1
========================================================================
Received Import Request.
  Time since last request: 0.000021 seconds.
  path: Assets/Fonts/Play-Regular.ttf
  artifactKey: Guid(55581436a660ebd4cbc27efe00293264) Importer(2089858483,0ecaa5967403d082aa24f35e1b516d23)
Start importing Assets/Fonts/Play-Regular.ttf using Guid(55581436a660ebd4cbc27efe00293264) Importer(2089858483,0ecaa5967403d082aa24f35e1b516d23) [PhysX] Initialized MultithreadedTaskDispatcher with 8 workers.
 -> (artifact id: 'c97354629be5449a00c17fc320553329') in 0.030542 seconds
Number of updated asset objects reloaded before import = 0
Number of asset objects unloaded after import = 3
========================================================================
Received Import Request.
  Time since last request: 0.000021 seconds.
  path: Assets/Animation/EnemyCircle.controller
  artifactKey: Guid(c1755406bb286de47aaea7d72ab629fb) Importer(2089858483,0ecaa5967403d082aa24f35e1b516d23)
Start importing Assets/Animation/EnemyCircle.controller using Guid(c1755406bb286de47aaea7d72ab629fb) Importer(2089858483,0ecaa5967403d082aa24f35e1b516d23) [PhysX] Initialized MultithreadedTaskDispatcher with 8 workers.
 -> (artifact id: '3af6f2fb07518de60fd297e699fed3dc') in 0.012440 seconds
Number of updated asset objects reloaded before import = 0
Number of asset objects unloaded after import = 4
========================================================================
Received Import Request.
  Time since last request: 0.000019 seconds.
  path: Assets/Localization/UpgradeDescription_en.asset
  artifactKey: Guid(b3ff4c3d1fda262439bf48b1842eff7d) Importer(2089858483,0ecaa5967403d082aa24f35e1b516d23)
Start importing Assets/Localization/UpgradeDescription_en.asset using Guid(b3ff4c3d1fda262439bf48b1842eff7d) Importer(2089858483,0ecaa5967403d082aa24f35e1b516d23) [PhysX] Initialized MultithreadedTaskDispatcher with 8 workers.
 -> (artifact id: 'e5d5f5509e74419ab89e070c27f052eb') in 0.015868 seconds
Number of updated asset objects reloaded before import = 0
Number of asset objects unloaded after import = 2
========================================================================
Received Import Request.
  Time since last request: 0.000019 seconds.
  path: Assets/Prefabs/1portal.prefab
  artifactKey: Guid(e253eb3958859fc4cbe3de0e57a9c29a) Importer(2089858483,0ecaa5967403d082aa24f35e1b516d23)
Start importing Assets/Prefabs/1portal.prefab using Guid(e253eb3958859fc4cbe3de0e57a9c29a) Importer(2089858483,0ecaa5967403d082aa24f35e1b516d23) [PhysX] Initialized MultithreadedTaskDispatcher with 8 workers.
 -> (artifact id: '3dfffd9839888a807449dc0af39270cc') in 0.039948 seconds
Number of updated asset objects reloaded before import = 0
Number of asset objects unloaded after import = 16
========================================================================
Received Import Request.
  Time since last request: 0.000021 seconds.
  path: Assets/Prefabs/CoinSound.prefab
  artifactKey: Guid(0669c10bb6a7c404eaba4e9acc09c9cc) Importer(2089858483,0ecaa5967403d082aa24f35e1b516d23)
Start importing Assets/Prefabs/CoinSound.prefab using Guid(0669c10bb6a7c404eaba4e9acc09c9cc) Importer(2089858483,0ecaa5967403d082aa24f35e1b516d23) [PhysX] Initialized MultithreadedTaskDispatcher with 8 workers.
 -> (artifact id: '85c38948e3bb684ab1f902cc6d5bf7a2') in 0.061798 seconds
Number of updated asset objects reloaded before import = 0
Number of asset objects unloaded after import = 7
========================================================================
Received Import Request.
  Time since last request: 0.000049 seconds.
  path: Assets/Prefabs/Particle SystemYellowBallonSnow.prefab
  artifactKey: Guid(0c9f6a85da2db9a4c9ff5df86dda1ec7) Importer(2089858483,0ecaa5967403d082aa24f35e1b516d23)
Start importing Assets/Prefabs/Particle SystemYellowBallonSnow.prefab using Guid(0c9f6a85da2db9a4c9ff5df86dda1ec7) Importer(2089858483,0ecaa5967403d082aa24f35e1b516d23) [PhysX] Initialized MultithreadedTaskDispatcher with 8 workers.
 -> (artifact id: '0bb8feedf54e9c74d07fc7c85cb6c278') in 0.087011 seconds
Number of updated asset objects reloaded before import = 0
Number of asset objects unloaded after import = 6
========================================================================
Received Import Request.
  Time since last request: 0.000063 seconds.
  path: Assets/Prefabs/EnemyExplosionRightMove.prefab
  artifactKey: Guid(56d22747a9d400646825a3b59ba24624) Importer(2089858483,0ecaa5967403d082aa24f35e1b516d23)
Start importing Assets/Prefabs/EnemyExplosionRightMove.prefab using Guid(56d22747a9d400646825a3b59ba24624) Importer(2089858483,0ecaa5967403d082aa24f35e1b516d23) [PhysX] Initialized MultithreadedTaskDispatcher with 8 workers.
 -> (artifact id: 'f0b5773ca84011f2a802da20a754fdb9') in 0.039228 seconds
Number of updated asset objects reloaded before import = 0
Number of asset objects unloaded after import = 22
========================================================================
Received Import Request.
  Time since last request: 0.000030 seconds.
  path: Assets/Audio/Woosh.mp3
  artifactKey: Guid(6342bdb952db49848b7f8c1c7ff95e0e) Importer(2089858483,0ecaa5967403d082aa24f35e1b516d23)
Start importing Assets/Audio/Woosh.mp3 using Guid(6342bdb952db49848b7f8c1c7ff95e0e) Importer(2089858483,0ecaa5967403d082aa24f35e1b516d23) [PhysX] Initialized MultithreadedTaskDispatcher with 8 workers.
 -> (artifact id: 'f168126d72d49eca3d6b68f84aa02b2c') in 0.077521 seconds
Number of updated asset objects reloaded before import = 0
Number of asset objects unloaded after import = 1
========================================================================
Received Import Request.
  Time since last request: 0.000088 seconds.
  path: Assets/Prefabs/Variant1SnowWhite3.prefab
  artifactKey: Guid(5bf2c262d8fd5fd44a653eeec49d71f9) Importer(2089858483,0ecaa5967403d082aa24f35e1b516d23)
Start importing Assets/Prefabs/Variant1SnowWhite3.prefab using Guid(5bf2c262d8fd5fd44a653eeec49d71f9) Importer(2089858483,0ecaa5967403d082aa24f35e1b516d23) [PhysX] Initialized MultithreadedTaskDispatcher with 8 workers.
 -> (artifact id: 'f80e049c03543b55899d0fed16d3c245') in 0.024164 seconds
Number of updated asset objects reloaded before import = 0
Number of asset objects unloaded after import = 43
========================================================================
Received Import Request.
  Time since last request: 0.000074 seconds.
  path: Assets/Animation/BallonGreenSnow.anim
  artifactKey: Guid(4b1d371bc13fedb4293c0a6b8a868ab5) Importer(2089858483,0ecaa5967403d082aa24f35e1b516d23)
Start importing Assets/Animation/BallonGreenSnow.anim using Guid(4b1d371bc13fedb4293c0a6b8a868ab5) Importer(2089858483,0ecaa5967403d082aa24f35e1b516d23) [PhysX] Initialized MultithreadedTaskDispatcher with 8 workers.
 -> (artifact id: 'dc19ff8ae5cf15022c0c5522161f0db5') in 0.024436 seconds
Number of updated asset objects reloaded before import = 0
Number of asset objects unloaded after import = 1
========================================================================
Received Import Request.
  Time since last request: 0.000022 seconds.
  path: Assets/Scripts/CameraAspectCrop.cs
  artifactKey: Guid(fa08ea193eae7a5468e0f63a72497a78) Importer(2089858483,0ecaa5967403d082aa24f35e1b516d23)
Start importing Assets/Scripts/CameraAspectCrop.cs using Guid(fa08ea193eae7a5468e0f63a72497a78) Importer(2089858483,0ecaa5967403d082aa24f35e1b516d23) [PhysX] Initialized MultithreadedTaskDispatcher with 8 workers.
 -> (artifact id: '11c61dd4496f7e9c8c430ede3d3b7dec') in 0.017605 seconds
Number of updated asset objects reloaded before import = 0
Number of asset objects unloaded after import = 1
========================================================================
Received Import Request.
  Time since last request: 0.000042 seconds.
  path: Assets/Sprites/Blue_dragon_opening_mouth_sprite_202608271126-Photoroom.png
  artifactKey: Guid(2fc43516f34adca49b5e7c060d9c9116) Importer(2089858483,0ecaa5967403d082aa24f35e1b516d23)
Start importing Assets/Sprites/Blue_dragon_opening_mouth_sprite_202608271126-Photoroom.png using Guid(2fc43516f34adca49b5e7c060d9c9116) Importer(2089858483,0ecaa5967403d082aa24f35e1b516d23) [PhysX] Initialized MultithreadedTaskDispatcher with 8 workers.
 -> (artifact id: '479172091648da69f05c2dad70f438dd') in 0.135076 seconds
Number of updated asset objects reloaded before import = 0
Number of asset objects unloaded after import = 18
========================================================================
Received Import Request.
  Time since last request: 0.000024 seconds.
  path: Assets/Sprites/Baby_dragon_flying_sprite_sheet_202608271118-Photoroom.png
  artifactKey: Guid(c04d7a0900e0e7e4281fa740a0694a9e) Importer(2089858483,0ecaa5967403d082aa24f35e1b516d23)
Start importing Assets/Sprites/Baby_dragon_flying_sprite_sheet_202608271118-Photoroom.png using Guid(c04d7a0900e0e7e4281fa740a0694a9e) Importer(2089858483,0ecaa5967403d082aa24f35e1b516d23) [PhysX] Initialized MultithreadedTaskDispatcher with 8 workers.
 -> (artifact id: '05e3bf2507b29923e79593dc83d64e27') in 0.095692 seconds
Number of updated asset objects reloaded before import = 0
Number of asset objects unloaded after import = 18
========================================================================
Received Import Request.
  Time since last request: 0.000031 seconds.
  path: Assets/Sprites/Cookie_game_UI_panel_202608151807-Photoroom (1).png
  artifactKey: Guid(69d2b09dbbab44b47a6995c147bd9fc4) Importer(2089858483,0ecaa5967403d082aa24f35e1b516d23)
Start importing Assets/Sprites/Cookie_game_UI_panel_202608151807-Photoroom (1).png using Guid(69d2b09dbbab44b47a6995c147bd9fc4) Importer(2089858483,0ecaa5967403d082aa24f35e1b516d23) [PhysX] Initialized MultithreadedTaskDispatcher with 8 workers.
 -> (artifact id: 'fffd47e846ae4abf12ee1be9009245d3') in 0.033142 seconds
Number of updated asset objects reloaded before import = 0
Number of asset objects unloaded after import = 3
========================================================================
Received Import Request.
  Time since last request: 0.000028 seconds.
  path: Assets/Sprites/Shield_icon_inside_square_button_202608231803-Photoroom.png
  artifactKey: Guid(36600a767bb844848bf50afd887fbea4) Importer(2089858483,0ecaa5967403d082aa24f35e1b516d23)
Start importing Assets/Sprites/Shield_icon_inside_square_button_202608231803-Photoroom.png using Guid(36600a767bb844848bf50afd887fbea4) Importer(2089858483,0ecaa5967403d082aa24f35e1b516d23) [PhysX] Initialized MultithreadedTaskDispatcher with 8 workers.
 -> (artifact id: '81e63378b9d7a9d40889acdb4e36c513') in 0.049346 seconds
Number of updated asset objects reloaded before import = 0
Number of asset objects unloaded after import = 3
========================================================================
Received Import Request.
  Time since last request: 0.000030 seconds.
  path: Assets/Sprites/Orange_dragon_opening_mouth_202608262058-Photoroom.png
  artifactKey: Guid(789b3da9ebcf74343884af0fbdffa43d) Importer(2089858483,0ecaa5967403d082aa24f35e1b516d23)
Start importing Assets/Sprites/Orange_dragon_opening_mouth_202608262058-Photoroom.png using Guid(789b3da9ebcf74343884af0fbdffa43d) Importer(2089858483,0ecaa5967403d082aa24f35e1b516d23) [PhysX] Initialized MultithreadedTaskDispatcher with 8 workers.
 -> (artifact id: '88af34425e07d2b27e1dc9c6a2aff11a') in 0.094292 seconds
Number of updated asset objects reloaded before import = 0
Number of asset objects unloaded after import = 18
========================================================================
Received Import Request.
  Time since last request: 0.000021 seconds.
  path: Assets/Sprites/Game_upgrade_slot_panel_template_202608231716-Photoroom (1).png
  artifactKey: Guid(1f1c2972de6376b499b48e7687ecb064) Importer(2089858483,0ecaa5967403d082aa24f35e1b516d23)
Start importing Assets/Sprites/Game_upgrade_slot_panel_template_202608231716-Photoroom (1).png using Guid(1f1c2972de6376b499b48e7687ecb064) Importer(2089858483,0ecaa5967403d082aa24f35e1b516d23) [PhysX] Initialized MultithreadedTaskDispatcher with 8 workers.
 -> (artifact id: 'ef2c422803046efc1a358410817a8341') in 0.060281 seconds
Number of updated asset objects reloaded before import = 0
Number of asset objects unloaded after import = 3
========================================================================
Received Import Request.
  Time since last request: 0.000036 seconds.
  path: Assets/Sprites/Blue_dragon_death_animation_sprite_202608271131-Photoroom.png
  artifactKey: Guid(12216651d2c46744095f7d0bb05e0871) Importer(2089858483,0ecaa5967403d082aa24f35e1b516d23)
Start importing Assets/Sprites/Blue_dragon_death_animation_sprite_202608271131-Photoroom.png using Guid(12216651d2c46744095f7d0bb05e0871) Importer(2089858483,0ecaa5967403d082aa24f35e1b516d23) [PhysX] Initialized MultithreadedTaskDispatcher with 8 workers.
 -> (artifact id: '19cb1439d496f8b0b2c5735f6c399f10') in 0.104801 seconds
Number of updated asset objects reloaded before import = 0
Number of asset objects unloaded after import = 18
========================================================================
Received Import Request.
  Time since last request: 0.000037 seconds.
  path: Assets/Sprites/Golden_crown_game_asset.png
  artifactKey: Guid(b995e4752d1d1874d90532d1e0b9e249) Importer(2089858483,0ecaa5967403d082aa24f35e1b516d23)
Start importing Assets/Sprites/Golden_crown_game_asset.png using Guid(b995e4752d1d1874d90532d1e0b9e249) Importer(2089858483,0ecaa5967403d082aa24f35e1b516d23) [PhysX] Initialized MultithreadedTaskDispatcher with 8 workers.
 -> (artifact id: 'f260f907d018b52f68eb384a6df0d9f0') in 0.037431 seconds
Number of updated asset objects reloaded before import = 0
Number of asset objects unloaded after import = 3
========================================================================
Received Import Request.
  Time since last request: 0.000028 seconds.
  path: Assets/Scripts/SpawnerWalls.cs
  artifactKey: Guid(c48b426cbca324d4a8380d274d5a02c3) Importer(2089858483,0ecaa5967403d082aa24f35e1b516d23)
Start importing Assets/Scripts/SpawnerWalls.cs using Guid(c48b426cbca324d4a8380d274d5a02c3) Importer(2089858483,0ecaa5967403d082aa24f35e1b516d23) [PhysX] Initialized MultithreadedTaskDispatcher with 8 workers.
 -> (artifact id: '24269de92f925a1f381c6a2f95460d3e') in 0.026645 seconds
Number of updated asset objects reloaded before import = 0
Number of asset objects unloaded after import = 1
========================================================================
Received Import Request.
  Time since last request: 0.000031 seconds.
  path: Assets/Scripts/ShopManagerFons.cs
  artifactKey: Guid(d75fe5cc69699294e83ebbfeeb906ea0) Importer(2089858483,0ecaa5967403d082aa24f35e1b516d23)
Start importing Assets/Scripts/ShopManagerFons.cs using Guid(d75fe5cc69699294e83ebbfeeb906ea0) Importer(2089858483,0ecaa5967403d082aa24f35e1b516d23) [PhysX] Initialized MultithreadedTaskDispatcher with 8 workers.
 -> (artifact id: 'a4d89c25c19df1e1d6de5d4baee17894') in 0.024523 seconds
Number of updated asset objects reloaded before import = 0
Number of asset objects unloaded after import = 1
========================================================================
Received Import Request.
  Time since last request: 0.000033 seconds.
  path: Assets/Sprites/Green_candy_play_button.png
  artifactKey: Guid(5157d5a8183e2a34589dc1893c738289) Importer(2089858483,0ecaa5967403d082aa24f35e1b516d23)
Start importing Assets/Sprites/Green_candy_play_button.png using Guid(5157d5a8183e2a34589dc1893c738289) Importer(2089858483,0ecaa5967403d082aa24f35e1b516d23) [PhysX] Initialized MultithreadedTaskDispatcher with 8 workers.
 -> (artifact id: '5d63a6dd0d34299f81df2b1afa453d7f') in 0.063542 seconds
Number of updated asset objects reloaded before import = 0
Number of asset objects unloaded after import = 3
========================================================================
Received Import Request.
  Time since last request: 0.000021 seconds.
  path: Assets/SpritesNew/Безымянный-10008 (2).png
  artifactKey: Guid(4aa0212468c00b741af52ff2ab192f36) Importer(2089858483,0ecaa5967403d082aa24f35e1b516d23)
Start importing Assets/SpritesNew/Безымянный-10008 (2).png using Guid(4aa0212468c00b741af52ff2ab192f36) Importer(2089858483,0ecaa5967403d082aa24f35e1b516d23) [PhysX] Initialized MultithreadedTaskDispatcher with 8 workers.
 -> (artifact id: '6bf0b249a374e35d9d16129814ada860') in 0.032682 seconds
Number of updated asset objects reloaded before import = 0
Number of asset objects unloaded after import = 3
========================================================================
Received Import Request.
  Time since last request: 0.000026 seconds.
  path: Assets/Sprites/finger.png
  artifactKey: Guid(d02cef494c8161b4b9f900d341a19837) Importer(2089858483,0ecaa5967403d082aa24f35e1b516d23)
Start importing Assets/Sprites/finger.png using Guid(d02cef494c8161b4b9f900d341a19837) Importer(2089858483,0ecaa5967403d082aa24f35e1b516d23) [PhysX] Initialized MultithreadedTaskDispatcher with 8 workers.
 -> (artifact id: '8411e8eb5bb0710ad1dba3ba841ecfbe') in 0.038768 seconds
Number of updated asset objects reloaded before import = 0
Number of asset objects unloaded after import = 3
========================================================================
Received Import Request.
  Time since last request: 0.000033 seconds.
  path: Assets/Scripts/SpiderWeb.cs
  artifactKey: Guid(8eb13a59b2273db4c8d16b19223f8f4e) Importer(2089858483,0ecaa5967403d082aa24f35e1b516d23)
Start importing Assets/Scripts/SpiderWeb.cs using Guid(8eb13a59b2273db4c8d16b19223f8f4e) Importer(2089858483,0ecaa5967403d082aa24f35e1b516d23) [PhysX] Initialized MultithreadedTaskDispatcher with 8 workers.
 -> (artifact id: '0ce9d4190dac4e2e042fb3f1b4817049') in 0.024459 seconds
Number of updated asset objects reloaded before import = 0
Number of asset objects unloaded after import = 1
========================================================================
Received Import Request.
  Time since last request: 0.000040 seconds.
  path: Assets/Sprites/Blue_candy_settings_button_icon.png
  artifactKey: Guid(7f17cf6c8affa9b4e9f09e518c82c030) Importer(2089858483,0ecaa5967403d082aa24f35e1b516d23)
Start importing Assets/Sprites/Blue_candy_settings_button_icon.png using Guid(7f17cf6c8affa9b4e9f09e518c82c030) Importer(2089858483,0ecaa5967403d082aa24f35e1b516d23) [PhysX] Initialized MultithreadedTaskDispatcher with 8 workers.
 -> (artifact id: 'dcdf3a1cc105f619c65e056a0f751fa5') in 0.052411 seconds
Number of updated asset objects reloaded before import = 0
Number of asset objects unloaded after import = 3
========================================================================
Received Import Request.
  Time since last request: 0.000022 seconds.
  path: Assets/SpritesNew/Безымянный-10022.png
  artifactKey: Guid(c3aff03c363263b49b755342749df4fb) Importer(2089858483,0ecaa5967403d082aa24f35e1b516d23)
Start importing Assets/SpritesNew/Безымянный-10022.png using Guid(c3aff03c363263b49b755342749df4fb) Importer(2089858483,0ecaa5967403d082aa24f35e1b516d23) [PhysX] Initialized MultithreadedTaskDispatcher with 8 workers.
 -> (artifact id: 'fbf671d466f06129d16679f701169b9e') in 0.091861 seconds
Number of updated asset objects reloaded before import = 0
Number of asset objects unloaded after import = 3
========================================================================
Received Import Request.
  Time since last request: 0.000028 seconds.
  path: Assets/Sprites/Blue_candy_leaderboard_button.png
  artifactKey: Guid(b0999a045cffa8c4db6766da6472700f) Importer(2089858483,0ecaa5967403d082aa24f35e1b516d23)
Start importing Assets/Sprites/Blue_candy_leaderboard_button.png using Guid(b0999a045cffa8c4db6766da6472700f) Importer(2089858483,0ecaa5967403d082aa24f35e1b516d23) [PhysX] Initialized MultithreadedTaskDispatcher with 8 workers.
 -> (artifact id: '59fd00f3026fa26fb754af94ec62ab7b') in 0.040867 seconds
Number of updated asset objects reloaded before import = 0
Number of asset objects unloaded after import = 3
========================================================================
Received Import Request.
  Time since last request: 0.000029 seconds.
  path: Assets/SpritesNew/Безымянный-10005 (2).png
  artifactKey: Guid(e3297933e658ea349aa02093213b3984) Importer(2089858483,0ecaa5967403d082aa24f35e1b516d23)
Start importing Assets/SpritesNew/Безымянный-10005 (2).png using Guid(e3297933e658ea349aa02093213b3984) Importer(2089858483,0ecaa5967403d082aa24f35e1b516d23) [PhysX] Initialized MultithreadedTaskDispatcher with 8 workers.
 -> (artifact id: '8fb14a2cdcd87aeada8e75a90fcb517a') in 0.044620 seconds
Number of updated asset objects reloaded before import = 0
Number of asset objects unloaded after import = 3
========================================================================
Received Import Request.
  Time since last request: 0.000041 seconds.
  path: Assets/Sprites/No_ads_button_icon_202608231733-Photoroom.png
  artifactKey: Guid(12b51f2ca19532f4186604b8d1ae8715) Importer(2089858483,0ecaa5967403d082aa24f35e1b516d23)
Start importing Assets/Sprites/No_ads_button_icon_202608231733-Photoroom.png using Guid(12b51f2ca19532f4186604b8d1ae8715) Importer(2089858483,0ecaa5967403d082aa24f35e1b516d23) [PhysX] Initialized MultithreadedTaskDispatcher with 8 workers.
 -> (artifact id: '2b9c3ed57bb664d7e9bbe6bee37ef96b') in 0.059831 seconds
Number of updated asset objects reloaded before import = 0
Number of asset objects unloaded after import = 3
========================================================================
Received Import Request.
  Time since last request: 0.000035 seconds.
  path: Assets/Sprites/BlackPanel.png
  artifactKey: Guid(b753baaeb2cce0247b64cf048a40b681) Importer(2089858483,0ecaa5967403d082aa24f35e1b516d23)
Start importing Assets/Sprites/BlackPanel.png using Guid(b753baaeb2cce0247b64cf048a40b681) Importer(2089858483,0ecaa5967403d082aa24f35e1b516d23) [PhysX] Initialized MultithreadedTaskDispatcher with 8 workers.
 -> (artifact id: 'b9c30fe830ab0f71f7feef6d72f83305') in 0.187246 seconds
Number of updated asset objects reloaded before import = 0
Number of asset objects unloaded after import = 3
========================================================================
Received Import Request.
  Time since last request: 0.000037 seconds.
  path: Assets/Sprites/Cartoon_ghost_performing_telepor…_202608241423-Photoroom.png
  artifactKey: Guid(7ea62332a260a6f42808176525b5279f) Importer(2089858483,0ecaa5967403d082aa24f35e1b516d23)
Start importing Assets/Sprites/Cartoon_ghost_performing_telepor…_202608241423-Photoroom.png using Guid(7ea62332a260a6f42808176525b5279f) Importer(2089858483,0ecaa5967403d082aa24f35e1b516d23) [PhysX] Initialized MultithreadedTaskDispatcher with 8 workers.
 -> (artifact id: '14c2f1f8f56d4aca3ccf9a666292547f') in 0.154476 seconds
Number of updated asset objects reloaded before import = 0
Number of asset objects unloaded after import = 18
========================================================================
Received Import Request.
  Time since last request: 0.000034 seconds.
  path: Assets/SpritesNew/Безымянный-10039.png
  artifactKey: Guid(bcb046a2c1d7b4445a06c3701f6c5dd5) Importer(2089858483,0ecaa5967403d082aa24f35e1b516d23)
Start importing Assets/SpritesNew/Безымянный-10039.png using Guid(bcb046a2c1d7b4445a06c3701f6c5dd5) Importer(2089858483,0ecaa5967403d082aa24f35e1b516d23) [PhysX] Initialized MultithreadedTaskDispatcher with 8 workers.
 -> (artifact id: '8eea0a1ae017f3b4ac6510ef1451758a') in 0.063484 seconds
Number of updated asset objects reloaded before import = 0
Number of asset objects unloaded after import = 3
========================================================================
Received Import Request.
  Time since last request: 0.000077 seconds.
  path: Assets/SpritesNew/Безымянный-10042.png
  artifactKey: Guid(5b83afb49cda04d4e8414082b05cb0a4) Importer(2089858483,0ecaa5967403d082aa24f35e1b516d23)
Start importing Assets/SpritesNew/Безымянный-10042.png using Guid(5b83afb49cda04d4e8414082b05cb0a4) Importer(2089858483,0ecaa5967403d082aa24f35e1b516d23) [PhysX] Initialized MultithreadedTaskDispatcher with 8 workers.
 -> (artifact id: '6a7d52950e34de01bfabee2ee50c974d') in 0.051226 seconds
Number of updated asset objects reloaded before import = 0
Number of asset objects unloaded after import = 3
========================================================================
Received Import Request.
  Time since last request: 0.000038 seconds.
  path: Assets/SpritesNew/Безымянный-10028.png
  artifactKey: Guid(ed7e3308b048d5c4dbbb9363d1ce6d83) Importer(2089858483,0ecaa5967403d082aa24f35e1b516d23)
Start importing Assets/SpritesNew/Безымянный-10028.png using Guid(ed7e3308b048d5c4dbbb9363d1ce6d83) Importer(2089858483,0ecaa5967403d082aa24f35e1b516d23) [PhysX] Initialized MultithreadedTaskDispatcher with 8 workers.
 -> (artifact id: '0864213fa02e569ef030e87fd57f65a8') in 0.067068 seconds
Number of updated asset objects reloaded before import = 0
Number of asset objects unloaded after import = 3
========================================================================
Received Import Request.
  Time since last request: 0.000039 seconds.
  path: Assets/SpritesNew/Безымянный-10038.png
  artifactKey: Guid(25553da5da241a14b89f83cd287d8752) Importer(2089858483,0ecaa5967403d082aa24f35e1b516d23)
Start importing Assets/SpritesNew/Безымянный-10038.png using Guid(25553da5da241a14b89f83cd287d8752) Importer(2089858483,0ecaa5967403d082aa24f35e1b516d23) [PhysX] Initialized MultithreadedTaskDispatcher with 8 workers.
 -> (artifact id: '7bbd52f2baf697779994ad563c0ab33a') in 0.054665 seconds
Number of updated asset objects reloaded before import = 0
Number of asset objects unloaded after import = 3
========================================================================
Received Import Request.
  Time since last request: 0.000025 seconds.
  path: Assets/SpritesNew/Безымянный-10040.png
  artifactKey: Guid(c3e401695e691bc49867f62306d92b11) Importer(2089858483,0ecaa5967403d082aa24f35e1b516d23)
Start importing Assets/SpritesNew/Безымянный-10040.png using Guid(c3e401695e691bc49867f62306d92b11) Importer(2089858483,0ecaa5967403d082aa24f35e1b516d23) [PhysX] Initialized MultithreadedTaskDispatcher with 8 workers.
 -> (artifact id: '0bb231683cbae382e3c8b84ce9af8c73') in 0.047446 seconds
Number of updated asset objects reloaded before import = 0
Number of asset objects unloaded after import = 3
========================================================================
Received Import Request.
  Time since last request: 0.000115 seconds.
  path: Assets/Sprites/Gemini_Generated_Image_t2xte1t2xte1t2xt-Photoroom.png
  artifactKey: Guid(a4338bdd3aa843945b2254649d7b52d8) Importer(2089858483,0ecaa5967403d082aa24f35e1b516d23)
Start importing Assets/Sprites/Gemini_Generated_Image_t2xte1t2xte1t2xt-Photoroom.png using Guid(a4338bdd3aa843945b2254649d7b52d8) Importer(2089858483,0ecaa5967403d082aa24f35e1b516d23) [PhysX] Initialized MultithreadedTaskDispatcher with 8 workers.
 -> (artifact id: 'd39abae29341364dc06ec46615504972') in 0.077536 seconds
Number of updated asset objects reloaded before import = 0
Number of asset objects unloaded after import = 3
========================================================================
Received Import Request.
  Time since last request: 0.000044 seconds.
  path: Assets/Scenes/MainLvl.unity
  artifactKey: Guid(2cda990e2423bbf4892e6590ba056729) Importer(2089858483,0ecaa5967403d082aa24f35e1b516d23)
Start importing Assets/Scenes/MainLvl.unity using Guid(2cda990e2423bbf4892e6590ba056729) Importer(2089858483,0ecaa5967403d082aa24f35e1b516d23) [PhysX] Initialized MultithreadedTaskDispatcher with 8 workers.
 -> (artifact id: 'c7d4242b851cc38d667e5a4ef92945b7') in 0.020764 seconds
Number of updated asset objects reloaded before import = 0
Number of asset objects unloaded after import = 1
========================================================================
Received Import Request.
  Time since last request: 0.000034 seconds.
  path: Assets/Prefabs/Variant1Green.prefab
  artifactKey: Guid(84f96ef3256613a419653eaba4d6ec82) Importer(2089858483,0ecaa5967403d082aa24f35e1b516d23)
Start importing Assets/Prefabs/Variant1Green.prefab using Guid(84f96ef3256613a419653eaba4d6ec82) Importer(2089858483,0ecaa5967403d082aa24f35e1b516d23) [PhysX] Initialized MultithreadedTaskDispatcher with 8 workers.
 -> (artifact id: '4d8f64db2a52994b1971df57905ff30e') in 0.045197 seconds
Number of updated asset objects reloaded before import = 0
Number of asset objects unloaded after import = 27
========================================================================
Received Import Request.
  Time since last request: 0.000038 seconds.
  path: Assets/Prefabs/Variant3.prefab
  artifactKey: Guid(7b7562d3ea0ca834fa73ad91358217d9) Importer(2089858483,0ecaa5967403d082aa24f35e1b516d23)
Start importing Assets/Prefabs/Variant3.prefab using Guid(7b7562d3ea0ca834fa73ad91358217d9) Importer(2089858483,0ecaa5967403d082aa24f35e1b516d23) [PhysX] Initialized MultithreadedTaskDispatcher with 8 workers.
 -> (artifact id: '9e2e28ed28b60b4a3abeffac6a5a8b14') in 0.069627 seconds
Number of updated asset objects reloaded before import = 0
Number of asset objects unloaded after import = 36
========================================================================
Received Import Request.
  Time since last request: 0.000039 seconds.
  path: Assets/SpritesNew/кнопка выкл.png
  artifactKey: Guid(965b1aee112ebb543a3b95cbfc03d0b9) Importer(2089858483,0ecaa5967403d082aa24f35e1b516d23)
Start importing Assets/SpritesNew/кнопка выкл.png using Guid(965b1aee112ebb543a3b95cbfc03d0b9) Importer(2089858483,0ecaa5967403d082aa24f35e1b516d23) [PhysX] Initialized MultithreadedTaskDispatcher with 8 workers.
 -> (artifact id: '8c6b3bf3ed1c2ad2ae1bdd49ced8ff26') in 0.054565 seconds
Number of updated asset objects reloaded before import = 0
Number of asset objects unloaded after import = 3
========================================================================
Received Import Request.
  Time since last request: 0.000037 seconds.
  path: Assets/SpritesNew/Безымянный-10048.png
  artifactKey: Guid(0e6cb27672c7e9045b1ed95fdc81d83a) Importer(2089858483,0ecaa5967403d082aa24f35e1b516d23)
Start importing Assets/SpritesNew/Безымянный-10048.png using Guid(0e6cb27672c7e9045b1ed95fdc81d83a) Importer(2089858483,0ecaa5967403d082aa24f35e1b516d23) [PhysX] Initialized MultithreadedTaskDispatcher with 8 workers.
 -> (artifact id: '7bca010ab1f98b09a118934bb826751d') in 0.062701 seconds
Number of updated asset objects reloaded before import = 0
Number of asset objects unloaded after import = 3
========================================================================
Received Import Request.
  Time since last request: 0.000071 seconds.
  path: Assets/SpritesSkin/Группа 1 копия 3 (1).png
  artifactKey: Guid(a5eceecff619a9447b18380bdbc40aa2) Importer(2089858483,0ecaa5967403d082aa24f35e1b516d23)
Start importing Assets/SpritesSkin/Группа 1 копия 3 (1).png using Guid(a5eceecff619a9447b18380bdbc40aa2) Importer(2089858483,0ecaa5967403d082aa24f35e1b516d23) [PhysX] Initialized MultithreadedTaskDispatcher with 8 workers.
 -> (artifact id: '041d38213736f210d035317d3340e2e1') in 0.087227 seconds
Number of updated asset objects reloaded before import = 0
Number of asset objects unloaded after import = 3
========================================================================
Received Import Request.
  Time since last request: 0.000031 seconds.
  path: Assets/SpritesNew/Безымянный-10045.png
  artifactKey: Guid(92dd8fa10918d32409417881462c607d) Importer(2089858483,0ecaa5967403d082aa24f35e1b516d23)
Start importing Assets/SpritesNew/Безымянный-10045.png using Guid(92dd8fa10918d32409417881462c607d) Importer(2089858483,0ecaa5967403d082aa24f35e1b516d23) [PhysX] Initialized MultithreadedTaskDispatcher with 8 workers.
 -> (artifact id: '3eca1fc2287cea9d412888685749ce90') in 0.051428 seconds
Number of updated asset objects reloaded before import = 0
Number of asset objects unloaded after import = 3
========================================================================
Received Import Request.
  Time since last request: 0.000027 seconds.
  path: Assets/Audio/337315__eardeer__bs-bend-12.wav
  artifactKey: Guid(d5496ab06847cd44ab8fd19cb375ccc1) Importer(2089858483,0ecaa5967403d082aa24f35e1b516d23)
Start importing Assets/Audio/337315__eardeer__bs-bend-12.wav using Guid(d5496ab06847cd44ab8fd19cb375ccc1) Importer(2089858483,0ecaa5967403d082aa24f35e1b516d23) [PhysX] Initialized MultithreadedTaskDispatcher with 8 workers.
 -> (artifact id: 'bbe2d75d6626cc188c652963dda4e91f') in 0.102550 seconds
Number of updated asset objects reloaded before import = 0
Number of asset objects unloaded after import = 1
========================================================================
Received Import Request.
  Time since last request: 0.000037 seconds.
  path: Assets/Prefabs/EnemyDiagonalvar2White.prefab
  artifactKey: Guid(0661f661b91a7b54dafce0259f4e5f8e) Importer(2089858483,0ecaa5967403d082aa24f35e1b516d23)
Start importing Assets/Prefabs/EnemyDiagonalvar2White.prefab using Guid(0661f661b91a7b54dafce0259f4e5f8e) Importer(2089858483,0ecaa5967403d082aa24f35e1b516d23) [PhysX] Initialized MultithreadedTaskDispatcher with 8 workers.
 -> (artifact id: 'd2e6373980e40b82f0c8bd05b3ab2e53') in 0.062902 seconds
Number of updated asset objects reloaded before import = 0
Number of asset objects unloaded after import = 19
========================================================================
Received Import Request.
  Time since last request: 0.000039 seconds.
  path: Assets/Prefabs/Variant2.prefab
  artifactKey: Guid(d70111d792bd0154eac606e47afe2d49) Importer(2089858483,0ecaa5967403d082aa24f35e1b516d23)
Start importing Assets/Prefabs/Variant2.prefab using Guid(d70111d792bd0154eac606e47afe2d49) Importer(2089858483,0ecaa5967403d082aa24f35e1b516d23) [PhysX] Initialized MultithreadedTaskDispatcher with 8 workers.
 -> (artifact id: '22b5f1349691cebc8cff0448351100d4') in 0.038865 seconds
Number of updated asset objects reloaded before import = 0
Number of asset objects unloaded after import = 36
========================================================================
Received Import Request.
  Time since last request: 0.000035 seconds.
  path: Assets/Scripts/MenuAndTutorialUi.cs
  artifactKey: Guid(171eb80174caf494d88a9905585f6168) Importer(2089858483,0ecaa5967403d082aa24f35e1b516d23)
Start importing Assets/Scripts/MenuAndTutorialUi.cs using Guid(171eb80174caf494d88a9905585f6168) Importer(2089858483,0ecaa5967403d082aa24f35e1b516d23) [PhysX] Initialized MultithreadedTaskDispatcher with 8 workers.
 -> (artifact id: '561f58e7c3de365c333607809bf640de') in 0.056165 seconds
Number of updated asset objects reloaded before import = 0
Number of asset objects unloaded after import = 1
========================================================================
Received Import Request.
  Time since last request: 0.000037 seconds.
  path: Assets/Scenes/Menu.unity
  artifactKey: Guid(bfdaf21c934bef8468cf02497945dce7) Importer(2089858483,0ecaa5967403d082aa24f35e1b516d23)
Start importing Assets/Scenes/Menu.unity using Guid(bfdaf21c934bef8468cf02497945dce7) Importer(2089858483,0ecaa5967403d082aa24f35e1b516d23) [PhysX] Initialized MultithreadedTaskDispatcher with 8 workers.
 -> (artifact id: '8ea80a179feab6a378434e84ef7b3f6e') in 0.040072 seconds
Number of updated asset objects reloaded before import = 0
Number of asset objects unloaded after import = 1
========================================================================
Received Import Request.
  Time since last request: 0.000095 seconds.
  path: Assets/SpritesNew/Безымянный-10033.png
  artifactKey: Guid(c6f65e7e1ce4ee149a3b59010d8b4b1a) Importer(2089858483,0ecaa5967403d082aa24f35e1b516d23)
Start importing Assets/SpritesNew/Безымянный-10033.png using Guid(c6f65e7e1ce4ee149a3b59010d8b4b1a) Importer(2089858483,0ecaa5967403d082aa24f35e1b516d23) [PhysX] Initialized MultithreadedTaskDispatcher with 8 workers.
 -> (artifact id: 'b9129e2df65621e605cc5cbcbfb43d23') in 0.160485 seconds
Number of updated asset objects reloaded before import = 0
Number of asset objects unloaded after import = 3
========================================================================
Received Import Request.
  Time since last request: 0.000040 seconds.
  path: Assets/SpritesSkin/Группа 1 копия.png
  artifactKey: Guid(9ab583ef46a694b46b5430ad5857b6df) Importer(2089858483,0ecaa5967403d082aa24f35e1b516d23)
Start importing Assets/SpritesSkin/Группа 1 копия.png using Guid(9ab583ef46a694b46b5430ad5857b6df) Importer(2089858483,0ecaa5967403d082aa24f35e1b516d23) [PhysX] Initialized MultithreadedTaskDispatcher with 8 workers.
 -> (artifact id: 'a9c5255b33324e9bd5bf26f9374a2669') in 0.089990 seconds
Number of updated asset objects reloaded before import = 0
Number of asset objects unloaded after import = 3
========================================================================
Received Import Request.
  Time since last request: 0.000074 seconds.
  path: Assets/папка с шипами/Слой 21.png
  artifactKey: Guid(294e82e58725fbf4fa9a9f8e932ad9f7) Importer(2089858483,0ecaa5967403d082aa24f35e1b516d23)
Start importing Assets/папка с шипами/Слой 21.png using Guid(294e82e58725fbf4fa9a9f8e932ad9f7) Importer(2089858483,0ecaa5967403d082aa24f35e1b516d23) [PhysX] Initialized MultithreadedTaskDispatcher with 8 workers.
 -> (artifact id: '3b840ff881c74859fb8934a848ba74c9') in 0.069291 seconds
Number of updated asset objects reloaded before import = 0
Number of asset objects unloaded after import = 3
========================================================================
Received Import Request.
  Time since last request: 0.000032 seconds.
  path: Assets/SpritesSkin/Слой 1.png
  artifactKey: Guid(1c9afc2cd426e0d42a454a061c9d480b) Importer(2089858483,0ecaa5967403d082aa24f35e1b516d23)
Start importing Assets/SpritesSkin/Слой 1.png using Guid(1c9afc2cd426e0d42a454a061c9d480b) Importer(2089858483,0ecaa5967403d082aa24f35e1b516d23) [PhysX] Initialized MultithreadedTaskDispatcher with 8 workers.
 -> (artifact id: '3c949fd5ea9e4013d4f088546d35adcd') in 0.064960 seconds
Number of updated asset objects reloaded before import = 0
Number of asset objects unloaded after import = 3
========================================================================
Received Import Request.
  Time since last request: 0.000025 seconds.
  path: Assets/SpritesSkin/Группа 1-3.png
  artifactKey: Guid(7f84d805308d6304fb2fa7fe07db4ce3) Importer(2089858483,0ecaa5967403d082aa24f35e1b516d23)
Start importing Assets/SpritesSkin/Группа 1-3.png using Guid(7f84d805308d6304fb2fa7fe07db4ce3) Importer(2089858483,0ecaa5967403d082aa24f35e1b516d23) [PhysX] Initialized MultithreadedTaskDispatcher with 8 workers.
 -> (artifact id: 'b6dad46f6a394b8ac12a63bbc4b756bb') in 0.061356 seconds
Number of updated asset objects reloaded before import = 0
Number of asset objects unloaded after import = 3
========================================================================
Received Import Request.
  Time since last request: 0.000036 seconds.
  path: Assets/Sprites/таблица 1.png
  artifactKey: Guid(7b9dacd7d9c7b574694388989c19fb61) Importer(2089858483,0ecaa5967403d082aa24f35e1b516d23)
Start importing Assets/Sprites/таблица 1.png using Guid(7b9dacd7d9c7b574694388989c19fb61) Importer(2089858483,0ecaa5967403d082aa24f35e1b516d23) [PhysX] Initialized MultithreadedTaskDispatcher with 8 workers.
 -> (artifact id: 'cbc24eb1413de6d31f1d7b19d8cd851d') in 0.067315 seconds
Number of updated asset objects reloaded before import = 0
Number of asset objects unloaded after import = 3
========================================================================
Received Import Request.
  Time since last request: 0.000148 seconds.
  path: Assets/Localazi/LocalizedText.cs
  artifactKey: Guid(2404a37f3bd75444aa4ad05d0f228347) Importer(2089858483,0ecaa5967403d082aa24f35e1b516d23)
Start importing Assets/Localazi/LocalizedText.cs using Guid(2404a37f3bd75444aa4ad05d0f228347) Importer(2089858483,0ecaa5967403d082aa24f35e1b516d23) [PhysX] Initialized MultithreadedTaskDispatcher with 8 workers.
 -> (artifact id: 'c320f56e09315210ac11d70d2e52cba7') in 0.048641 seconds
Number of updated asset objects reloaded before import = 0
Number of asset objects unloaded after import = 1
========================================================================
Received Import Request.
  Time since last request: 0.000035 seconds.
  path: Assets/SpritesNew/Безымянный-10034.png
  artifactKey: Guid(e30994c44e96cfa47a0021bf58a67dc0) Importer(2089858483,0ecaa5967403d082aa24f35e1b516d23)
Start importing Assets/SpritesNew/Безымянный-10034.png using Guid(e30994c44e96cfa47a0021bf58a67dc0) Importer(2089858483,0ecaa5967403d082aa24f35e1b516d23) [PhysX] Initialized MultithreadedTaskDispatcher with 8 workers.
 -> (artifact id: '5ab66869c60353844ae1c79958f7f548') in 0.076401 seconds
Number of updated asset objects reloaded before import = 0
Number of asset objects unloaded after import = 3
========================================================================
Received Import Request.
  Time since last request: 0.000034 seconds.
  path: Assets/SpritesNew/Безымянный-10023.png
  artifactKey: Guid(a182331592ee66e4fa4b93e4e5ffef8f) Importer(2089858483,0ecaa5967403d082aa24f35e1b516d23)
Start importing Assets/SpritesNew/Безымянный-10023.png using Guid(a182331592ee66e4fa4b93e4e5ffef8f) Importer(2089858483,0ecaa5967403d082aa24f35e1b516d23) [PhysX] Initialized MultithreadedTaskDispatcher with 8 workers.
 -> (artifact id: '80d8f507075868aa03ba7203dbe412a4') in 0.069158 seconds
Number of updated asset objects reloaded before import = 0
Number of asset objects unloaded after import = 3
========================================================================
Received Import Request.
  Time since last request: 0.000038 seconds.
  path: Assets/фоны/каменюга снег 2.png
  artifactKey: Guid(ff908d831266ee144a24787ced9f77b6) Importer(2089858483,0ecaa5967403d082aa24f35e1b516d23)
Start importing Assets/фоны/каменюга снег 2.png using Guid(ff908d831266ee144a24787ced9f77b6) Importer(2089858483,0ecaa5967403d082aa24f35e1b516d23) [PhysX] Initialized MultithreadedTaskDispatcher with 8 workers.
 -> (artifact id: '1dc9308840b8129951c74355a5fabd9e') in 0.059271 seconds
Number of updated asset objects reloaded before import = 0
Number of asset objects unloaded after import = 3
========================================================================
Received Import Request.
  Time since last request: 0.000041 seconds.
  path: Assets/AddressableAssetsData/DataBuilders/BuildScriptPackedMode.asset
  artifactKey: Guid(929b78cc6e0210142a0aafc0bb6ed2b0) Importer(2089858483,0ecaa5967403d082aa24f35e1b516d23)
Start importing Assets/AddressableAssetsData/DataBuilders/BuildScriptPackedMode.asset using Guid(929b78cc6e0210142a0aafc0bb6ed2b0) Importer(2089858483,0ecaa5967403d082aa24f35e1b516d23) [PhysX] Initialized MultithreadedTaskDispatcher with 8 workers.
 -> (artifact id: '6b7935ae1614f55c507a6b0928797fde') in 0.041382 seconds
Number of updated asset objects reloaded before import = 0
Number of asset objects unloaded after import = 1
========================================================================
Received Import Request.
  Time since last request: 0.000046 seconds.
  path: Assets/фоны/каменюга болото.png
  artifactKey: Guid(d703173abb813ae4fb7a11517535f030) Importer(2089858483,0ecaa5967403d082aa24f35e1b516d23)
Start importing Assets/фоны/каменюга болото.png using Guid(d703173abb813ae4fb7a11517535f030) Importer(2089858483,0ecaa5967403d082aa24f35e1b516d23) [PhysX] Initialized MultithreadedTaskDispatcher with 8 workers.
 -> (artifact id: '0df4c6049267deb6807d408a8915ffce') in 0.068298 seconds
Number of updated asset objects reloaded before import = 0
Number of asset objects unloaded after import = 3
========================================================================
Received Import Request.
  Time since last request: 0.000051 seconds.
  path: Assets/AddressableAssetsData/AssetGroups/Localization-String-Tables-English (en).asset
  artifactKey: Guid(91944bc837745de4c89931da7f93ddf2) Importer(2089858483,0ecaa5967403d082aa24f35e1b516d23)
Start importing Assets/AddressableAssetsData/AssetGroups/Localization-String-Tables-English (en).asset using Guid(91944bc837745de4c89931da7f93ddf2) Importer(2089858483,0ecaa5967403d082aa24f35e1b516d23) [PhysX] Initialized MultithreadedTaskDispatcher with 8 workers.
 -> (artifact id: 'abf49db3c9330ef1bee91fd7093d0c83') in 0.047089 seconds
Number of updated asset objects reloaded before import = 0
Number of asset objects unloaded after import = 1
========================================================================
Received Import Request.
  Time since last request: 0.000034 seconds.
  path: Assets/AddressableAssetsData/AssetGroups/Localization-Locales.asset
  artifactKey: Guid(6c5b0dd24ce76a245906dcf470621ce4) Importer(2089858483,0ecaa5967403d082aa24f35e1b516d23)
Start importing Assets/AddressableAssetsData/AssetGroups/Localization-Locales.asset using Guid(6c5b0dd24ce76a245906dcf470621ce4) Importer(2089858483,0ecaa5967403d082aa24f35e1b516d23) [PhysX] Initialized MultithreadedTaskDispatcher with 8 workers.
 -> (artifact id: '1c214d47bda9f16a937b15b04fe1ecec') in 0.030129 seconds
Number of updated asset objects reloaded before import = 0
Number of asset objects unloaded after import = 1
========================================================================
Received Import Request.
  Time since last request: 0.000034 seconds.
  path: Assets/SpritesSkin/Группа 1.png
  artifactKey: Guid(0ce47ed91f00ec44abf9fc9206b76d3b) Importer(2089858483,0ecaa5967403d082aa24f35e1b516d23)
Start importing Assets/SpritesSkin/Группа 1.png using Guid(0ce47ed91f00ec44abf9fc9206b76d3b) Importer(2089858483,0ecaa5967403d082aa24f35e1b516d23) [PhysX] Initialized MultithreadedTaskDispatcher with 8 workers.
 -> (artifact id: '69833efd60fec9ea2e2edacb1217d17f') in 0.047811 seconds
Number of updated asset objects reloaded before import = 0
Number of asset objects unloaded after import = 3
========================================================================
Received Import Request.
  Time since last request: 0.000026 seconds.
  path: Assets/SpritesSkin/лох пещерный.png
  artifactKey: Guid(a4ebca00b225fc349b9e591c5e04b965) Importer(2089858483,0ecaa5967403d082aa24f35e1b516d23)
Start importing Assets/SpritesSkin/лох пещерный.png using Guid(a4ebca00b225fc349b9e591c5e04b965) Importer(2089858483,0ecaa5967403d082aa24f35e1b516d23) [PhysX] Initialized MultithreadedTaskDispatcher with 8 workers.
 -> (artifact id: '8a9e528e40875dcae1a780cf889eaa87') in 0.074206 seconds
Number of updated asset objects reloaded before import = 0
Number of asset objects unloaded after import = 3
========================================================================
Received Import Request.
  Time since last request: 0.000038 seconds.
  path: Assets/SpritesNew/Безымянный-10035.png
  artifactKey: Guid(3d851f5675a3d1843b3c9b2bcd0cf5c1) Importer(2089858483,0ecaa5967403d082aa24f35e1b516d23)
Start importing Assets/SpritesNew/Безымянный-10035.png using Guid(3d851f5675a3d1843b3c9b2bcd0cf5c1) Importer(2089858483,0ecaa5967403d082aa24f35e1b516d23) [PhysX] Initialized MultithreadedTaskDispatcher with 8 workers.
 -> (artifact id: '913de0c0136ba9e85a87c822e86caa88') in 0.049342 seconds
Number of updated asset objects reloaded before import = 0
Number of asset objects unloaded after import = 3
========================================================================
Received Import Request.
  Time since last request: 0.000234 seconds.
  path: Assets/SpritesSkin/Слой 12 копия 3.png
  artifactKey: Guid(deb9608fa4786fd4ca650e12dd618991) Importer(2089858483,0ecaa5967403d082aa24f35e1b516d23)
Start importing Assets/SpritesSkin/Слой 12 копия 3.png using Guid(deb9608fa4786fd4ca650e12dd618991) Importer(2089858483,0ecaa5967403d082aa24f35e1b516d23) [PhysX] Initialized MultithreadedTaskDispatcher with 8 workers.
 -> (artifact id: 'e240a30285b62f78fcb8aacbac39ac4e') in 0.086415 seconds
Number of updated asset objects reloaded before import = 0
Number of asset objects unloaded after import = 3
========================================================================
Received Import Request.
  Time since last request: 0.000033 seconds.
  path: Assets/AddressableAssetsData/AssetGroups/Localization-String-Tables-Russian (ru).asset
  artifactKey: Guid(c65d52b9abacd744a88fa42f27d3b782) Importer(2089858483,0ecaa5967403d082aa24f35e1b516d23)
Start importing Assets/AddressableAssetsData/AssetGroups/Localization-String-Tables-Russian (ru).asset using Guid(c65d52b9abacd744a88fa42f27d3b782) Importer(2089858483,0ecaa5967403d082aa24f35e1b516d23) [PhysX] Initialized MultithreadedTaskDispatcher with 8 workers.
 -> (artifact id: 'cbbf82a49e96228e57d148d4b3100c98') in 0.029570 seconds
Number of updated asset objects reloaded before import = 0
Number of asset objects unloaded after import = 1
========================================================================
Received Import Request.
  Time since last request: 0.000033 seconds.
  path: Assets/Sprites/Stack_of_golden_coins_202608231721-Photoroom.png
  artifactKey: Guid(ba81185009f495649ae5edbb5b8f9927) Importer(2089858483,0ecaa5967403d082aa24f35e1b516d23)
Start importing Assets/Sprites/Stack_of_golden_coins_202608231721-Photoroom.png using Guid(ba81185009f495649ae5edbb5b8f9927) Importer(2089858483,0ecaa5967403d082aa24f35e1b516d23) [PhysX] Initialized MultithreadedTaskDispatcher with 8 workers.
 -> (artifact id: '2b2d0fefdb6bb89ff5d0c7efcb84acfb') in 0.090434 seconds
Number of updated asset objects reloaded before import = 0
Number of asset objects unloaded after import = 3
========================================================================
Received Import Request.
  Time since last request: 0.000040 seconds.
  path: Assets/Animation/DragonAnim/EatAnimBoo.anim
  artifactKey: Guid(7899cc5742ec08d4d82beba63f559849) Importer(2089858483,0ecaa5967403d082aa24f35e1b516d23)
Start importing Assets/Animation/DragonAnim/EatAnimBoo.anim using Guid(7899cc5742ec08d4d82beba63f559849) Importer(2089858483,0ecaa5967403d082aa24f35e1b516d23) [PhysX] Initialized MultithreadedTaskDispatcher with 8 workers.
 -> (artifact id: '7f1425cbacf1b1fdcc48af672fa1a1ae') in 0.058522 seconds
Number of updated asset objects reloaded before import = 0
Number of asset objects unloaded after import = 1
========================================================================
Received Import Request.
  Time since last request: 0.000055 seconds.
  path: Assets/Animation/GhostAnim/DefaultAnim.anim
  artifactKey: Guid(b1b7e4194f4e3c04cbf6e1b298b9afa9) Importer(2089858483,0ecaa5967403d082aa24f35e1b516d23)
Start importing Assets/Animation/GhostAnim/DefaultAnim.anim using Guid(b1b7e4194f4e3c04cbf6e1b298b9afa9) Importer(2089858483,0ecaa5967403d082aa24f35e1b516d23) [PhysX] Initialized MultithreadedTaskDispatcher with 8 workers.
 -> (artifact id: '753d2b9618086334a312e162a1a8eecf') in 0.029130 seconds
Number of updated asset objects reloaded before import = 0
Number of asset objects unloaded after import = 1
========================================================================
Received Import Request.
  Time since last request: 0.000032 seconds.
  path: Assets/Animation/DragonAnim/Base_DragonBlue.controller
  artifactKey: Guid(ac3b88c08b48aa64b8389ca688a36678) Importer(2089858483,0ecaa5967403d082aa24f35e1b516d23)
Start importing Assets/Animation/DragonAnim/Base_DragonBlue.controller using Guid(ac3b88c08b48aa64b8389ca688a36678) Importer(2089858483,0ecaa5967403d082aa24f35e1b516d23) [PhysX] Initialized MultithreadedTaskDispatcher with 8 workers.
 -> (artifact id: 'f414150841da5420d6eee003a770b293') in 0.065304 seconds
Number of updated asset objects reloaded before import = 0
Number of asset objects unloaded after import = 11
========================================================================
Received Import Request.
  Time since last request: 0.000025 seconds.
  path: Assets/Animation/GhostAnim/GhostAnim.controller
  artifactKey: Guid(cbe9b49298ffdfa469356058b69b2b05) Importer(2089858483,0ecaa5967403d082aa24f35e1b516d23)
Start importing Assets/Animation/GhostAnim/GhostAnim.controller using Guid(cbe9b49298ffdfa469356058b69b2b05) Importer(2089858483,0ecaa5967403d082aa24f35e1b516d23) [PhysX] Initialized MultithreadedTaskDispatcher with 8 workers.
 -> (artifact id: '118e4340e327d2193096014913a6c666') in 0.040156 seconds
Number of updated asset objects reloaded before import = 0
Number of asset objects unloaded after import = 8
========================================================================
Received Import Request.
  Time since last request: 0.000032 seconds.
  path: Assets/Animation/DragonAnim/DeathAnim.anim
  artifactKey: Guid(7446cfd506903ca4da8f7afadc1a7083) Importer(2089858483,0ecaa5967403d082aa24f35e1b516d23)
Start importing Assets/Animation/DragonAnim/DeathAnim.anim using Guid(7446cfd506903ca4da8f7afadc1a7083) Importer(2089858483,0ecaa5967403d082aa24f35e1b516d23) [PhysX] Initialized MultithreadedTaskDispatcher with 8 workers.
 -> (artifact id: '8ebb1eddf4fda7544a464d0075f50c01') in 0.036693 seconds
Number of updated asset objects reloaded before import = 0
Number of asset objects unloaded after import = 1
========================================================================
Received Import Request.
  Time since last request: 0.000030 seconds.
  path: Assets/Animation/GhostAnim/GhostTeleport.anim
  artifactKey: Guid(e91bd6499a16433438ad6858040ff4ec) Importer(2089858483,0ecaa5967403d082aa24f35e1b516d23)
Start importing Assets/Animation/GhostAnim/GhostTeleport.anim using Guid(e91bd6499a16433438ad6858040ff4ec) Importer(2089858483,0ecaa5967403d082aa24f35e1b516d23) [PhysX] Initialized MultithreadedTaskDispatcher with 8 workers.
 -> (artifact id: '90874b8c8a645f6b2e73cfcd7a367f5c') in 0.032326 seconds
Number of updated asset objects reloaded before import = 0
Number of asset objects unloaded after import = 1
========================================================================
Received Import Request.
  Time since last request: 0.000031 seconds.
  path: Assets/Plugins/Android/androidx.annotation.annotation-1.1.0.jar
  artifactKey: Guid(e12aeffbd114f324f976af6b0e4df267) Importer(2089858483,0ecaa5967403d082aa24f35e1b516d23)
Start importing Assets/Plugins/Android/androidx.annotation.annotation-1.1.0.jar using Guid(e12aeffbd114f324f976af6b0e4df267) Importer(2089858483,0ecaa5967403d082aa24f35e1b516d23) [PhysX] Initialized MultithreadedTaskDispatcher with 8 workers.
 -> (artifact id: '35fecde0ee378bef93f10976eac71fba') in 0.042642 seconds
Number of updated asset objects reloaded before import = 0
Number of asset objects unloaded after import = 1
========================================================================
Received Import Request.
  Time since last request: 0.000046 seconds.
  path: Assets/Editor/Resources/PortraitMon.png
  artifactKey: Guid(4667fdc592f47fb49aa9b0d6ccb10389) Importer(2089858483,0ecaa5967403d082aa24f35e1b516d23)
Start importing Assets/Editor/Resources/PortraitMon.png using Guid(4667fdc592f47fb49aa9b0d6ccb10389) Importer(2089858483,0ecaa5967403d082aa24f35e1b516d23) [PhysX] Initialized MultithreadedTaskDispatcher with 8 workers.
 -> (artifact id: 'ac2daca8df609f432dfa7135590ae911') in 0.069911 seconds
Number of updated asset objects reloaded before import = 0
Number of asset objects unloaded after import = 1
========================================================================
Received Import Request.
  Time since last request: 0.000821 seconds.
  path: Assets/SpritesNew/Безымянный-10043.png
  artifactKey: Guid(20c37ff737ff039449c0e27daff90cbd) Importer(2089858483,0ecaa5967403d082aa24f35e1b516d23)
Start importing Assets/SpritesNew/Безымянный-10043.png using Guid(20c37ff737ff039449c0e27daff90cbd) Importer(2089858483,0ecaa5967403d082aa24f35e1b516d23) [PhysX] Initialized MultithreadedTaskDispatcher with 8 workers.
 -> (artifact id: '232355fbb0d9c4660d1b22f01d9a7aee') in 0.059321 seconds
Number of updated asset objects reloaded before import = 0
Number of asset objects unloaded after import = 3
========================================================================
Received Import Request.
  Time since last request: 0.000036 seconds.
  path: Assets/SpritesSkin/зеленый скин 2.png
  artifactKey: Guid(5e477ff1362687a4b9649113fc7e44e3) Importer(2089858483,0ecaa5967403d082aa24f35e1b516d23)
Start importing Assets/SpritesSkin/зеленый скин 2.png using Guid(5e477ff1362687a4b9649113fc7e44e3) Importer(2089858483,0ecaa5967403d082aa24f35e1b516d23) [PhysX] Initialized MultithreadedTaskDispatcher with 8 workers.
 -> (artifact id: '6de37d5b4399b2842aa3ed5dc7c1aab4') in 0.080312 seconds
Number of updated asset objects reloaded before import = 0
Number of asset objects unloaded after import = 3
========================================================================
Received Import Request.
  Time since last request: 0.000031 seconds.
  path: Assets/Plugins/Android/androidx.drawerlayout.drawerlayout-1.0.0.aar
  artifactKey: Guid(bb924fa630a217641979326743dcb6c2) Importer(2089858483,0ecaa5967403d082aa24f35e1b516d23)
Start importing Assets/Plugins/Android/androidx.drawerlayout.drawerlayout-1.0.0.aar using Guid(bb924fa630a217641979326743dcb6c2) Importer(2089858483,0ecaa5967403d082aa24f35e1b516d23) [PhysX] Initialized MultithreadedTaskDispatcher with 8 workers.
 -> (artifact id: '4f51fb8aabffb85f2d05d0947468a10d') in 0.028749 seconds
Number of updated asset objects reloaded before import = 0
Number of asset objects unloaded after import = 1
========================================================================
Received Import Request.
  Time since last request: 0.000559 seconds.
  path: Assets/Plugins/Android/androidx.loader.loader-1.0.0.aar
  artifactKey: Guid(cc9e846151a41a64d8c87e1d39c89efd) Importer(2089858483,0ecaa5967403d082aa24f35e1b516d23)
Start importing Assets/Plugins/Android/androidx.loader.loader-1.0.0.aar using Guid(cc9e846151a41a64d8c87e1d39c89efd) Importer(2089858483,0ecaa5967403d082aa24f35e1b516d23) [PhysX] Initialized MultithreadedTaskDispatcher with 8 workers.
 -> (artifact id: 'ee64aecebe70ad0ae32973e4d8ebe3e6') in 0.054737 seconds
Number of updated asset objects reloaded before import = 0
Number of asset objects unloaded after import = 1
========================================================================
Received Import Request.
  Time since last request: 0.000338 seconds.
  path: Assets/Plugins/Android/androidx.legacy.legacy-support-core-ui-1.0.0.aar
  artifactKey: Guid(8869baad7ec0e0b4f922316820d58454) Importer(2089858483,0ecaa5967403d082aa24f35e1b516d23)
Start importing Assets/Plugins/Android/androidx.legacy.legacy-support-core-ui-1.0.0.aar using Guid(8869baad7ec0e0b4f922316820d58454) Importer(2089858483,0ecaa5967403d082aa24f35e1b516d23) [PhysX] Initialized MultithreadedTaskDispatcher with 8 workers.
 -> (artifact id: '66ee6b6957bdb43b94e0f6ec2c3ba797') in 0.037228 seconds
Number of updated asset objects reloaded before import = 0
Number of asset objects unloaded after import = 1
========================================================================
Received Import Request.
  Time since last request: 0.000036 seconds.
  path: Assets/Plugins/Android/androidx.customview.customview-1.0.0.aar
  artifactKey: Guid(c82a322092d6f2140afe1dbe0ac28e60) Importer(2089858483,0ecaa5967403d082aa24f35e1b516d23)
Start importing Assets/Plugins/Android/androidx.customview.customview-1.0.0.aar using Guid(c82a322092d6f2140afe1dbe0ac28e60) Importer(2089858483,0ecaa5967403d082aa24f35e1b516d23) [PhysX] Initialized MultithreadedTaskDispatcher with 8 workers.
 -> (artifact id: 'e5ce087934b40f7762f735e377c8665f') in 0.037468 seconds
Number of updated asset objects reloaded before import = 0
Number of asset objects unloaded after import = 1
========================================================================
Received Import Request.
  Time since last request: 0.000038 seconds.
  path: Assets/Plugins/Android/androidx.lifecycle.lifecycle-common-2.0.0.jar
  artifactKey: Guid(740a1458618038448b089864dfb58ca3) Importer(2089858483,0ecaa5967403d082aa24f35e1b516d23)
Start importing Assets/Plugins/Android/androidx.lifecycle.lifecycle-common-2.0.0.jar using Guid(740a1458618038448b089864dfb58ca3) Importer(2089858483,0ecaa5967403d082aa24f35e1b516d23) [PhysX] Initialized MultithreadedTaskDispatcher with 8 workers.
 -> (artifact id: 'b693f4936501da1c8fd2134ae843c578') in 0.035742 seconds
Number of updated asset objects reloaded before import = 0
Number of asset objects unloaded after import = 1
========================================================================
Received Import Request.
  Time since last request: 0.000117 seconds.
  path: Assets/Plugins/Android/androidx.coordinatorlayout.coordinatorlayout-1.0.0.aar
  artifactKey: Guid(9466438cdce76684f8c7aeedc28ce439) Importer(2089858483,0ecaa5967403d082aa24f35e1b516d23)
Start importing Assets/Plugins/Android/androidx.coordinatorlayout.coordinatorlayout-1.0.0.aar using Guid(9466438cdce76684f8c7aeedc28ce439) Importer(2089858483,0ecaa5967403d082aa24f35e1b516d23) [PhysX] Initialized MultithreadedTaskDispatcher with 8 workers.
 -> (artifact id: '5d64cb140ac579f1d8747cc3d1da7a49') in 0.051393 seconds
Number of updated asset objects reloaded before import = 0
Number of asset objects unloaded after import = 1
========================================================================
Received Import Request.
  Time since last request: 0.000043 seconds.
  path: Assets/SpritesSkin/Группа 1 копия 2.png
  artifactKey: Guid(55ed54af3f0ec2c49baa60f0159bfaa8) Importer(2089858483,0ecaa5967403d082aa24f35e1b516d23)
Start importing Assets/SpritesSkin/Группа 1 копия 2.png using Guid(55ed54af3f0ec2c49baa60f0159bfaa8) Importer(2089858483,0ecaa5967403d082aa24f35e1b516d23) [PhysX] Initialized MultithreadedTaskDispatcher with 8 workers.
 -> (artifact id: 'ffea0757997e7f558d655d8b3ab2cb14') in 0.108261 seconds
Number of updated asset objects reloaded before import = 0
Number of asset objects unloaded after import = 3
========================================================================
Received Import Request.
  Time since last request: 0.000355 seconds.
  path: Assets/SpritesNew/Безымянный-10014.png
  artifactKey: Guid(07a256663db18e647a90babc41650d3c) Importer(2089858483,0ecaa5967403d082aa24f35e1b516d23)
Start importing Assets/SpritesNew/Безымянный-10014.png using Guid(07a256663db18e647a90babc41650d3c) Importer(2089858483,0ecaa5967403d082aa24f35e1b516d23) [PhysX] Initialized MultithreadedTaskDispatcher with 8 workers.
 -> (artifact id: '093d521c85c9a48eb516c3c86c871b5a') in 0.056897 seconds
Number of updated asset objects reloaded before import = 0
Number of asset objects unloaded after import = 3
========================================================================
Received Import Request.
  Time since last request: 0.000028 seconds.
  path: Assets/SpritesNew/Безымянный-10046.png
  artifactKey: Guid(32cd4ef0a04bdfa43a49a051029091c7) Importer(2089858483,0ecaa5967403d082aa24f35e1b516d23)
Start importing Assets/SpritesNew/Безымянный-10046.png using Guid(32cd4ef0a04bdfa43a49a051029091c7) Importer(2089858483,0ecaa5967403d082aa24f35e1b516d23) [PhysX] Initialized MultithreadedTaskDispatcher with 8 workers.
 -> (artifact id: 'b33e00c89830c2daaa0f7d367845cdb4') in 0.058341 seconds
Number of updated asset objects reloaded before import = 0
Number of asset objects unloaded after import = 3
========================================================================
Received Import Request.
  Time since last request: 0.000034 seconds.
  path: Assets/Sprites/Слой 15.png
  artifactKey: Guid(ba1d794af00090f4d874b692d561c6ce) Importer(2089858483,0ecaa5967403d082aa24f35e1b516d23)
Start importing Assets/Sprites/Слой 15.png using Guid(ba1d794af00090f4d874b692d561c6ce) Importer(2089858483,0ecaa5967403d082aa24f35e1b516d23) [PhysX] Initialized MultithreadedTaskDispatcher with 8 workers.
 -> (artifact id: '6a40cb61050dd8df7625cf55f1d38d3b') in 0.054558 seconds
Number of updated asset objects reloaded before import = 0
Number of asset objects unloaded after import = 3
========================================================================
Received Import Request.
  Time since last request: 0.000063 seconds.
  path: Assets/Plugins/Android/androidx.slidingpanelayout.slidingpanelayout-1.0.0.aar
  artifactKey: Guid(0ab064dc5da591f428b9153ca59e28a8) Importer(2089858483,0ecaa5967403d082aa24f35e1b516d23)
Start importing Assets/Plugins/Android/androidx.slidingpanelayout.slidingpanelayout-1.0.0.aar using Guid(0ab064dc5da591f428b9153ca59e28a8) Importer(2089858483,0ecaa5967403d082aa24f35e1b516d23) [PhysX] Initialized MultithreadedTaskDispatcher with 8 workers.
 -> (artifact id: 'f0cdcd3c1904f89348d274197f870c50') in 0.034102 seconds
Number of updated asset objects reloaded before import = 0
Number of asset objects unloaded after import = 1
========================================================================
Received Import Request.
  Time since last request: 0.000040 seconds.
  path: Assets/Plugins/Android/com.google.android.gms.play-services-base-17.4.0.aar
  artifactKey: Guid(50be6eb8fe588ef44b4800af52e80ec6) Importer(2089858483,0ecaa5967403d082aa24f35e1b516d23)
Start importing Assets/Plugins/Android/com.google.android.gms.play-services-base-17.4.0.aar using Guid(50be6eb8fe588ef44b4800af52e80ec6) Importer(2089858483,0ecaa5967403d082aa24f35e1b516d23) [PhysX] Initialized MultithreadedTaskDispatcher with 8 workers.
 -> (artifact id: '17a85a463459328d4efb1c6f7d624b47') in 0.039266 seconds
Number of updated asset objects reloaded before import = 0
Number of asset objects unloaded after import = 1
========================================================================
Received Import Request.
  Time since last request: 0.000074 seconds.
  path: Assets/PluginYourGames/Editor/ModulesListYG2.txt
  artifactKey: Guid(4f1f2b9392ba3d54baaf38f42d7bff82) Importer(2089858483,0ecaa5967403d082aa24f35e1b516d23)
Start importing Assets/PluginYourGames/Editor/ModulesListYG2.txt using Guid(4f1f2b9392ba3d54baaf38f42d7bff82) Importer(2089858483,0ecaa5967403d082aa24f35e1b516d23) [PhysX] Initialized MultithreadedTaskDispatcher with 8 workers.
 -> (artifact id: 'f694b682eb68ae54e7642ac7671fcef0') in 0.049136 seconds
Number of updated asset objects reloaded before import = 0
Number of asset objects unloaded after import = 1
========================================================================
Received Import Request.
  Time since last request: 0.000033 seconds.
  path: Assets/Plugins/Android/com.google.android.gms.play-services-auth-base-17.0.0.aar
  artifactKey: Guid(09b5a69202dfbca489dff49fdfba4de9) Importer(2089858483,0ecaa5967403d082aa24f35e1b516d23)
Start importing Assets/Plugins/Android/com.google.android.gms.play-services-auth-base-17.0.0.aar using Guid(09b5a69202dfbca489dff49fdfba4de9) Importer(2089858483,0ecaa5967403d082aa24f35e1b516d23) [PhysX] Initialized MultithreadedTaskDispatcher with 8 workers.
 -> (artifact id: '5c72b97bf6ee39f4823a93a1218bf14e') in 0.041814 seconds
Number of updated asset objects reloaded before import = 0
Number of asset objects unloaded after import = 1
========================================================================
Received Import Request.
  Time since last request: 0.000036 seconds.
  path: Assets/Plugins/Android/UnityAdsAndroidPlugin.aar
  artifactKey: Guid(6e854c1db44d3254783b0bd7377d999a) Importer(2089858483,0ecaa5967403d082aa24f35e1b516d23)
Start importing Assets/Plugins/Android/UnityAdsAndroidPlugin.aar using Guid(6e854c1db44d3254783b0bd7377d999a) Importer(2089858483,0ecaa5967403d082aa24f35e1b516d23) [PhysX] Initialized MultithreadedTaskDispatcher with 8 workers.
 -> (artifact id: '0ba1caf9b931c2252f4e19c5db116524') in 0.034886 seconds
Number of updated asset objects reloaded before import = 0
Number of asset objects unloaded after import = 1
========================================================================
Received Import Request.
  Time since last request: 0.000995 seconds.
  path: Assets/Plugins/Android/com.google.games.gpgs-plugin-support-0.10.12.aar
  artifactKey: Guid(b868de9be435c094bbe28926ce93ee36) Importer(2089858483,0ecaa5967403d082aa24f35e1b516d23)
Start importing Assets/Plugins/Android/com.google.games.gpgs-plugin-support-0.10.12.aar using Guid(b868de9be435c094bbe28926ce93ee36) Importer(2089858483,0ecaa5967403d082aa24f35e1b516d23) [PhysX] Initialized MultithreadedTaskDispatcher with 8 workers.
 -> (artifact id: 'fb3c1406e479d1679336a7595321d34b') in 0.056786 seconds
Number of updated asset objects reloaded before import = 0
Number of asset objects unloaded after import = 1
========================================================================
Received Import Request.
  Time since last request: 0.000659 seconds.
  path: Assets/Plugins/Android/com.google.android.gms.play-services-auth-api-phone-17.0.0.aar
  artifactKey: Guid(86a7ceddae549d24183c63b57bf899f3) Importer(2089858483,0ecaa5967403d082aa24f35e1b516d23)
Start importing Assets/Plugins/Android/com.google.android.gms.play-services-auth-api-phone-17.0.0.aar using Guid(86a7ceddae549d24183c63b57bf899f3) Importer(2089858483,0ecaa5967403d082aa24f35e1b516d23) [PhysX] Initialized MultithreadedTaskDispatcher with 8 workers.
 -> (artifact id: 'd3c298a3bdca915f14318079cbdd39aa') in 0.066152 seconds
Number of updated asset objects reloaded before import = 0
Number of asset objects unloaded after import = 1
========================================================================
Received Import Request.
  Time since last request: 0.000425 seconds.
  path: Assets/Plugins/Android/androidx.lifecycle.lifecycle-livedata-2.0.0.aar
  artifactKey: Guid(d0746a19f0a6e954fbe6b570489cf473) Importer(2089858483,0ecaa5967403d082aa24f35e1b516d23)
Start importing Assets/Plugins/Android/androidx.lifecycle.lifecycle-livedata-2.0.0.aar using Guid(d0746a19f0a6e954fbe6b570489cf473) Importer(2089858483,0ecaa5967403d082aa24f35e1b516d23) [PhysX] Initialized MultithreadedTaskDispatcher with 8 workers.
 -> (artifact id: 'a4558001a664c3856c72d0470a7b4015') in 0.035621 seconds
Number of updated asset objects reloaded before import = 0
Number of asset objects unloaded after import = 1
========================================================================
Received Import Request.
  Time since last request: 0.000037 seconds.
  path: Assets/Plugins/Android/androidx.viewpager.viewpager-1.0.0.aar
  artifactKey: Guid(815c6046f97cd6146930d74503de63b8) Importer(2089858483,0ecaa5967403d082aa24f35e1b516d23)
Start importing Assets/Plugins/Android/androidx.viewpager.viewpager-1.0.0.aar using Guid(815c6046f97cd6146930d74503de63b8) Importer(2089858483,0ecaa5967403d082aa24f35e1b516d23) [PhysX] Initialized MultithreadedTaskDispatcher with 8 workers.
 -> (artifact id: 'f2d3952d27704f2cef156eb9bc152ac5') in 0.050055 seconds
Number of updated asset objects reloaded before import = 0
Number of asset objects unloaded after import = 1
========================================================================
Received Import Request.
  Time since last request: 0.000029 seconds.
  path: Assets/Plugins/Android/com.google.android.gms.play-services-games-21.0.0.aar
  artifactKey: Guid(11622380b4d03494c88f25662f620e88) Importer(2089858483,0ecaa5967403d082aa24f35e1b516d23)
Start importing Assets/Plugins/Android/com.google.android.gms.play-services-games-21.0.0.aar using Guid(11622380b4d03494c88f25662f620e88) Importer(2089858483,0ecaa5967403d082aa24f35e1b516d23) [PhysX] Initialized MultithreadedTaskDispatcher with 8 workers.
 -> (artifact id: '83bd61e08e87f7c81b14e323c3806ce2') in 0.044974 seconds
Number of updated asset objects reloaded before import = 0
Number of asset objects unloaded after import = 1
========================================================================
Received Import Request.
  Time since last request: 0.000039 seconds.
  path: Assets/SpritesSkin/а.png
  artifactKey: Guid(cc3fa2be186d6a64eab257bd974c8717) Importer(2089858483,0ecaa5967403d082aa24f35e1b516d23)
Start importing Assets/SpritesSkin/а.png using Guid(cc3fa2be186d6a64eab257bd974c8717) Importer(2089858483,0ecaa5967403d082aa24f35e1b516d23) [PhysX] Initialized MultithreadedTaskDispatcher with 8 workers.
 -> (artifact id: '5b42bd7690e38d1d5e10ad2433425687') in 0.099065 seconds
Number of updated asset objects reloaded before import = 0
Number of asset objects unloaded after import = 3
========================================================================
Received Import Request.
  Time since last request: 0.000258 seconds.
  path: Assets/Scripts/Ads/AdsManager.cs
  artifactKey: Guid(f5afc85b4cb1dca4f96c42f0dbbda7a7) Importer(2089858483,0ecaa5967403d082aa24f35e1b516d23)
Start importing Assets/Scripts/Ads/AdsManager.cs using Guid(f5afc85b4cb1dca4f96c42f0dbbda7a7) Importer(2089858483,0ecaa5967403d082aa24f35e1b516d23) [PhysX] Initialized MultithreadedTaskDispatcher with 8 workers.
 -> (artifact id: 'fdc3f06c50dbb10099de6b7665838856') in 0.042435 seconds
Number of updated asset objects reloaded before import = 0
Number of asset objects unloaded after import = 1
========================================================================
Received Import Request.
  Time since last request: 0.000350 seconds.
  path: Assets/Prefabs/NewPrefabs/UpgradePanelShieldPrefab.prefab
  artifactKey: Guid(24c75ca9994af7449a73f7c821554042) Importer(2089858483,0ecaa5967403d082aa24f35e1b516d23)
Start importing Assets/Prefabs/NewPrefabs/UpgradePanelShieldPrefab.prefab using Guid(24c75ca9994af7449a73f7c821554042) Importer(2089858483,0ecaa5967403d082aa24f35e1b516d23) [PhysX] Initialized MultithreadedTaskDispatcher with 8 workers.
 -> (artifact id: 'd959da4862b7d44c6770cdacdc34d3bd') in 0.921934 seconds
Number of updated asset objects reloaded before import = 0
Number of asset objects unloaded after import = 66
========================================================================
Received Import Request.
  Time since last request: 0.000051 seconds.
  path: Assets/Scripts/Sound/SoundExtensions.cs
  artifactKey: Guid(632f363d5f508e648b4530052af9d983) Importer(2089858483,0ecaa5967403d082aa24f35e1b516d23)
Start importing Assets/Scripts/Sound/SoundExtensions.cs using Guid(632f363d5f508e648b4530052af9d983) Importer(2089858483,0ecaa5967403d082aa24f35e1b516d23) [PhysX] Initialized MultithreadedTaskDispatcher with 8 workers.
 -> (artifact id: 'bb7faf02ed0e38af032a423aec586119') in 0.040864 seconds
Number of updated asset objects reloaded before import = 0
Number of asset objects unloaded after import = 1
========================================================================
Received Import Request.
  Time since last request: 0.000046 seconds.
  path: Assets/Prefabs/NewPrefabs/PanelSettings.prefab
  artifactKey: Guid(60acb927f160b11419cf4c3437242aa2) Importer(2089858483,0ecaa5967403d082aa24f35e1b516d23)
Start importing Assets/Prefabs/NewPrefabs/PanelSettings.prefab using Guid(60acb927f160b11419cf4c3437242aa2) Importer(2089858483,0ecaa5967403d082aa24f35e1b516d23) [PhysX] Initialized MultithreadedTaskDispatcher with 8 workers.
 -> (artifact id: 'dbf4425fdc924ab06eb2de604ff0fc39') in 0.770883 seconds
Number of updated asset objects reloaded before import = 0
Number of asset objects unloaded after import = 154
========================================================================
Received Import Request.
  Time since last request: 0.000037 seconds.
  path: Assets/Scripts/Sound/VolumeValue.cs
  artifactKey: Guid(2b1e9dab63a87ea4c9088dbc7c943669) Importer(2089858483,0ecaa5967403d082aa24f35e1b516d23)
Start importing Assets/Scripts/Sound/VolumeValue.cs using Guid(2b1e9dab63a87ea4c9088dbc7c943669) Importer(2089858483,0ecaa5967403d082aa24f35e1b516d23) [PhysX] Initialized MultithreadedTaskDispatcher with 8 workers.
 -> (artifact id: '725346bc735108ee50f64de09f55dd6d') in 0.047093 seconds
Number of updated asset objects reloaded before import = 0
Number of asset objects unloaded after import = 1
========================================================================
Received Import Request.
  Time since last request: 0.000051 seconds.
  path: Assets/Scripts/Upgrades/BuyUpgrade.cs
  artifactKey: Guid(39e6b8ad863d64445a26e3a52055e0ec) Importer(2089858483,0ecaa5967403d082aa24f35e1b516d23)
Start importing Assets/Scripts/Upgrades/BuyUpgrade.cs using Guid(39e6b8ad863d64445a26e3a52055e0ec) Importer(2089858483,0ecaa5967403d082aa24f35e1b516d23) [PhysX] Initialized MultithreadedTaskDispatcher with 8 workers.
 -> (artifact id: '7da7f425cfded699cb047219fdf925dd') in 0.027664 seconds
Number of updated asset objects reloaded before import = 0
Number of asset objects unloaded after import = 1
========================================================================
Received Import Request.
  Time since last request: 0.000059 seconds.
  path: Assets/Scripts/Upgrades/UpgradeAsset.cs
  artifactKey: Guid(7c4f473e967c3c849b44635140fafb8a) Importer(2089858483,0ecaa5967403d082aa24f35e1b516d23)
Start importing Assets/Scripts/Upgrades/UpgradeAsset.cs using Guid(7c4f473e967c3c849b44635140fafb8a) Importer(2089858483,0ecaa5967403d082aa24f35e1b516d23) [PhysX] Initialized MultithreadedTaskDispatcher with 8 workers.
 -> (artifact id: '12ce4fd28493e97de1d70b3a615e18cb') in 0.028932 seconds
Number of updated asset objects reloaded before import = 0
Number of asset objects unloaded after import = 1
========================================================================
Received Import Request.
  Time since last request: 0.000036 seconds.
  path: Assets/Scripts/Upgrades/UpgradeShop.cs
  artifactKey: Guid(32d45ccec6d57774c8e5291639bfcaa5) Importer(2089858483,0ecaa5967403d082aa24f35e1b516d23)
Start importing Assets/Scripts/Upgrades/UpgradeShop.cs using Guid(32d45ccec6d57774c8e5291639bfcaa5) Importer(2089858483,0ecaa5967403d082aa24f35e1b516d23) [PhysX] Initialized MultithreadedTaskDispatcher with 8 workers.
 -> (artifact id: 'a32d4b259408012dd288531650480d21') in 0.036089 seconds
Number of updated asset objects reloaded before import = 0
Number of asset objects unloaded after import = 1
========================================================================
Received Import Request.
  Time since last request: 0.000353 seconds.
  path: Assets/SO/Upgrades/MagnitUpgrade.asset
  artifactKey: Guid(02285683d8ca587479d6e3a659959146) Importer(2089858483,0ecaa5967403d082aa24f35e1b516d23)
Start importing Assets/SO/Upgrades/MagnitUpgrade.asset using Guid(02285683d8ca587479d6e3a659959146) Importer(2089858483,0ecaa5967403d082aa24f35e1b516d23) [PhysX] Initialized MultithreadedTaskDispatcher with 8 workers.
 -> (artifact id: '1ccae2604607c7707fe691da7b1316da') in 0.047572 seconds
Number of updated asset objects reloaded before import = 0
Number of asset objects unloaded after import = 2
========================================================================
Received Import Request.
  Time since last request: 0.000029 seconds.
  path: Assets/StreamingAssets/Languages/ru_RU.json.txt
  artifactKey: Guid(d66613fb664160b4ea7dad3f01e3c807) Importer(2089858483,0ecaa5967403d082aa24f35e1b516d23)
Start importing Assets/StreamingAssets/Languages/ru_RU.json.txt using Guid(d66613fb664160b4ea7dad3f01e3c807) Importer(2089858483,0ecaa5967403d082aa24f35e1b516d23) [PhysX] Initialized MultithreadedTaskDispatcher with 8 workers.
 -> (artifact id: 'a53df60f55975fe86918c1b0c3f27867') in 0.031471 seconds
Number of updated asset objects reloaded before import = 0
Number of asset objects unloaded after import = 1
========================================================================
Received Import Request.
  Time since last request: 0.000049 seconds.
  path: Assets/SO/Upgrades/NoAdsDonateUpgrade.asset
  artifactKey: Guid(aba0bd13cdc412f42ac4fb682e0cd324) Importer(2089858483,0ecaa5967403d082aa24f35e1b516d23)
Start importing Assets/SO/Upgrades/NoAdsDonateUpgrade.asset using Guid(aba0bd13cdc412f42ac4fb682e0cd324) Importer(2089858483,0ecaa5967403d082aa24f35e1b516d23) [PhysX] Initialized MultithreadedTaskDispatcher with 8 workers.
 -> (artifact id: '42855aef59c7d10f931e07cd75b68e7c') in 0.060998 seconds
Number of updated asset objects reloaded before import = 0
Number of asset objects unloaded after import = 1
========================================================================
Received Import Request.
  Time since last request: 0.000048 seconds.
  path: Assets/Scripts/Sound/SoundScriptable.cs
  artifactKey: Guid(604eab32e53c76647a660328e46f5b7b) Importer(2089858483,0ecaa5967403d082aa24f35e1b516d23)
Start importing Assets/Scripts/Sound/SoundScriptable.cs using Guid(604eab32e53c76647a660328e46f5b7b) Importer(2089858483,0ecaa5967403d082aa24f35e1b516d23) [PhysX] Initialized MultithreadedTaskDispatcher with 8 workers.
 -> (artifact id: 'cb47f723c8ffda414417272ad5fd6c8d') in 0.058545 seconds
Number of updated asset objects reloaded before import = 0
Number of asset objects unloaded after import = 1
========================================================================
Received Import Request.
  Time since last request: 0.000876 seconds.
  path: Assets/StreamingAssets/Languages/en_US.json.txt
  artifactKey: Guid(5dff0e98102a058419e494def61e6f74) Importer(2089858483,0ecaa5967403d082aa24f35e1b516d23)
Start importing Assets/StreamingAssets/Languages/en_US.json.txt using Guid(5dff0e98102a058419e494def61e6f74) Importer(2089858483,0ecaa5967403d082aa24f35e1b516d23) [PhysX] Initialized MultithreadedTaskDispatcher with 8 workers.
 -> (artifact id: '73b0c31d405f3e81519285a4d7b5d570') in 0.041721 seconds
Number of updated asset objects reloaded before import = 0
Number of asset objects unloaded after import = 1
========================================================================
Received Import Request.
  Time since last request: 0.006156 seconds.
  path: Assets/Scripts/Language/LocaleSelector.cs
  artifactKey: Guid(c2629f46826ae0045afefae5b6c63421) Importer(2089858483,0ecaa5967403d082aa24f35e1b516d23)
Start importing Assets/Scripts/Language/LocaleSelector.cs using Guid(c2629f46826ae0045afefae5b6c63421) Importer(2089858483,0ecaa5967403d082aa24f35e1b516d23) [PhysX] Initialized MultithreadedTaskDispatcher with 8 workers.
 -> (artifact id: 'b7e771faf86c7817a5afc5376ff52b5e') in 0.038812 seconds
Number of updated asset objects reloaded before import = 0
Number of asset objects unloaded after import = 1
========================================================================
Received Import Request.
  Time since last request: 0.000059 seconds.
  path: Assets/Scripts/Ads/InterstitialAds.cs
  artifactKey: Guid(18dedf71174dcb844af3136c945a331a) Importer(2089858483,0ecaa5967403d082aa24f35e1b516d23)
Start importing Assets/Scripts/Ads/InterstitialAds.cs using Guid(18dedf71174dcb844af3136c945a331a) Importer(2089858483,0ecaa5967403d082aa24f35e1b516d23) [PhysX] Initialized MultithreadedTaskDispatcher with 8 workers.
 -> (artifact id: 'dc1ac955c53fa6e713a43b0ac206630c') in 0.033500 seconds
Number of updated asset objects reloaded before import = 0
Number of asset objects unloaded after import = 1
========================================================================
Received Import Request.
  Time since last request: 0.000212 seconds.
  path: Assets/Scripts/Sound/AudioMixer.mixer
  artifactKey: Guid(cd7b87d44e475ff47b43b7a5d1b7a501) Importer(2089858483,0ecaa5967403d082aa24f35e1b516d23)
Start importing Assets/Scripts/Sound/AudioMixer.mixer using Guid(cd7b87d44e475ff47b43b7a5d1b7a501) Importer(2089858483,0ecaa5967403d082aa24f35e1b516d23) [PhysX] Initialized MultithreadedTaskDispatcher with 8 workers.
Refreshing native plugins compatible for Editor in 80.95 ms, found 2 plugins.
Preloading 0 native plugins for Editor in 0.00 ms.
 -> (artifact id: '4269dc317db6cf6270ce48833d845dda') in 0.155616 seconds
Number of updated asset objects reloaded before import = 0
Number of asset objects unloaded after import = 9
========================================================================
Received Import Request.
  Time since last request: 0.000432 seconds.
  path: Assets/Editor/Resources/Purchase.png
  artifactKey: Guid(27ac6744535908a49a94b8271fa4bd05) Importer(2089858483,0ecaa5967403d082aa24f35e1b516d23)
Start importing Assets/Editor/Resources/Purchase.png using Guid(27ac6744535908a49a94b8271fa4bd05) Importer(2089858483,0ecaa5967403d082aa24f35e1b516d23) [PhysX] Initialized MultithreadedTaskDispatcher with 8 workers.
 -> (artifact id: '5f12f3cfccb8a0d4550ca0d9f4c56331') in 0.108972 seconds
Number of updated asset objects reloaded before import = 0
Number of asset objects unloaded after import = 1
========================================================================
Received Import Request.
  Time since last request: 0.000078 seconds.
  path: Assets/TextMesh Pro/Resources/LineBreaking Leading Characters.txt
  artifactKey: Guid(d82c1b31c7e74239bff1220585707d2b) Importer(2089858483,0ecaa5967403d082aa24f35e1b516d23)
Start importing Assets/TextMesh Pro/Resources/LineBreaking Leading Characters.txt using Guid(d82c1b31c7e74239bff1220585707d2b) Importer(2089858483,0ecaa5967403d082aa24f35e1b516d23) [PhysX] Initialized MultithreadedTaskDispatcher with 8 workers.
 -> (artifact id: '2d36b5ee97e0625fae68baf5b0da46e0') in 0.053328 seconds
Number of updated asset objects reloaded before import = 0
Number of asset objects unloaded after import = 1
========================================================================
Received Import Request.
  Time since last request: 0.000034 seconds.
  path: Assets/TextMesh Pro/Fonts/Nunito-Italic-VariableFont_wght.ttf
  artifactKey: Guid(90b6dfd8dd06c2a40987eba96d2d11a1) Importer(2089858483,0ecaa5967403d082aa24f35e1b516d23)
Start importing Assets/TextMesh Pro/Fonts/Nunito-Italic-VariableFont_wght.ttf using Guid(90b6dfd8dd06c2a40987eba96d2d11a1) Importer(2089858483,0ecaa5967403d082aa24f35e1b516d23) [PhysX] Initialized MultithreadedTaskDispatcher with 8 workers.
 -> (artifact id: '20625464a99eb8c4a69a2b82f4ea32cd') in 0.083623 seconds
Number of updated asset objects reloaded before import = 0
Number of asset objects unloaded after import = 3
========================================================================
Received Import Request.
  Time since last request: 0.000034 seconds.
  path: Assets/TextMesh Pro/Fonts/OFL.txt
  artifactKey: Guid(b5584eaa51f78d64fb0b968c8a1c23ad) Importer(2089858483,0ecaa5967403d082aa24f35e1b516d23)
Start importing Assets/TextMesh Pro/Fonts/OFL.txt using Guid(b5584eaa51f78d64fb0b968c8a1c23ad) Importer(2089858483,0ecaa5967403d082aa24f35e1b516d23) [PhysX] Initialized MultithreadedTaskDispatcher with 8 workers.
 -> (artifact id: '64835a47959fb1538ef92c65bede22de') in 0.071895 seconds
Number of updated asset objects reloaded before import = 0
Number of asset objects unloaded after import = 1
========================================================================
Received Import Request.
  Time since last request: 0.000065 seconds.
  path: Assets/TextMesh Pro/Resources/TMP Settings.asset
  artifactKey: Guid(3f5b5dff67a942289a9defa416b206f3) Importer(2089858483,0ecaa5967403d082aa24f35e1b516d23)
Start importing Assets/TextMesh Pro/Resources/TMP Settings.asset using Guid(3f5b5dff67a942289a9defa416b206f3) Importer(2089858483,0ecaa5967403d082aa24f35e1b516d23) [PhysX] Initialized MultithreadedTaskDispatcher with 8 workers.
 -> (artifact id: 'b9415c268e34c3399af30ffcbff77bc6') in 0.249936 seconds
Number of updated asset objects reloaded before import = 0
Number of asset objects unloaded after import = 9
========================================================================
Received Import Request.
  Time since last request: 0.000044 seconds.
  path: Assets/AddressableAssetsData/AssetGroups/Schemas/Built In Data_PlayerDataGroupSchema.asset
  artifactKey: Guid(6be95526198d52243b23c5e8039fbe0c) Importer(2089858483,0ecaa5967403d082aa24f35e1b516d23)
Start importing Assets/AddressableAssetsData/AssetGroups/Schemas/Built In Data_PlayerDataGroupSchema.asset using Guid(6be95526198d52243b23c5e8039fbe0c) Importer(2089858483,0ecaa5967403d082aa24f35e1b516d23) [PhysX] Initialized MultithreadedTaskDispatcher with 8 workers.
 -> (artifact id: 'b1bb92c474d72f85c6422590d109bd16') in 0.055481 seconds
Number of updated asset objects reloaded before import = 0
Number of asset objects unloaded after import = 1
========================================================================
Received Import Request.
  Time since last request: 0.000051 seconds.
  path: Assets/WebGLTemplates/YandexGames/style.css
  artifactKey: Guid(ac417be406a59a340bf7df6a62945424) Importer(2089858483,0ecaa5967403d082aa24f35e1b516d23)
Start importing Assets/WebGLTemplates/YandexGames/style.css using Guid(ac417be406a59a340bf7df6a62945424) Importer(2089858483,0ecaa5967403d082aa24f35e1b516d23) [PhysX] Initialized MultithreadedTaskDispatcher with 8 workers.
 -> (artifact id: 'fba7f20cf56b0f2a7636aec3c9d44676') in 0.033462 seconds
Number of updated asset objects reloaded before import = 0
Number of asset objects unloaded after import = 1
========================================================================
Received Import Request.
  Time since last request: 0.000027 seconds.
  path: Assets/Plugins/Demigiant/DOTween/DOTween.dll
  artifactKey: Guid(a811bde74b26b53498b4f6d872b09b6d) Importer(2089858483,0ecaa5967403d082aa24f35e1b516d23)
Start importing Assets/Plugins/Demigiant/DOTween/DOTween.dll using Guid(a811bde74b26b53498b4f6d872b09b6d) Importer(2089858483,0ecaa5967403d082aa24f35e1b516d23) [PhysX] Initialized MultithreadedTaskDispatcher with 8 workers.
 -> (artifact id: 'd5b99b70e08808cc2dcf61b7e2f91fec') in 0.034375 seconds
Number of updated asset objects reloaded before import = 0
Number of asset objects unloaded after import = 1
========================================================================
Received Import Request.
  Time since last request: 0.000039 seconds.
  path: Assets/AddressableAssetsData/AssetGroups/Schemas/Localization-String-Tables-Russian (ru)_ContentUpdateGroupSchema.asset
  artifactKey: Guid(b9bf6ff7e4f7188488e2f07b9553d28a) Importer(2089858483,0ecaa5967403d082aa24f35e1b516d23)
Start importing Assets/AddressableAssetsData/AssetGroups/Schemas/Localization-String-Tables-Russian (ru)_ContentUpdateGroupSchema.asset using Guid(b9bf6ff7e4f7188488e2f07b9553d28a) Importer(2089858483,0ecaa5967403d082aa24f35e1b516d23) [PhysX] Initialized MultithreadedTaskDispatcher with 8 workers.
 -> (artifact id: '411813ac30b47f9c289a53d3fc863db8') in 0.025261 seconds
Number of updated asset objects reloaded before import = 0
Number of asset objects unloaded after import = 1
========================================================================
Received Import Request.
  Time since last request: 0.000030 seconds.
  path: Assets/MyGame/Localization/Scripts/LocalizeImage.cs
  artifactKey: Guid(167473ceb8cd79e44af3e0afb2617e35) Importer(2089858483,0ecaa5967403d082aa24f35e1b516d23)
Start importing Assets/MyGame/Localization/Scripts/LocalizeImage.cs using Guid(167473ceb8cd79e44af3e0afb2617e35) Importer(2089858483,0ecaa5967403d082aa24f35e1b516d23) [PhysX] Initialized MultithreadedTaskDispatcher with 8 workers.
 -> (artifact id: '3b775a93b0e50d11e1e229da9de75e46') in 0.040029 seconds
Number of updated asset objects reloaded before import = 0
Number of asset objects unloaded after import = 1
========================================================================
Received Import Request.
  Time since last request: 0.000038 seconds.
  path: Assets/Plugins/Demigiant/DOTween/DOTween.XML
  artifactKey: Guid(34192c5e0d14aee43a0e86cc4823268a) Importer(2089858483,0ecaa5967403d082aa24f35e1b516d23)
Start importing Assets/Plugins/Demigiant/DOTween/DOTween.XML using Guid(34192c5e0d14aee43a0e86cc4823268a) Importer(2089858483,0ecaa5967403d082aa24f35e1b516d23) [PhysX] Initialized MultithreadedTaskDispatcher with 8 workers.
 -> (artifact id: '78da38a31faf9040191cf3f9cae9a6ef') in 0.066064 seconds
Number of updated asset objects reloaded before import = 0
Number of asset objects unloaded after import = 1
========================================================================
Received Import Request.
  Time since last request: 0.000044 seconds.
  path: Assets/MyGame/Localization/Scripts/LocalizeBase.cs
  artifactKey: Guid(edf854e8e5771a4488ef7bbc1c86a2a6) Importer(2089858483,0ecaa5967403d082aa24f35e1b516d23)
Start importing Assets/MyGame/Localization/Scripts/LocalizeBase.cs using Guid(edf854e8e5771a4488ef7bbc1c86a2a6) Importer(2089858483,0ecaa5967403d082aa24f35e1b516d23) [PhysX] Initialized MultithreadedTaskDispatcher with 8 workers.
 -> (artifact id: 'dc76c9523a995ce58a2be989770deb43') in 0.054726 seconds
Number of updated asset objects reloaded before import = 0
Number of asset objects unloaded after import = 1
========================================================================
Received Import Request.
  Time since last request: 0.000052 seconds.
  path: Assets/AddressableAssetsData/AssetGroups/Schemas/Localization-String-Tables-Russian (ru)_BundledAssetGroupSchema.asset
  artifactKey: Guid(83855b026afa1004fa58de54198043a1) Importer(2089858483,0ecaa5967403d082aa24f35e1b516d23)
Start importing Assets/AddressableAssetsData/AssetGroups/Schemas/Localization-String-Tables-Russian (ru)_BundledAssetGroupSchema.asset using Guid(83855b026afa1004fa58de54198043a1) Importer(2089858483,0ecaa5967403d082aa24f35e1b516d23) [PhysX] Initialized MultithreadedTaskDispatcher with 8 workers.
 -> (artifact id: '14f22d717e75b15da854bb65b51224bc') in 0.067831 seconds
Number of updated asset objects reloaded before import = 0
Number of asset objects unloaded after import = 1
========================================================================
Received Import Request.
  Time since last request: 0.000074 seconds.
  path: Assets/MyGame/Localization/Scripts/Locale.cs
  artifactKey: Guid(00f7b1ed4cf6e7a4a810d3ad0224a993) Importer(2089858483,0ecaa5967403d082aa24f35e1b516d23)
Start importing Assets/MyGame/Localization/Scripts/Locale.cs using Guid(00f7b1ed4cf6e7a4a810d3ad0224a993) Importer(2089858483,0ecaa5967403d082aa24f35e1b516d23) [PhysX] Initialized MultithreadedTaskDispatcher with 8 workers.
 -> (artifact id: '0b946ab935b2f021de08b930580f60ef') in 0.037549 seconds
Number of updated asset objects reloaded before import = 0
Number of asset objects unloaded after import = 1
========================================================================
Received Import Request.
  Time since last request: 0.000071 seconds.
  path: Assets/AddressableAssetsData/AssetGroups/Schemas/Localization-Locales_ContentUpdateGroupSchema.asset
  artifactKey: Guid(f5b7edfd9700d6945abd1ec038705826) Importer(2089858483,0ecaa5967403d082aa24f35e1b516d23)
Start importing Assets/AddressableAssetsData/AssetGroups/Schemas/Localization-Locales_ContentUpdateGroupSchema.asset using Guid(f5b7edfd9700d6945abd1ec038705826) Importer(2089858483,0ecaa5967403d082aa24f35e1b516d23) [PhysX] Initialized MultithreadedTaskDispatcher with 8 workers.
 -> (artifact id: '85e4fed7b51438c4c944bdec44f57d41') in 0.062180 seconds
Number of updated asset objects reloaded before import = 0
Number of asset objects unloaded after import = 1
========================================================================
Received Import Request.
  Time since last request: 0.000079 seconds.
  path: Assets/PluginYourGames/Example/Scenes/ExampleYG2.unity
  artifactKey: Guid(e49bf7e58fdb4db4c9df51f0ddb8f327) Importer(2089858483,0ecaa5967403d082aa24f35e1b516d23)
Start importing Assets/PluginYourGames/Example/Scenes/ExampleYG2.unity using Guid(e49bf7e58fdb4db4c9df51f0ddb8f327) Importer(2089858483,0ecaa5967403d082aa24f35e1b516d23) [PhysX] Initialized MultithreadedTaskDispatcher with 8 workers.
 -> (artifact id: '121c31d88060d5f6037c50161ff3c7a0') in 0.027824 seconds
Number of updated asset objects reloaded before import = 0
Number of asset objects unloaded after import = 1
========================================================================
Received Import Request.
  Time since last request: 0.000041 seconds.
  path: Assets/Scripts/Language/LanguageChanger.cs
  artifactKey: Guid(2a63ba2af36e4b64c9fd9796efeebd02) Importer(2089858483,0ecaa5967403d082aa24f35e1b516d23)
Start importing Assets/Scripts/Language/LanguageChanger.cs using Guid(2a63ba2af36e4b64c9fd9796efeebd02) Importer(2089858483,0ecaa5967403d082aa24f35e1b516d23) [PhysX] Initialized MultithreadedTaskDispatcher with 8 workers.
 -> (artifact id: 'ebe9bb736b7f1d31c10f947c6463dbf6') in 0.027770 seconds
Number of updated asset objects reloaded before import = 0
Number of asset objects unloaded after import = 1
========================================================================
Received Import Request.
  Time since last request: 0.000054 seconds.
  path: Assets/SO/Upgrades/LolipopDonate.asset
  artifactKey: Guid(6856c4973a622154a9b0493cf2663f56) Importer(2089858483,0ecaa5967403d082aa24f35e1b516d23)
Start importing Assets/SO/Upgrades/LolipopDonate.asset using Guid(6856c4973a622154a9b0493cf2663f56) Importer(2089858483,0ecaa5967403d082aa24f35e1b516d23) [PhysX] Initialized MultithreadedTaskDispatcher with 8 workers.
 -> (artifact id: '1253035d778a779606e1c6ae93362021') in 0.029251 seconds
Number of updated asset objects reloaded before import = 0
Number of asset objects unloaded after import = 2
========================================================================
Received Import Request.
  Time since last request: 0.000024 seconds.
  path: Assets/AddressableAssetsData/AssetGroups/Schemas/Localization-String-Tables-English (en)_BundledAssetGroupSchema.asset
  artifactKey: Guid(7f1ef2ba0a5a734419734c86fd4f18d1) Importer(2089858483,0ecaa5967403d082aa24f35e1b516d23)
Start importing Assets/AddressableAssetsData/AssetGroups/Schemas/Localization-String-Tables-English (en)_BundledAssetGroupSchema.asset using Guid(7f1ef2ba0a5a734419734c86fd4f18d1) Importer(2089858483,0ecaa5967403d082aa24f35e1b516d23) [PhysX] Initialized MultithreadedTaskDispatcher with 8 workers.
 -> (artifact id: '68cdc2fe1dbf7207d662459a5bf13cd6') in 0.034251 seconds
Number of updated asset objects reloaded before import = 0
Number of asset objects unloaded after import = 1
========================================================================
Received Import Request.
  Time since last request: 0.000026 seconds.
  path: Assets/SpritesNew/Безымянный-10032.png
  artifactKey: Guid(c7bad786c301b944386a223908b3cc7a) Importer(2089858483,0ecaa5967403d082aa24f35e1b516d23)
Start importing Assets/SpritesNew/Безымянный-10032.png using Guid(c7bad786c301b944386a223908b3cc7a) Importer(2089858483,0ecaa5967403d082aa24f35e1b516d23) [PhysX] Initialized MultithreadedTaskDispatcher with 8 workers.
 -> (artifact id: '980ab380de27a95cd79163d76d618c2f') in 0.072312 seconds
Number of updated asset objects reloaded before import = 0
Number of asset objects unloaded after import = 3
========================================================================
Received Import Request.
  Time since last request: 0.000041 seconds.
  path: Assets/PluginYourGames/Modules/Payments/Version.txt
  artifactKey: Guid(c0d06049b00f5e74aa0d6c1a5e0d2631) Importer(2089858483,0ecaa5967403d082aa24f35e1b516d23)
Start importing Assets/PluginYourGames/Modules/Payments/Version.txt using Guid(c0d06049b00f5e74aa0d6c1a5e0d2631) Importer(2089858483,0ecaa5967403d082aa24f35e1b516d23) [PhysX] Initialized MultithreadedTaskDispatcher with 8 workers.
 -> (artifact id: '60c10d56537b5fa7e558400552ed0421') in 0.069404 seconds
Number of updated asset objects reloaded before import = 0
Number of asset objects unloaded after import = 1
========================================================================
Received Import Request.
  Time since last request: 0.000111 seconds.
  path: Assets/PluginYourGames/Modules/Review/Version.txt
  artifactKey: Guid(6bdb3f7e04614ea409cf25b47f426934) Importer(2089858483,0ecaa5967403d082aa24f35e1b516d23)
Start importing Assets/PluginYourGames/Modules/Review/Version.txt using Guid(6bdb3f7e04614ea409cf25b47f426934) Importer(2089858483,0ecaa5967403d082aa24f35e1b516d23) [PhysX] Initialized MultithreadedTaskDispatcher with 8 workers.
 -> (artifact id: '6e33bac4b923e9211c3317142d402f3a') in 0.056427 seconds
Number of updated asset objects reloaded before import = 0
Number of asset objects unloaded after import = 1
========================================================================
Received Import Request.
  Time since last request: 0.002371 seconds.
  path: Assets/PluginYourGames/Modules/Storage/Version.txt
  artifactKey: Guid(784f19397b3b0ff449120c6d23536221) Importer(2089858483,0ecaa5967403d082aa24f35e1b516d23)
Start importing Assets/PluginYourGames/Modules/Storage/Version.txt using Guid(784f19397b3b0ff449120c6d23536221) Importer(2089858483,0ecaa5967403d082aa24f35e1b516d23) [PhysX] Initialized MultithreadedTaskDispatcher with 8 workers.
 -> (artifact id: '5aeeb8a3089d331d60aa36020145f830') in 0.049130 seconds
Number of updated asset objects reloaded before import = 0
Number of asset objects unloaded after import = 1
========================================================================
Received Import Request.
  Time since last request: 0.000025 seconds.
  path: Assets/PluginYourGames/Modules/RedefinePlayerPrefs/Version.txt
  artifactKey: Guid(f3b18e122c57c014ca6aea1812fd43df) Importer(2089858483,0ecaa5967403d082aa24f35e1b516d23)
Start importing Assets/PluginYourGames/Modules/RedefinePlayerPrefs/Version.txt using Guid(f3b18e122c57c014ca6aea1812fd43df) Importer(2089858483,0ecaa5967403d082aa24f35e1b516d23) [PhysX] Initialized MultithreadedTaskDispatcher with 8 workers.
 -> (artifact id: '7c009b5215c7df444b86ec73536436bc') in 0.040324 seconds
Number of updated asset objects reloaded before import = 0
Number of asset objects unloaded after import = 1
========================================================================
Received Import Request.
  Time since last request: 0.000030 seconds.
  path: Assets/PluginYourGames/Modules/Authorization/Version.txt
  artifactKey: Guid(c0d02aac79194e349af8ad5d6b0cd0a4) Importer(2089858483,0ecaa5967403d082aa24f35e1b516d23)
Start importing Assets/PluginYourGames/Modules/Authorization/Version.txt using Guid(c0d02aac79194e349af8ad5d6b0cd0a4) Importer(2089858483,0ecaa5967403d082aa24f35e1b516d23) [PhysX] Initialized MultithreadedTaskDispatcher with 8 workers.
 -> (artifact id: '5ce84c17727012e8b159fcc58a340a84') in 0.034308 seconds
Number of updated asset objects reloaded before import = 0
Number of asset objects unloaded after import = 1
========================================================================
Received Import Request.
  Time since last request: 0.000057 seconds.
  path: Assets/PluginYourGames/Modules/PlayerStats/Version.txt
  artifactKey: Guid(3c53c0e47bd54ef478ca0633a2337a2c) Importer(2089858483,0ecaa5967403d082aa24f35e1b516d23)
Start importing Assets/PluginYourGames/Modules/PlayerStats/Version.txt using Guid(3c53c0e47bd54ef478ca0633a2337a2c) Importer(2089858483,0ecaa5967403d082aa24f35e1b516d23) [PhysX] Initialized MultithreadedTaskDispatcher with 8 workers.
 -> (artifact id: '9b11549a9438af690bf4a941e73518e8') in 0.035311 seconds
Number of updated asset objects reloaded before import = 0
Number of asset objects unloaded after import = 1
========================================================================
Received Import Request.
  Time since last request: 0.000031 seconds.
  path: Assets/PluginYourGames/Example/Sprites/ButtonTextureYG.png
  artifactKey: Guid(feff93c1978bc224c93e4d892462632f) Importer(2089858483,0ecaa5967403d082aa24f35e1b516d23)
Start importing Assets/PluginYourGames/Example/Sprites/ButtonTextureYG.png using Guid(feff93c1978bc224c93e4d892462632f) Importer(2089858483,0ecaa5967403d082aa24f35e1b516d23) [PhysX] Initialized MultithreadedTaskDispatcher with 8 workers.
 -> (artifact id: 'f4bf76211a23aa6a71a8e43e83a77409') in 0.056530 seconds
Number of updated asset objects reloaded before import = 0
Number of asset objects unloaded after import = 3
========================================================================
Received Import Request.
  Time since last request: 0.000055 seconds.
  path: Assets/Plugins/Android/androidx.legacy.legacy-support-core-utils-1.0.0.aar
  artifactKey: Guid(bd56054720e11744f9af2e5383fc6adf) Importer(2089858483,0ecaa5967403d082aa24f35e1b516d23)
Start importing Assets/Plugins/Android/androidx.legacy.legacy-support-core-utils-1.0.0.aar using Guid(bd56054720e11744f9af2e5383fc6adf) Importer(2089858483,0ecaa5967403d082aa24f35e1b516d23) [PhysX] Initialized MultithreadedTaskDispatcher with 8 workers.
 -> (artifact id: '8ba45908185338aab6ae1a231da5273e') in 0.034479 seconds
Number of updated asset objects reloaded before import = 0
Number of asset objects unloaded after import = 1
========================================================================
Received Import Request.
  Time since last request: 0.000049 seconds.
  path: Assets/Sprites/Gemini_Generated_Image_amt4c8amt4c8amt4-Photoroom.png
  artifactKey: Guid(ac844fc47380c234c8f866d3eebbedd6) Importer(2089858483,0ecaa5967403d082aa24f35e1b516d23)
Start importing Assets/Sprites/Gemini_Generated_Image_amt4c8amt4c8amt4-Photoroom.png using Guid(ac844fc47380c234c8f866d3eebbedd6) Importer(2089858483,0ecaa5967403d082aa24f35e1b516d23) [PhysX] Initialized MultithreadedTaskDispatcher with 8 workers.
 -> (artifact id: '88527c624e61dac2823ebef740cacbe1') in 0.055626 seconds
Number of updated asset objects reloaded before import = 0
Number of asset objects unloaded after import = 3
========================================================================
Received Import Request.
  Time since last request: 0.000025 seconds.
  path: Assets/PluginYourGames/Scripts/Basic/YGSendMessage.cs
  artifactKey: Guid(10134890f18e21646bea592611585f5b) Importer(2089858483,0ecaa5967403d082aa24f35e1b516d23)
Start importing Assets/PluginYourGames/Scripts/Basic/YGSendMessage.cs using Guid(10134890f18e21646bea592611585f5b) Importer(2089858483,0ecaa5967403d082aa24f35e1b516d23) [PhysX] Initialized MultithreadedTaskDispatcher with 8 workers.
 -> (artifact id: '1cf1bb1d333be780d183bc8b2738467f') in 0.031619 seconds
Number of updated asset objects reloaded before import = 0
Number of asset objects unloaded after import = 1
========================================================================
Received Import Request.
  Time since last request: 0.000034 seconds.
  path: Assets/PluginYourGames/Scripts/Basic/GamePause.cs
  artifactKey: Guid(4cc4ae770d1206248a358b8d38ef112a) Importer(2089858483,0ecaa5967403d082aa24f35e1b516d23)
Start importing Assets/PluginYourGames/Scripts/Basic/GamePause.cs using Guid(4cc4ae770d1206248a358b8d38ef112a) Importer(2089858483,0ecaa5967403d082aa24f35e1b516d23) [PhysX] Initialized MultithreadedTaskDispatcher with 8 workers.
 -> (artifact id: '6964cf2c94c701a04d724aafd1e10a52') in 0.028124 seconds
Number of updated asset objects reloaded before import = 0
Number of asset objects unloaded after import = 1
========================================================================
Received Import Request.
  Time since last request: 0.000030 seconds.
  path: Assets/PluginYourGames/Scripts/EditorScr/Module.cs
  artifactKey: Guid(7ead194b6ec91814fb0140f8c18b6cf6) Importer(2089858483,0ecaa5967403d082aa24f35e1b516d23)
Start importing Assets/PluginYourGames/Scripts/EditorScr/Module.cs using Guid(7ead194b6ec91814fb0140f8c18b6cf6) Importer(2089858483,0ecaa5967403d082aa24f35e1b516d23) [PhysX] Initialized MultithreadedTaskDispatcher with 8 workers.
 -> (artifact id: '7e19ce00e1f45bbe2738e1a51861485c') in 0.031160 seconds
Number of updated asset objects reloaded before import = 0
Number of asset objects unloaded after import = 1
========================================================================
Received Import Request.
  Time since last request: 0.000030 seconds.
  path: Assets/PluginYourGames/Scripts/Basic/GameReadyAPI.cs
  artifactKey: Guid(04f9300369bca8e4fb9985e7ab849925) Importer(2089858483,0ecaa5967403d082aa24f35e1b516d23)
Start importing Assets/PluginYourGames/Scripts/Basic/GameReadyAPI.cs using Guid(04f9300369bca8e4fb9985e7ab849925) Importer(2089858483,0ecaa5967403d082aa24f35e1b516d23) [PhysX] Initialized MultithreadedTaskDispatcher with 8 workers.
 -> (artifact id: 'f1142614314d55eec8c2eabb4b663d89') in 0.030467 seconds
Number of updated asset objects reloaded before import = 0
Number of asset objects unloaded after import = 1
========================================================================
Received Import Request.
  Time since last request: 0.000348 seconds.
  path: Assets/PluginYourGames/Scripts/Basic/YG2.cs
  artifactKey: Guid(e131260c28a37ee4db27545c5ac78fb8) Importer(2089858483,0ecaa5967403d082aa24f35e1b516d23)
Start importing Assets/PluginYourGames/Scripts/Basic/YG2.cs using Guid(e131260c28a37ee4db27545c5ac78fb8) Importer(2089858483,0ecaa5967403d082aa24f35e1b516d23) [PhysX] Initialized MultithreadedTaskDispatcher with 8 workers.
 -> (artifact id: '42d9250dff96c84a8cf30187d0824f32') in 0.034247 seconds
Number of updated asset objects reloaded before import = 0
Number of asset objects unloaded after import = 1
========================================================================
Received Import Request.
  Time since last request: 0.000057 seconds.
  path: Assets/PluginYourGames/Scripts/EditorScr/FileYG.cs
  artifactKey: Guid(6c5f334dd83ae0b42b3a3a1ad3b655d7) Importer(2089858483,0ecaa5967403d082aa24f35e1b516d23)
Start importing Assets/PluginYourGames/Scripts/EditorScr/FileYG.cs using Guid(6c5f334dd83ae0b42b3a3a1ad3b655d7) Importer(2089858483,0ecaa5967403d082aa24f35e1b516d23) [PhysX] Initialized MultithreadedTaskDispatcher with 8 workers.
 -> (artifact id: '1f6935b55560d62dea0c48fffed72de9') in 0.025556 seconds
Number of updated asset objects reloaded before import = 0
Number of asset objects unloaded after import = 1
========================================================================
Received Import Request.
  Time since last request: 0.000041 seconds.
  path: Assets/PluginYourGames/Scripts/Basic/GameplayAPI.cs
  artifactKey: Guid(643f0f381e971aa4688989303acf5a09) Importer(2089858483,0ecaa5967403d082aa24f35e1b516d23)
Start importing Assets/PluginYourGames/Scripts/Basic/GameplayAPI.cs using Guid(643f0f381e971aa4688989303acf5a09) Importer(2089858483,0ecaa5967403d082aa24f35e1b516d23) [PhysX] Initialized MultithreadedTaskDispatcher with 8 workers.
 -> (artifact id: '8992e9429670568581b3f9929fe79285') in 0.028660 seconds
Number of updated asset objects reloaded before import = 0
Number of asset objects unloaded after import = 1
========================================================================
Received Import Request.
  Time since last request: 0.000036 seconds.
  path: Assets/PluginYourGames/Scripts/EditorScr/TextStyles.cs
  artifactKey: Guid(60b0cb2c09ff5f74383fb91deafab973) Importer(2089858483,0ecaa5967403d082aa24f35e1b516d23)
Start importing Assets/PluginYourGames/Scripts/EditorScr/TextStyles.cs using Guid(60b0cb2c09ff5f74383fb91deafab973) Importer(2089858483,0ecaa5967403d082aa24f35e1b516d23) [PhysX] Initialized MultithreadedTaskDispatcher with 8 workers.
 -> (artifact id: '0c221c8bb75d26c62865609dffaeaa5a') in 0.035416 seconds
Number of updated asset objects reloaded before import = 0
Number of asset objects unloaded after import = 1
========================================================================
Received Import Request.
  Time since last request: 0.000034 seconds.
  path: Assets/PluginYourGames/Scripts/InfoYG/BasicSettings.cs
  artifactKey: Guid(6d9aa0da860368c4f9c4f6431f8c823b) Importer(2089858483,0ecaa5967403d082aa24f35e1b516d23)
Start importing Assets/PluginYourGames/Scripts/InfoYG/BasicSettings.cs using Guid(6d9aa0da860368c4f9c4f6431f8c823b) Importer(2089858483,0ecaa5967403d082aa24f35e1b516d23) [PhysX] Initialized MultithreadedTaskDispatcher with 8 workers.
 -> (artifact id: '474f2b08d2134181d899e594c3de37bc') in 0.024236 seconds
Number of updated asset objects reloaded before import = 0
Number of asset objects unloaded after import = 1
========================================================================
Received Import Request.
  Time since last request: 0.000039 seconds.
  path: Assets/PluginYourGames/Scripts/EditorScr/DefineSymbols.cs
  artifactKey: Guid(81e00845a563cb142aba772859940c67) Importer(2089858483,0ecaa5967403d082aa24f35e1b516d23)
Start importing Assets/PluginYourGames/Scripts/EditorScr/DefineSymbols.cs using Guid(81e00845a563cb142aba772859940c67) Importer(2089858483,0ecaa5967403d082aa24f35e1b516d23) [PhysX] Initialized MultithreadedTaskDispatcher with 8 workers.
 -> (artifact id: 'a0328e6ce5da99d91d1013d6746ae3d6') in 0.029084 seconds
Number of updated asset objects reloaded before import = 0
Number of asset objects unloaded after import = 1
========================================================================
Received Import Request.
  Time since last request: 0.000206 seconds.
  path: Assets/SpritesNew/монетка UI.png
  artifactKey: Guid(d238e671bf5ea0e42ae789a4575d7385) Importer(2089858483,0ecaa5967403d082aa24f35e1b516d23)
Start importing Assets/SpritesNew/монетка UI.png using Guid(d238e671bf5ea0e42ae789a4575d7385) Importer(2089858483,0ecaa5967403d082aa24f35e1b516d23) [PhysX] Initialized MultithreadedTaskDispatcher with 8 workers.
 -> (artifact id: 'e8175463b9b3e388aa9083be627cf12c') in 0.050604 seconds
Number of updated asset objects reloaded before import = 0
Number of asset objects unloaded after import = 3
========================================================================
Received Import Request.
  Time since last request: 0.000030 seconds.
  path: Assets/Sprites/Game_UI_item_slot_frame_202608231710-Photoroom (1).png
  artifactKey: Guid(b6b362538ef56624ea47d5ad1f28adfb) Importer(2089858483,0ecaa5967403d082aa24f35e1b516d23)
Start importing Assets/Sprites/Game_UI_item_slot_frame_202608231710-Photoroom (1).png using Guid(b6b362538ef56624ea47d5ad1f28adfb) Importer(2089858483,0ecaa5967403d082aa24f35e1b516d23) [PhysX] Initialized MultithreadedTaskDispatcher with 8 workers.
 -> (artifact id: '8a0daecc2c35f19ad3400ad3e7c2279f') in 0.054816 seconds
Number of updated asset objects reloaded before import = 0
Number of asset objects unloaded after import = 3
========================================================================
Received Import Request.
  Time since last request: 0.000036 seconds.
  path: Assets/SpritesNew/Безымянный-10012.png
  artifactKey: Guid(957c297601ca4ed4c8c54ad8f360f4d3) Importer(2089858483,0ecaa5967403d082aa24f35e1b516d23)
Start importing Assets/SpritesNew/Безымянный-10012.png using Guid(957c297601ca4ed4c8c54ad8f360f4d3) Importer(2089858483,0ecaa5967403d082aa24f35e1b516d23) [PhysX] Initialized MultithreadedTaskDispatcher with 8 workers.
 -> (artifact id: '1fc0412b13c432d7c89f89708efd09cf') in 0.059325 seconds
Number of updated asset objects reloaded before import = 0
Number of asset objects unloaded after import = 3
========================================================================
Received Import Request.
  Time since last request: 0.000047 seconds.
  path: Assets/PluginYourGames/Modules/EnvirData/Version.txt
  artifactKey: Guid(add565fdefebc0048a2ff7b4c77dca28) Importer(2089858483,0ecaa5967403d082aa24f35e1b516d23)
Start importing Assets/PluginYourGames/Modules/EnvirData/Version.txt using Guid(add565fdefebc0048a2ff7b4c77dca28) Importer(2089858483,0ecaa5967403d082aa24f35e1b516d23) [PhysX] Initialized MultithreadedTaskDispatcher with 8 workers.
 -> (artifact id: '757ca25ee146a4195ec3c696ed66d3a9') in 0.044786 seconds
Number of updated asset objects reloaded before import = 0
Number of asset objects unloaded after import = 1
========================================================================
Received Import Request.
  Time since last request: 0.000034 seconds.
  path: Assets/PluginYourGames/Scripts/Platform/PlatformSettings.cs
  artifactKey: Guid(5d228dc2bb257eb43a856395ab5a038b) Importer(2089858483,0ecaa5967403d082aa24f35e1b516d23)
Start importing Assets/PluginYourGames/Scripts/Platform/PlatformSettings.cs using Guid(5d228dc2bb257eb43a856395ab5a038b) Importer(2089858483,0ecaa5967403d082aa24f35e1b516d23) [PhysX] Initialized MultithreadedTaskDispatcher with 8 workers.
 -> (artifact id: '4a674e02efa4be6b57c7a3f106aceb7f') in 0.035506 seconds
Number of updated asset objects reloaded before import = 0
Number of asset objects unloaded after import = 2
========================================================================
Received Import Request.
  Time since last request: 0.000031 seconds.
  path: Assets/TextMesh Pro/Fonts/static/Nunito-Bold SDF Material_Title.mat
  artifactKey: Guid(cdcc12b060c3de343880480ed74a0d7c) Importer(2089858483,0ecaa5967403d082aa24f35e1b516d23)
Start importing Assets/TextMesh Pro/Fonts/static/Nunito-Bold SDF Material_Title.mat using Guid(cdcc12b060c3de343880480ed74a0d7c) Importer(2089858483,0ecaa5967403d082aa24f35e1b516d23) [PhysX] Initialized MultithreadedTaskDispatcher with 8 workers.
 -> (artifact id: '8704d0edb4305a28d88053735946a842') in 0.438056 seconds
Number of updated asset objects reloaded before import = 0
Number of asset objects unloaded after import = 2
========================================================================
Received Import Request.
  Time since last request: 0.549547 seconds.
  path: Assets/SpritesNew/Безымянный-10010.png
  artifactKey: Guid(620971838b3cd6e42bae4a76f064484d) Importer(2089858483,0ecaa5967403d082aa24f35e1b516d23)
Start importing Assets/SpritesNew/Безымянный-10010.png using Guid(620971838b3cd6e42bae4a76f064484d) Importer(2089858483,0ecaa5967403d082aa24f35e1b516d23) [PhysX] Initialized MultithreadedTaskDispatcher with 8 workers.
 -> (artifact id: '29724b30463f5ff35ecbca1a60b44041') in 0.031906 seconds
Number of updated asset objects reloaded before import = 0
Number of asset objects unloaded after import = 3
========================================================================
Received Import Request.
  Time since last request: 0.000022 seconds.
  path: Assets/TextMesh Pro/Fonts/static/Nunito-BoldItalic.ttf
  artifactKey: Guid(20252ba00b3c7754c90769599db65a6e) Importer(2089858483,0ecaa5967403d082aa24f35e1b516d23)
Start importing Assets/TextMesh Pro/Fonts/static/Nunito-BoldItalic.ttf using Guid(20252ba00b3c7754c90769599db65a6e) Importer(2089858483,0ecaa5967403d082aa24f35e1b516d23) [PhysX] Initialized MultithreadedTaskDispatcher with 8 workers.
 -> (artifact id: '9e67c72889ef09d946e25b3f17589461') in 0.054045 seconds
Number of updated asset objects reloaded before import = 0
Number of asset objects unloaded after import = 3
========================================================================
Received Import Request.
  Time since last request: 0.000031 seconds.
  path: Assets/TextMesh Pro/Fonts/static/Nunito-ExtraLight.ttf
  artifactKey: Guid(57df084cc249b7b4eb39c01aaf48223f) Importer(2089858483,0ecaa5967403d082aa24f35e1b516d23)
Start importing Assets/TextMesh Pro/Fonts/static/Nunito-ExtraLight.ttf using Guid(57df084cc249b7b4eb39c01aaf48223f) Importer(2089858483,0ecaa5967403d082aa24f35e1b516d23) [PhysX] Initialized MultithreadedTaskDispatcher with 8 workers.
 -> (artifact id: '8be8448068956b29cbd5bcf71c6b19dc') in 0.061539 seconds
Number of updated asset objects reloaded before import = 0
Number of asset objects unloaded after import = 3
========================================================================
Received Import Request.
  Time since last request: 0.000071 seconds.
  path: Assets/TextMesh Pro/Fonts/static/Nunito-LightItalic.ttf
  artifactKey: Guid(468c70f386f1bdd42b397cd01d261028) Importer(2089858483,0ecaa5967403d082aa24f35e1b516d23)
Start importing Assets/TextMesh Pro/Fonts/static/Nunito-LightItalic.ttf using Guid(468c70f386f1bdd42b397cd01d261028) Importer(2089858483,0ecaa5967403d082aa24f35e1b516d23) [PhysX] Initialized MultithreadedTaskDispatcher with 8 workers.
 -> (artifact id: '7e41d0596f3ce76094b3f87e48e8fdfc') in 0.087363 seconds
Number of updated asset objects reloaded before import = 0
Number of asset objects unloaded after import = 3
========================================================================
Received Import Request.
  Time since last request: 0.000031 seconds.
  path: Assets/TextMesh Pro/Fonts/static/Nunito-ExtraBold.ttf
  artifactKey: Guid(813b4a67e12057d4ba5eed9b29ca4360) Importer(2089858483,0ecaa5967403d082aa24f35e1b516d23)
Start importing Assets/TextMesh Pro/Fonts/static/Nunito-ExtraBold.ttf using Guid(813b4a67e12057d4ba5eed9b29ca4360) Importer(2089858483,0ecaa5967403d082aa24f35e1b516d23) [PhysX] Initialized MultithreadedTaskDispatcher with 8 workers.
 -> (artifact id: '350bd42f721c4683251bc28036531977') in 0.047537 seconds
Number of updated asset objects reloaded before import = 0
Number of asset objects unloaded after import = 3
========================================================================
Received Import Request.
  Time since last request: 0.000118 seconds.
  path: Assets/SpritesNew/Безымянный-10030.png
  artifactKey: Guid(a7a6662d3429b6640963f63a0d7aa7e1) Importer(2089858483,0ecaa5967403d082aa24f35e1b516d23)
Start importing Assets/SpritesNew/Безымянный-10030.png using Guid(a7a6662d3429b6640963f63a0d7aa7e1) Importer(2089858483,0ecaa5967403d082aa24f35e1b516d23) [PhysX] Initialized MultithreadedTaskDispatcher with 8 workers.
 -> (artifact id: '8882da0b8e88c7475e8af7a3945b6309') in 0.053341 seconds
Number of updated asset objects reloaded before import = 0
Number of asset objects unloaded after import = 3
========================================================================
Received Import Request.
  Time since last request: 0.153892 seconds.
  path: Assets/SpritesNew/химия (1).png
  artifactKey: Guid(b9c9688982f7e4449b4485be27af9ff1) Importer(2089858483,0ecaa5967403d082aa24f35e1b516d23)
Start importing Assets/SpritesNew/химия (1).png using Guid(b9c9688982f7e4449b4485be27af9ff1) Importer(2089858483,0ecaa5967403d082aa24f35e1b516d23) [PhysX] Initialized MultithreadedTaskDispatcher with 8 workers.
 -> (artifact id: 'edaaff1f97b16a51a8154e6e0bdd5949') in 0.055222 seconds
Number of updated asset objects reloaded before import = 0
Number of asset objects unloaded after import = 3
========================================================================
Received Import Request.
  Time since last request: 0.000027 seconds.
  path: Assets/TextMesh Pro/Resources/Fonts & Materials/LiberationSans SDF - Outline.mat
  artifactKey: Guid(79459efec17a4d00a321bdcc27bbc385) Importer(2089858483,0ecaa5967403d082aa24f35e1b516d23)
Start importing Assets/TextMesh Pro/Resources/Fonts & Materials/LiberationSans SDF - Outline.mat using Guid(79459efec17a4d00a321bdcc27bbc385) Importer(2089858483,0ecaa5967403d082aa24f35e1b516d23) [PhysX] Initialized MultithreadedTaskDispatcher with 8 workers.
 -> (artifact id: '0c9c3abfff38c1cf357e5c7f680cc1e9') in 0.072704 seconds
Number of updated asset objects reloaded before import = 0
Number of asset objects unloaded after import = 2
========================================================================
Received Import Request.
  Time since last request: 0.000029 seconds.
  path: Assets/TextMesh Pro/Resources/Shaders/TMP_Bitmap.shader
  artifactKey: Guid(128e987d567d4e2c824d754223b3f3b0) Importer(2089858483,0ecaa5967403d082aa24f35e1b516d23)
Start importing Assets/TextMesh Pro/Resources/Shaders/TMP_Bitmap.shader using Guid(128e987d567d4e2c824d754223b3f3b0) Importer(2089858483,0ecaa5967403d082aa24f35e1b516d23) [PhysX] Initialized MultithreadedTaskDispatcher with 8 workers.
 -> (artifact id: '06f4616dbe9b93a95daa91450e3f1374') in 0.068590 seconds
Number of updated asset objects reloaded before import = 0
Number of asset objects unloaded after import = 1
========================================================================
Received Import Request.
  Time since last request: 0.000050 seconds.
  path: Assets/TextMesh Pro/Resources/Shaders/TMP_Bitmap-Mobile.shader
  artifactKey: Guid(1e3b057af24249748ff873be7fafee47) Importer(2089858483,0ecaa5967403d082aa24f35e1b516d23)
Start importing Assets/TextMesh Pro/Resources/Shaders/TMP_Bitmap-Mobile.shader using Guid(1e3b057af24249748ff873be7fafee47) Importer(2089858483,0ecaa5967403d082aa24f35e1b516d23) [PhysX] Initialized MultithreadedTaskDispatcher with 8 workers.
 -> (artifact id: 'e83324275fdcd89f2df9c89637d2cb0e') in 0.050198 seconds
Number of updated asset objects reloaded before import = 0
Number of asset objects unloaded after import = 1
========================================================================
Received Import Request.
  Time since last request: 0.000029 seconds.
  path: Assets/TextMesh Pro/Fonts/static/Nunito-SemiBold.ttf
  artifactKey: Guid(da9c57c116e01f047b89f43bc5a0b5df) Importer(2089858483,0ecaa5967403d082aa24f35e1b516d23)
Start importing Assets/TextMesh Pro/Fonts/static/Nunito-SemiBold.ttf using Guid(da9c57c116e01f047b89f43bc5a0b5df) Importer(2089858483,0ecaa5967403d082aa24f35e1b516d23) [PhysX] Initialized MultithreadedTaskDispatcher with 8 workers.
 -> (artifact id: '344b9cfd5acc4d644116aa77e30456e1') in 0.053501 seconds
Number of updated asset objects reloaded before import = 0
Number of asset objects unloaded after import = 3
========================================================================
Received Import Request.
  Time since last request: 0.000492 seconds.
  path: Assets/TextMesh Pro/Resources/Shaders/TMPro.cginc
  artifactKey: Guid(407bc68d299748449bbf7f48ee690f8d) Importer(2089858483,0ecaa5967403d082aa24f35e1b516d23)
Start importing Assets/TextMesh Pro/Resources/Shaders/TMPro.cginc using Guid(407bc68d299748449bbf7f48ee690f8d) Importer(2089858483,0ecaa5967403d082aa24f35e1b516d23) [PhysX] Initialized MultithreadedTaskDispatcher with 8 workers.
 -> (artifact id: '992d5c0e19018ce785b3c8ee866c08d1') in 0.037976 seconds
Number of updated asset objects reloaded before import = 0
Number of asset objects unloaded after import = 1
========================================================================
Received Import Request.
  Time since last request: 0.000030 seconds.
  path: Assets/TextMesh Pro/Fonts/static/Nunito-Regular.ttf
  artifactKey: Guid(4bd0ceb8e23d9d5439d5c7c2ed9b12ef) Importer(2089858483,0ecaa5967403d082aa24f35e1b516d23)
Start importing Assets/TextMesh Pro/Fonts/static/Nunito-Regular.ttf using Guid(4bd0ceb8e23d9d5439d5c7c2ed9b12ef) Importer(2089858483,0ecaa5967403d082aa24f35e1b516d23) [PhysX] Initialized MultithreadedTaskDispatcher with 8 workers.
 -> (artifact id: 'dbd1a885fa3edcd37f66feb55973731e') in 0.041867 seconds
Number of updated asset objects reloaded before import = 0
Number of asset objects unloaded after import = 3
========================================================================
Received Import Request.
  Time since last request: 0.000025 seconds.
  path: Assets/TextMesh Pro/Resources/Fonts & Materials/LiberationSans SDF.asset
  artifactKey: Guid(8f586378b4e144a9851e7b34d9b748ee) Importer(2089858483,0ecaa5967403d082aa24f35e1b516d23)
Start importing Assets/TextMesh Pro/Resources/Fonts & Materials/LiberationSans SDF.asset using Guid(8f586378b4e144a9851e7b34d9b748ee) Importer(2089858483,0ecaa5967403d082aa24f35e1b516d23) [PhysX] Initialized MultithreadedTaskDispatcher with 8 workers.
 -> (artifact id: 'd3367b8bd173a5f265d940ceeb92f88e') in 0.060957 seconds
Number of updated asset objects reloaded before import = 0
Number of asset objects unloaded after import = 3
========================================================================
Received Import Request.
  Time since last request: 0.058140 seconds.
  path: Assets/TextMesh Pro/Resources/Shaders/TMP_SDF-Mobile Masking.shader
  artifactKey: Guid(bc1ede39bf3643ee8e493720e4259791) Importer(2089858483,0ecaa5967403d082aa24f35e1b516d23)
Start importing Assets/TextMesh Pro/Resources/Shaders/TMP_SDF-Mobile Masking.shader using Guid(bc1ede39bf3643ee8e493720e4259791) Importer(2089858483,0ecaa5967403d082aa24f35e1b516d23) [PhysX] Initialized MultithreadedTaskDispatcher with 8 workers.
 -> (artifact id: 'eabde972e4bb456d0514602404c1081f') in 0.058513 seconds
Number of updated asset objects reloaded before import = 0
Number of asset objects unloaded after import = 1
========================================================================
Received Import Request.
  Time since last request: 0.000033 seconds.
  path: Assets/Plugins/Demigiant/DOTween/Modules/DOTweenModuleEPOOutline.cs
  artifactKey: Guid(e944529dcaee98f4e9498d80e541d93e) Importer(2089858483,0ecaa5967403d082aa24f35e1b516d23)
Start importing Assets/Plugins/Demigiant/DOTween/Modules/DOTweenModuleEPOOutline.cs using Guid(e944529dcaee98f4e9498d80e541d93e) Importer(2089858483,0ecaa5967403d082aa24f35e1b516d23) [PhysX] Initialized MultithreadedTaskDispatcher with 8 workers.
 -> (artifact id: '8e0d6f65ebbde0484ae22b023ef7f167') in 0.022340 seconds
Number of updated asset objects reloaded before import = 0
Number of asset objects unloaded after import = 1
========================================================================
Received Import Request.
  Time since last request: 0.000033 seconds.
  path: Assets/TextMesh Pro/Resources/Shaders/TMP_SDF-Mobile.shader
  artifactKey: Guid(fe393ace9b354375a9cb14cdbbc28be4) Importer(2089858483,0ecaa5967403d082aa24f35e1b516d23)
Start importing Assets/TextMesh Pro/Resources/Shaders/TMP_SDF-Mobile.shader using Guid(fe393ace9b354375a9cb14cdbbc28be4) Importer(2089858483,0ecaa5967403d082aa24f35e1b516d23) [PhysX] Initialized MultithreadedTaskDispatcher with 8 workers.
 -> (artifact id: '9e077bc8c837d9e408332b813a73763b') in 0.038852 seconds
Number of updated asset objects reloaded before import = 0
Number of asset objects unloaded after import = 1
========================================================================
Received Import Request.
  Time since last request: 0.000035 seconds.
  path: Assets/TextMesh Pro/Resources/Shaders/TMP_SDF.shader
  artifactKey: Guid(68e6db2ebdc24f95958faec2be5558d6) Importer(2089858483,0ecaa5967403d082aa24f35e1b516d23)
Start importing Assets/TextMesh Pro/Resources/Shaders/TMP_SDF.shader using Guid(68e6db2ebdc24f95958faec2be5558d6) Importer(2089858483,0ecaa5967403d082aa24f35e1b516d23) [PhysX] Initialized MultithreadedTaskDispatcher with 8 workers.
 -> (artifact id: '56798c088678dc15d7cadfb457775b88') in 0.040424 seconds
Number of updated asset objects reloaded before import = 0
Number of asset objects unloaded after import = 1
========================================================================
Received Import Request.
  Time since last request: 0.000035 seconds.
  path: Assets/MyGame/Localization/Intro/Scripts/MenuManager.cs
  artifactKey: Guid(0eeefc322c96c8646bac898bf0d23e23) Importer(2089858483,0ecaa5967403d082aa24f35e1b516d23)
Start importing Assets/MyGame/Localization/Intro/Scripts/MenuManager.cs using Guid(0eeefc322c96c8646bac898bf0d23e23) Importer(2089858483,0ecaa5967403d082aa24f35e1b516d23) [PhysX] Initialized MultithreadedTaskDispatcher with 8 workers.
 -> (artifact id: 'c283d5967b2201971b96ac9467696e85') in 0.021115 seconds
Number of updated asset objects reloaded before import = 0
Number of asset objects unloaded after import = 1
========================================================================
Received Import Request.
  Time since last request: 0.000048 seconds.
  path: Assets/Plugins/Demigiant/DOTween/Modules/DOTweenModuleAudio.cs
  artifactKey: Guid(b766d08851589514b97afb23c6f30a70) Importer(2089858483,0ecaa5967403d082aa24f35e1b516d23)
Start importing Assets/Plugins/Demigiant/DOTween/Modules/DOTweenModuleAudio.cs using Guid(b766d08851589514b97afb23c6f30a70) Importer(2089858483,0ecaa5967403d082aa24f35e1b516d23) [PhysX] Initialized MultithreadedTaskDispatcher with 8 workers.
 -> (artifact id: '5079b6a5908b84abd37b8d7ae3abf303') in 0.021314 seconds
Number of updated asset objects reloaded before import = 0
Number of asset objects unloaded after import = 1
========================================================================
Received Import Request.
  Time since last request: 0.000032 seconds.
  path: Assets/Plugins/Demigiant/DOTween/Editor/DOTweenEditor.XML
  artifactKey: Guid(2e2c6224d345d9249acfa6e8ef40bb2d) Importer(2089858483,0ecaa5967403d082aa24f35e1b516d23)
Start importing Assets/Plugins/Demigiant/DOTween/Editor/DOTweenEditor.XML using Guid(2e2c6224d345d9249acfa6e8ef40bb2d) Importer(2089858483,0ecaa5967403d082aa24f35e1b516d23) [PhysX] Initialized MultithreadedTaskDispatcher with 8 workers.
 -> (artifact id: '95490fcf1ad6a0eec197f71658a5216b') in 0.043919 seconds
Number of updated asset objects reloaded before import = 0
Number of asset objects unloaded after import = 1
========================================================================
Received Import Request.
  Time since last request: 0.000135 seconds.
  path: Assets/TextMesh Pro/Resources/Sprite Assets/EmojiOne.asset
  artifactKey: Guid(c41005c129ba4d66911b75229fd70b45) Importer(2089858483,0ecaa5967403d082aa24f35e1b516d23)
Start importing Assets/TextMesh Pro/Resources/Sprite Assets/EmojiOne.asset using Guid(c41005c129ba4d66911b75229fd70b45) Importer(2089858483,0ecaa5967403d082aa24f35e1b516d23) [PhysX] Initialized MultithreadedTaskDispatcher with 8 workers.
 -> (artifact id: '464371919c9ecb5ecb35d4bcaf13af31') in 0.050182 seconds
Number of updated asset objects reloaded before import = 0
Number of asset objects unloaded after import = 2
========================================================================
Received Import Request.
  Time since last request: 0.186386 seconds.
  path: Assets/SpritesSkin/желтый лох 1.png
  artifactKey: Guid(69b51b8d7684b784c91bb12501829b8d) Importer(2089858483,0ecaa5967403d082aa24f35e1b516d23)
Start importing Assets/SpritesSkin/желтый лох 1.png using Guid(69b51b8d7684b784c91bb12501829b8d) Importer(2089858483,0ecaa5967403d082aa24f35e1b516d23) [PhysX] Initialized MultithreadedTaskDispatcher with 8 workers.
 -> (artifact id: '7bbf213040e0ad4500b13647cb259cdb') in 0.075628 seconds
Number of updated asset objects reloaded before import = 0
Number of asset objects unloaded after import = 3
========================================================================
Received Import Request.
  Time since last request: 0.000032 seconds.
  path: Assets/PluginYourGames/Example/Scripts/Scenes/DemoScenePartial.cs
  artifactKey: Guid(7617ecd946ab4ed489c1cc3059b6a5a2) Importer(2089858483,0ecaa5967403d082aa24f35e1b516d23)
Start importing Assets/PluginYourGames/Example/Scripts/Scenes/DemoScenePartial.cs using Guid(7617ecd946ab4ed489c1cc3059b6a5a2) Importer(2089858483,0ecaa5967403d082aa24f35e1b516d23) [PhysX] Initialized MultithreadedTaskDispatcher with 8 workers.
 -> (artifact id: 'ee507d2833d62a9ab059b61a0452397d') in 0.038294 seconds
Number of updated asset objects reloaded before import = 0
Number of asset objects unloaded after import = 1
========================================================================
Received Import Request.
  Time since last request: 0.000039 seconds.
  path: Assets/PluginYourGames/Example/Content/Materials/DebugViewingRender.renderTexture
  artifactKey: Guid(4d24706698c829a46a56d8fa7d7b21c2) Importer(2089858483,0ecaa5967403d082aa24f35e1b516d23)
Start importing Assets/PluginYourGames/Example/Content/Materials/DebugViewingRender.renderTexture using Guid(4d24706698c829a46a56d8fa7d7b21c2) Importer(2089858483,0ecaa5967403d082aa24f35e1b516d23) [PhysX] Initialized MultithreadedTaskDispatcher with 8 workers.
 -> (artifact id: '1b9c59b1696f16611640d74b43499937') in 0.087320 seconds
Number of updated asset objects reloaded before import = 0
Number of asset objects unloaded after import = 1
========================================================================
Received Import Request.
  Time since last request: 0.000044 seconds.
  path: Assets/PluginYourGames/Example/Content/Materials/DebugViewing.mat
  artifactKey: Guid(59cd650ae9babe14191840056255cd7e) Importer(2089858483,0ecaa5967403d082aa24f35e1b516d23)
Start importing Assets/PluginYourGames/Example/Content/Materials/DebugViewing.mat using Guid(59cd650ae9babe14191840056255cd7e) Importer(2089858483,0ecaa5967403d082aa24f35e1b516d23) [PhysX] Initialized MultithreadedTaskDispatcher with 8 workers.
 -> (artifact id: 'd60087df6ac94ca19516f1b626ddf02c') in 0.155560 seconds
Number of updated asset objects reloaded before import = 0
Number of asset objects unloaded after import = 2
========================================================================
Received Import Request.
  Time since last request: 0.000024 seconds.
  path: Assets/PluginYourGames/Modules/Authorization/Prefabs/Player Name & Photo.prefab
  artifactKey: Guid(2ec135cc55d81a047909558246ef6ae6) Importer(2089858483,0ecaa5967403d082aa24f35e1b516d23)
Start importing Assets/PluginYourGames/Modules/Authorization/Prefabs/Player Name & Photo.prefab using Guid(2ec135cc55d81a047909558246ef6ae6) Importer(2089858483,0ecaa5967403d082aa24f35e1b516d23) [PhysX] Initialized MultithreadedTaskDispatcher with 8 workers.
 -> (artifact id: '432197c0bb0fa14149e4d240411118e7') in 0.082859 seconds
Number of updated asset objects reloaded before import = 0
Number of asset objects unloaded after import = 26
========================================================================
Received Import Request.
  Time since last request: 0.000084 seconds.
  path: Assets/PluginYourGames/Modules/Authorization/Plugins/AuthYG.jslib
  artifactKey: Guid(36f934350d0e92448a0f1e7b62c00341) Importer(2089858483,0ecaa5967403d082aa24f35e1b516d23)
Start importing Assets/PluginYourGames/Modules/Authorization/Plugins/AuthYG.jslib using Guid(36f934350d0e92448a0f1e7b62c00341) Importer(2089858483,0ecaa5967403d082aa24f35e1b516d23) [PhysX] Initialized MultithreadedTaskDispatcher with 8 workers.
 -> (artifact id: '25b6c4678c22747961d96792e0d4d158') in 0.025979 seconds
Number of updated asset objects reloaded before import = 0
Number of asset objects unloaded after import = 1
========================================================================
Received Import Request.
  Time since last request: 0.000041 seconds.
  path: Assets/PluginYourGames/Example/Scripts/Scenes/AllDemoScenes.cs
  artifactKey: Guid(f26ff04bdeba23b44bb67277c6751819) Importer(2089858483,0ecaa5967403d082aa24f35e1b516d23)
Start importing Assets/PluginYourGames/Example/Scripts/Scenes/AllDemoScenes.cs using Guid(f26ff04bdeba23b44bb67277c6751819) Importer(2089858483,0ecaa5967403d082aa24f35e1b516d23) [PhysX] Initialized MultithreadedTaskDispatcher with 8 workers.
 -> (artifact id: '35eabb90109bd69c1b015623b71f9000') in 0.033166 seconds
Number of updated asset objects reloaded before import = 0
Number of asset objects unloaded after import = 1
========================================================================
Received Import Request.
  Time since last request: 0.000039 seconds.
  path: Assets/папка с шипами/Слой 19.png
  artifactKey: Guid(734b83b0c606a864ea10bbcbeb087b15) Importer(2089858483,0ecaa5967403d082aa24f35e1b516d23)
Start importing Assets/папка с шипами/Слой 19.png using Guid(734b83b0c606a864ea10bbcbeb087b15) Importer(2089858483,0ecaa5967403d082aa24f35e1b516d23) [PhysX] Initialized MultithreadedTaskDispatcher with 8 workers.
 -> (artifact id: '500ff4a131d4c274babbea7ecc8459ae') in 0.075187 seconds
Number of updated asset objects reloaded before import = 0
Number of asset objects unloaded after import = 3
========================================================================
Received Import Request.
  Time since last request: 0.000026 seconds.
  path: Assets/PluginYourGames/Modules/InterstitialAdv/Scripts/InterAdv_yandexPlatform.cs
  artifactKey: Guid(1f550eb7ed6c93c44b995b0196a634a5) Importer(2089858483,0ecaa5967403d082aa24f35e1b516d23)
Start importing Assets/PluginYourGames/Modules/InterstitialAdv/Scripts/InterAdv_yandexPlatform.cs using Guid(1f550eb7ed6c93c44b995b0196a634a5) Importer(2089858483,0ecaa5967403d082aa24f35e1b516d23) [PhysX] Initialized MultithreadedTaskDispatcher with 8 workers.
 -> (artifact id: '4e7ee45c6dd8c24d323426b92fd99f69') in 0.021719 seconds
Number of updated asset objects reloaded before import = 0
Number of asset objects unloaded after import = 1
========================================================================
Received Import Request.
  Time since last request: 0.000040 seconds.
  path: Assets/PluginYourGames/Modules/InterstitialAdv/Prefabs/Ad Notification.prefab
  artifactKey: Guid(44b91ba5f28f4ba4d9d62f6ee52d0673) Importer(2089858483,0ecaa5967403d082aa24f35e1b516d23)
Start importing Assets/PluginYourGames/Modules/InterstitialAdv/Prefabs/Ad Notification.prefab using Guid(44b91ba5f28f4ba4d9d62f6ee52d0673) Importer(2089858483,0ecaa5967403d082aa24f35e1b516d23) [PhysX] Initialized MultithreadedTaskDispatcher with 8 workers.
 -> (artifact id: '11004fb9f42a750ef2058580cc117684') in 0.047250 seconds
Number of updated asset objects reloaded before import = 0
Number of asset objects unloaded after import = 14
========================================================================
Received Import Request.
  Time since last request: 0.000025 seconds.
  path: Assets/PluginYourGames/Modules/EnvirData/Scripts/EnvirData_yg.cs
  artifactKey: Guid(b99fd372a89b20047b2cb0d61455f6e1) Importer(2089858483,0ecaa5967403d082aa24f35e1b516d23)
Start importing Assets/PluginYourGames/Modules/EnvirData/Scripts/EnvirData_yg.cs using Guid(b99fd372a89b20047b2cb0d61455f6e1) Importer(2089858483,0ecaa5967403d082aa24f35e1b516d23) [PhysX] Initialized MultithreadedTaskDispatcher with 8 workers.
 -> (artifact id: 'ba1833a2061494ce28dbe93cc870cf8d') in 0.026122 seconds
Number of updated asset objects reloaded before import = 0
Number of asset objects unloaded after import = 1
========================================================================
Received Import Request.
  Time since last request: 0.000039 seconds.
  path: Assets/PluginYourGames/Modules/EnvirData/Scripts/EnvirData_yandexPlatform.cs
  artifactKey: Guid(4507d7f864d69ab4e9d24036e25c99c6) Importer(2089858483,0ecaa5967403d082aa24f35e1b516d23)
Start importing Assets/PluginYourGames/Modules/EnvirData/Scripts/EnvirData_yandexPlatform.cs using Guid(4507d7f864d69ab4e9d24036e25c99c6) Importer(2089858483,0ecaa5967403d082aa24f35e1b516d23) [PhysX] Initialized MultithreadedTaskDispatcher with 8 workers.
 -> (artifact id: '24d6bd4e94d94ae2cd1b0cece604d808') in 0.025700 seconds
Number of updated asset objects reloaded before import = 0
Number of asset objects unloaded after import = 1
========================================================================
Received Import Request.
  Time since last request: 0.000073 seconds.
  path: Assets/PluginYourGames/Modules/EnvirData/Scripts/EnvirData_interface.cs
  artifactKey: Guid(29c24aef99d0d664d9f318ad2d75ff7a) Importer(2089858483,0ecaa5967403d082aa24f35e1b516d23)
Start importing Assets/PluginYourGames/Modules/EnvirData/Scripts/EnvirData_interface.cs using Guid(29c24aef99d0d664d9f318ad2d75ff7a) Importer(2089858483,0ecaa5967403d082aa24f35e1b516d23) [PhysX] Initialized MultithreadedTaskDispatcher with 8 workers.
 -> (artifact id: '2740004bdc1aa3fec12eab40b927feed') in 0.024153 seconds
Number of updated asset objects reloaded before import = 0
Number of asset objects unloaded after import = 1
========================================================================
Received Import Request.
  Time since last request: 0.000029 seconds.
  path: Assets/AddressableAssetsData/AssetGroups/Localization-Assets-Shared.asset
  artifactKey: Guid(642bad83f850022409edb1777c161b42) Importer(2089858483,0ecaa5967403d082aa24f35e1b516d23)
Start importing Assets/AddressableAssetsData/AssetGroups/Localization-Assets-Shared.asset using Guid(642bad83f850022409edb1777c161b42) Importer(2089858483,0ecaa5967403d082aa24f35e1b516d23) [PhysX] Initialized MultithreadedTaskDispatcher with 8 workers.
 -> (artifact id: 'fd0e65c4b7fae7cccad150c657157357') in 0.027078 seconds
Number of updated asset objects reloaded before import = 0
Number of asset objects unloaded after import = 1
========================================================================
Received Import Request.
  Time since last request: 0.000026 seconds.
  path: Assets/PluginYourGames/Modules/InterstitialAdv/Scripts/InterAdv_info.cs
  artifactKey: Guid(60bdeb0debccb94449fe7eda48c76575) Importer(2089858483,0ecaa5967403d082aa24f35e1b516d23)
Start importing Assets/PluginYourGames/Modules/InterstitialAdv/Scripts/InterAdv_info.cs using Guid(60bdeb0debccb94449fe7eda48c76575) Importer(2089858483,0ecaa5967403d082aa24f35e1b516d23) [PhysX] Initialized MultithreadedTaskDispatcher with 8 workers.
 -> (artifact id: '24905d8f3bdaae4b16f091d75d7721d8') in 0.022687 seconds
Number of updated asset objects reloaded before import = 0
Number of asset objects unloaded after import = 1
========================================================================
Received Import Request.
  Time since last request: 0.000034 seconds.
  path: Assets/PluginYourGames/Modules/Authorization/Scripts/Auth_interface.cs
  artifactKey: Guid(ef95fdd733bf9d845b72da2043b6545e) Importer(2089858483,0ecaa5967403d082aa24f35e1b516d23)
Start importing Assets/PluginYourGames/Modules/Authorization/Scripts/Auth_interface.cs using Guid(ef95fdd733bf9d845b72da2043b6545e) Importer(2089858483,0ecaa5967403d082aa24f35e1b516d23) [PhysX] Initialized MultithreadedTaskDispatcher with 8 workers.
 -> (artifact id: 'b4dc4c6c379374a96f04ca102471df62') in 0.023009 seconds
Number of updated asset objects reloaded before import = 0
Number of asset objects unloaded after import = 1
========================================================================
Received Import Request.
  Time since last request: 0.000030 seconds.
  path: Assets/PluginYourGames/Modules/EnvirData/Plugins/EnvirData.jslib
  artifactKey: Guid(479042b7e7549ea4aba3897695c5f9d0) Importer(2089858483,0ecaa5967403d082aa24f35e1b516d23)
Start importing Assets/PluginYourGames/Modules/EnvirData/Plugins/EnvirData.jslib using Guid(479042b7e7549ea4aba3897695c5f9d0) Importer(2089858483,0ecaa5967403d082aa24f35e1b516d23) [PhysX] Initialized MultithreadedTaskDispatcher with 8 workers.
 -> (artifact id: 'e578918ee8a096919b4dc2df4fc1da2d') in 0.030915 seconds
Number of updated asset objects reloaded before import = 0
Number of asset objects unloaded after import = 1
========================================================================
Received Import Request.
  Time since last request: 0.000025 seconds.
  path: Assets/AddressableAssetsData/DataBuilders/BuildScriptVirtualMode.asset
  artifactKey: Guid(d4698f326158c764885dcd1f19d05d11) Importer(2089858483,0ecaa5967403d082aa24f35e1b516d23)
Start importing Assets/AddressableAssetsData/DataBuilders/BuildScriptVirtualMode.asset using Guid(d4698f326158c764885dcd1f19d05d11) Importer(2089858483,0ecaa5967403d082aa24f35e1b516d23) [PhysX] Initialized MultithreadedTaskDispatcher with 8 workers.
 -> (artifact id: 'c4945b4ba9fd70e54358128ae4aee405') in 0.030512 seconds
Number of updated asset objects reloaded before import = 0
Number of asset objects unloaded after import = 1
========================================================================
Received Import Request.
  Time since last request: 0.149662 seconds.
  path: Assets/Animation/DragonAnim/Idle.anim
  artifactKey: Guid(34247f4dca50a30419281c918e9bb4ea) Importer(2089858483,0ecaa5967403d082aa24f35e1b516d23)
Start importing Assets/Animation/DragonAnim/Idle.anim using Guid(34247f4dca50a30419281c918e9bb4ea) Importer(2089858483,0ecaa5967403d082aa24f35e1b516d23) [PhysX] Initialized MultithreadedTaskDispatcher with 8 workers.
 -> (artifact id: 'f6975ba71fffa4102011bb1ad2aeb34f') in 0.036924 seconds
Number of updated asset objects reloaded before import = 0
Number of asset objects unloaded after import = 1
========================================================================
Received Import Request.
  Time since last request: 0.000029 seconds.
  path: Assets/PluginYourGames/Modules/InterstitialAdv/Scripts/InterstitialAdv_projectSettings.cs
  artifactKey: Guid(92b5c537364004746bcb8b6fd62dae20) Importer(2089858483,0ecaa5967403d082aa24f35e1b516d23)
Start importing Assets/PluginYourGames/Modules/InterstitialAdv/Scripts/InterstitialAdv_projectSettings.cs using Guid(92b5c537364004746bcb8b6fd62dae20) Importer(2089858483,0ecaa5967403d082aa24f35e1b516d23) [PhysX] Initialized MultithreadedTaskDispatcher with 8 workers.
 -> (artifact id: 'ac51ff9e1485cb3c1cd3ae40590644fe') in 0.022912 seconds
Number of updated asset objects reloaded before import = 0
Number of asset objects unloaded after import = 1
========================================================================
Received Import Request.
  Time since last request: 0.000046 seconds.
  path: Assets/PluginYourGames/Modules/Leaderboards/Scripts/LB_info.cs
  artifactKey: Guid(543fd49bc0abfc24482cf40511e73b33) Importer(2089858483,0ecaa5967403d082aa24f35e1b516d23)
Start importing Assets/PluginYourGames/Modules/Leaderboards/Scripts/LB_info.cs using Guid(543fd49bc0abfc24482cf40511e73b33) Importer(2089858483,0ecaa5967403d082aa24f35e1b516d23) [PhysX] Initialized MultithreadedTaskDispatcher with 8 workers.
 -> (artifact id: 'a4102fa29b18a0374b738fb4b2fd7049') in 0.021417 seconds
Number of updated asset objects reloaded before import = 0
Number of asset objects unloaded after import = 1
========================================================================
Received Import Request.
  Time since last request: 0.000035 seconds.
  path: Assets/PluginYourGames/Modules/InterstitialAdv/Scripts/InterAdv_yg.cs
  artifactKey: Guid(778c1e9fde504e44e8afa3ec8d791365) Importer(2089858483,0ecaa5967403d082aa24f35e1b516d23)
Start importing Assets/PluginYourGames/Modules/InterstitialAdv/Scripts/InterAdv_yg.cs using Guid(778c1e9fde504e44e8afa3ec8d791365) Importer(2089858483,0ecaa5967403d082aa24f35e1b516d23) [PhysX] Initialized MultithreadedTaskDispatcher with 8 workers.
 -> (artifact id: 'e0f5e030283c55bfc780a4081834afbf') in 0.020349 seconds
Number of updated asset objects reloaded before import = 0
Number of asset objects unloaded after import = 1
========================================================================
Received Import Request.
  Time since last request: 0.000034 seconds.
  path: Assets/PluginYourGames/Modules/Leaderboards/Prefabs/LB Example.prefab
  artifactKey: Guid(f40a236569a66c344b68a9feb3f86a18) Importer(2089858483,0ecaa5967403d082aa24f35e1b516d23)
Start importing Assets/PluginYourGames/Modules/Leaderboards/Prefabs/LB Example.prefab using Guid(f40a236569a66c344b68a9feb3f86a18) Importer(2089858483,0ecaa5967403d082aa24f35e1b516d23) [PhysX] Initialized MultithreadedTaskDispatcher with 8 workers.
 -> (artifact id: 'ab5a0dc86fd8ea0bd7351a4c8ae553a6') in 0.069924 seconds
Number of updated asset objects reloaded before import = 0
Number of asset objects unloaded after import = 70
========================================================================
Received Import Request.
  Time since last request: 0.000045 seconds.
  path: Assets/PluginYourGames/Modules/Leaderboards/Prefabs/LB Player Data.prefab
  artifactKey: Guid(c66c7bac89f010b47979344bbb77584b) Importer(2089858483,0ecaa5967403d082aa24f35e1b516d23)
Start importing Assets/PluginYourGames/Modules/Leaderboards/Prefabs/LB Player Data.prefab using Guid(c66c7bac89f010b47979344bbb77584b) Importer(2089858483,0ecaa5967403d082aa24f35e1b516d23) [PhysX] Initialized MultithreadedTaskDispatcher with 8 workers.
 -> (artifact id: 'aac96e4ad4197c888a00135e0082928e') in 0.057111 seconds
Number of updated asset objects reloaded before import = 0
Number of asset objects unloaded after import = 61
========================================================================
Received Import Request.
  Time since last request: 0.000029 seconds.
  path: Assets/PluginYourGames/Modules/Leaderboards/Scripts/LeaderboardYG.cs
  artifactKey: Guid(423e13a42d313f948a13bcedae13febe) Importer(2089858483,0ecaa5967403d082aa24f35e1b516d23)
Start importing Assets/PluginYourGames/Modules/Leaderboards/Scripts/LeaderboardYG.cs using Guid(423e13a42d313f948a13bcedae13febe) Importer(2089858483,0ecaa5967403d082aa24f35e1b516d23) [PhysX] Initialized MultithreadedTaskDispatcher with 8 workers.
 -> (artifact id: 'f5d56b0472c85173c0e81c7f3db38051') in 0.052080 seconds
Number of updated asset objects reloaded before import = 0
Number of asset objects unloaded after import = 2
========================================================================
Received Import Request.
  Time since last request: 0.000035 seconds.
  path: Assets/PluginYourGames/Modules/Localization/Scripts/Lang_yandexPlatform.cs
  artifactKey: Guid(2170b48819902404ba11bb3ef3bf5b65) Importer(2089858483,0ecaa5967403d082aa24f35e1b516d23)
Start importing Assets/PluginYourGames/Modules/Localization/Scripts/Lang_yandexPlatform.cs using Guid(2170b48819902404ba11bb3ef3bf5b65) Importer(2089858483,0ecaa5967403d082aa24f35e1b516d23) [PhysX] Initialized MultithreadedTaskDispatcher with 8 workers.
 -> (artifact id: 'a0a99f6cdaa408eee45dfa91b73c5ab0') in 0.022513 seconds
Number of updated asset objects reloaded before import = 0
Number of asset objects unloaded after import = 1
========================================================================
Received Import Request.
  Time since last request: 0.000025 seconds.
  path: Assets/PluginYourGames/Modules/Leaderboards/Prefabs/Time LB Example.prefab
  artifactKey: Guid(e573459aeac5e6440b1ee53b9df0c873) Importer(2089858483,0ecaa5967403d082aa24f35e1b516d23)
Start importing Assets/PluginYourGames/Modules/Leaderboards/Prefabs/Time LB Example.prefab using Guid(e573459aeac5e6440b1ee53b9df0c873) Importer(2089858483,0ecaa5967403d082aa24f35e1b516d23) [PhysX] Initialized MultithreadedTaskDispatcher with 8 workers.
 -> (artifact id: '43a3293fc04a6a82ec777537e1b136d8') in 0.047139 seconds
Number of updated asset objects reloaded before import = 0
Number of asset objects unloaded after import = 70
========================================================================
Received Import Request.
  Time since last request: 0.000032 seconds.
  path: Assets/PluginYourGames/Modules/InterstitialAdv/Scripts/InterstitialAdv_callingSimulation.cs
  artifactKey: Guid(ab76f3ae249d677468f56842c292e914) Importer(2089858483,0ecaa5967403d082aa24f35e1b516d23)
Start importing Assets/PluginYourGames/Modules/InterstitialAdv/Scripts/InterstitialAdv_callingSimulation.cs using Guid(ab76f3ae249d677468f56842c292e914) Importer(2089858483,0ecaa5967403d082aa24f35e1b516d23) [PhysX] Initialized MultithreadedTaskDispatcher with 8 workers.
 -> (artifact id: '530a2d5165a12b8d586ab8457e6356ce') in 0.020045 seconds
Number of updated asset objects reloaded before import = 0
Number of asset objects unloaded after import = 1
========================================================================
Received Import Request.
  Time since last request: 0.000031 seconds.
  path: Assets/PluginYourGames/Modules/Leaderboards/Scripts/UtilsLB.cs
  artifactKey: Guid(b0c03e5aaed517748a16d944115fccc9) Importer(2089858483,0ecaa5967403d082aa24f35e1b516d23)
Start importing Assets/PluginYourGames/Modules/Leaderboards/Scripts/UtilsLB.cs using Guid(b0c03e5aaed517748a16d944115fccc9) Importer(2089858483,0ecaa5967403d082aa24f35e1b516d23) [PhysX] Initialized MultithreadedTaskDispatcher with 8 workers.
 -> (artifact id: '3243f8ee4bd795fdfdf20059b866239e') in 0.028515 seconds
Number of updated asset objects reloaded before import = 0
Number of asset objects unloaded after import = 1
========================================================================
Received Import Request.
  Time since last request: 0.000030 seconds.
  path: Assets/Editor/Resources/LandscapeMon.png
  artifactKey: Guid(b756fde7dce6afa479a3a4e940bce4dd) Importer(2089858483,0ecaa5967403d082aa24f35e1b516d23)
Start importing Assets/Editor/Resources/LandscapeMon.png using Guid(b756fde7dce6afa479a3a4e940bce4dd) Importer(2089858483,0ecaa5967403d082aa24f35e1b516d23) [PhysX] Initialized MultithreadedTaskDispatcher with 8 workers.
 -> (artifact id: 'c4aa66a12c13e2171e032785587536cd') in 0.052161 seconds
Number of updated asset objects reloaded before import = 0
Number of asset objects unloaded after import = 1
========================================================================
Received Import Request.
  Time since last request: 0.031317 seconds.
  path: Assets/Plugins/Android/androidx.cursoradapter.cursoradapter-1.0.0.aar
  artifactKey: Guid(9a18c26dda9d4734faac8b3251cc4261) Importer(2089858483,0ecaa5967403d082aa24f35e1b516d23)
Start importing Assets/Plugins/Android/androidx.cursoradapter.cursoradapter-1.0.0.aar using Guid(9a18c26dda9d4734faac8b3251cc4261) Importer(2089858483,0ecaa5967403d082aa24f35e1b516d23) [PhysX] Initialized MultithreadedTaskDispatcher with 8 workers.
 -> (artifact id: 'c63382815016f7eb63cb1781d9c199fe') in 0.024568 seconds
Number of updated asset objects reloaded before import = 0
Number of asset objects unloaded after import = 1
========================================================================
Received Import Request.
  Time since last request: 0.000031 seconds.
  path: Assets/PluginYourGames/Modules/PlayerStats/Scripts/PlayerStats_interface.cs
  artifactKey: Guid(dd08cf2a0d137e34e952e76833ecca0c) Importer(2089858483,0ecaa5967403d082aa24f35e1b516d23)
Start importing Assets/PluginYourGames/Modules/PlayerStats/Scripts/PlayerStats_interface.cs using Guid(dd08cf2a0d137e34e952e76833ecca0c) Importer(2089858483,0ecaa5967403d082aa24f35e1b516d23) [PhysX] Initialized MultithreadedTaskDispatcher with 8 workers.
 -> (artifact id: '192e14400e8205aefa6615952c0e30d6') in 0.018149 seconds
Number of updated asset objects reloaded before import = 0
Number of asset objects unloaded after import = 1
========================================================================
Received Import Request.
  Time since last request: 0.000025 seconds.
  path: Assets/PluginYourGames/Modules/Payments/Scripts/Payments_yg.cs
  artifactKey: Guid(d74cbe2986afbd6498c5c45d2db49d0a) Importer(2089858483,0ecaa5967403d082aa24f35e1b516d23)
Start importing Assets/PluginYourGames/Modules/Payments/Scripts/Payments_yg.cs using Guid(d74cbe2986afbd6498c5c45d2db49d0a) Importer(2089858483,0ecaa5967403d082aa24f35e1b516d23) [PhysX] Initialized MultithreadedTaskDispatcher with 8 workers.
 -> (artifact id: '58f49992fd391ce5510606423d4e67b0') in 0.023761 seconds
Number of updated asset objects reloaded before import = 0
Number of asset objects unloaded after import = 1
========================================================================
Received Import Request.
  Time since last request: 0.000028 seconds.
  path: Assets/PluginYourGames/Modules/Payments/Scripts/PaymentsCatalogYG.cs
  artifactKey: Guid(9a35768dbfb09d34fb34c9f9a5f54f7a) Importer(2089858483,0ecaa5967403d082aa24f35e1b516d23)
Start importing Assets/PluginYourGames/Modules/Payments/Scripts/PaymentsCatalogYG.cs using Guid(9a35768dbfb09d34fb34c9f9a5f54f7a) Importer(2089858483,0ecaa5967403d082aa24f35e1b516d23) [PhysX] Initialized MultithreadedTaskDispatcher with 8 workers.
 -> (artifact id: '4114720524c2b099fff0e4f16e02cc5f') in 0.024557 seconds
Number of updated asset objects reloaded before import = 0
Number of asset objects unloaded after import = 2
========================================================================
Received Import Request.
  Time since last request: 0.000027 seconds.
  path: Assets/PluginYourGames/Modules/Payments/Prefabs/Payments Catalog.prefab
  artifactKey: Guid(b97c083bfad292a4d893ffbfdf23208f) Importer(2089858483,0ecaa5967403d082aa24f35e1b516d23)
Start importing Assets/PluginYourGames/Modules/Payments/Prefabs/Payments Catalog.prefab using Guid(b97c083bfad292a4d893ffbfdf23208f) Importer(2089858483,0ecaa5967403d082aa24f35e1b516d23) [PhysX] Initialized MultithreadedTaskDispatcher with 8 workers.
 -> (artifact id: 'bd88805a1b654545e153f700a334ecc6') in 0.073600 seconds
Number of updated asset objects reloaded before import = 0
Number of asset objects unloaded after import = 59
========================================================================
Received Import Request.
  Time since last request: 0.000026 seconds.
  path: Assets/PluginYourGames/Modules/Localization/Scripts/UtilsLang.cs
  artifactKey: Guid(e5193d4a4ea3b484b97de1c2cbff23ec) Importer(2089858483,0ecaa5967403d082aa24f35e1b516d23)
Start importing Assets/PluginYourGames/Modules/Localization/Scripts/UtilsLang.cs using Guid(e5193d4a4ea3b484b97de1c2cbff23ec) Importer(2089858483,0ecaa5967403d082aa24f35e1b516d23) [PhysX] Initialized MultithreadedTaskDispatcher with 8 workers.
 -> (artifact id: '45a3ff785ea5f8b8b7ad6da8b8822724') in 0.020728 seconds
Number of updated asset objects reloaded before import = 0
Number of asset objects unloaded after import = 1
========================================================================
Received Import Request.
  Time since last request: 0.000039 seconds.
  path: Assets/PluginYourGames/Modules/Payments/Plugins/Payments.jslib
  artifactKey: Guid(238de6e218a20f040954f53d2765c703) Importer(2089858483,0ecaa5967403d082aa24f35e1b516d23)
Start importing Assets/PluginYourGames/Modules/Payments/Plugins/Payments.jslib using Guid(238de6e218a20f040954f53d2765c703) Importer(2089858483,0ecaa5967403d082aa24f35e1b516d23) [PhysX] Initialized MultithreadedTaskDispatcher with 8 workers.
 -> (artifact id: 'e5fd734716fa0e804e33fd07f3bb2bf9') in 0.027594 seconds
Number of updated asset objects reloaded before import = 0
Number of asset objects unloaded after import = 1
========================================================================
Received Import Request.
  Time since last request: 0.000049 seconds.
  path: Assets/PluginYourGames/Modules/Payments/Scripts/Payments_interface.cs
  artifactKey: Guid(cac891e0b4034394f981610923186953) Importer(2089858483,0ecaa5967403d082aa24f35e1b516d23)
Start importing Assets/PluginYourGames/Modules/Payments/Scripts/Payments_interface.cs using Guid(cac891e0b4034394f981610923186953) Importer(2089858483,0ecaa5967403d082aa24f35e1b516d23) [PhysX] Initialized MultithreadedTaskDispatcher with 8 workers.
 -> (artifact id: '2a28766cb57e8e910c4fb5e277b100b0') in 0.035392 seconds
Number of updated asset objects reloaded before import = 0
Number of asset objects unloaded after import = 1
========================================================================
Received Import Request.
  Time since last request: 0.000034 seconds.
  path: Assets/PluginYourGames/Modules/Payments/Scripts/Payments_info.cs
  artifactKey: Guid(51f967498eb1eed4482fc8ec3cda38dd) Importer(2089858483,0ecaa5967403d082aa24f35e1b516d23)
Start importing Assets/PluginYourGames/Modules/Payments/Scripts/Payments_info.cs using Guid(51f967498eb1eed4482fc8ec3cda38dd) Importer(2089858483,0ecaa5967403d082aa24f35e1b516d23) [PhysX] Initialized MultithreadedTaskDispatcher with 8 workers.
 -> (artifact id: '3fad461fce0f81eadd103476b9420e77') in 0.030692 seconds
Number of updated asset objects reloaded before import = 0
Number of asset objects unloaded after import = 1
========================================================================
Received Import Request.
  Time since last request: 0.000086 seconds.
  path: Assets/PluginYourGames/Modules/Review/Scripts/Review_yandexPlatform.cs
  artifactKey: Guid(7154cd36a0ec6c64893e3797f25800bb) Importer(2089858483,0ecaa5967403d082aa24f35e1b516d23)
Start importing Assets/PluginYourGames/Modules/Review/Scripts/Review_yandexPlatform.cs using Guid(7154cd36a0ec6c64893e3797f25800bb) Importer(2089858483,0ecaa5967403d082aa24f35e1b516d23) [PhysX] Initialized MultithreadedTaskDispatcher with 8 workers.
 -> (artifact id: 'fe3d2037fdb4749d803947fd58810fb7') in 0.026273 seconds
Number of updated asset objects reloaded before import = 0
Number of asset objects unloaded after import = 1
========================================================================
Received Import Request.
  Time since last request: 0.000028 seconds.
  path: Assets/PluginYourGames/Modules/Payments/Scripts/Payments_lang.cs
  artifactKey: Guid(af3f80e0283506b498737aa154780df9) Importer(2089858483,0ecaa5967403d082aa24f35e1b516d23)
Start importing Assets/PluginYourGames/Modules/Payments/Scripts/Payments_lang.cs using Guid(af3f80e0283506b498737aa154780df9) Importer(2089858483,0ecaa5967403d082aa24f35e1b516d23) [PhysX] Initialized MultithreadedTaskDispatcher with 8 workers.
 -> (artifact id: '7327bf2339891c0782aa46f4c4b11271') in 0.025524 seconds
Number of updated asset objects reloaded before import = 0
Number of asset objects unloaded after import = 1
========================================================================
Received Import Request.
  Time since last request: 0.000093 seconds.
  path: Assets/PluginYourGames/Modules/Payments/Prefabs/Purchase.prefab
  artifactKey: Guid(85a12be5ffc39d349bf6dccb22596603) Importer(2089858483,0ecaa5967403d082aa24f35e1b516d23)
Start importing Assets/PluginYourGames/Modules/Payments/Prefabs/Purchase.prefab using Guid(85a12be5ffc39d349bf6dccb22596603) Importer(2089858483,0ecaa5967403d082aa24f35e1b516d23) [PhysX] Initialized MultithreadedTaskDispatcher with 8 workers.
 -> (artifact id: 'ce1cefacfe305a9788dff2adb8e1526b') in 0.061681 seconds
Number of updated asset objects reloaded before import = 0
Number of asset objects unloaded after import = 49
========================================================================
Received Import Request.
  Time since last request: 0.000039 seconds.
  path: Assets/PluginYourGames/Modules/Review/Prefabs/Review.prefab
  artifactKey: Guid(a1dfdbb0103bfba439419b727773e9b4) Importer(2089858483,0ecaa5967403d082aa24f35e1b516d23)
Start importing Assets/PluginYourGames/Modules/Review/Prefabs/Review.prefab using Guid(a1dfdbb0103bfba439419b727773e9b4) Importer(2089858483,0ecaa5967403d082aa24f35e1b516d23) [PhysX] Initialized MultithreadedTaskDispatcher with 8 workers.
 -> (artifact id: '94a5f152b21f8ece896139bc73ac57a4') in 0.048525 seconds
Number of updated asset objects reloaded before import = 0
Number of asset objects unloaded after import = 22
========================================================================
Received Import Request.
  Time since last request: 0.000042 seconds.
  path: Assets/Plugins/Android/androidx.fragment.fragment-1.0.0.aar
  artifactKey: Guid(34e65951e16bccb47b851f5822849df3) Importer(2089858483,0ecaa5967403d082aa24f35e1b516d23)
Start importing Assets/Plugins/Android/androidx.fragment.fragment-1.0.0.aar using Guid(34e65951e16bccb47b851f5822849df3) Importer(2089858483,0ecaa5967403d082aa24f35e1b516d23) [PhysX] Initialized MultithreadedTaskDispatcher with 8 workers.
 -> (artifact id: '23961f7551ab4dfb2266aa36dd255f7f') in 0.031780 seconds
Number of updated asset objects reloaded before import = 0
Number of asset objects unloaded after import = 1
========================================================================
Received Import Request.
  Time since last request: 0.028360 seconds.
  path: Assets/Plugins/Android/com.google.android.gms.play-services-basement-17.4.0.aar
  artifactKey: Guid(4c802342c2b83814fa43a8466ce8d682) Importer(2089858483,0ecaa5967403d082aa24f35e1b516d23)
Start importing Assets/Plugins/Android/com.google.android.gms.play-services-basement-17.4.0.aar using Guid(4c802342c2b83814fa43a8466ce8d682) Importer(2089858483,0ecaa5967403d082aa24f35e1b516d23) [PhysX] Initialized MultithreadedTaskDispatcher with 8 workers.
 -> (artifact id: '48a14191b89c979666a7813395621c96') in 0.029956 seconds
Number of updated asset objects reloaded before import = 0
Number of asset objects unloaded after import = 1
========================================================================
Received Import Request.
  Time since last request: 0.000033 seconds.
  path: Assets/PluginYourGames/Modules/Storage/Scripts/Storage_info.cs
  artifactKey: Guid(e09d91a63a28828429a8574d6f391bf5) Importer(2089858483,0ecaa5967403d082aa24f35e1b516d23)
Start importing Assets/PluginYourGames/Modules/Storage/Scripts/Storage_info.cs using Guid(e09d91a63a28828429a8574d6f391bf5) Importer(2089858483,0ecaa5967403d082aa24f35e1b516d23) [PhysX] Initialized MultithreadedTaskDispatcher with 8 workers.
 -> (artifact id: 'e10834af8c41085b9ab69d3121cad9bd') in 0.016480 seconds
Number of updated asset objects reloaded before import = 0
Number of asset objects unloaded after import = 1
========================================================================
Received Import Request.
  Time since last request: 0.000036 seconds.
  path: Assets/PluginYourGames/Modules/RewardedAdv/Plugins/RewardedAdv.jslib
  artifactKey: Guid(2e0c2e30a772168469a28550c9d7e5df) Importer(2089858483,0ecaa5967403d082aa24f35e1b516d23)
Start importing Assets/PluginYourGames/Modules/RewardedAdv/Plugins/RewardedAdv.jslib using Guid(2e0c2e30a772168469a28550c9d7e5df) Importer(2089858483,0ecaa5967403d082aa24f35e1b516d23) [PhysX] Initialized MultithreadedTaskDispatcher with 8 workers.
 -> (artifact id: 'ddea6346206e6bd2d2e2322b46d449ff') in 0.021568 seconds
Number of updated asset objects reloaded before import = 0
Number of asset objects unloaded after import = 1
========================================================================
Received Import Request.
  Time since last request: 0.000025 seconds.
  path: Assets/PluginYourGames/Scripts/EditorScr/Attributes/NestedYGAttribute.cs
  artifactKey: Guid(569ac51cc0abd0f44b7995c0803c15e7) Importer(2089858483,0ecaa5967403d082aa24f35e1b516d23)
Start importing Assets/PluginYourGames/Scripts/EditorScr/Attributes/NestedYGAttribute.cs using Guid(569ac51cc0abd0f44b7995c0803c15e7) Importer(2089858483,0ecaa5967403d082aa24f35e1b516d23) [PhysX] Initialized MultithreadedTaskDispatcher with 8 workers.
 -> (artifact id: '95739a9d826bb6c4e2a3ddd46d0beb5b') in 0.021366 seconds
Number of updated asset objects reloaded before import = 0
Number of asset objects unloaded after import = 1
========================================================================
Received Import Request.
  Time since last request: 0.000034 seconds.
  path: Assets/PluginYourGames/Modules/StickyAdv/Scripts/StickyAdv_yandexPlatform.cs
  artifactKey: Guid(c7b16db8848c18c43ac34b42e07472f9) Importer(2089858483,0ecaa5967403d082aa24f35e1b516d23)
Start importing Assets/PluginYourGames/Modules/StickyAdv/Scripts/StickyAdv_yandexPlatform.cs using Guid(c7b16db8848c18c43ac34b42e07472f9) Importer(2089858483,0ecaa5967403d082aa24f35e1b516d23) [PhysX] Initialized MultithreadedTaskDispatcher with 8 workers.
 -> (artifact id: '2b3b808d1e2dad757a991ae9478f61dc') in 0.017878 seconds
Number of updated asset objects reloaded before import = 0
Number of asset objects unloaded after import = 1
========================================================================
Received Import Request.
  Time since last request: 0.000034 seconds.
  path: Assets/PluginYourGames/Modules/StickyAdv/Scripts/StickyAdv_interface.cs
  artifactKey: Guid(3ec06ab48da70104b8eee4752c271572) Importer(2089858483,0ecaa5967403d082aa24f35e1b516d23)
Start importing Assets/PluginYourGames/Modules/StickyAdv/Scripts/StickyAdv_interface.cs using Guid(3ec06ab48da70104b8eee4752c271572) Importer(2089858483,0ecaa5967403d082aa24f35e1b516d23) [PhysX] Initialized MultithreadedTaskDispatcher with 8 workers.
 -> (artifact id: 'd5a0777129ca003371e8b2fad6035fe9') in 0.024591 seconds
Number of updated asset objects reloaded before import = 0
Number of asset objects unloaded after import = 1
========================================================================
Received Import Request.
  Time since last request: 0.000031 seconds.
  path: Assets/PluginYourGames/Modules/RewardedAdv/Prefabs/Lock Timer.prefab
  artifactKey: Guid(bbde481d2892d684a90b2c7293df4b34) Importer(2089858483,0ecaa5967403d082aa24f35e1b516d23)
Start importing Assets/PluginYourGames/Modules/RewardedAdv/Prefabs/Lock Timer.prefab using Guid(bbde481d2892d684a90b2c7293df4b34) Importer(2089858483,0ecaa5967403d082aa24f35e1b516d23) [PhysX] Initialized MultithreadedTaskDispatcher with 8 workers.
 -> (artifact id: '07946bf75f398b1fa4c6684b7a08cdbb') in 0.045863 seconds
Number of updated asset objects reloaded before import = 0
Number of asset objects unloaded after import = 18
========================================================================
Received Import Request.
  Time since last request: 0.000057 seconds.
  path: Assets/PluginYourGames/Scripts/EditorScr/Editor/FastButton.cs
  artifactKey: Guid(31586ba38bf3bf142a8bf2eb720e5b59) Importer(2089858483,0ecaa5967403d082aa24f35e1b516d23)
Start importing Assets/PluginYourGames/Scripts/EditorScr/Editor/FastButton.cs using Guid(31586ba38bf3bf142a8bf2eb720e5b59) Importer(2089858483,0ecaa5967403d082aa24f35e1b516d23) [PhysX] Initialized MultithreadedTaskDispatcher with 8 workers.
 -> (artifact id: 'be366fa3b7f0e4553c248a632dd15067') in 0.024413 seconds
Number of updated asset objects reloaded before import = 0
Number of asset objects unloaded after import = 1
========================================================================
Received Import Request.
  Time since last request: 0.000075 seconds.
  path: Assets/PluginYourGames/Platforms/YandexGames/Plugins/YandexGame.jslib
  artifactKey: Guid(8e24118a2f13f3e40958f8d398d2b692) Importer(2089858483,0ecaa5967403d082aa24f35e1b516d23)
Start importing Assets/PluginYourGames/Platforms/YandexGames/Plugins/YandexGame.jslib using Guid(8e24118a2f13f3e40958f8d398d2b692) Importer(2089858483,0ecaa5967403d082aa24f35e1b516d23) [PhysX] Initialized MultithreadedTaskDispatcher with 8 workers.
 -> (artifact id: '6de2bea56cd9d57c611cdd2d01b45de4') in 0.028916 seconds
Number of updated asset objects reloaded before import = 0
Number of asset objects unloaded after import = 1
========================================================================
Received Import Request.
  Time since last request: 0.000034 seconds.
  path: Assets/PluginYourGames/Modules/Storage/Scripts/Storage_yandexPlatform.cs
  artifactKey: Guid(3352573b1470c0b4c88dc120b6bbe86c) Importer(2089858483,0ecaa5967403d082aa24f35e1b516d23)
Start importing Assets/PluginYourGames/Modules/Storage/Scripts/Storage_yandexPlatform.cs using Guid(3352573b1470c0b4c88dc120b6bbe86c) Importer(2089858483,0ecaa5967403d082aa24f35e1b516d23) [PhysX] Initialized MultithreadedTaskDispatcher with 8 workers.
 -> (artifact id: '099bbc881cd74bf6747ebedbbe474bde') in 0.029560 seconds
Number of updated asset objects reloaded before import = 0
Number of asset objects unloaded after import = 1
========================================================================
Received Import Request.
  Time since last request: 0.000034 seconds.
  path: Assets/PluginYourGames/Modules/RewardedAdv/Scripts/RewardedAdvLockTimer.cs
  artifactKey: Guid(d053ac91e9687e349a897c423b620883) Importer(2089858483,0ecaa5967403d082aa24f35e1b516d23)
Start importing Assets/PluginYourGames/Modules/RewardedAdv/Scripts/RewardedAdvLockTimer.cs using Guid(d053ac91e9687e349a897c423b620883) Importer(2089858483,0ecaa5967403d082aa24f35e1b516d23) [PhysX] Initialized MultithreadedTaskDispatcher with 8 workers.
 -> (artifact id: '7111a6facc2549d861a11df90c8b3577') in 0.041920 seconds
Number of updated asset objects reloaded before import = 0
Number of asset objects unloaded after import = 2
========================================================================
Received Import Request.
  Time since last request: 0.000028 seconds.
  path: Assets/PluginYourGames/Scripts/EditorScr/Attributes/LabelYGAttribute.cs
  artifactKey: Guid(fde912d7e07300649bb93b76bef76fbb) Importer(2089858483,0ecaa5967403d082aa24f35e1b516d23)
Start importing Assets/PluginYourGames/Scripts/EditorScr/Attributes/LabelYGAttribute.cs using Guid(fde912d7e07300649bb93b76bef76fbb) Importer(2089858483,0ecaa5967403d082aa24f35e1b516d23) [PhysX] Initialized MultithreadedTaskDispatcher with 8 workers.
 -> (artifact id: 'f4fc58c321a2a2ac253e8d744165d165') in 0.027199 seconds
Number of updated asset objects reloaded before import = 0
Number of asset objects unloaded after import = 1
========================================================================
Received Import Request.
  Time since last request: 0.000033 seconds.
  path: Assets/PluginYourGames/Modules/Storage/Plugins/CloudStorage.jslib
  artifactKey: Guid(f493b425868e7fb47badc1c13c76a337) Importer(2089858483,0ecaa5967403d082aa24f35e1b516d23)
Start importing Assets/PluginYourGames/Modules/Storage/Plugins/CloudStorage.jslib using Guid(f493b425868e7fb47badc1c13c76a337) Importer(2089858483,0ecaa5967403d082aa24f35e1b516d23) [PhysX] Initialized MultithreadedTaskDispatcher with 8 workers.
 -> (artifact id: 'db2843c324e65c1feb60362eb9094ea1') in 0.031176 seconds
Number of updated asset objects reloaded before import = 0
Number of asset objects unloaded after import = 1
========================================================================
Received Import Request.
  Time since last request: 0.000036 seconds.
  path: Assets/PluginYourGames/Modules/StickyAdv/Scripts/StickyAdv_yg.cs
  artifactKey: Guid(3ae4fdafee12e074db303b8c35ea4e6d) Importer(2089858483,0ecaa5967403d082aa24f35e1b516d23)
Start importing Assets/PluginYourGames/Modules/StickyAdv/Scripts/StickyAdv_yg.cs using Guid(3ae4fdafee12e074db303b8c35ea4e6d) Importer(2089858483,0ecaa5967403d082aa24f35e1b516d23) [PhysX] Initialized MultithreadedTaskDispatcher with 8 workers.
 -> (artifact id: '31f489f62153ba9f05c1cb90be91a86f') in 0.024836 seconds
Number of updated asset objects reloaded before import = 0
Number of asset objects unloaded after import = 1
========================================================================
Received Import Request.
  Time since last request: 0.000033 seconds.
  path: Assets/PluginYourGames/Modules/RewardedAdv/Scripts/RewardedAdv_yandexPlatform.cs
  artifactKey: Guid(bff328f9eed6ffd4a94e873a8ea101ec) Importer(2089858483,0ecaa5967403d082aa24f35e1b516d23)
Start importing Assets/PluginYourGames/Modules/RewardedAdv/Scripts/RewardedAdv_yandexPlatform.cs using Guid(bff328f9eed6ffd4a94e873a8ea101ec) Importer(2089858483,0ecaa5967403d082aa24f35e1b516d23) [PhysX] Initialized MultithreadedTaskDispatcher with 8 workers.
 -> (artifact id: '24f44a3df6aa022d76268d6d78298cdc') in 0.024025 seconds
Number of updated asset objects reloaded before import = 0
Number of asset objects unloaded after import = 1
========================================================================
Received Import Request.
  Time since last request: 0.091123 seconds.
  path: Assets/Prefabs/NewPrefabs/ButtonShop.prefab
  artifactKey: Guid(6b67acaf069e3854eb2765b824dbe273) Importer(2089858483,0ecaa5967403d082aa24f35e1b516d23)
Start importing Assets/Prefabs/NewPrefabs/ButtonShop.prefab using Guid(6b67acaf069e3854eb2765b824dbe273) Importer(2089858483,0ecaa5967403d082aa24f35e1b516d23) [PhysX] Initialized MultithreadedTaskDispatcher with 8 workers.
 -> (artifact id: '6d8af03b8e30d49f68c5f90ed7d03fa7') in 0.058438 seconds
Number of updated asset objects reloaded before import = 0
Number of asset objects unloaded after import = 9
========================================================================
Received Import Request.
  Time since last request: 0.000068 seconds.
  path: Assets/PluginYourGames/Modules/EnvirData/Example/Scenes/Envir.unity
  artifactKey: Guid(b3fec4fa919d3444e803a6c7a94d28eb) Importer(2089858483,0ecaa5967403d082aa24f35e1b516d23)
Start importing Assets/PluginYourGames/Modules/EnvirData/Example/Scenes/Envir.unity using Guid(b3fec4fa919d3444e803a6c7a94d28eb) Importer(2089858483,0ecaa5967403d082aa24f35e1b516d23) [PhysX] Initialized MultithreadedTaskDispatcher with 8 workers.
 -> (artifact id: 'f80ec6397147504249abdfea8a80c3f8') in 0.018960 seconds
Number of updated asset objects reloaded before import = 0
Number of asset objects unloaded after import = 1
========================================================================
Received Import Request.
  Time since last request: 0.000030 seconds.
  path: Assets/PluginYourGames/Scripts/Server/Editor/Server.cs
  artifactKey: Guid(1aa4a7bedcbdef648aa151b8159207cf) Importer(2089858483,0ecaa5967403d082aa24f35e1b516d23)
Start importing Assets/PluginYourGames/Scripts/Server/Editor/Server.cs using Guid(1aa4a7bedcbdef648aa151b8159207cf) Importer(2089858483,0ecaa5967403d082aa24f35e1b516d23) [PhysX] Initialized MultithreadedTaskDispatcher with 8 workers.
 -> (artifact id: '2ec2b16941da7e1075f33a19f1b4d618') in 0.028356 seconds
Number of updated asset objects reloaded before import = 0
Number of asset objects unloaded after import = 1
========================================================================
Received Import Request.
  Time since last request: 0.000031 seconds.
  path: Assets/Plugins/Demigiant/DOTween/Editor/Imgs/Header.jpg
  artifactKey: Guid(78a59ca99f8987941adb61f9e14a06a7) Importer(2089858483,0ecaa5967403d082aa24f35e1b516d23)
Start importing Assets/Plugins/Demigiant/DOTween/Editor/Imgs/Header.jpg using Guid(78a59ca99f8987941adb61f9e14a06a7) Importer(2089858483,0ecaa5967403d082aa24f35e1b516d23) [PhysX] Initialized MultithreadedTaskDispatcher with 8 workers.
 -> (artifact id: '997aea5c061f2e922878935f2dd84354') in 0.060584 seconds
Number of updated asset objects reloaded before import = 0
Number of asset objects unloaded after import = 1
========================================================================
Received Import Request.
  Time since last request: 0.000034 seconds.
  path: Assets/PluginYourGames/Scripts/Utils/Plugins/LocalStorage.jslib
  artifactKey: Guid(3e0ac78106fb48f4da7dc2ddf00eb9d0) Importer(2089858483,0ecaa5967403d082aa24f35e1b516d23)
Start importing Assets/PluginYourGames/Scripts/Utils/Plugins/LocalStorage.jslib using Guid(3e0ac78106fb48f4da7dc2ddf00eb9d0) Importer(2089858483,0ecaa5967403d082aa24f35e1b516d23) [PhysX] Initialized MultithreadedTaskDispatcher with 8 workers.
 -> (artifact id: 'ce273cc07ac1de562770d572619ec300') in 0.021021 seconds
Number of updated asset objects reloaded before import = 0
Number of asset objects unloaded after import = 1
========================================================================
Received Import Request.
  Time since last request: 0.000060 seconds.
  path: Assets/PluginYourGames/Modules/EnvirData/Scripts/Editor/EnvirData_build.cs
  artifactKey: Guid(e938b56874f4a5145956d71da81e9ef3) Importer(2089858483,0ecaa5967403d082aa24f35e1b516d23)
Start importing Assets/PluginYourGames/Modules/EnvirData/Scripts/Editor/EnvirData_build.cs using Guid(e938b56874f4a5145956d71da81e9ef3) Importer(2089858483,0ecaa5967403d082aa24f35e1b516d23) [PhysX] Initialized MultithreadedTaskDispatcher with 8 workers.
 -> (artifact id: 'ff64ae3b1f2de56b54c77e7ebad26a12') in 0.026818 seconds
Number of updated asset objects reloaded before import = 0
Number of asset objects unloaded after import = 1
========================================================================
Received Import Request.
  Time since last request: 0.000029 seconds.
  path: Assets/Plugins/Demigiant/DOTween/Editor/Imgs/Footer_dark.png
  artifactKey: Guid(519694efe2bb2914788b151fbd8c01f4) Importer(2089858483,0ecaa5967403d082aa24f35e1b516d23)
Start importing Assets/Plugins/Demigiant/DOTween/Editor/Imgs/Footer_dark.png using Guid(519694efe2bb2914788b151fbd8c01f4) Importer(2089858483,0ecaa5967403d082aa24f35e1b516d23) [PhysX] Initialized MultithreadedTaskDispatcher with 8 workers.
 -> (artifact id: '8a814c4d8dbbcbf6618fc0e0217a8da5') in 0.055215 seconds
Number of updated asset objects reloaded before import = 0
Number of asset objects unloaded after import = 1
========================================================================
Received Import Request.
  Time since last request: 0.000033 seconds.
  path: Assets/PluginYourGames/Scripts/Platform/Editor/AsmdefPlatformCreate.txt
  artifactKey: Guid(e51e14c87051abd488156a41f0dc4152) Importer(2089858483,0ecaa5967403d082aa24f35e1b516d23)
Start importing Assets/PluginYourGames/Scripts/Platform/Editor/AsmdefPlatformCreate.txt using Guid(e51e14c87051abd488156a41f0dc4152) Importer(2089858483,0ecaa5967403d082aa24f35e1b516d23) [PhysX] Initialized MultithreadedTaskDispatcher with 8 workers.
 -> (artifact id: 'c9fe2c1cec0e99066cb0c3763c7cc25d') in 0.034424 seconds
Number of updated asset objects reloaded before import = 0
Number of asset objects unloaded after import = 1
========================================================================
Received Import Request.
  Time since last request: 0.000031 seconds.
  path: Assets/PluginYourGames/Modules/Authorization/Example/Scenes/Authorization.unity
  artifactKey: Guid(de4e0a077d630a140a5e79e3d752d10b) Importer(2089858483,0ecaa5967403d082aa24f35e1b516d23)
Start importing Assets/PluginYourGames/Modules/Authorization/Example/Scenes/Authorization.unity using Guid(de4e0a077d630a140a5e79e3d752d10b) Importer(2089858483,0ecaa5967403d082aa24f35e1b516d23) [PhysX] Initialized MultithreadedTaskDispatcher with 8 workers.
 -> (artifact id: '82bba15788bf87881dcd383dadb5385a') in 0.019398 seconds
Number of updated asset objects reloaded before import = 0
Number of asset objects unloaded after import = 1
========================================================================
Received Import Request.
  Time since last request: 0.000073 seconds.
  path: Assets/PluginYourGames/Scripts/Other/Editor/PlatformEventsYG2Editor.cs
  artifactKey: Guid(4cd9c6683e7f1c543b3d1cef79dd409a) Importer(2089858483,0ecaa5967403d082aa24f35e1b516d23)
Start importing Assets/PluginYourGames/Scripts/Other/Editor/PlatformEventsYG2Editor.cs using Guid(4cd9c6683e7f1c543b3d1cef79dd409a) Importer(2089858483,0ecaa5967403d082aa24f35e1b516d23) [PhysX] Initialized MultithreadedTaskDispatcher with 8 workers.
 -> (artifact id: 'd4eab73fe07ad99ffd85297f6d822bf9') in 0.024795 seconds
Number of updated asset objects reloaded before import = 0
Number of asset objects unloaded after import = 1
========================================================================
Received Import Request.
  Time since last request: 0.000047 seconds.
  path: Assets/PluginYourGames/Modules/InterstitialAdv/Example/Scenes/InterstitialAdv.unity
  artifactKey: Guid(fa3157f2450b2874a8c22b42f700dcd4) Importer(2089858483,0ecaa5967403d082aa24f35e1b516d23)
Start importing Assets/PluginYourGames/Modules/InterstitialAdv/Example/Scenes/InterstitialAdv.unity using Guid(fa3157f2450b2874a8c22b42f700dcd4) Importer(2089858483,0ecaa5967403d082aa24f35e1b516d23) [PhysX] Initialized MultithreadedTaskDispatcher with 8 workers.
 -> (artifact id: '58ffe34b9728b6f9f54f4052aef9dee7') in 0.026838 seconds
Number of updated asset objects reloaded before import = 0
Number of asset objects unloaded after import = 1
========================================================================
Received Import Request.
  Time since last request: 0.000036 seconds.
  path: Assets/MyGame/Localization/Intro/Resources/Localization/Spanish.txt
  artifactKey: Guid(c967845c7c90c7e4b9d028af2c81a3f1) Importer(2089858483,0ecaa5967403d082aa24f35e1b516d23)
Start importing Assets/MyGame/Localization/Intro/Resources/Localization/Spanish.txt using Guid(c967845c7c90c7e4b9d028af2c81a3f1) Importer(2089858483,0ecaa5967403d082aa24f35e1b516d23) [PhysX] Initialized MultithreadedTaskDispatcher with 8 workers.
 -> (artifact id: '6db4e3d7b35c0a668eaca552a30e9a04') in 0.042904 seconds
Number of updated asset objects reloaded before import = 0
Number of asset objects unloaded after import = 1
========================================================================
Received Import Request.
  Time since last request: 0.000039 seconds.
  path: Assets/Plugins/Demigiant/DOTween/Editor/Imgs/Footer.png
  artifactKey: Guid(7051dba417b3d53409f2918f1ea4938d) Importer(2089858483,0ecaa5967403d082aa24f35e1b516d23)
Start importing Assets/Plugins/Demigiant/DOTween/Editor/Imgs/Footer.png using Guid(7051dba417b3d53409f2918f1ea4938d) Importer(2089858483,0ecaa5967403d082aa24f35e1b516d23) [PhysX] Initialized MultithreadedTaskDispatcher with 8 workers.
 -> (artifact id: '9919465a18211bc5eecae0c614c08796') in 0.065098 seconds
Number of updated asset objects reloaded before import = 0
Number of asset objects unloaded after import = 1
========================================================================
Received Import Request.
  Time since last request: 0.000047 seconds.
  path: Assets/PluginYourGames/Scripts/Server/Editor/NotificationUpdateWindow.cs
  artifactKey: Guid(3719b0ca0b584674ba9593403438ed92) Importer(2089858483,0ecaa5967403d082aa24f35e1b516d23)
Start importing Assets/PluginYourGames/Scripts/Server/Editor/NotificationUpdateWindow.cs using Guid(3719b0ca0b584674ba9593403438ed92) Importer(2089858483,0ecaa5967403d082aa24f35e1b516d23) [PhysX] Initialized MultithreadedTaskDispatcher with 8 workers.
 -> (artifact id: '6d47747fce0fcebd65bf8cb08a051c93') in 0.028308 seconds
Number of updated asset objects reloaded before import = 0
Number of asset objects unloaded after import = 1
========================================================================
Received Import Request.
  Time since last request: 0.000030 seconds.
  path: Assets/PluginYourGames/Modules/Payments/Example/Scenes/Payments.unity
  artifactKey: Guid(b3f2209999fa1dc4185252e94092fc5b) Importer(2089858483,0ecaa5967403d082aa24f35e1b516d23)
Start importing Assets/PluginYourGames/Modules/Payments/Example/Scenes/Payments.unity using Guid(b3f2209999fa1dc4185252e94092fc5b) Importer(2089858483,0ecaa5967403d082aa24f35e1b516d23) [PhysX] Initialized MultithreadedTaskDispatcher with 8 workers.
 -> (artifact id: 'c8f43364854b7301279274b29c9ca708') in 0.024224 seconds
Number of updated asset objects reloaded before import = 0
Number of asset objects unloaded after import = 1
========================================================================
Received Import Request.
  Time since last request: 0.000040 seconds.
  path: Assets/PluginYourGames/Modules/InterstitialAdv/Scripts/TimerBeforeAds/TimerBeforeAdsYG.cs
  artifactKey: Guid(9c70c93a5ff1043419125d7cff580a7a) Importer(2089858483,0ecaa5967403d082aa24f35e1b516d23)
Start importing Assets/PluginYourGames/Modules/InterstitialAdv/Scripts/TimerBeforeAds/TimerBeforeAdsYG.cs using Guid(9c70c93a5ff1043419125d7cff580a7a) Importer(2089858483,0ecaa5967403d082aa24f35e1b516d23) [PhysX] Initialized MultithreadedTaskDispatcher with 8 workers.
 -> (artifact id: '63c9856e5202685e010b240a6e5b1cf5') in 0.055611 seconds
Number of updated asset objects reloaded before import = 0
Number of asset objects unloaded after import = 2
========================================================================
Received Import Request.
  Time since last request: 0.000044 seconds.
  path: Assets/PluginYourGames/Modules/InterstitialAdv/Scripts/Editor/WarningPostponeCall.cs
  artifactKey: Guid(1b2a737375a166e4089d6d03e2fe963d) Importer(2089858483,0ecaa5967403d082aa24f35e1b516d23)
Start importing Assets/PluginYourGames/Modules/InterstitialAdv/Scripts/Editor/WarningPostponeCall.cs using Guid(1b2a737375a166e4089d6d03e2fe963d) Importer(2089858483,0ecaa5967403d082aa24f35e1b516d23) [PhysX] Initialized MultithreadedTaskDispatcher with 8 workers.
 -> (artifact id: '0015db318e27f08e358eec903b8946b6') in 0.035042 seconds
Number of updated asset objects reloaded before import = 0
Number of asset objects unloaded after import = 1
========================================================================
Received Import Request.
  Time since last request: 0.000093 seconds.
  path: Assets/PluginYourGames/Modules/RewardedAdv/Scripts/Editor/RewardedAdv_build.cs
  artifactKey: Guid(e6685e13f8e334a48b8fb655d4ccf981) Importer(2089858483,0ecaa5967403d082aa24f35e1b516d23)
Start importing Assets/PluginYourGames/Modules/RewardedAdv/Scripts/Editor/RewardedAdv_build.cs using Guid(e6685e13f8e334a48b8fb655d4ccf981) Importer(2089858483,0ecaa5967403d082aa24f35e1b516d23) [PhysX] Initialized MultithreadedTaskDispatcher with 8 workers.
 -> (artifact id: '467e100af278809ea5ad57c65b679db1') in 0.023242 seconds
Number of updated asset objects reloaded before import = 0
Number of asset objects unloaded after import = 1
========================================================================
Received Import Request.
  Time since last request: 0.000039 seconds.
  path: Assets/PluginYourGames/Modules/InterstitialAdv/Scripts/Editor/InterAdv_build.cs
  artifactKey: Guid(38fae43c56fc8bd4ea5827378b7736e9) Importer(2089858483,0ecaa5967403d082aa24f35e1b516d23)
Start importing Assets/PluginYourGames/Modules/InterstitialAdv/Scripts/Editor/InterAdv_build.cs using Guid(38fae43c56fc8bd4ea5827378b7736e9) Importer(2089858483,0ecaa5967403d082aa24f35e1b516d23) [PhysX] Initialized MultithreadedTaskDispatcher with 8 workers.
 -> (artifact id: 'ad0efca5258449513cfbc824a7909a8f') in 0.036118 seconds
Number of updated asset objects reloaded before import = 0
Number of asset objects unloaded after import = 1
========================================================================
Received Import Request.
  Time since last request: 0.000031 seconds.
  path: Assets/PluginYourGames/Modules/Leaderboards/Example/Scripts/CustomLBExample.cs
  artifactKey: Guid(155c8cac54b9f3b44957adb2033cd783) Importer(2089858483,0ecaa5967403d082aa24f35e1b516d23)
Start importing Assets/PluginYourGames/Modules/Leaderboards/Example/Scripts/CustomLBExample.cs using Guid(155c8cac54b9f3b44957adb2033cd783) Importer(2089858483,0ecaa5967403d082aa24f35e1b516d23) [PhysX] Initialized MultithreadedTaskDispatcher with 8 workers.
 -> (artifact id: 'f8280a3a437628e0ab534193fa753af0') in 0.032517 seconds
Number of updated asset objects reloaded before import = 0
Number of asset objects unloaded after import = 1
========================================================================
Received Import Request.
  Time since last request: 0.000032 seconds.
  path: Assets/PluginYourGames/Scripts/EditorScr/Translates/Langs.cs
  artifactKey: Guid(6132d879f2397684b959bc3c5bb8c3f0) Importer(2089858483,0ecaa5967403d082aa24f35e1b516d23)
Start importing Assets/PluginYourGames/Scripts/EditorScr/Translates/Langs.cs using Guid(6132d879f2397684b959bc3c5bb8c3f0) Importer(2089858483,0ecaa5967403d082aa24f35e1b516d23) [PhysX] Initialized MultithreadedTaskDispatcher with 8 workers.
 -> (artifact id: '791e1e1a728ff93ffbf410359340c5c9') in 0.027934 seconds
Number of updated asset objects reloaded before import = 0
Number of asset objects unloaded after import = 1
========================================================================
Received Import Request.
  Time since last request: 0.000041 seconds.
  path: Assets/PluginYourGames/Modules/Review/Scripts/Editor/Review_build.cs
  artifactKey: Guid(ffa660bf09237ee4a926538239b18dc8) Importer(2089858483,0ecaa5967403d082aa24f35e1b516d23)
Start importing Assets/PluginYourGames/Modules/Review/Scripts/Editor/Review_build.cs using Guid(ffa660bf09237ee4a926538239b18dc8) Importer(2089858483,0ecaa5967403d082aa24f35e1b516d23) [PhysX] Initialized MultithreadedTaskDispatcher with 8 workers.
 -> (artifact id: '3288d8325c806741f8b290f1d127c238') in 0.026336 seconds
Number of updated asset objects reloaded before import = 0
Number of asset objects unloaded after import = 1
========================================================================
Received Import Request.
  Time since last request: 0.000045 seconds.
  path: Assets/PluginYourGames/Modules/Leaderboards/Scripts/Editor/LB_build.cs
  artifactKey: Guid(3674612547e506e488339d99d0b22d3a) Importer(2089858483,0ecaa5967403d082aa24f35e1b516d23)
Start importing Assets/PluginYourGames/Modules/Leaderboards/Scripts/Editor/LB_build.cs using Guid(3674612547e506e488339d99d0b22d3a) Importer(2089858483,0ecaa5967403d082aa24f35e1b516d23) [PhysX] Initialized MultithreadedTaskDispatcher with 8 workers.
 -> (artifact id: '2db5a43b672c115daf1d7843c60d89f9') in 0.029597 seconds
Number of updated asset objects reloaded before import = 0
Number of asset objects unloaded after import = 1
========================================================================
Received Import Request.
  Time since last request: 0.000397 seconds.
  path: Assets/PluginYourGames/Modules/PlayerStats/Scripts/Editor/PlayerStats_build.cs
  artifactKey: Guid(41d258efffcfa53418e91a5b243fdd79) Importer(2089858483,0ecaa5967403d082aa24f35e1b516d23)
Start importing Assets/PluginYourGames/Modules/PlayerStats/Scripts/Editor/PlayerStats_build.cs using Guid(41d258efffcfa53418e91a5b243fdd79) Importer(2089858483,0ecaa5967403d082aa24f35e1b516d23) [PhysX] Initialized MultithreadedTaskDispatcher with 8 workers.
 -> (artifact id: '4ea04a58520e1cad3bb34f3fc3053af3') in 0.023315 seconds
Number of updated asset objects reloaded before import = 0
Number of asset objects unloaded after import = 1
========================================================================
Received Import Request.
  Time since last request: 0.000054 seconds.
  path: Assets/PluginYourGames/Scripts/InfoYG/Editor/InfoYGEditorWindow.cs
  artifactKey: Guid(2d0fc8927ccd6034899f20587d64c103) Importer(2089858483,0ecaa5967403d082aa24f35e1b516d23)
Start importing Assets/PluginYourGames/Scripts/InfoYG/Editor/InfoYGEditorWindow.cs using Guid(2d0fc8927ccd6034899f20587d64c103) Importer(2089858483,0ecaa5967403d082aa24f35e1b516d23) [PhysX] Initialized MultithreadedTaskDispatcher with 8 workers.
 -> (artifact id: '009ec7e50573b52664099e97d2ad8108') in 0.029440 seconds
Number of updated asset objects reloaded before import = 0
Number of asset objects unloaded after import = 1
========================================================================
Received Import Request.
  Time since last request: 0.000048 seconds.
  path: Assets/PluginYourGames/Modules/PlayerStats/Example/Scripts/PlayerStatsExample.cs
  artifactKey: Guid(46e3d580cd5e409449a1a0039e9782da) Importer(2089858483,0ecaa5967403d082aa24f35e1b516d23)
Start importing Assets/PluginYourGames/Modules/PlayerStats/Example/Scripts/PlayerStatsExample.cs using Guid(46e3d580cd5e409449a1a0039e9782da) Importer(2089858483,0ecaa5967403d082aa24f35e1b516d23) [PhysX] Initialized MultithreadedTaskDispatcher with 8 workers.
 -> (artifact id: 'bf98065fbc63dc4f149a53edf974b349') in 0.027625 seconds
Number of updated asset objects reloaded before import = 0
Number of asset objects unloaded after import = 1
========================================================================
Received Import Request.
  Time since last request: 0.000039 seconds.
  path: Assets/PluginYourGames/Modules/Payments/Scripts/Editor/Payments_build.cs
  artifactKey: Guid(544803c8d26197347aa342bbb9950cde) Importer(2089858483,0ecaa5967403d082aa24f35e1b516d23)
Start importing Assets/PluginYourGames/Modules/Payments/Scripts/Editor/Payments_build.cs using Guid(544803c8d26197347aa342bbb9950cde) Importer(2089858483,0ecaa5967403d082aa24f35e1b516d23) [PhysX] Initialized MultithreadedTaskDispatcher with 8 workers.
 -> (artifact id: '4a8bf0af4595fece569fabd27e04903d') in 0.032255 seconds
Number of updated asset objects reloaded before import = 0
Number of asset objects unloaded after import = 1
========================================================================
Received Import Request.
  Time since last request: 0.000031 seconds.
  path: Assets/PluginYourGames/Scripts/Server/Editor/Utils/ModulesInstaller.cs
  artifactKey: Guid(3330dc68aefbda2409503ffd04841985) Importer(2089858483,0ecaa5967403d082aa24f35e1b516d23)
Start importing Assets/PluginYourGames/Scripts/Server/Editor/Utils/ModulesInstaller.cs using Guid(3330dc68aefbda2409503ffd04841985) Importer(2089858483,0ecaa5967403d082aa24f35e1b516d23) [PhysX] Initialized MultithreadedTaskDispatcher with 8 workers.
 -> (artifact id: 'e0753ab7f43fb0ce6ec25a85d8c3d81c') in 0.026779 seconds
Number of updated asset objects reloaded before import = 0
Number of asset objects unloaded after import = 1
========================================================================
Received Import Request.
  Time since last request: 0.000032 seconds.
  path: Assets/PluginYourGames/Modules/Storage/Example/Scenes/Storage.unity
  artifactKey: Guid(abb058d977e9e3241a3ae83e420d91ac) Importer(2089858483,0ecaa5967403d082aa24f35e1b516d23)
Start importing Assets/PluginYourGames/Modules/Storage/Example/Scenes/Storage.unity using Guid(abb058d977e9e3241a3ae83e420d91ac) Importer(2089858483,0ecaa5967403d082aa24f35e1b516d23) [PhysX] Initialized MultithreadedTaskDispatcher with 8 workers.
 -> (artifact id: 'd465a98519eac564124107baf82a9597') in 0.024745 seconds
Number of updated asset objects reloaded before import = 0
Number of asset objects unloaded after import = 1
========================================================================
Received Import Request.
  Time since last request: 0.000062 seconds.
  path: Assets/PluginYourGames/Platforms/YandexGames/Scripts/Editor/SyncInitSDK.cs
  artifactKey: Guid(aba1b8d40fa17024cbd11253dae65fc8) Importer(2089858483,0ecaa5967403d082aa24f35e1b516d23)
Start importing Assets/PluginYourGames/Platforms/YandexGames/Scripts/Editor/SyncInitSDK.cs using Guid(aba1b8d40fa17024cbd11253dae65fc8) Importer(2089858483,0ecaa5967403d082aa24f35e1b516d23) [PhysX] Initialized MultithreadedTaskDispatcher with 8 workers.
 -> (artifact id: '0dd0065fc580bc96ccde799afb953096') in 0.027658 seconds
Number of updated asset objects reloaded before import = 0
Number of asset objects unloaded after import = 1
========================================================================
Received Import Request.
  Time since last request: 0.000033 seconds.
  path: Assets/PluginYourGames/Platforms/YandexGames/Scripts/Editor/LogoFormat.cs
  artifactKey: Guid(149818582ab8d7d41bd5ad1b58d8d8e8) Importer(2089858483,0ecaa5967403d082aa24f35e1b516d23)
Start importing Assets/PluginYourGames/Platforms/YandexGames/Scripts/Editor/LogoFormat.cs using Guid(149818582ab8d7d41bd5ad1b58d8d8e8) Importer(2089858483,0ecaa5967403d082aa24f35e1b516d23) [PhysX] Initialized MultithreadedTaskDispatcher with 8 workers.
 -> (artifact id: '356800a1742c84c59885e9f4ddb61e2d') in 0.021026 seconds
Number of updated asset objects reloaded before import = 0
Number of asset objects unloaded after import = 1
========================================================================
Received Import Request.
  Time since last request: 0.000034 seconds.
  path: Assets/PluginYourGames/Scripts/EditorScr/Editor/Icons/Settings.png
  artifactKey: Guid(9925063d15d384e4ca964d01350a243b) Importer(2089858483,0ecaa5967403d082aa24f35e1b516d23)
Start importing Assets/PluginYourGames/Scripts/EditorScr/Editor/Icons/Settings.png using Guid(9925063d15d384e4ca964d01350a243b) Importer(2089858483,0ecaa5967403d082aa24f35e1b516d23) [PhysX] Initialized MultithreadedTaskDispatcher with 8 workers.
 -> (artifact id: '002a030a424c8253c2ef4e1989483d15') in 0.055684 seconds
Number of updated asset objects reloaded before import = 0
Number of asset objects unloaded after import = 1
========================================================================
Received Import Request.
  Time since last request: 0.000030 seconds.
  path: Assets/PluginYourGames/Modules/EnvirData/Scripts/Editor/CopyCode/EnvirData_js.js
  artifactKey: Guid(72cf57c5b2bf04b4380bc6ab48251d02) Importer(2089858483,0ecaa5967403d082aa24f35e1b516d23)
Start importing Assets/PluginYourGames/Modules/EnvirData/Scripts/Editor/CopyCode/EnvirData_js.js using Guid(72cf57c5b2bf04b4380bc6ab48251d02) Importer(2089858483,0ecaa5967403d082aa24f35e1b516d23) [PhysX] Initialized MultithreadedTaskDispatcher with 8 workers.
 -> (artifact id: 'c829ca7902b873b2f7b8cd719ee03a72') in 0.024211 seconds
Number of updated asset objects reloaded before import = 0
Number of asset objects unloaded after import = 1
========================================================================
Received Import Request.
  Time since last request: 0.000057 seconds.
  path: Assets/PluginYourGames/Modules/Storage/Scripts/Editor/Storage_build.cs
  artifactKey: Guid(636544a8f3f9db342aa36c411cc32780) Importer(2089858483,0ecaa5967403d082aa24f35e1b516d23)
Start importing Assets/PluginYourGames/Modules/Storage/Scripts/Editor/Storage_build.cs using Guid(636544a8f3f9db342aa36c411cc32780) Importer(2089858483,0ecaa5967403d082aa24f35e1b516d23) [PhysX] Initialized MultithreadedTaskDispatcher with 8 workers.
 -> (artifact id: 'b9d61cc3d04c69de83f121df9fc3845a') in 0.031979 seconds
Number of updated asset objects reloaded before import = 0
Number of asset objects unloaded after import = 1
========================================================================
Received Import Request.
  Time since last request: 0.000033 seconds.
  path: Assets/PluginYourGames/Scripts/EditorScr/Editor/BuildModify/ModifyBuild.cs
  artifactKey: Guid(a65f79c6642d5424a83a255a036bb2f4) Importer(2089858483,0ecaa5967403d082aa24f35e1b516d23)
Start importing Assets/PluginYourGames/Scripts/EditorScr/Editor/BuildModify/ModifyBuild.cs using Guid(a65f79c6642d5424a83a255a036bb2f4) Importer(2089858483,0ecaa5967403d082aa24f35e1b516d23) [PhysX] Initialized MultithreadedTaskDispatcher with 8 workers.
 -> (artifact id: '12426528c1c71bca0b847d219e09fbce') in 0.033557 seconds
Number of updated asset objects reloaded before import = 0
Number of asset objects unloaded after import = 1
========================================================================
Received Import Request.
  Time since last request: 0.000035 seconds.
  path: Assets/PluginYourGames/Scripts/EditorScr/Editor/Icons/ImageLoad.png
  artifactKey: Guid(3e718788f63bb7746b9a7a2be1e8b093) Importer(2089858483,0ecaa5967403d082aa24f35e1b516d23)
Start importing Assets/PluginYourGames/Scripts/EditorScr/Editor/Icons/ImageLoad.png using Guid(3e718788f63bb7746b9a7a2be1e8b093) Importer(2089858483,0ecaa5967403d082aa24f35e1b516d23) [PhysX] Initialized MultithreadedTaskDispatcher with 8 workers.
 -> (artifact id: '438f3da88b3d0376f7bbb07d8b6874a9') in 0.056769 seconds
Number of updated asset objects reloaded before import = 0
Number of asset objects unloaded after import = 1
========================================================================
Received Import Request.
  Time since last request: 0.000026 seconds.
  path: Assets/PluginYourGames/Scripts/EditorScr/Editor/Icons/IconPluginYG2.png
  artifactKey: Guid(10f7f7cc7c7dde5479b2ae90ac584f83) Importer(2089858483,0ecaa5967403d082aa24f35e1b516d23)
Start importing Assets/PluginYourGames/Scripts/EditorScr/Editor/Icons/IconPluginYG2.png using Guid(10f7f7cc7c7dde5479b2ae90ac584f83) Importer(2089858483,0ecaa5967403d082aa24f35e1b516d23) [PhysX] Initialized MultithreadedTaskDispatcher with 8 workers.
 -> (artifact id: 'da076f7c15946832738aca7bf000a499') in 0.050391 seconds
Number of updated asset objects reloaded before import = 0
Number of asset objects unloaded after import = 1
========================================================================
Received Import Request.
  Time since last request: 0.000034 seconds.
  path: Assets/PluginYourGames/Platforms/YandexGames/Scripts/OwnHost/OwnHost.cs
  artifactKey: Guid(325f43495031fb946b132277e419012e) Importer(2089858483,0ecaa5967403d082aa24f35e1b516d23)
Start importing Assets/PluginYourGames/Platforms/YandexGames/Scripts/OwnHost/OwnHost.cs using Guid(325f43495031fb946b132277e419012e) Importer(2089858483,0ecaa5967403d082aa24f35e1b516d23) [PhysX] Initialized MultithreadedTaskDispatcher with 8 workers.
 -> (artifact id: '9414825e65120d5ccad39faf3c02d590') in 0.018911 seconds
Number of updated asset objects reloaded before import = 0
Number of asset objects unloaded after import = 1
========================================================================
Received Import Request.
  Time since last request: 0.000033 seconds.
  path: Assets/PluginYourGames/Scripts/Server/Editor/Utils/ModulesList.cs
  artifactKey: Guid(9d05e901341089e4a82a673746e45ce5) Importer(2089858483,0ecaa5967403d082aa24f35e1b516d23)
Start importing Assets/PluginYourGames/Scripts/Server/Editor/Utils/ModulesList.cs using Guid(9d05e901341089e4a82a673746e45ce5) Importer(2089858483,0ecaa5967403d082aa24f35e1b516d23) [PhysX] Initialized MultithreadedTaskDispatcher with 8 workers.
 -> (artifact id: 'c6d51d8220a1bf908156bcd3c5411841') in 0.029004 seconds
Number of updated asset objects reloaded before import = 0
Number of asset objects unloaded after import = 1
========================================================================
Received Import Request.
  Time since last request: 0.000050 seconds.
  path: Assets/PluginYourGames/Scripts/EditorScr/Editor/Icons/TriggerYG.png
  artifactKey: Guid(5cdf66b22a9c3b24998f68ea17aa3e84) Importer(2089858483,0ecaa5967403d082aa24f35e1b516d23)
Start importing Assets/PluginYourGames/Scripts/EditorScr/Editor/Icons/TriggerYG.png using Guid(5cdf66b22a9c3b24998f68ea17aa3e84) Importer(2089858483,0ecaa5967403d082aa24f35e1b516d23) [PhysX] Initialized MultithreadedTaskDispatcher with 8 workers.
 -> (artifact id: '4feabe34d009ea83c026acc29de86399') in 0.047035 seconds
Number of updated asset objects reloaded before import = 0
Number of asset objects unloaded after import = 1
========================================================================
Received Import Request.
  Time since last request: 0.000035 seconds.
  path: Assets/PluginYourGames/Modules/Authorization/Scripts/Editor/CopyCode/Auth_js.js
  artifactKey: Guid(81e09f5ba01320943938b74903ca2f82) Importer(2089858483,0ecaa5967403d082aa24f35e1b516d23)
Start importing Assets/PluginYourGames/Modules/Authorization/Scripts/Editor/CopyCode/Auth_js.js using Guid(81e09f5ba01320943938b74903ca2f82) Importer(2089858483,0ecaa5967403d082aa24f35e1b516d23) [PhysX] Initialized MultithreadedTaskDispatcher with 8 workers.
 -> (artifact id: 'dd35fd96bc2f71dd02e0930c4f9d1e82') in 0.026035 seconds
Number of updated asset objects reloaded before import = 0
Number of asset objects unloaded after import = 1
========================================================================
Received Import Request.
  Time since last request: 0.000097 seconds.
  path: Assets/PluginYourGames/Modules/Storage/Example/Scripts/SavesDataExample.cs
  artifactKey: Guid(85578a2bcab3c32499cbb88c1d1ad4b2) Importer(2089858483,0ecaa5967403d082aa24f35e1b516d23)
Start importing Assets/PluginYourGames/Modules/Storage/Example/Scripts/SavesDataExample.cs using Guid(85578a2bcab3c32499cbb88c1d1ad4b2) Importer(2089858483,0ecaa5967403d082aa24f35e1b516d23) [PhysX] Initialized MultithreadedTaskDispatcher with 8 workers.
 -> (artifact id: '0ed449962af590e8b925864aa9a34376') in 0.030958 seconds
Number of updated asset objects reloaded before import = 0
Number of asset objects unloaded after import = 1
========================================================================
Received Import Request.
  Time since last request: 0.000025 seconds.
  path: Assets/PluginYourGames/Modules/InterstitialAdv/Scripts/TimerBeforeAds/Editor/TimerBeforeAdsYGEditor.cs
  artifactKey: Guid(8421ed7f0dda2434998166a1124615aa) Importer(2089858483,0ecaa5967403d082aa24f35e1b516d23)
Start importing Assets/PluginYourGames/Modules/InterstitialAdv/Scripts/TimerBeforeAds/Editor/TimerBeforeAdsYGEditor.cs using Guid(8421ed7f0dda2434998166a1124615aa) Importer(2089858483,0ecaa5967403d082aa24f35e1b516d23) [PhysX] Initialized MultithreadedTaskDispatcher with 8 workers.
 -> (artifact id: 'df48446cc4b99b266540f2df9feaa60a') in 0.038782 seconds
Number of updated asset objects reloaded before import = 0
Number of asset objects unloaded after import = 1
========================================================================
Received Import Request.
  Time since last request: 0.000036 seconds.
  path: Assets/PluginYourGames/Modules/Localization/Scripts/Editor/Icons/Localization.png
  artifactKey: Guid(1c02ca52afc13bc4bad3947dcde8e368) Importer(2089858483,0ecaa5967403d082aa24f35e1b516d23)
Start importing Assets/PluginYourGames/Modules/Localization/Scripts/Editor/Icons/Localization.png using Guid(1c02ca52afc13bc4bad3947dcde8e368) Importer(2089858483,0ecaa5967403d082aa24f35e1b516d23) [PhysX] Initialized MultithreadedTaskDispatcher with 8 workers.
 -> (artifact id: '3b992bd5ecdf699c0c64c6a925bf3957') in 0.045652 seconds
Number of updated asset objects reloaded before import = 0
Number of asset objects unloaded after import = 1
========================================================================
Received Import Request.
  Time since last request: 0.000461 seconds.
  path: Assets/PluginYourGames/Modules/InterstitialAdv/Scripts/Editor/Icons/InterstitialAdv.png
  artifactKey: Guid(2904e2cded3eaaa4bbe5cea7aa81e5f8) Importer(2089858483,0ecaa5967403d082aa24f35e1b516d23)
Start importing Assets/PluginYourGames/Modules/InterstitialAdv/Scripts/Editor/Icons/InterstitialAdv.png using Guid(2904e2cded3eaaa4bbe5cea7aa81e5f8) Importer(2089858483,0ecaa5967403d082aa24f35e1b516d23) [PhysX] Initialized MultithreadedTaskDispatcher with 8 workers.
 -> (artifact id: '15430faddaace43215c1fa7fb0460747') in 0.058015 seconds
Number of updated asset objects reloaded before import = 0
Number of asset objects unloaded after import = 1
========================================================================
Received Import Request.
  Time since last request: 0.000050 seconds.
  path: Assets/PluginYourGames/Modules/Storage/Scripts/Editor/Icons/Storage.png
  artifactKey: Guid(13b487b652922834bb26861d0d534ed1) Importer(2089858483,0ecaa5967403d082aa24f35e1b516d23)
Start importing Assets/PluginYourGames/Modules/Storage/Scripts/Editor/Icons/Storage.png using Guid(13b487b652922834bb26861d0d534ed1) Importer(2089858483,0ecaa5967403d082aa24f35e1b516d23) [PhysX] Initialized MultithreadedTaskDispatcher with 8 workers.
 -> (artifact id: 'af83ea4e7e4202abc2657ed61c233d40') in 0.058363 seconds
Number of updated asset objects reloaded before import = 0
Number of asset objects unloaded after import = 1
========================================================================
Received Import Request.
  Time since last request: 0.000024 seconds.
  path: Assets/PluginYourGames/Modules/PlayerStats/Scripts/Editor/CopyCode/PlayerStats_js.js
  artifactKey: Guid(e52d0fb3caa7f694e825c278a9b45e01) Importer(2089858483,0ecaa5967403d082aa24f35e1b516d23)
Start importing Assets/PluginYourGames/Modules/PlayerStats/Scripts/Editor/CopyCode/PlayerStats_js.js using Guid(e52d0fb3caa7f694e825c278a9b45e01) Importer(2089858483,0ecaa5967403d082aa24f35e1b516d23) [PhysX] Initialized MultithreadedTaskDispatcher with 8 workers.
 -> (artifact id: '0006792856b38380f058fe47bb41b24b') in 0.023294 seconds
Number of updated asset objects reloaded before import = 0
Number of asset objects unloaded after import = 1
========================================================================
Received Import Request.
  Time since last request: 0.000034 seconds.
  path: Assets/PluginYourGames/Modules/Storage/Scripts/Editor/CopyCode/CloudStorage_js.js
  artifactKey: Guid(f5c6d3122d94f464ba722732701cec8f) Importer(2089858483,0ecaa5967403d082aa24f35e1b516d23)
Start importing Assets/PluginYourGames/Modules/Storage/Scripts/Editor/CopyCode/CloudStorage_js.js using Guid(f5c6d3122d94f464ba722732701cec8f) Importer(2089858483,0ecaa5967403d082aa24f35e1b516d23) [PhysX] Initialized MultithreadedTaskDispatcher with 8 workers.
 -> (artifact id: '3ccee77afcf8a59d241d8335e65e8f0c') in 0.030186 seconds
Number of updated asset objects reloaded before import = 0
Number of asset objects unloaded after import = 1
========================================================================
Received Import Request.
  Time since last request: 0.000035 seconds.
  path: Assets/PluginYourGames/Modules/Storage/Example/Scripts/SaverTest.cs
  artifactKey: Guid(92f7f975d78c4f74f8d4ebb4c4d715fa) Importer(2089858483,0ecaa5967403d082aa24f35e1b516d23)
Start importing Assets/PluginYourGames/Modules/Storage/Example/Scripts/SaverTest.cs using Guid(92f7f975d78c4f74f8d4ebb4c4d715fa) Importer(2089858483,0ecaa5967403d082aa24f35e1b516d23) [PhysX] Initialized MultithreadedTaskDispatcher with 8 workers.
 -> (artifact id: '19f87819b403e5b56c0f46544112caa1') in 0.032196 seconds
Number of updated asset objects reloaded before import = 0
Number of asset objects unloaded after import = 1
========================================================================
Received Import Request.
  Time since last request: 0.000039 seconds.
  path: Assets/PluginYourGames/Modules/Storage/Scripts/Editor/IconEditorSaveFile.cs
  artifactKey: Guid(4aa949398ad8c2641ac6c9041d5ac242) Importer(2089858483,0ecaa5967403d082aa24f35e1b516d23)
Start importing Assets/PluginYourGames/Modules/Storage/Scripts/Editor/IconEditorSaveFile.cs using Guid(4aa949398ad8c2641ac6c9041d5ac242) Importer(2089858483,0ecaa5967403d082aa24f35e1b516d23) [PhysX] Initialized MultithreadedTaskDispatcher with 8 workers.
 -> (artifact id: 'cd71939dc0debc6a0515fd470c6a9585') in 0.023809 seconds
Number of updated asset objects reloaded before import = 0
Number of asset objects unloaded after import = 1
========================================================================
Received Import Request.
  Time since last request: 0.000032 seconds.
  path: Assets/PluginYourGames/Scripts/EditorScr/Editor/Icons/Debugging.png
  artifactKey: Guid(ca9ddac883dacb940a7630c22981f4ba) Importer(2089858483,0ecaa5967403d082aa24f35e1b516d23)
Start importing Assets/PluginYourGames/Scripts/EditorScr/Editor/Icons/Debugging.png using Guid(ca9ddac883dacb940a7630c22981f4ba) Importer(2089858483,0ecaa5967403d082aa24f35e1b516d23) [PhysX] Initialized MultithreadedTaskDispatcher with 8 workers.
 -> (artifact id: '7d410a2a14c1230a82cc8be32013e6ab') in 0.042114 seconds
Number of updated asset objects reloaded before import = 0
Number of asset objects unloaded after import = 1
========================================================================
Received Import Request.
  Time since last request: 0.000044 seconds.
  path: Assets/PluginYourGames/Modules/Authorization/Scripts/Editor/Auth_build.cs
  artifactKey: Guid(3589db19e90ec4f4c88532f05da5bf4b) Importer(2089858483,0ecaa5967403d082aa24f35e1b516d23)
Start importing Assets/PluginYourGames/Modules/Authorization/Scripts/Editor/Auth_build.cs using Guid(3589db19e90ec4f4c88532f05da5bf4b) Importer(2089858483,0ecaa5967403d082aa24f35e1b516d23) [PhysX] Initialized MultithreadedTaskDispatcher with 8 workers.
 -> (artifact id: 'a3d50e9052d1014556856f68fbf22f1c') in 0.025503 seconds
Number of updated asset objects reloaded before import = 0
Number of asset objects unloaded after import = 1
========================================================================
Received Import Request.
  Time since last request: 0.000070 seconds.
  path: Assets/PluginYourGames/Modules/RewardedAdv/Scripts/Editor/Icons/RewardedAdv.png
  artifactKey: Guid(3bc1fa7650fe0f04e906f5663e7dbf9d) Importer(2089858483,0ecaa5967403d082aa24f35e1b516d23)
Start importing Assets/PluginYourGames/Modules/RewardedAdv/Scripts/Editor/Icons/RewardedAdv.png using Guid(3bc1fa7650fe0f04e906f5663e7dbf9d) Importer(2089858483,0ecaa5967403d082aa24f35e1b516d23) [PhysX] Initialized MultithreadedTaskDispatcher with 8 workers.
 -> (artifact id: '62e8eb2fa1c8c14a61c42d21bb36dbdd') in 0.037994 seconds
Number of updated asset objects reloaded before import = 0
Number of asset objects unloaded after import = 1
========================================================================
Received Import Request.
  Time since last request: 0.000030 seconds.
  path: Assets/Audio/414673__lena-orsa__a-christmas-tale.mp3
  artifactKey: Guid(627ce79f5fd0f6546a1b0cbab1415376) Importer(2089858483,0ecaa5967403d082aa24f35e1b516d23)
Start importing Assets/Audio/414673__lena-orsa__a-christmas-tale.mp3 using Guid(627ce79f5fd0f6546a1b0cbab1415376) Importer(2089858483,0ecaa5967403d082aa24f35e1b516d23) [PhysX] Initialized MultithreadedTaskDispatcher with 8 workers.
 -> (artifact id: 'd14d961bfe87c9c3a70efc292ef77701') in 0.189062 seconds
Number of updated asset objects reloaded before import = 0
Number of asset objects unloaded after import = 1
========================================================================
Received Import Request.
  Time since last request: 0.000031 seconds.
  path: Assets/PluginYourGames/Platforms/YandexGames/Scripts/Editor/AspectRatio/AspectRatio.css
  artifactKey: Guid(907da86e09030dd49840952a7f5b5c58) Importer(2089858483,0ecaa5967403d082aa24f35e1b516d23)
Start importing Assets/PluginYourGames/Platforms/YandexGames/Scripts/Editor/AspectRatio/AspectRatio.css using Guid(907da86e09030dd49840952a7f5b5c58) Importer(2089858483,0ecaa5967403d082aa24f35e1b516d23) [PhysX] Initialized MultithreadedTaskDispatcher with 8 workers.
 -> (artifact id: 'dfb41e4bd09bcf1b438f06bc8261ec4d') in 0.026747 seconds
Number of updated asset objects reloaded before import = 0
Number of asset objects unloaded after import = 1
========================================================================
Received Import Request.
  Time since last request: 0.000092 seconds.
  path: Assets/PluginYourGames/Platforms/YandexGames/Scripts/Editor/AspectRatio/AspectRatioOnMobile.css
  artifactKey: Guid(f8b6d50b74a105e459ce613b7f143ab7) Importer(2089858483,0ecaa5967403d082aa24f35e1b516d23)
Start importing Assets/PluginYourGames/Platforms/YandexGames/Scripts/Editor/AspectRatio/AspectRatioOnMobile.css using Guid(f8b6d50b74a105e459ce613b7f143ab7) Importer(2089858483,0ecaa5967403d082aa24f35e1b516d23) [PhysX] Initialized MultithreadedTaskDispatcher with 8 workers.
 -> (artifact id: 'ecba2c1503cb97e9f441d28c2efa4d32') in 0.024581 seconds
Number of updated asset objects reloaded before import = 0
Number of asset objects unloaded after import = 1
========================================================================
Received Import Request.
  Time since last request: 0.000037 seconds.
  path: Assets/PluginYourGames/Platforms/YandexGames/Scripts/OwnHost/Editor/OwnHostEditor.cs
  artifactKey: Guid(a727d1e044f910547b5bd9439ced5c3c) Importer(2089858483,0ecaa5967403d082aa24f35e1b516d23)
Start importing Assets/PluginYourGames/Platforms/YandexGames/Scripts/OwnHost/Editor/OwnHostEditor.cs using Guid(a727d1e044f910547b5bd9439ced5c3c) Importer(2089858483,0ecaa5967403d082aa24f35e1b516d23) [PhysX] Initialized MultithreadedTaskDispatcher with 8 workers.
 -> (artifact id: '5ec5a6c6fe06a9530554a3b7c17bc4e3') in 0.033724 seconds
Number of updated asset objects reloaded before import = 0
Number of asset objects unloaded after import = 1
========================================================================
Received Import Request.
  Time since last request: 0.000033 seconds.
  path: Assets/PluginYourGames/Platforms/YandexGames/Scripts/Editor/TestLabel/TestLabel.css
  artifactKey: Guid(98c8ce0a1aa939b4cabbb7f145b166f4) Importer(2089858483,0ecaa5967403d082aa24f35e1b516d23)
Start importing Assets/PluginYourGames/Platforms/YandexGames/Scripts/Editor/TestLabel/TestLabel.css using Guid(98c8ce0a1aa939b4cabbb7f145b166f4) Importer(2089858483,0ecaa5967403d082aa24f35e1b516d23) [PhysX] Initialized MultithreadedTaskDispatcher with 8 workers.
 -> (artifact id: 'ba712d2d2c3e05a834a73834327bd6ab') in 0.023991 seconds
Number of updated asset objects reloaded before import = 0
Number of asset objects unloaded after import = 1
========================================================================
Received Import Request.
  Time since last request: 0.000063 seconds.
  path: Assets/PluginYourGames/Platforms/YandexGames/Scripts/Editor/TestLabel/TestLabel.html
  artifactKey: Guid(16c26d9eef5c2b648abd344b443a855d) Importer(2089858483,0ecaa5967403d082aa24f35e1b516d23)
Start importing Assets/PluginYourGames/Platforms/YandexGames/Scripts/Editor/TestLabel/TestLabel.html using Guid(16c26d9eef5c2b648abd344b443a855d) Importer(2089858483,0ecaa5967403d082aa24f35e1b516d23) [PhysX] Initialized MultithreadedTaskDispatcher with 8 workers.
 -> (artifact id: '03a6f8b41432c4bf12f998413fb7974c') in 0.032106 seconds
Number of updated asset objects reloaded before import = 0
Number of asset objects unloaded after import = 1
========================================================================
Received Import Request.
  Time since last request: 0.000078 seconds.
  path: Assets/Localization/UI_ru.asset
  artifactKey: Guid(e81de3fef95c2c54c97aaed5deee7594) Importer(2089858483,0ecaa5967403d082aa24f35e1b516d23)
Start importing Assets/Localization/UI_ru.asset using Guid(e81de3fef95c2c54c97aaed5deee7594) Importer(2089858483,0ecaa5967403d082aa24f35e1b516d23) [PhysX] Initialized MultithreadedTaskDispatcher with 8 workers.
 -> (artifact id: '84cdc4069e55e204af17cd5e23744f97') in 0.028476 seconds
Number of updated asset objects reloaded before import = 0
Number of asset objects unloaded after import = 2
========================================================================
Received Import Request.
  Time since last request: 0.000028 seconds.
  path: Assets/Prefabs/stonesnow.prefab
  artifactKey: Guid(39c5236a7f7b6384ea1e0e002a83355f) Importer(2089858483,0ecaa5967403d082aa24f35e1b516d23)
Start importing Assets/Prefabs/stonesnow.prefab using Guid(39c5236a7f7b6384ea1e0e002a83355f) Importer(2089858483,0ecaa5967403d082aa24f35e1b516d23) [PhysX] Initialized MultithreadedTaskDispatcher with 8 workers.
 -> (artifact id: '8d6cefb03e4ee8bd5ce2f263c6ac48d2') in 0.047753 seconds
Number of updated asset objects reloaded before import = 0
Number of asset objects unloaded after import = 21
========================================================================
Received Import Request.
  Time since last request: 0.000025 seconds.
  path: Assets/Prefabs/Variant2Explosion 1.prefab
  artifactKey: Guid(7cfeabba5db725247af6b86eba11d555) Importer(2089858483,0ecaa5967403d082aa24f35e1b516d23)
Start importing Assets/Prefabs/Variant2Explosion 1.prefab using Guid(7cfeabba5db725247af6b86eba11d555) Importer(2089858483,0ecaa5967403d082aa24f35e1b516d23) [PhysX] Initialized MultithreadedTaskDispatcher with 8 workers.
 -> (artifact id: 'a22d382ba46f5788a8dc765cc8b83faa') in 0.021169 seconds
Number of updated asset objects reloaded before import = 0
Number of asset objects unloaded after import = 19
========================================================================
Received Import Request.
  Time since last request: 0.000036 seconds.
  path: Assets/PluginYourGames/Modules/RewardedAdv/Scripts/Editor/CopyCode/RewardedAdv_js.js
  artifactKey: Guid(b18606411dde7fc45b7f98b0740152e7) Importer(2089858483,0ecaa5967403d082aa24f35e1b516d23)
Start importing Assets/PluginYourGames/Modules/RewardedAdv/Scripts/Editor/CopyCode/RewardedAdv_js.js using Guid(b18606411dde7fc45b7f98b0740152e7) Importer(2089858483,0ecaa5967403d082aa24f35e1b516d23) [PhysX] Initialized MultithreadedTaskDispatcher with 8 workers.
 -> (artifact id: '47fc88ed3fc6049ba62632f631134077') in 0.026445 seconds
Number of updated asset objects reloaded before import = 0
Number of asset objects unloaded after import = 1
========================================================================
Received Import Request.
  Time since last request: 0.000086 seconds.
  path: Assets/PluginYourGames/Scripts/EditorScr/Editor/Icons/Platform.png
  artifactKey: Guid(78704f9de18ec0d40964fd072709ecdd) Importer(2089858483,0ecaa5967403d082aa24f35e1b516d23)
Start importing Assets/PluginYourGames/Scripts/EditorScr/Editor/Icons/Platform.png using Guid(78704f9de18ec0d40964fd072709ecdd) Importer(2089858483,0ecaa5967403d082aa24f35e1b516d23) [PhysX] Initialized MultithreadedTaskDispatcher with 8 workers.
 -> (artifact id: 'e1f743ec4a144439fe6535c6624f87f9') in 0.040721 seconds
Number of updated asset objects reloaded before import = 0
Number of asset objects unloaded after import = 1
========================================================================
Received Import Request.
  Time since last request: 0.000034 seconds.
  path: Assets/Prefabs/Variant2Snow.prefab
  artifactKey: Guid(97a269fe72e0f1a41b3e04f280424260) Importer(2089858483,0ecaa5967403d082aa24f35e1b516d23)
Start importing Assets/Prefabs/Variant2Snow.prefab using Guid(97a269fe72e0f1a41b3e04f280424260) Importer(2089858483,0ecaa5967403d082aa24f35e1b516d23) [PhysX] Initialized MultithreadedTaskDispatcher with 8 workers.
 -> (artifact id: 'bfc987a44522ca95d411976e2b487da1') in 0.032967 seconds
Number of updated asset objects reloaded before import = 0
Number of asset objects unloaded after import = 43
========================================================================
Received Import Request.
  Time since last request: 0.000025 seconds.
  path: Assets/PluginYourGames/Version.txt
  artifactKey: Guid(c843f4e7c77ec6848bc78b65164de94f) Importer(2089858483,0ecaa5967403d082aa24f35e1b516d23)
Start importing Assets/PluginYourGames/Version.txt using Guid(c843f4e7c77ec6848bc78b65164de94f) Importer(2089858483,0ecaa5967403d082aa24f35e1b516d23) [PhysX] Initialized MultithreadedTaskDispatcher with 8 workers.
 -> (artifact id: 'fb034e17042d69aeaac5aa63ebbf08c3') in 0.031840 seconds
Number of updated asset objects reloaded before import = 0
Number of asset objects unloaded after import = 1
========================================================================
Received Import Request.
  Time since last request: 0.000054 seconds.
  path: Assets/Prefabs/Variant1Shit.prefab
  artifactKey: Guid(a73cf9bb56a6c4749a49b1c6866ba575) Importer(2089858483,0ecaa5967403d082aa24f35e1b516d23)
Start importing Assets/Prefabs/Variant1Shit.prefab using Guid(a73cf9bb56a6c4749a49b1c6866ba575) Importer(2089858483,0ecaa5967403d082aa24f35e1b516d23) [PhysX] Initialized MultithreadedTaskDispatcher with 8 workers.
 -> (artifact id: '874b495075854822dfdec677b9f5cf0f') in 0.034290 seconds
Number of updated asset objects reloaded before import = 0
Number of asset objects unloaded after import = 24
========================================================================
Received Import Request.
  Time since last request: 0.000036 seconds.
  path: Assets/PluginYourGames/Modules/InterstitialAdv/Example/Scripts/DebugInterstitialAdv.cs
  artifactKey: Guid(d4ce4117ad12886458a6cd220463ab89) Importer(2089858483,0ecaa5967403d082aa24f35e1b516d23)
Start importing Assets/PluginYourGames/Modules/InterstitialAdv/Example/Scripts/DebugInterstitialAdv.cs using Guid(d4ce4117ad12886458a6cd220463ab89) Importer(2089858483,0ecaa5967403d082aa24f35e1b516d23) [PhysX] Initialized MultithreadedTaskDispatcher with 8 workers.
 -> (artifact id: '6fee332492e4a28d6fb00afaa0b6f1ba') in 0.034820 seconds
Number of updated asset objects reloaded before import = 0
Number of asset objects unloaded after import = 1
========================================================================
Received Import Request.
  Time since last request: 0.000039 seconds.
  path: Assets/AddressableAssetsData/AssetGroups/Schemas/Localization-Locales_BundledAssetGroupSchema.asset
  artifactKey: Guid(a7a00e817acc3694a9608ca393e41e65) Importer(2089858483,0ecaa5967403d082aa24f35e1b516d23)
Start importing Assets/AddressableAssetsData/AssetGroups/Schemas/Localization-Locales_BundledAssetGroupSchema.asset using Guid(a7a00e817acc3694a9608ca393e41e65) Importer(2089858483,0ecaa5967403d082aa24f35e1b516d23) [PhysX] Initialized MultithreadedTaskDispatcher with 8 workers.
 -> (artifact id: '88dd13fd31d015289f4dd3e27eeb5d24') in 0.039199 seconds
Number of updated asset objects reloaded before import = 0
Number of asset objects unloaded after import = 1
========================================================================
Received Import Request.
  Time since last request: 0.000036 seconds.
  path: Assets/AddressableAssetsData/AssetGroups/Schemas/Default Local Group_BundledAssetGroupSchema.asset
  artifactKey: Guid(2be0a23ca1aa24b408a6139787027fe2) Importer(2089858483,0ecaa5967403d082aa24f35e1b516d23)
Start importing Assets/AddressableAssetsData/AssetGroups/Schemas/Default Local Group_BundledAssetGroupSchema.asset using Guid(2be0a23ca1aa24b408a6139787027fe2) Importer(2089858483,0ecaa5967403d082aa24f35e1b516d23) [PhysX] Initialized MultithreadedTaskDispatcher with 8 workers.
 -> (artifact id: 'a2f062b8a1455be8f2b7a69ed029d92a') in 0.032701 seconds
Number of updated asset objects reloaded before import = 0
Number of asset objects unloaded after import = 1
========================================================================
Received Import Request.
  Time since last request: 0.000051 seconds.
  path: Assets/PluginYourGames/Platforms/YandexGames/Scripts/Editor/ProgressBar/RoundProgressBar.css
  artifactKey: Guid(1d0c3134d0cd46c4b89869e9dc0058d2) Importer(2089858483,0ecaa5967403d082aa24f35e1b516d23)
Start importing Assets/PluginYourGames/Platforms/YandexGames/Scripts/Editor/ProgressBar/RoundProgressBar.css using Guid(1d0c3134d0cd46c4b89869e9dc0058d2) Importer(2089858483,0ecaa5967403d082aa24f35e1b516d23) [PhysX] Initialized MultithreadedTaskDispatcher with 8 workers.
 -> (artifact id: '2eda425d9aa4bfa8994ca30609569ea0') in 0.022271 seconds
Number of updated asset objects reloaded before import = 0
Number of asset objects unloaded after import = 1
========================================================================
Received Import Request.
  Time since last request: 0.000033 seconds.
  path: Assets/PluginYourGames/Scripts/EditorScr/Editor/BuildModify/BuildLog.cs
  artifactKey: Guid(41b17c27a545bc242951b1f605e78ae1) Importer(2089858483,0ecaa5967403d082aa24f35e1b516d23)
Start importing Assets/PluginYourGames/Scripts/EditorScr/Editor/BuildModify/BuildLog.cs using Guid(41b17c27a545bc242951b1f605e78ae1) Importer(2089858483,0ecaa5967403d082aa24f35e1b516d23) [PhysX] Initialized MultithreadedTaskDispatcher with 8 workers.
 -> (artifact id: 'e758d984407f5056630c217068f7ef6b') in 0.022175 seconds
Number of updated asset objects reloaded before import = 0
Number of asset objects unloaded after import = 1
========================================================================
Received Import Request.
  Time since last request: 0.000046 seconds.
  path: Assets/Prefabs/Variant1YellowSnow.prefab
  artifactKey: Guid(1144cbd670c278943b2e990b6278cef7) Importer(2089858483,0ecaa5967403d082aa24f35e1b516d23)
Start importing Assets/Prefabs/Variant1YellowSnow.prefab using Guid(1144cbd670c278943b2e990b6278cef7) Importer(2089858483,0ecaa5967403d082aa24f35e1b516d23) [PhysX] Initialized MultithreadedTaskDispatcher with 8 workers.
 -> (artifact id: '2906a7d2d28687ffe57a2bad3098003d') in 0.049314 seconds
Number of updated asset objects reloaded before import = 0
Number of asset objects unloaded after import = 26
========================================================================
Received Import Request.
  Time since last request: 0.000037 seconds.
  path: Assets/PluginYourGames/Modules/Authorization/Scripts/Editor/Icons/Authorization.png
  artifactKey: Guid(f7f61904b49993445b3e0385b563a10c) Importer(2089858483,0ecaa5967403d082aa24f35e1b516d23)
Start importing Assets/PluginYourGames/Modules/Authorization/Scripts/Editor/Icons/Authorization.png using Guid(f7f61904b49993445b3e0385b563a10c) Importer(2089858483,0ecaa5967403d082aa24f35e1b516d23) [PhysX] Initialized MultithreadedTaskDispatcher with 8 workers.
 -> (artifact id: '7406135273ad0635c2b3488532e4f0af') in 0.051630 seconds
Number of updated asset objects reloaded before import = 0
Number of asset objects unloaded after import = 1
========================================================================
Received Import Request.
  Time since last request: 0.000046 seconds.
  path: Assets/MyGame/Localization/Intro/Resources/Localization/English.txt
  artifactKey: Guid(3cf7b123eeb95a04685afb33cb07a02f) Importer(2089858483,0ecaa5967403d082aa24f35e1b516d23)
Start importing Assets/MyGame/Localization/Intro/Resources/Localization/English.txt using Guid(3cf7b123eeb95a04685afb33cb07a02f) Importer(2089858483,0ecaa5967403d082aa24f35e1b516d23) [PhysX] Initialized MultithreadedTaskDispatcher with 8 workers.
 -> (artifact id: '42d924983e19c8889457142181bcf5c7') in 0.039133 seconds
Number of updated asset objects reloaded before import = 0
Number of asset objects unloaded after import = 1
========================================================================
Received Import Request.
  Time since last request: 0.213417 seconds.
  path: Assets/Prefabs/Variant3Snow.prefab
  artifactKey: Guid(e80a8bc746c2d36418d986499839dc4a) Importer(2089858483,0ecaa5967403d082aa24f35e1b516d23)
Start importing Assets/Prefabs/Variant3Snow.prefab using Guid(e80a8bc746c2d36418d986499839dc4a) Importer(2089858483,0ecaa5967403d082aa24f35e1b516d23) [PhysX] Initialized MultithreadedTaskDispatcher with 8 workers.
 -> (artifact id: '0a2a494c514bc5270f18b3df6c68803d') in 0.048290 seconds
Number of updated asset objects reloaded before import = 0
Number of asset objects unloaded after import = 43
========================================================================
Received Import Request.
  Time since last request: 0.000028 seconds.
  path: Assets/Plugins/Demigiant/DOTween/DOTween.dll.mdb
  artifactKey: Guid(4f007001a22b3d24dae350342c4d19c8) Importer(2089858483,0ecaa5967403d082aa24f35e1b516d23)
Start importing Assets/Plugins/Demigiant/DOTween/DOTween.dll.mdb using Guid(4f007001a22b3d24dae350342c4d19c8) Importer(2089858483,0ecaa5967403d082aa24f35e1b516d23) [PhysX] Initialized MultithreadedTaskDispatcher with 8 workers.
 -> (artifact id: 'e4e1d2a37fb75335ba7d35780fc9ddaf') in 0.027222 seconds
Number of updated asset objects reloaded before import = 0
Number of asset objects unloaded after import = 1
========================================================================
Received Import Request.
  Time since last request: 0.000022 seconds.
  path: Assets/Scripts/AbilityCooldown.cs
  artifactKey: Guid(93e3007060e3b7b458c8f6d79a3bf91b) Importer(2089858483,0ecaa5967403d082aa24f35e1b516d23)
Start importing Assets/Scripts/AbilityCooldown.cs using Guid(93e3007060e3b7b458c8f6d79a3bf91b) Importer(2089858483,0ecaa5967403d082aa24f35e1b516d23) [PhysX] Initialized MultithreadedTaskDispatcher with 8 workers.
 -> (artifact id: 'c2a80b94d783f2b4a94fe9532fb9a80a') in 0.025947 seconds
Number of updated asset objects reloaded before import = 0
Number of asset objects unloaded after import = 1
========================================================================
Received Import Request.
  Time since last request: 0.000106 seconds.
  path: Assets/MyGame/Localization/Intro/AllText.txt
  artifactKey: Guid(95a55e3bece73ac4489a8c22f79f0f95) Importer(2089858483,0ecaa5967403d082aa24f35e1b516d23)
Start importing Assets/MyGame/Localization/Intro/AllText.txt using Guid(95a55e3bece73ac4489a8c22f79f0f95) Importer(2089858483,0ecaa5967403d082aa24f35e1b516d23) [PhysX] Initialized MultithreadedTaskDispatcher with 8 workers.
 -> (artifact id: 'd88095de389c12755d68e92797a97353') in 0.039600 seconds
Number of updated asset objects reloaded before import = 0
Number of asset objects unloaded after import = 1
========================================================================
Received Import Request.
  Time since last request: 0.000028 seconds.
  path: Assets/Prefabs/Variant3YellowSnow.prefab
  artifactKey: Guid(8226813f3d36d6e40a1df4842ad0b538) Importer(2089858483,0ecaa5967403d082aa24f35e1b516d23)
Start importing Assets/Prefabs/Variant3YellowSnow.prefab using Guid(8226813f3d36d6e40a1df4842ad0b538) Importer(2089858483,0ecaa5967403d082aa24f35e1b516d23) [PhysX] Initialized MultithreadedTaskDispatcher with 8 workers.
 -> (artifact id: 'b56f9bbb2d5a71c3c1e1fce41502b07a') in 0.033474 seconds
Number of updated asset objects reloaded before import = 0
Number of asset objects unloaded after import = 26
========================================================================
Received Import Request.
  Time since last request: 0.000035 seconds.
  path: Assets/Scenes/Shop.unity
  artifactKey: Guid(ab55207852c76f242b47221c2e01f03f) Importer(2089858483,0ecaa5967403d082aa24f35e1b516d23)
Start importing Assets/Scenes/Shop.unity using Guid(ab55207852c76f242b47221c2e01f03f) Importer(2089858483,0ecaa5967403d082aa24f35e1b516d23) [PhysX] Initialized MultithreadedTaskDispatcher with 8 workers.
 -> (artifact id: '45100572a41a15b32bccbb4b48b62cde') in 0.019215 seconds
Number of updated asset objects reloaded before import = 0
Number of asset objects unloaded after import = 1
========================================================================
Received Import Request.
  Time since last request: 0.796717 seconds.
  path: Assets/Scripts/Player.cs
  artifactKey: Guid(923790ac3374f144e996c8886fa32d16) Importer(2089858483,0ecaa5967403d082aa24f35e1b516d23)
Start importing Assets/Scripts/Player.cs using Guid(923790ac3374f144e996c8886fa32d16) Importer(2089858483,0ecaa5967403d082aa24f35e1b516d23) [PhysX] Initialized MultithreadedTaskDispatcher with 8 workers.
 -> (artifact id: '3339d4cf4f614879ef3cd0ae570a1d6d') in 0.021544 seconds
Number of updated asset objects reloaded before import = 0
Number of asset objects unloaded after import = 1
========================================================================
Received Import Request.
  Time since last request: 0.000096 seconds.
  path: Assets/PluginYourGames/Modules/RewardedAdv/Version.txt
  artifactKey: Guid(585f9dfbc30e59043b243cfd87a8c3d6) Importer(2089858483,0ecaa5967403d082aa24f35e1b516d23)
Start importing Assets/PluginYourGames/Modules/RewardedAdv/Version.txt using Guid(585f9dfbc30e59043b243cfd87a8c3d6) Importer(2089858483,0ecaa5967403d082aa24f35e1b516d23) [PhysX] Initialized MultithreadedTaskDispatcher with 8 workers.
 -> (artifact id: 'f4cedb8ee57969f648b5bae915b0b253') in 0.028876 seconds
Number of updated asset objects reloaded before import = 0
Number of asset objects unloaded after import = 1
========================================================================
Received Import Request.
  Time since last request: 0.000032 seconds.
  path: Assets/PluginYourGames/Platforms/YandexGames/Version.txt
  artifactKey: Guid(01e943773b7fe024daf84b056cc4f390) Importer(2089858483,0ecaa5967403d082aa24f35e1b516d23)
Start importing Assets/PluginYourGames/Platforms/YandexGames/Version.txt using Guid(01e943773b7fe024daf84b056cc4f390) Importer(2089858483,0ecaa5967403d082aa24f35e1b516d23) [PhysX] Initialized MultithreadedTaskDispatcher with 8 workers.
 -> (artifact id: '9bc968747f86970e4880d2ab0370648f') in 0.028349 seconds
Number of updated asset objects reloaded before import = 0
Number of asset objects unloaded after import = 1
========================================================================
Received Import Request.
  Time since last request: 0.919033 seconds.
  path: Assets/Sprites/Blue_candy_restart_button_.png
  artifactKey: Guid(a57b43c5c29a7d5408213f9070959335) Importer(2089858483,0ecaa5967403d082aa24f35e1b516d23)
Start importing Assets/Sprites/Blue_candy_restart_button_.png using Guid(a57b43c5c29a7d5408213f9070959335) Importer(2089858483,0ecaa5967403d082aa24f35e1b516d23) [PhysX] Initialized MultithreadedTaskDispatcher with 8 workers.
 -> (artifact id: '16ded0764c0259626a4ed23dfcd916df') in 0.031757 seconds
Number of updated asset objects reloaded before import = 0
Number of asset objects unloaded after import = 3
========================================================================
Received Import Request.
  Time since last request: 0.000020 seconds.
  path: Assets/PluginYourGames/Scripts/InfoYG/SimulationSettings.cs
  artifactKey: Guid(3644aa0f54b8e2743a60f6bef7bf9ed9) Importer(2089858483,0ecaa5967403d082aa24f35e1b516d23)
Start importing Assets/PluginYourGames/Scripts/InfoYG/SimulationSettings.cs using Guid(3644aa0f54b8e2743a60f6bef7bf9ed9) Importer(2089858483,0ecaa5967403d082aa24f35e1b516d23) [PhysX] Initialized MultithreadedTaskDispatcher with 8 workers.
 -> (artifact id: '7cecff9ebfc5c8becbd4da651fadfbf5') in 0.024255 seconds
Number of updated asset objects reloaded before import = 0
Number of asset objects unloaded after import = 1
========================================================================
Received Import Request.
  Time since last request: 0.000030 seconds.
  path: Assets/PluginYourGames/Scripts/Utils/JsonYG.cs
  artifactKey: Guid(d49552a7a11f99240a5690b38f0931f4) Importer(2089858483,0ecaa5967403d082aa24f35e1b516d23)
Start importing Assets/PluginYourGames/Scripts/Utils/JsonYG.cs using Guid(d49552a7a11f99240a5690b38f0931f4) Importer(2089858483,0ecaa5967403d082aa24f35e1b516d23) [PhysX] Initialized MultithreadedTaskDispatcher with 8 workers.
 -> (artifact id: 'c43a7a46e4e767508b96000c76f778cd') in 0.021600 seconds
Number of updated asset objects reloaded before import = 0
Number of asset objects unloaded after import = 1
========================================================================
Received Import Request.
  Time since last request: 0.000029 seconds.
  path: Assets/TextMesh Pro/Fonts/static/Nunito-BlackItalic.ttf
  artifactKey: Guid(3b68ee4df85efd540aea5bd1fce22928) Importer(2089858483,0ecaa5967403d082aa24f35e1b516d23)
Start importing Assets/TextMesh Pro/Fonts/static/Nunito-BlackItalic.ttf using Guid(3b68ee4df85efd540aea5bd1fce22928) Importer(2089858483,0ecaa5967403d082aa24f35e1b516d23) [PhysX] Initialized MultithreadedTaskDispatcher with 8 workers.
 -> (artifact id: '18796741a7fbcc8be0c6d5210c5aa097') in 0.040880 seconds
Number of updated asset objects reloaded before import = 0
Number of asset objects unloaded after import = 3
========================================================================
Received Import Request.
  Time since last request: 0.000023 seconds.
  path: Assets/PluginYourGames/Scripts/Other/PauseGameYG.cs
  artifactKey: Guid(7a5b227a20855044e9f75626696e0719) Importer(2089858483,0ecaa5967403d082aa24f35e1b516d23)
Start importing Assets/PluginYourGames/Scripts/Other/PauseGameYG.cs using Guid(7a5b227a20855044e9f75626696e0719) Importer(2089858483,0ecaa5967403d082aa24f35e1b516d23) [PhysX] Initialized MultithreadedTaskDispatcher with 8 workers.
 -> (artifact id: 'aaa77273a7edcebf8cf9808e4838f66b') in 0.023110 seconds
Number of updated asset objects reloaded before import = 0
Number of asset objects unloaded after import = 1
========================================================================
Received Import Request.
  Time since last request: 0.000052 seconds.
  path: Assets/TextMesh Pro/Fonts/static/Nunito-Bold SDF.asset
  artifactKey: Guid(ccac4aba5367db343941ada0523a8581) Importer(2089858483,0ecaa5967403d082aa24f35e1b516d23)
Start importing Assets/TextMesh Pro/Fonts/static/Nunito-Bold SDF.asset using Guid(ccac4aba5367db343941ada0523a8581) Importer(2089858483,0ecaa5967403d082aa24f35e1b516d23) [PhysX] Initialized MultithreadedTaskDispatcher with 8 workers.
 -> (artifact id: 'f43460c183fb7816d293304a9299043f') in 0.472001 seconds
Number of updated asset objects reloaded before import = 0
Number of asset objects unloaded after import = 5
========================================================================
Received Prepare
Refreshing native plugins compatible for Editor in 17.27 ms, found 2 plugins.
Preloading 0 native plugins for Editor in 0.00 ms.
Unloading 0 Unused Serialized files (Serialized files now loaded: 0)
Unloading 6 unused Assets / (4.8 KB). Loaded Objects now: 4587.
Memory consumption went from 83.0 MB to 83.0 MB.
Total: 16.392300 ms (FindLiveObjects: 0.411100 ms CreateObjectMapping: 0.321200 ms MarkObjects: 15.599600 ms  DeleteObjects: 0.058700 ms)

Prepare: number of updated asset objects reloaded= 0
AssetImportParameters requested are different than current active one (requested -> active):
  custom:container-demuxer-ogg: 62fdf1f143b41e24485cea50d1cbac27 -> 
  custom:video-decoder-ogg-theora: a1e56fd34408186e4bbccfd4996cb3dc -> 
  custom:framework-win-MediaFoundation: 216162199b28c13a410421893ffa2e32 -> 
  custom:CustomObjectIndexerAttribute: 9a22284fe3817be447336de3de66b15e -> 
  custom:scripting/monoscript/fileName/GetEnvirData.cs: 606691644bdf7ecd10bb4ebc495c19c8 -> 
  custom:scripting/monoscript/fileName/EnvirData_build.cs: f736887ffe20da6261346a3c69102d4a -> 
  custom:scripting/monoscript/fileName/EnvirData_yg.cs: 3bb54dc4b67a3b540b92ca7af113e256 -> 
  custom:container-demuxer-webm: 4f35f7cbe854078d1ac9338744f61a02 -> 
  custom:container-muxer-webm: aa71ff27fc2769a1b78a27578f13a17b -> 
  custom:video-decoder-webm-vp8: 9c59270c3fd7afecdb556c50c9e8de78 -> 
  custom:SearchIndexIgnoredProperties: e643bd26f0fe6173181afceb89e7c659 -> 
  custom:AudioImporter_EditorPlatform: d09bf68614088b80899f8185d706f6e7 -> 
  custom:scripting/monoscript/fileName/KeyPressAnimation.cs: fc9b01ea31c12afb286dc2cd37a6e098 -> 
  custom:scripting/monoscript/fileName/EnvirData_interface.cs: 15db51baa12205348d10443220bc41a9 -> 
  custom:scripting/monoscript/fileName/EnvirData_yandexPlatform.cs: f24044aced27dadaa5f6f6a76e01f239 -> 
  custom:video-encoder-webm-vp8: eb34c28f22e8b96e1ab97ce403110664 -> 
  custom:graphics/hdr-cubemap-encoding: 01000000000000000000000000000000 -> 02000000000000000000000000000000
  custom:audio-decoder-ogg-vorbis: bf7c407c2cedff20999df2af8eb42d56 -> 
  custom:audio-encoder-webm-vorbis: bf7c407c2cedff20999df2af8eb42d56 -> 
  custom:scripting/precompiled-assembly-types:Assembly-CSharp-Editor: 71f3420967b037f8ff02a018ff7ef66c -> ddefecc5e32c82550f9b70692fb0a631
  custom:scripting/precompiled-assembly-types:Assembly-CSharp: 9fb413334a5d09436282d6ae84b3c0fd -> 487e516f97377eda8305839caa2d70fb
========================================================================
Received Prepare
Caller must complete domain reload
Begin MonoManager ReloadAssembly
Symbol file LoadedFromMemory is not a mono symbol file
- Loaded All Assemblies, in  3.113 seconds
Native extension for WindowsStandalone target not found
Native extension for iOS target not found
Native extension for Android target not found
Native extension for WebGL target not found
Asset Pipeline Refresh (id=4a43990495868ad438749c263372e970): Total: 0.000 seconds - Initiated by StopAssetImportingV2(NoUpdateAssetOptions)
[ScriptCompilation] NOT recompiling all scripts because this is an import worker process. Reason to compile was: Define symbols changed
[ScriptCompilation] NOT recompiling all scripts because this is an import worker process. Reason to compile was: Define symbols changed
Mono: successfully reloaded assembly
- Finished resetting the current domain, in  2.822 seconds
Domain Reload Profiling: 5933ms
	BeginReloadAssembly (1767ms)
		ExecutionOrderSort (0ms)
		DisableScriptedObjects (15ms)
		BackupInstance (0ms)
		ReleaseScriptingObjects (0ms)
		CreateAndSetChildDomain (92ms)
	RebuildCommonClasses (185ms)
	RebuildNativeTypeToScriptingClass (107ms)
	initialDomainReloadingComplete (106ms)
	LoadAllAssembliesAndSetupDomain (945ms)
		LoadAssemblies (981ms)
		RebuildTransferFunctionScriptingTraits (0ms)
		AnalyzeDomain (247ms)
			TypeCache.Refresh (196ms)
				TypeCache.ScanAssembly (163ms)
			ScanForSourceGeneratedMonoScriptInfo (41ms)
			ResolveRequiredComponents (9ms)
	FinalizeReload (2823ms)
		ReleaseScriptCaches (0ms)
		RebuildScriptCaches (0ms)
		SetupLoadedEditorAssemblies (1152ms)
			LogAssemblyErrors (0ms)
			InitializePlatformSupportModulesInManaged (49ms)
			SetLoadedEditorAssemblies (6ms)
			RefreshPlugins (0ms)
			BeforeProcessingInitializeOnLoad (114ms)
			ProcessInitializeOnLoadAttributes (632ms)
			ProcessInitializeOnLoadMethodAttributes (340ms)
			AfterProcessingInitializeOnLoad (11ms)
			EditorAssembliesLoaded (0ms)
		ExecutionOrderSort2 (0ms)
		AwakeInstancesAfterBackupRestoration (13ms)
Refreshing native plugins compatible for Editor in 17.51 ms, found 2 plugins.
Preloading 0 native plugins for Editor in 0.00 ms.
Unloading 3840 Unused Serialized files (Serialized files now loaded: 0)
Unloading 16 unused Assets / (27.5 KB). Loaded Objects now: 4590.
Memory consumption went from 140.8 MB to 140.8 MB.
Total: 20.916900 ms (FindLiveObjects: 0.608100 ms CreateObjectMapping: 0.444400 ms MarkObjects: 19.804000 ms  DeleteObjects: 0.058800 ms)

Prepare: number of updated asset objects reloaded= 0
AssetImportParameters requested are different than current active one (requested -> active):
  custom:container-demuxer-ogg: 62fdf1f143b41e24485cea50d1cbac27 -> 
  custom:video-decoder-ogg-theora: a1e56fd34408186e4bbccfd4996cb3dc -> 
  custom:framework-win-MediaFoundation: 216162199b28c13a410421893ffa2e32 -> 
  custom:CustomObjectIndexerAttribute: 9a22284fe3817be447336de3de66b15e -> 
  custom:scripting/monoscript/fileName/GetEnvirData.cs: 606691644bdf7ecd10bb4ebc495c19c8 -> 
  custom:scripting/monoscript/fileName/EnvirData_build.cs: f736887ffe20da6261346a3c69102d4a -> 
  custom:scripting/monoscript/fileName/EnvirData_yg.cs: 3bb54dc4b67a3b540b92ca7af113e256 -> 
  custom:container-demuxer-webm: 4f35f7cbe854078d1ac9338744f61a02 -> 
  custom:container-muxer-webm: aa71ff27fc2769a1b78a27578f13a17b -> 
  custom:video-decoder-webm-vp8: 9c59270c3fd7afecdb556c50c9e8de78 -> 
  custom:SearchIndexIgnoredProperties: e643bd26f0fe6173181afceb89e7c659 -> 
  custom:AudioImporter_EditorPlatform: d09bf68614088b80899f8185d706f6e7 -> 
  custom:scripting/monoscript/fileName/KeyPressAnimation.cs: fc9b01ea31c12afb286dc2cd37a6e098 -> 
  custom:scripting/monoscript/fileName/EnvirData_interface.cs: 15db51baa12205348d10443220bc41a9 -> 
  custom:scripting/monoscript/fileName/EnvirData_yandexPlatform.cs: f24044aced27dadaa5f6f6a76e01f239 -> 
  custom:video-encoder-webm-vp8: eb34c28f22e8b96e1ab97ce403110664 -> 
  custom:graphics/hdr-cubemap-encoding: 01000000000000000000000000000000 -> 02000000000000000000000000000000
  custom:audio-decoder-ogg-vorbis: bf7c407c2cedff20999df2af8eb42d56 -> 
  custom:audio-encoder-webm-vorbis: bf7c407c2cedff20999df2af8eb42d56 -> 
  custom:scripting/precompiled-assembly-types:Assembly-CSharp-Editor: 71f3420967b037f8ff02a018ff7ef66c -> ddefecc5e32c82550f9b70692fb0a631
  custom:scripting/precompiled-assembly-types:Assembly-CSharp: 9fb413334a5d09436282d6ae84b3c0fd -> 487e516f97377eda8305839caa2d70fb
========================================================================
Received Prepare
Refreshing native plugins compatible for Editor in 17.28 ms, found 2 plugins.
Preloading 0 native plugins for Editor in 0.00 ms.
Unloading 1 Unused Serialized files (Serialized files now loaded: 0)
Unloading 1 unused Assets / (3.1 KB). Loaded Objects now: 4590.
Memory consumption went from 81.3 MB to 81.3 MB.
Total: 8.897400 ms (FindLiveObjects: 0.459000 ms CreateObjectMapping: 0.335000 ms MarkObjects: 8.071700 ms  DeleteObjects: 0.030100 ms)

Prepare: number of updated asset objects reloaded= 0
AssetImportParameters requested are different than current active one (requested -> active):
  custom:container-demuxer-ogg: 62fdf1f143b41e24485cea50d1cbac27 -> 
  custom:video-decoder-ogg-theora: a1e56fd34408186e4bbccfd4996cb3dc -> 
  custom:framework-win-MediaFoundation: 216162199b28c13a410421893ffa2e32 -> 
  custom:CustomObjectIndexerAttribute: 9a22284fe3817be447336de3de66b15e -> 
  custom:scripting/monoscript/fileName/GetEnvirData.cs: 606691644bdf7ecd10bb4ebc495c19c8 -> 
  custom:scripting/monoscript/fileName/EnvirData_build.cs: f736887ffe20da6261346a3c69102d4a -> 
  custom:scripting/monoscript/fileName/EnvirData_yg.cs: 3bb54dc4b67a3b540b92ca7af113e256 -> 
  custom:container-demuxer-webm: 4f35f7cbe854078d1ac9338744f61a02 -> 
  custom:container-muxer-webm: aa71ff27fc2769a1b78a27578f13a17b -> 
  custom:video-decoder-webm-vp8: 9c59270c3fd7afecdb556c50c9e8de78 -> 
  custom:SearchIndexIgnoredProperties: e643bd26f0fe6173181afceb89e7c659 -> 
  custom:AudioImporter_EditorPlatform: d09bf68614088b80899f8185d706f6e7 -> 
  custom:scripting/monoscript/fileName/KeyPressAnimation.cs: fc9b01ea31c12afb286dc2cd37a6e098 -> 
  custom:scripting/monoscript/fileName/EnvirData_interface.cs: 15db51baa12205348d10443220bc41a9 -> 
  custom:scripting/monoscript/fileName/EnvirData_yandexPlatform.cs: f24044aced27dadaa5f6f6a76e01f239 -> 
  custom:video-encoder-webm-vp8: eb34c28f22e8b96e1ab97ce403110664 -> 
  custom:audio-decoder-ogg-vorbis: bf7c407c2cedff20999df2af8eb42d56 -> 
  custom:audio-encoder-webm-vorbis: bf7c407c2cedff20999df2af8eb42d56 -> 
  custom:scripting/precompiled-assembly-types:Assembly-CSharp-Editor: 71f3420967b037f8ff02a018ff7ef66c -> ddefecc5e32c82550f9b70692fb0a631
  custom:scripting/precompiled-assembly-types:Assembly-CSharp: 9fb413334a5d09436282d6ae84b3c0fd -> 487e516f97377eda8305839caa2d70fb
========================================================================
Received Import Request.
  Time since last request: 3094.438130 seconds.
  path: Assets/SpritesNew/Безымянный-10004 (2).png
  artifactKey: Guid(1aab17e10f3f6774997899d1f5675924) Importer(815301076,1909f56bfc062723c751e8b465ee728b)
Start importing Assets/SpritesNew/Безымянный-10004 (2).png using Guid(1aab17e10f3f6774997899d1f5675924) Importer(815301076,1909f56bfc062723c751e8b465ee728b) [PhysX] Initialized MultithreadedTaskDispatcher with 8 workers.
[PhysX] Initialized MultithreadedTaskDispatcher with 8 workers.
 -> (artifact id: 'f4798c79fb1082be157bef328957eaab') in 0.460796 seconds
Number of updated asset objects reloaded before import = 0
Number of asset objects unloaded after import = 3
========================================================================
Received Import Request.
  Time since last request: 0.000192 seconds.
  path: Assets/SpritesNew/Безымянный-10030.png
  artifactKey: Guid(a7a6662d3429b6640963f63a0d7aa7e1) Importer(815301076,1909f56bfc062723c751e8b465ee728b)
Start importing Assets/SpritesNew/Безымянный-10030.png using Guid(a7a6662d3429b6640963f63a0d7aa7e1) Importer(815301076,1909f56bfc062723c751e8b465ee728b) [PhysX] Initialized MultithreadedTaskDispatcher with 8 workers.
[PhysX] Initialized MultithreadedTaskDispatcher with 8 workers.
 -> (artifact id: '276c12cf8ea5068f77d648c35fac9afa') in 0.035744 seconds
Number of updated asset objects reloaded before import = 0
Number of asset objects unloaded after import = 3
========================================================================
Received Import Request.
  Time since last request: 0.000049 seconds.
  path: Assets/SpritesNew/Безымянный-10040.png
  artifactKey: Guid(c3e401695e691bc49867f62306d92b11) Importer(815301076,1909f56bfc062723c751e8b465ee728b)
Start importing Assets/SpritesNew/Безымянный-10040.png using Guid(c3e401695e691bc49867f62306d92b11) Importer(815301076,1909f56bfc062723c751e8b465ee728b) [PhysX] Initialized MultithreadedTaskDispatcher with 8 workers.
[PhysX] Initialized MultithreadedTaskDispatcher with 8 workers.
 -> (artifact id: '291fde756acd694c6a4108684aa6c517') in 0.036330 seconds
Number of updated asset objects reloaded before import = 0
Number of asset objects unloaded after import = 3
========================================================================
Received Import Request.
  Time since last request: 0.000364 seconds.
  path: Assets/SpritesNew/Безымянный-10034.png
  artifactKey: Guid(e30994c44e96cfa47a0021bf58a67dc0) Importer(815301076,1909f56bfc062723c751e8b465ee728b)
Start importing Assets/SpritesNew/Безымянный-10034.png using Guid(e30994c44e96cfa47a0021bf58a67dc0) Importer(815301076,1909f56bfc062723c751e8b465ee728b) [PhysX] Initialized MultithreadedTaskDispatcher with 8 workers.
[PhysX] Initialized MultithreadedTaskDispatcher with 8 workers.
 -> (artifact id: 'd96120d2c43fc67ddc1c15681946a2da') in 0.034820 seconds
Number of updated asset objects reloaded before import = 0
Number of asset objects unloaded after import = 3
========================================================================
Received Import Request.
  Time since last request: 0.000043 seconds.
  path: Assets/SpritesNew/Безымянный-10047.png
  artifactKey: Guid(62cd98f9562951747a99a5ad9fbded09) Importer(815301076,1909f56bfc062723c751e8b465ee728b)
Start importing Assets/SpritesNew/Безымянный-10047.png using Guid(62cd98f9562951747a99a5ad9fbded09) Importer(815301076,1909f56bfc062723c751e8b465ee728b) [PhysX] Initialized MultithreadedTaskDispatcher with 8 workers.
[PhysX] Initialized MultithreadedTaskDispatcher with 8 workers.
 -> (artifact id: '869830ffec4556fbb537e85f30baad0f') in 0.049167 seconds
Number of updated asset objects reloaded before import = 0
Number of asset objects unloaded after import = 3
========================================================================
Received Import Request.
  Time since last request: 0.000022 seconds.
  path: Assets/SpritesNew/Безымянный-10037.png
  artifactKey: Guid(a02a71f29c814494385b4ca8faded181) Importer(815301076,1909f56bfc062723c751e8b465ee728b)
Start importing Assets/SpritesNew/Безымянный-10037.png using Guid(a02a71f29c814494385b4ca8faded181) Importer(815301076,1909f56bfc062723c751e8b465ee728b) [PhysX] Initialized MultithreadedTaskDispatcher with 8 workers.
[PhysX] Initialized MultithreadedTaskDispatcher with 8 workers.
 -> (artifact id: 'e6c7dbd2acb8d11726ca279b5c430690') in 0.036728 seconds
Number of updated asset objects reloaded before import = 0
Number of asset objects unloaded after import = 3
========================================================================
Received Import Request.
  Time since last request: 0.000022 seconds.
  path: Assets/SpritesNew/Безымянный-10048.png
  artifactKey: Guid(0e6cb27672c7e9045b1ed95fdc81d83a) Importer(815301076,1909f56bfc062723c751e8b465ee728b)
Start importing Assets/SpritesNew/Безымянный-10048.png using Guid(0e6cb27672c7e9045b1ed95fdc81d83a) Importer(815301076,1909f56bfc062723c751e8b465ee728b) [PhysX] Initialized MultithreadedTaskDispatcher with 8 workers.
[PhysX] Initialized MultithreadedTaskDispatcher with 8 workers.
 -> (artifact id: '598033d0e88b32759455b875c3f70830') in 0.027167 seconds
Number of updated asset objects reloaded before import = 0
Number of asset objects unloaded after import = 3
========================================================================
Received Import Request.
  Time since last request: 0.000026 seconds.
  path: Assets/SpritesNew/Безымянный-10032.png
  artifactKey: Guid(c7bad786c301b944386a223908b3cc7a) Importer(815301076,1909f56bfc062723c751e8b465ee728b)
Start importing Assets/SpritesNew/Безымянный-10032.png using Guid(c7bad786c301b944386a223908b3cc7a) Importer(815301076,1909f56bfc062723c751e8b465ee728b) [PhysX] Initialized MultithreadedTaskDispatcher with 8 workers.
[PhysX] Initialized MultithreadedTaskDispatcher with 8 workers.
 -> (artifact id: '8043874741a10450c114083ed8e7adcb') in 0.027888 seconds
Number of updated asset objects reloaded before import = 0
Number of asset objects unloaded after import = 3
========================================================================
Received Import Request.
  Time since last request: 0.000135 seconds.
  path: Assets/SpritesNew/Безымянный-10014.png
  artifactKey: Guid(07a256663db18e647a90babc41650d3c) Importer(815301076,1909f56bfc062723c751e8b465ee728b)
Start importing Assets/SpritesNew/Безымянный-10014.png using Guid(07a256663db18e647a90babc41650d3c) Importer(815301076,1909f56bfc062723c751e8b465ee728b) [PhysX] Initialized MultithreadedTaskDispatcher with 8 workers.
[PhysX] Initialized MultithreadedTaskDispatcher with 8 workers.
 -> (artifact id: '046681817b80ab0b08c73cb5fff55901') in 0.035775 seconds
Number of updated asset objects reloaded before import = 0
Number of asset objects unloaded after import = 3
========================================================================
Received Import Request.
  Time since last request: 0.000038 seconds.
  path: Assets/SpritesNew/Безымянный-10019.png
  artifactKey: Guid(a8a5c6dc53a4b0543ab6b03944d111dd) Importer(815301076,1909f56bfc062723c751e8b465ee728b)
Start importing Assets/SpritesNew/Безымянный-10019.png using Guid(a8a5c6dc53a4b0543ab6b03944d111dd) Importer(815301076,1909f56bfc062723c751e8b465ee728b) [PhysX] Initialized MultithreadedTaskDispatcher with 8 workers.
[PhysX] Initialized MultithreadedTaskDispatcher with 8 workers.
 -> (artifact id: 'dacde1b7f7536f16402a0f1cf56fc291') in 0.032129 seconds
Number of updated asset objects reloaded before import = 0
Number of asset objects unloaded after import = 3
========================================================================
Received Import Request.
  Time since last request: 0.000029 seconds.
  path: Assets/SpritesNew/Безымянный-10042.png
  artifactKey: Guid(5b83afb49cda04d4e8414082b05cb0a4) Importer(815301076,1909f56bfc062723c751e8b465ee728b)
Start importing Assets/SpritesNew/Безымянный-10042.png using Guid(5b83afb49cda04d4e8414082b05cb0a4) Importer(815301076,1909f56bfc062723c751e8b465ee728b) [PhysX] Initialized MultithreadedTaskDispatcher with 8 workers.
[PhysX] Initialized MultithreadedTaskDispatcher with 8 workers.
 -> (artifact id: 'cc87c8e8588f083dbf1bd3567892e26b') in 0.033458 seconds
Number of updated asset objects reloaded before import = 0
Number of asset objects unloaded after import = 3
========================================================================
Received Import Request.
  Time since last request: 0.000033 seconds.
  path: Assets/SpritesNew/Безымянный-10043.png
  artifactKey: Guid(20c37ff737ff039449c0e27daff90cbd) Importer(815301076,1909f56bfc062723c751e8b465ee728b)
Start importing Assets/SpritesNew/Безымянный-10043.png using Guid(20c37ff737ff039449c0e27daff90cbd) Importer(815301076,1909f56bfc062723c751e8b465ee728b) [PhysX] Initialized MultithreadedTaskDispatcher with 8 workers.
[PhysX] Initialized MultithreadedTaskDispatcher with 8 workers.
 -> (artifact id: '2158871dfb5d154d1c53ec46b737a58d') in 0.026000 seconds
Number of updated asset objects reloaded before import = 0
Number of asset objects unloaded after import = 3
========================================================================
Received Import Request.
  Time since last request: 0.000025 seconds.
  path: Assets/SpritesNew/Безымянный-10022.png
  artifactKey: Guid(c3aff03c363263b49b755342749df4fb) Importer(815301076,1909f56bfc062723c751e8b465ee728b)
Start importing Assets/SpritesNew/Безымянный-10022.png using Guid(c3aff03c363263b49b755342749df4fb) Importer(815301076,1909f56bfc062723c751e8b465ee728b) [PhysX] Initialized MultithreadedTaskDispatcher with 8 workers.
[PhysX] Initialized MultithreadedTaskDispatcher with 8 workers.
 -> (artifact id: '629a12a9b91e23632d31caeadd79badf') in 0.026932 seconds
Number of updated asset objects reloaded before import = 0
Number of asset objects unloaded after import = 3
========================================================================
Received Import Request.
  Time since last request: 0.000035 seconds.
  path: Assets/SpritesNew/Безымянный-10021.png
  artifactKey: Guid(0f9abecf2e28a5148a76a620a52e2adb) Importer(815301076,1909f56bfc062723c751e8b465ee728b)
Start importing Assets/SpritesNew/Безымянный-10021.png using Guid(0f9abecf2e28a5148a76a620a52e2adb) Importer(815301076,1909f56bfc062723c751e8b465ee728b) [PhysX] Initialized MultithreadedTaskDispatcher with 8 workers.
[PhysX] Initialized MultithreadedTaskDispatcher with 8 workers.
 -> (artifact id: 'b606afced2d5822a8dd00c2903ba9e0a') in 0.024489 seconds
Number of updated asset objects reloaded before import = 0
Number of asset objects unloaded after import = 3
========================================================================
Received Import Request.
  Time since last request: 0.000023 seconds.
  path: Assets/SpritesNew/Безымянный-10023.png
  artifactKey: Guid(a182331592ee66e4fa4b93e4e5ffef8f) Importer(815301076,1909f56bfc062723c751e8b465ee728b)
Start importing Assets/SpritesNew/Безымянный-10023.png using Guid(a182331592ee66e4fa4b93e4e5ffef8f) Importer(815301076,1909f56bfc062723c751e8b465ee728b) [PhysX] Initialized MultithreadedTaskDispatcher with 8 workers.
[PhysX] Initialized MultithreadedTaskDispatcher with 8 workers.
 -> (artifact id: 'c46be4e4a148a21d832407914e25124b') in 0.022491 seconds
Number of updated asset objects reloaded before import = 0
Number of asset objects unloaded after import = 3
========================================================================
Received Import Request.
  Time since last request: 0.000023 seconds.
  path: Assets/SpritesNew/Безымянный-10007 (2).png
  artifactKey: Guid(c8767bd6e193fea4994736e60646c124) Importer(815301076,1909f56bfc062723c751e8b465ee728b)
Start importing Assets/SpritesNew/Безымянный-10007 (2).png using Guid(c8767bd6e193fea4994736e60646c124) Importer(815301076,1909f56bfc062723c751e8b465ee728b) [PhysX] Initialized MultithreadedTaskDispatcher with 8 workers.
[PhysX] Initialized MultithreadedTaskDispatcher with 8 workers.
 -> (artifact id: '30cade1bb965df6c18f89a05dc7b813b') in 0.023582 seconds
Number of updated asset objects reloaded before import = 0
Number of asset objects unloaded after import = 3
========================================================================
Received Import Request.
  Time since last request: 0.000028 seconds.
  path: Assets/SpritesNew/Безымянный-10013.png
  artifactKey: Guid(45b8a27201a3469478334d0ce46a4fa8) Importer(815301076,1909f56bfc062723c751e8b465ee728b)
Start importing Assets/SpritesNew/Безымянный-10013.png using Guid(45b8a27201a3469478334d0ce46a4fa8) Importer(815301076,1909f56bfc062723c751e8b465ee728b) [PhysX] Initialized MultithreadedTaskDispatcher with 8 workers.
[PhysX] Initialized MultithreadedTaskDispatcher with 8 workers.
 -> (artifact id: '735f95a922b11834f5ce29914560c992') in 0.021773 seconds
Number of updated asset objects reloaded before import = 0
Number of asset objects unloaded after import = 3
========================================================================
Received Import Request.
  Time since last request: 0.000057 seconds.
  path: Assets/SpritesNew/Безымянный-10027.png
  artifactKey: Guid(d89ad0260d0e06f4cb377ff954c729fb) Importer(815301076,1909f56bfc062723c751e8b465ee728b)
Start importing Assets/SpritesNew/Безымянный-10027.png using Guid(d89ad0260d0e06f4cb377ff954c729fb) Importer(815301076,1909f56bfc062723c751e8b465ee728b) [PhysX] Initialized MultithreadedTaskDispatcher with 8 workers.
[PhysX] Initialized MultithreadedTaskDispatcher with 8 workers.
 -> (artifact id: '465bd1832cbf5605847c8e9efe671bb4') in 0.029342 seconds
Number of updated asset objects reloaded before import = 0
Number of asset objects unloaded after import = 3
========================================================================
Received Import Request.
  Time since last request: 0.000026 seconds.
  path: Assets/SpritesNew/Безымянный-10041.png
  artifactKey: Guid(5ebedfbd3d9f89745891d3372326b169) Importer(815301076,1909f56bfc062723c751e8b465ee728b)
Start importing Assets/SpritesNew/Безымянный-10041.png using Guid(5ebedfbd3d9f89745891d3372326b169) Importer(815301076,1909f56bfc062723c751e8b465ee728b) [PhysX] Initialized MultithreadedTaskDispatcher with 8 workers.
[PhysX] Initialized MultithreadedTaskDispatcher with 8 workers.
 -> (artifact id: 'fd7e066bd330d6f13917fefd5910e9d9') in 0.019389 seconds
Number of updated asset objects reloaded before import = 0
Number of asset objects unloaded after import = 3
========================================================================
Received Import Request.
  Time since last request: 0.000024 seconds.
  path: Assets/SpritesNew/Безымянный-10016.png
  artifactKey: Guid(866237e0f9915d94db1331c5a3d8051b) Importer(815301076,1909f56bfc062723c751e8b465ee728b)
Start importing Assets/SpritesNew/Безымянный-10016.png using Guid(866237e0f9915d94db1331c5a3d8051b) Importer(815301076,1909f56bfc062723c751e8b465ee728b) [PhysX] Initialized MultithreadedTaskDispatcher with 8 workers.
[PhysX] Initialized MultithreadedTaskDispatcher with 8 workers.
 -> (artifact id: '2163d5c8c7fae4263024497351c7ea29') in 0.018916 seconds
Number of updated asset objects reloaded before import = 0
Number of asset objects unloaded after import = 3
========================================================================
Received Import Request.
  Time since last request: 0.000020 seconds.
  path: Assets/SpritesNew/Безымянный-10026.png
  artifactKey: Guid(e852a607e40658e49be67c40e8388543) Importer(815301076,1909f56bfc062723c751e8b465ee728b)
Start importing Assets/SpritesNew/Безымянный-10026.png using Guid(e852a607e40658e49be67c40e8388543) Importer(815301076,1909f56bfc062723c751e8b465ee728b) [PhysX] Initialized MultithreadedTaskDispatcher with 8 workers.
[PhysX] Initialized MultithreadedTaskDispatcher with 8 workers.
 -> (artifact id: '9378c0863a2d4782be47092344ea3d48') in 0.028683 seconds
Number of updated asset objects reloaded before import = 0
Number of asset objects unloaded after import = 3
========================================================================
Received Import Request.
  Time since last request: 0.000020 seconds.
  path: Assets/SpritesNew/Безымянный-10045.png
  artifactKey: Guid(92dd8fa10918d32409417881462c607d) Importer(815301076,1909f56bfc062723c751e8b465ee728b)
Start importing Assets/SpritesNew/Безымянный-10045.png using Guid(92dd8fa10918d32409417881462c607d) Importer(815301076,1909f56bfc062723c751e8b465ee728b) [PhysX] Initialized MultithreadedTaskDispatcher with 8 workers.
[PhysX] Initialized MultithreadedTaskDispatcher with 8 workers.
 -> (artifact id: 'f75cec02f0faa36e62b61550533c5df8') in 0.023860 seconds
Number of updated asset objects reloaded before import = 0
Number of asset objects unloaded after import = 3
========================================================================
Received Prepare
Caller must complete domain reload
Begin MonoManager ReloadAssembly
Symbol file LoadedFromMemory is not a mono symbol file
- Loaded All Assemblies, in  3.044 seconds
Native extension for WindowsStandalone target not found
Native extension for iOS target not found
Native extension for Android target not found
Native extension for WebGL target not found
Asset Pipeline Refresh (id=095218108ac162549be47627bb1b1131): Total: 0.000 seconds - Initiated by StopAssetImportingV2(NoUpdateAssetOptions)
[ScriptCompilation] NOT recompiling all scripts because this is an import worker process. Reason to compile was: Define symbols changed
[ScriptCompilation] NOT recompiling all scripts because this is an import worker process. Reason to compile was: Define symbols changed
Mono: successfully reloaded assembly
- Finished resetting the current domain, in  2.069 seconds
Domain Reload Profiling: 5112ms
	BeginReloadAssembly (2388ms)
		ExecutionOrderSort (0ms)
		DisableScriptedObjects (24ms)
		BackupInstance (0ms)
		ReleaseScriptingObjects (0ms)
		CreateAndSetChildDomain (112ms)
	RebuildCommonClasses (38ms)
	RebuildNativeTypeToScriptingClass (12ms)
	initialDomainReloadingComplete (59ms)
	LoadAllAssembliesAndSetupDomain (546ms)
		LoadAssemblies (631ms)
		RebuildTransferFunctionScriptingTraits (0ms)
		AnalyzeDomain (56ms)
			TypeCache.Refresh (23ms)
				TypeCache.ScanAssembly (6ms)
			ScanForSourceGeneratedMonoScriptInfo (24ms)
			ResolveRequiredComponents (8ms)
	FinalizeReload (2070ms)
		ReleaseScriptCaches (0ms)
		RebuildScriptCaches (0ms)
		SetupLoadedEditorAssemblies (687ms)
			LogAssemblyErrors (0ms)
			InitializePlatformSupportModulesInManaged (33ms)
			SetLoadedEditorAssemblies (4ms)
			RefreshPlugins (0ms)
			BeforeProcessingInitializeOnLoad (81ms)
			ProcessInitializeOnLoadAttributes (376ms)
			ProcessInitializeOnLoadMethodAttributes (186ms)
			AfterProcessingInitializeOnLoad (8ms)
			EditorAssembliesLoaded (0ms)
		ExecutionOrderSort2 (0ms)
		AwakeInstancesAfterBackupRestoration (11ms)
Refreshing native plugins compatible for Editor in 11.55 ms, found 2 plugins.
Preloading 0 native plugins for Editor in 0.00 ms.
Unloading 3839 Unused Serialized files (Serialized files now loaded: 0)
Unloading 16 unused Assets / (27.6 KB). Loaded Objects now: 4593.
Memory consumption went from 140.6 MB to 140.6 MB.
Total: 9.125600 ms (FindLiveObjects: 0.339800 ms CreateObjectMapping: 0.294700 ms MarkObjects: 8.428000 ms  DeleteObjects: 0.061800 ms)

Prepare: number of updated asset objects reloaded= 0
AssetImportParameters requested are different than current active one (requested -> active):
  custom:container-demuxer-ogg: 62fdf1f143b41e24485cea50d1cbac27 -> 
  custom:video-decoder-ogg-theora: a1e56fd34408186e4bbccfd4996cb3dc -> 
  custom:framework-win-MediaFoundation: 216162199b28c13a410421893ffa2e32 -> 
  custom:CustomObjectIndexerAttribute: 9a22284fe3817be447336de3de66b15e -> 
  custom:scripting/monoscript/fileName/GetEnvirData.cs: 606691644bdf7ecd10bb4ebc495c19c8 -> 
  custom:scripting/monoscript/fileName/EnvirData_build.cs: f736887ffe20da6261346a3c69102d4a -> 
  custom:scripting/monoscript/fileName/EnvirData_yg.cs: 3bb54dc4b67a3b540b92ca7af113e256 -> 
  custom:container-demuxer-webm: 4f35f7cbe854078d1ac9338744f61a02 -> 
  custom:container-muxer-webm: aa71ff27fc2769a1b78a27578f13a17b -> 
  custom:video-decoder-webm-vp8: 9c59270c3fd7afecdb556c50c9e8de78 -> 
  custom:SearchIndexIgnoredProperties: e643bd26f0fe6173181afceb89e7c659 -> 
  custom:AudioImporter_EditorPlatform: d09bf68614088b80899f8185d706f6e7 -> 
  custom:scripting/monoscript/fileName/KeyPressAnimation.cs: fc9b01ea31c12afb286dc2cd37a6e098 -> 
  custom:scripting/monoscript/fileName/EnvirData_interface.cs: 15db51baa12205348d10443220bc41a9 -> 
  custom:scripting/monoscript/fileName/EnvirData_yandexPlatform.cs: f24044aced27dadaa5f6f6a76e01f239 -> 
  custom:video-encoder-webm-vp8: eb34c28f22e8b96e1ab97ce403110664 -> 
  custom:audio-decoder-ogg-vorbis: bf7c407c2cedff20999df2af8eb42d56 -> 
  custom:audio-encoder-webm-vorbis: bf7c407c2cedff20999df2af8eb42d56 -> 
  custom:scripting/precompiled-assembly-types:Assembly-CSharp-Editor: 71f3420967b037f8ff02a018ff7ef66c -> ddefecc5e32c82550f9b70692fb0a631
  custom:scripting/precompiled-assembly-types:Assembly-CSharp: 9fb413334a5d09436282d6ae84b3c0fd -> 487e516f97377eda8305839caa2d70fb
========================================================================
Received Prepare
Caller must complete domain reload
Begin MonoManager ReloadAssembly
Symbol file LoadedFromMemory is not a mono symbol file
- Loaded All Assemblies, in  1.188 seconds
Native extension for WindowsStandalone target not found
Native extension for iOS target not found
Native extension for Android target not found
Native extension for WebGL target not found
Asset Pipeline Refresh (id=1f070ba4bfd2ca74bb6233453e92f3de): Total: 0.000 seconds - Initiated by StopAssetImportingV2(NoUpdateAssetOptions)
[ScriptCompilation] NOT recompiling all scripts because this is an import worker process. Reason to compile was: Define symbols changed
[ScriptCompilation] NOT recompiling all scripts because this is an import worker process. Reason to compile was: Define symbols changed
Mono: successfully reloaded assembly
- Finished resetting the current domain, in  1.386 seconds
Domain Reload Profiling: 2575ms
	BeginReloadAssembly (686ms)
		ExecutionOrderSort (0ms)
		DisableScriptedObjects (7ms)
		BackupInstance (0ms)
		ReleaseScriptingObjects (0ms)
		CreateAndSetChildDomain (51ms)
	RebuildCommonClasses (46ms)
	RebuildNativeTypeToScriptingClass (19ms)
	initialDomainReloadingComplete (39ms)
	LoadAllAssembliesAndSetupDomain (399ms)
		LoadAssemblies (439ms)
		RebuildTransferFunctionScriptingTraits (0ms)
		AnalyzeDomain (59ms)
			TypeCache.Refresh (20ms)
				TypeCache.ScanAssembly (8ms)
			ScanForSourceGeneratedMonoScriptInfo (22ms)
			ResolveRequiredComponents (15ms)
	FinalizeReload (1387ms)
		ReleaseScriptCaches (0ms)
		RebuildScriptCaches (0ms)
		SetupLoadedEditorAssemblies (783ms)
			LogAssemblyErrors (0ms)
			InitializePlatformSupportModulesInManaged (30ms)
			SetLoadedEditorAssemblies (4ms)
			RefreshPlugins (0ms)
			BeforeProcessingInitializeOnLoad (102ms)
			ProcessInitializeOnLoadAttributes (429ms)
			ProcessInitializeOnLoadMethodAttributes (205ms)
			AfterProcessingInitializeOnLoad (13ms)
			EditorAssembliesLoaded (1ms)
		ExecutionOrderSort2 (0ms)
		AwakeInstancesAfterBackupRestoration (18ms)
Refreshing native plugins compatible for Editor in 23.12 ms, found 2 plugins.
Preloading 0 native plugins for Editor in 0.00 ms.
Unloading 3840 Unused Serialized files (Serialized files now loaded: 0)
Unloading 16 unused Assets / (27.6 KB). Loaded Objects now: 4596.
Memory consumption went from 140.9 MB to 140.8 MB.
Total: 12.894000 ms (FindLiveObjects: 0.330000 ms CreateObjectMapping: 0.281200 ms MarkObjects: 12.222100 ms  DeleteObjects: 0.059500 ms)

Prepare: number of updated asset objects reloaded= 0
AssetImportParameters requested are different than current active one (requested -> active):
  custom:container-demuxer-ogg: 62fdf1f143b41e24485cea50d1cbac27 -> 
  custom:video-decoder-ogg-theora: a1e56fd34408186e4bbccfd4996cb3dc -> 
  custom:framework-win-MediaFoundation: 216162199b28c13a410421893ffa2e32 -> 
  custom:CustomObjectIndexerAttribute: 9a22284fe3817be447336de3de66b15e -> 
  custom:scripting/monoscript/fileName/GetEnvirData.cs: 606691644bdf7ecd10bb4ebc495c19c8 -> 
  custom:scripting/monoscript/fileName/EnvirData_build.cs: f736887ffe20da6261346a3c69102d4a -> 
  custom:scripting/monoscript/fileName/EnvirData_yg.cs: 3bb54dc4b67a3b540b92ca7af113e256 -> 
  custom:container-demuxer-webm: 4f35f7cbe854078d1ac9338744f61a02 -> 
  custom:container-muxer-webm: aa71ff27fc2769a1b78a27578f13a17b -> 
  custom:video-decoder-webm-vp8: 9c59270c3fd7afecdb556c50c9e8de78 -> 
  custom:SearchIndexIgnoredProperties: e643bd26f0fe6173181afceb89e7c659 -> 
  custom:AudioImporter_EditorPlatform: d09bf68614088b80899f8185d706f6e7 -> 
  custom:scripting/monoscript/fileName/KeyPressAnimation.cs: fc9b01ea31c12afb286dc2cd37a6e098 -> 
  custom:scripting/monoscript/fileName/EnvirData_interface.cs: 15db51baa12205348d10443220bc41a9 -> 
  custom:scripting/monoscript/fileName/EnvirData_yandexPlatform.cs: f24044aced27dadaa5f6f6a76e01f239 -> 
  custom:video-encoder-webm-vp8: eb34c28f22e8b96e1ab97ce403110664 -> 
  custom:audio-decoder-ogg-vorbis: bf7c407c2cedff20999df2af8eb42d56 -> 
  custom:audio-encoder-webm-vorbis: bf7c407c2cedff20999df2af8eb42d56 -> 
  custom:scripting/precompiled-assembly-types:Assembly-CSharp-Editor: 71f3420967b037f8ff02a018ff7ef66c -> ddefecc5e32c82550f9b70692fb0a631
  custom:scripting/precompiled-assembly-types:Assembly-CSharp: 9fb413334a5d09436282d6ae84b3c0fd -> 487e516f97377eda8305839caa2d70fb
========================================================================
Received Prepare
Caller must complete domain reload
Begin MonoManager ReloadAssembly
Symbol file LoadedFromMemory is not a mono symbol file
- Loaded All Assemblies, in  1.110 seconds
Native extension for WindowsStandalone target not found
Native extension for iOS target not found
Native extension for Android target not found
Native extension for WebGL target not found
Asset Pipeline Refresh (id=009a73fd4c569004aada81411f5b7601): Total: 0.000 seconds - Initiated by StopAssetImportingV2(NoUpdateAssetOptions)
[ScriptCompilation] NOT recompiling all scripts because this is an import worker process. Reason to compile was: Define symbols changed
[ScriptCompilation] NOT recompiling all scripts because this is an import worker process. Reason to compile was: Define symbols changed
Mono: successfully reloaded assembly
- Finished resetting the current domain, in  1.827 seconds
Domain Reload Profiling: 2939ms
	BeginReloadAssembly (559ms)
		ExecutionOrderSort (0ms)
		DisableScriptedObjects (16ms)
		BackupInstance (0ms)
		ReleaseScriptingObjects (0ms)
		CreateAndSetChildDomain (44ms)
	RebuildCommonClasses (73ms)
	RebuildNativeTypeToScriptingClass (26ms)
	initialDomainReloadingComplete (50ms)
	LoadAllAssembliesAndSetupDomain (403ms)
		LoadAssemblies (483ms)
		RebuildTransferFunctionScriptingTraits (0ms)
		AnalyzeDomain (53ms)
			TypeCache.Refresh (18ms)
				TypeCache.ScanAssembly (3ms)
			ScanForSourceGeneratedMonoScriptInfo (17ms)
			ResolveRequiredComponents (16ms)
	FinalizeReload (1828ms)
		ReleaseScriptCaches (0ms)
		RebuildScriptCaches (0ms)
		SetupLoadedEditorAssemblies (1016ms)
			LogAssemblyErrors (0ms)
			InitializePlatformSupportModulesInManaged (50ms)
			SetLoadedEditorAssemblies (6ms)
			RefreshPlugins (0ms)
			BeforeProcessingInitializeOnLoad (137ms)
			ProcessInitializeOnLoadAttributes (557ms)
			ProcessInitializeOnLoadMethodAttributes (256ms)
			AfterProcessingInitializeOnLoad (11ms)
			EditorAssembliesLoaded (0ms)
		ExecutionOrderSort2 (0ms)
		AwakeInstancesAfterBackupRestoration (16ms)
Refreshing native plugins compatible for Editor in 45.07 ms, found 2 plugins.
Preloading 0 native plugins for Editor in 0.00 ms.
Unloading 3840 Unused Serialized files (Serialized files now loaded: 0)
Unloading 16 unused Assets / (27.6 KB). Loaded Objects now: 4599.
Memory consumption went from 140.9 MB to 140.8 MB.
Total: 11.901100 ms (FindLiveObjects: 0.378600 ms CreateObjectMapping: 0.356600 ms MarkObjects: 11.114800 ms  DeleteObjects: 0.050000 ms)

Prepare: number of updated asset objects reloaded= 0
AssetImportParameters requested are different than current active one (requested -> active):
  custom:container-demuxer-ogg: 62fdf1f143b41e24485cea50d1cbac27 -> 
  custom:video-decoder-ogg-theora: a1e56fd34408186e4bbccfd4996cb3dc -> 
  custom:framework-win-MediaFoundation: 216162199b28c13a410421893ffa2e32 -> 
  custom:CustomObjectIndexerAttribute: 9a22284fe3817be447336de3de66b15e -> 
  custom:scripting/monoscript/fileName/GetEnvirData.cs: 606691644bdf7ecd10bb4ebc495c19c8 -> 
  custom:scripting/monoscript/fileName/EnvirData_build.cs: f736887ffe20da6261346a3c69102d4a -> 
  custom:scripting/monoscript/fileName/EnvirData_yg.cs: 3bb54dc4b67a3b540b92ca7af113e256 -> 
  custom:container-demuxer-webm: 4f35f7cbe854078d1ac9338744f61a02 -> 
  custom:container-muxer-webm: aa71ff27fc2769a1b78a27578f13a17b -> 
  custom:video-decoder-webm-vp8: 9c59270c3fd7afecdb556c50c9e8de78 -> 
  custom:SearchIndexIgnoredProperties: e643bd26f0fe6173181afceb89e7c659 -> 
  custom:AudioImporter_EditorPlatform: d09bf68614088b80899f8185d706f6e7 -> 
  custom:scripting/monoscript/fileName/KeyPressAnimation.cs: fc9b01ea31c12afb286dc2cd37a6e098 -> 
  custom:scripting/monoscript/fileName/EnvirData_interface.cs: 15db51baa12205348d10443220bc41a9 -> 
  custom:scripting/monoscript/fileName/EnvirData_yandexPlatform.cs: f24044aced27dadaa5f6f6a76e01f239 -> 
  custom:video-encoder-webm-vp8: eb34c28f22e8b96e1ab97ce403110664 -> 
  custom:audio-decoder-ogg-vorbis: bf7c407c2cedff20999df2af8eb42d56 -> 
  custom:audio-encoder-webm-vorbis: bf7c407c2cedff20999df2af8eb42d56 -> 
  custom:scripting/precompiled-assembly-types:Assembly-CSharp-Editor: 71f3420967b037f8ff02a018ff7ef66c -> ddefecc5e32c82550f9b70692fb0a631
  custom:scripting/precompiled-assembly-types:Assembly-CSharp: 9fb413334a5d09436282d6ae84b3c0fd -> 487e516f97377eda8305839caa2d70fb
========================================================================
Received Import Request.
  Time since last request: 841.115890 seconds.
  path: Assets/Scripts/Player.cs
  artifactKey: Guid(923790ac3374f144e996c8886fa32d16) Importer(815301076,1909f56bfc062723c751e8b465ee728b)
Start importing Assets/Scripts/Player.cs using Guid(923790ac3374f144e996c8886fa32d16) Importer(815301076,1909f56bfc062723c751e8b465ee728b) [PhysX] Initialized MultithreadedTaskDispatcher with 8 workers.
 -> (artifact id: '77f425a2633241014e2923aba252ed3a') in 0.003932 seconds
Number of updated asset objects reloaded before import = 0
Number of asset objects unloaded after import = 0
========================================================================
Received Prepare
Refreshing native plugins compatible for Editor in 24.05 ms, found 2 plugins.
Preloading 0 native plugins for Editor in 0.00 ms.
Unloading 0 Unused Serialized files (Serialized files now loaded: 0)
Unloading 1 unused Assets / (0.9 KB). Loaded Objects now: 4599.
Memory consumption went from 80.7 MB to 80.7 MB.
Total: 16.008600 ms (FindLiveObjects: 0.436500 ms CreateObjectMapping: 0.313200 ms MarkObjects: 15.220300 ms  DeleteObjects: 0.037000 ms)

Prepare: number of updated asset objects reloaded= 0
AssetImportParameters requested are different than current active one (requested -> active):
  custom:container-demuxer-ogg: 62fdf1f143b41e24485cea50d1cbac27 -> 
  custom:video-decoder-ogg-theora: a1e56fd34408186e4bbccfd4996cb3dc -> 
  custom:framework-win-MediaFoundation: 216162199b28c13a410421893ffa2e32 -> 
  custom:CustomObjectIndexerAttribute: 9a22284fe3817be447336de3de66b15e -> 
  custom:scripting/monoscript/fileName/GetEnvirData.cs: 606691644bdf7ecd10bb4ebc495c19c8 -> 
  custom:scripting/monoscript/fileName/EnvirData_build.cs: f736887ffe20da6261346a3c69102d4a -> 
  custom:scripting/monoscript/fileName/EnvirData_yg.cs: 3bb54dc4b67a3b540b92ca7af113e256 -> 
  custom:container-demuxer-webm: 4f35f7cbe854078d1ac9338744f61a02 -> 
  custom:container-muxer-webm: aa71ff27fc2769a1b78a27578f13a17b -> 
  custom:video-decoder-webm-vp8: 9c59270c3fd7afecdb556c50c9e8de78 -> 
  custom:SearchIndexIgnoredProperties: e643bd26f0fe6173181afceb89e7c659 -> 
  custom:AudioImporter_EditorPlatform: d09bf68614088b80899f8185d706f6e7 -> 
  custom:scripting/monoscript/fileName/KeyPressAnimation.cs: fc9b01ea31c12afb286dc2cd37a6e098 -> 
  custom:scripting/monoscript/fileName/EnvirData_interface.cs: 15db51baa12205348d10443220bc41a9 -> 
  custom:scripting/monoscript/fileName/EnvirData_yandexPlatform.cs: f24044aced27dadaa5f6f6a76e01f239 -> 
  custom:video-encoder-webm-vp8: eb34c28f22e8b96e1ab97ce403110664 -> 
  custom:audio-decoder-ogg-vorbis: bf7c407c2cedff20999df2af8eb42d56 -> 
  custom:audio-encoder-webm-vorbis: bf7c407c2cedff20999df2af8eb42d56 -> 
  custom:scripting/precompiled-assembly-types:Assembly-CSharp-Editor: 71f3420967b037f8ff02a018ff7ef66c -> ddefecc5e32c82550f9b70692fb0a631
  custom:scripting/precompiled-assembly-types:Assembly-CSharp: 9fb413334a5d09436282d6ae84b3c0fd -> 487e516f97377eda8305839caa2d70fb
========================================================================
Received Prepare
Caller must complete domain reload
Begin MonoManager ReloadAssembly
Symbol file LoadedFromMemory is not a mono symbol file
- Loaded All Assemblies, in  2.098 seconds
Native extension for WindowsStandalone target not found
Native extension for iOS target not found
Native extension for Android target not found
Native extension for WebGL target not found
Asset Pipeline Refresh (id=6fcc7929e4e70094e9353f36a4e448fc): Total: 0.000 seconds - Initiated by StopAssetImportingV2(NoUpdateAssetOptions)
[ScriptCompilation] NOT recompiling all scripts because this is an import worker process. Reason to compile was: Define symbols changed
[ScriptCompilation] NOT recompiling all scripts because this is an import worker process. Reason to compile was: Define symbols changed
Mono: successfully reloaded assembly
- Finished resetting the current domain, in  2.097 seconds
Domain Reload Profiling: 4190ms
	BeginReloadAssembly (1531ms)
		ExecutionOrderSort (0ms)
		DisableScriptedObjects (9ms)
		BackupInstance (0ms)
		ReleaseScriptingObjects (0ms)
		CreateAndSetChildDomain (56ms)
	RebuildCommonClasses (66ms)
	RebuildNativeTypeToScriptingClass (21ms)
	initialDomainReloadingComplete (74ms)
	LoadAllAssembliesAndSetupDomain (402ms)
		LoadAssemblies (507ms)
		RebuildTransferFunctionScriptingTraits (0ms)
		AnalyzeDomain (18ms)
			TypeCache.Refresh (9ms)
				TypeCache.ScanAssembly (0ms)
			ScanForSourceGeneratedMonoScriptInfo (0ms)
			ResolveRequiredComponents (7ms)
	FinalizeReload (2097ms)
		ReleaseScriptCaches (0ms)
		RebuildScriptCaches (0ms)
		SetupLoadedEditorAssemblies (761ms)
			LogAssemblyErrors (0ms)
			InitializePlatformSupportModulesInManaged (35ms)
			SetLoadedEditorAssemblies (5ms)
			RefreshPlugins (0ms)
			BeforeProcessingInitializeOnLoad (79ms)
			ProcessInitializeOnLoadAttributes (437ms)
			ProcessInitializeOnLoadMethodAttributes (197ms)
			AfterProcessingInitializeOnLoad (8ms)
			EditorAssembliesLoaded (0ms)
		ExecutionOrderSort2 (0ms)
		AwakeInstancesAfterBackupRestoration (13ms)
Refreshing native plugins compatible for Editor in 13.70 ms, found 2 plugins.
Preloading 0 native plugins for Editor in 0.00 ms.
Unloading 3840 Unused Serialized files (Serialized files now loaded: 0)
Unloading 16 unused Assets / (27.6 KB). Loaded Objects now: 4602.
Memory consumption went from 140.9 MB to 140.8 MB.
Total: 10.586300 ms (FindLiveObjects: 0.491100 ms CreateObjectMapping: 0.349300 ms MarkObjects: 9.697600 ms  DeleteObjects: 0.046900 ms)

Prepare: number of updated asset objects reloaded= 0
AssetImportParameters requested are different than current active one (requested -> active):
  custom:container-demuxer-ogg: 62fdf1f143b41e24485cea50d1cbac27 -> 
  custom:video-decoder-ogg-theora: a1e56fd34408186e4bbccfd4996cb3dc -> 
  custom:framework-win-MediaFoundation: 216162199b28c13a410421893ffa2e32 -> 
  custom:CustomObjectIndexerAttribute: 9a22284fe3817be447336de3de66b15e -> 
  custom:scripting/monoscript/fileName/GetEnvirData.cs: 606691644bdf7ecd10bb4ebc495c19c8 -> 
  custom:scripting/monoscript/fileName/EnvirData_build.cs: f736887ffe20da6261346a3c69102d4a -> 
  custom:scripting/monoscript/fileName/EnvirData_yg.cs: 3bb54dc4b67a3b540b92ca7af113e256 -> 
  custom:container-demuxer-webm: 4f35f7cbe854078d1ac9338744f61a02 -> 
  custom:container-muxer-webm: aa71ff27fc2769a1b78a27578f13a17b -> 
  custom:video-decoder-webm-vp8: 9c59270c3fd7afecdb556c50c9e8de78 -> 
  custom:SearchIndexIgnoredProperties: e643bd26f0fe6173181afceb89e7c659 -> 
  custom:AudioImporter_EditorPlatform: d09bf68614088b80899f8185d706f6e7 -> 
  custom:scripting/monoscript/fileName/KeyPressAnimation.cs: fc9b01ea31c12afb286dc2cd37a6e098 -> 
  custom:scripting/monoscript/fileName/EnvirData_interface.cs: 15db51baa12205348d10443220bc41a9 -> 
  custom:scripting/monoscript/fileName/EnvirData_yandexPlatform.cs: f24044aced27dadaa5f6f6a76e01f239 -> 
  custom:video-encoder-webm-vp8: eb34c28f22e8b96e1ab97ce403110664 -> 
  custom:audio-decoder-ogg-vorbis: bf7c407c2cedff20999df2af8eb42d56 -> 
  custom:audio-encoder-webm-vorbis: bf7c407c2cedff20999df2af8eb42d56 -> 
  custom:scripting/precompiled-assembly-types:Assembly-CSharp-Editor: 71f3420967b037f8ff02a018ff7ef66c -> ddefecc5e32c82550f9b70692fb0a631
  custom:scripting/precompiled-assembly-types:Assembly-CSharp: 9fb413334a5d09436282d6ae84b3c0fd -> 487e516f97377eda8305839caa2d70fb
========================================================================
Received Import Request.
  Time since last request: 2272.299107 seconds.
  path: Assets/Prefabs/EnemyExplosionLeftMove.prefab
  artifactKey: Guid(6c25114c655c60a43a8705ebdb9c9d42) Importer(815301076,1909f56bfc062723c751e8b465ee728b)
Start importing Assets/Prefabs/EnemyExplosionLeftMove.prefab using Guid(6c25114c655c60a43a8705ebdb9c9d42) Importer(815301076,1909f56bfc062723c751e8b465ee728b) [PhysX] Initialized MultithreadedTaskDispatcher with 8 workers.
 -> (artifact id: 'e6f50fd2d8f206fed3e88682d8822d2c') in 0.045440 seconds
Number of updated asset objects reloaded before import = 0
Number of asset objects unloaded after import = 10
========================================================================
Received Import Request.
  Time since last request: 0.000021 seconds.
  path: Assets/Prefabs/Money.prefab
  artifactKey: Guid(a86518bee554ec842b8810d4dd799251) Importer(815301076,1909f56bfc062723c751e8b465ee728b)
Start importing Assets/Prefabs/Money.prefab using Guid(a86518bee554ec842b8810d4dd799251) Importer(815301076,1909f56bfc062723c751e8b465ee728b) [PhysX] Initialized MultithreadedTaskDispatcher with 8 workers.
 -> (artifact id: 'bce020bd700e615bf0904989ebfe05d1') in 0.002311 seconds
Number of updated asset objects reloaded before import = 0
Number of asset objects unloaded after import = 9
========================================================================
Received Import Request.
  Time since last request: 0.036402 seconds.
  path: Assets/Prefabs/Particle SystemMoney.prefab
  artifactKey: Guid(5aaf8a254e8053d498d83ae0bfe1a600) Importer(815301076,1909f56bfc062723c751e8b465ee728b)
Start importing Assets/Prefabs/Particle SystemMoney.prefab using Guid(5aaf8a254e8053d498d83ae0bfe1a600) Importer(815301076,1909f56bfc062723c751e8b465ee728b) [PhysX] Initialized MultithreadedTaskDispatcher with 8 workers.
[PhysX] Initialized MultithreadedTaskDispatcher with 8 workers.
 -> (artifact id: '009ab7904937bb668a84586849d3a6d9') in 0.106150 seconds
Number of updated asset objects reloaded before import = 0
Number of asset objects unloaded after import = 6
========================================================================
Received Prepare
Caller must complete domain reload
Begin MonoManager ReloadAssembly
Symbol file LoadedFromMemory is not a mono symbol file
- Loaded All Assemblies, in  1.284 seconds
Native extension for WindowsStandalone target not found
Native extension for iOS target not found
Native extension for Android target not found
Native extension for WebGL target not found
Asset Pipeline Refresh (id=6464dd5610d28a24f9f1bb10d10b47e8): Total: 0.000 seconds - Initiated by StopAssetImportingV2(NoUpdateAssetOptions)
[ScriptCompilation] NOT recompiling all scripts because this is an import worker process. Reason to compile was: Define symbols changed
[ScriptCompilation] NOT recompiling all scripts because this is an import worker process. Reason to compile was: Define symbols changed
Mono: successfully reloaded assembly
- Finished resetting the current domain, in  2.251 seconds
Domain Reload Profiling: 3530ms
	BeginReloadAssembly (693ms)
		ExecutionOrderSort (0ms)
		DisableScriptedObjects (10ms)
		BackupInstance (0ms)
		ReleaseScriptingObjects (0ms)
		CreateAndSetChildDomain (56ms)
	RebuildCommonClasses (64ms)
	RebuildNativeTypeToScriptingClass (19ms)
	initialDomainReloadingComplete (56ms)
	LoadAllAssembliesAndSetupDomain (445ms)
		LoadAssemblies (582ms)
		RebuildTransferFunctionScriptingTraits (0ms)
		AnalyzeDomain (24ms)
			TypeCache.Refresh (12ms)
				TypeCache.ScanAssembly (0ms)
			ScanForSourceGeneratedMonoScriptInfo (0ms)
			ResolveRequiredComponents (10ms)
	FinalizeReload (2252ms)
		ReleaseScriptCaches (0ms)
		RebuildScriptCaches (0ms)
		SetupLoadedEditorAssemblies (1369ms)
			LogAssemblyErrors (0ms)
			InitializePlatformSupportModulesInManaged (60ms)
			SetLoadedEditorAssemblies (11ms)
			RefreshPlugins (0ms)
			BeforeProcessingInitializeOnLoad (150ms)
			ProcessInitializeOnLoadAttributes (714ms)
			ProcessInitializeOnLoadMethodAttributes (417ms)
			AfterProcessingInitializeOnLoad (16ms)
			EditorAssembliesLoaded (1ms)
		ExecutionOrderSort2 (0ms)
		AwakeInstancesAfterBackupRestoration (19ms)
Refreshing native plugins compatible for Editor in 27.36 ms, found 2 plugins.
Preloading 0 native plugins for Editor in 0.00 ms.
Unloading 3839 Unused Serialized files (Serialized files now loaded: 0)
Unloading 16 unused Assets / (27.5 KB). Loaded Objects now: 4605.
Memory consumption went from 140.6 MB to 140.6 MB.
Total: 14.018600 ms (FindLiveObjects: 0.508200 ms CreateObjectMapping: 0.443100 ms MarkObjects: 13.007200 ms  DeleteObjects: 0.058600 ms)

Prepare: number of updated asset objects reloaded= 0
AssetImportParameters requested are different than current active one (requested -> active):
  custom:container-demuxer-ogg: 62fdf1f143b41e24485cea50d1cbac27 -> 
  custom:video-decoder-ogg-theora: a1e56fd34408186e4bbccfd4996cb3dc -> 
  custom:framework-win-MediaFoundation: 216162199b28c13a410421893ffa2e32 -> 
  custom:CustomObjectIndexerAttribute: 9a22284fe3817be447336de3de66b15e -> 
  custom:scripting/monoscript/fileName/GetEnvirData.cs: 606691644bdf7ecd10bb4ebc495c19c8 -> 
  custom:scripting/monoscript/fileName/EnvirData_build.cs: f736887ffe20da6261346a3c69102d4a -> 
  custom:scripting/monoscript/fileName/EnvirData_yg.cs: 3bb54dc4b67a3b540b92ca7af113e256 -> 
  custom:container-demuxer-webm: 4f35f7cbe854078d1ac9338744f61a02 -> 
  custom:container-muxer-webm: aa71ff27fc2769a1b78a27578f13a17b -> 
  custom:video-decoder-webm-vp8: 9c59270c3fd7afecdb556c50c9e8de78 -> 
  custom:SearchIndexIgnoredProperties: e643bd26f0fe6173181afceb89e7c659 -> 
  custom:AudioImporter_EditorPlatform: d09bf68614088b80899f8185d706f6e7 -> 
  custom:scripting/monoscript/fileName/KeyPressAnimation.cs: fc9b01ea31c12afb286dc2cd37a6e098 -> 
  custom:scripting/monoscript/fileName/EnvirData_interface.cs: 15db51baa12205348d10443220bc41a9 -> 
  custom:scripting/monoscript/fileName/EnvirData_yandexPlatform.cs: f24044aced27dadaa5f6f6a76e01f239 -> 
  custom:video-encoder-webm-vp8: eb34c28f22e8b96e1ab97ce403110664 -> 
  custom:audio-decoder-ogg-vorbis: bf7c407c2cedff20999df2af8eb42d56 -> 
  custom:audio-encoder-webm-vorbis: bf7c407c2cedff20999df2af8eb42d56 -> 
  custom:scripting/precompiled-assembly-types:Assembly-CSharp-Editor: 71f3420967b037f8ff02a018ff7ef66c -> ddefecc5e32c82550f9b70692fb0a631
  custom:scripting/precompiled-assembly-types:Assembly-CSharp: 9fb413334a5d09436282d6ae84b3c0fd -> 487e516f97377eda8305839caa2d70fb
========================================================================
Received Prepare
Caller must complete domain reload
Begin MonoManager ReloadAssembly
Symbol file LoadedFromMemory is not a mono symbol file
- Loaded All Assemblies, in  1.390 seconds
Native extension for WindowsStandalone target not found
Native extension for iOS target not found
Native extension for Android target not found
Native extension for WebGL target not found
Asset Pipeline Refresh (id=10664551f87c2c949b656efc8b605abf): Total: 0.000 seconds - Initiated by StopAssetImportingV2(NoUpdateAssetOptions)
[ScriptCompilation] NOT recompiling all scripts because this is an import worker process. Reason to compile was: Define symbols changed
[ScriptCompilation] NOT recompiling all scripts because this is an import worker process. Reason to compile was: Define symbols changed
Mono: successfully reloaded assembly
- Finished resetting the current domain, in  2.662 seconds
Domain Reload Profiling: 4052ms
	BeginReloadAssembly (837ms)
		ExecutionOrderSort (0ms)
		DisableScriptedObjects (10ms)
		BackupInstance (0ms)
		ReleaseScriptingObjects (0ms)
		CreateAndSetChildDomain (57ms)
	RebuildCommonClasses (56ms)
	RebuildNativeTypeToScriptingClass (21ms)
	initialDomainReloadingComplete (47ms)
	LoadAllAssembliesAndSetupDomain (427ms)
		LoadAssemblies (543ms)
		RebuildTransferFunctionScriptingTraits (0ms)
		AnalyzeDomain (27ms)
			TypeCache.Refresh (11ms)
				TypeCache.ScanAssembly (0ms)
			ScanForSourceGeneratedMonoScriptInfo (0ms)
			ResolveRequiredComponents (14ms)
	FinalizeReload (2664ms)
		ReleaseScriptCaches (0ms)
		RebuildScriptCaches (0ms)
		SetupLoadedEditorAssemblies (1732ms)
			LogAssemblyErrors (0ms)
			InitializePlatformSupportModulesInManaged (55ms)
			SetLoadedEditorAssemblies (8ms)
			RefreshPlugins (0ms)
			BeforeProcessingInitializeOnLoad (127ms)
			ProcessInitializeOnLoadAttributes (968ms)
			ProcessInitializeOnLoadMethodAttributes (555ms)
			AfterProcessingInitializeOnLoad (18ms)
			EditorAssembliesLoaded (1ms)
		ExecutionOrderSort2 (0ms)
		AwakeInstancesAfterBackupRestoration (27ms)
Refreshing native plugins compatible for Editor in 43.66 ms, found 2 plugins.
Preloading 0 native plugins for Editor in 0.00 ms.
Unloading 3840 Unused Serialized files (Serialized files now loaded: 0)
Unloading 16 unused Assets / (27.6 KB). Loaded Objects now: 4608.
Memory consumption went from 140.9 MB to 140.8 MB.
Total: 14.355500 ms (FindLiveObjects: 0.492600 ms CreateObjectMapping: 0.381800 ms MarkObjects: 13.416900 ms  DeleteObjects: 0.062500 ms)

Prepare: number of updated asset objects reloaded= 0
AssetImportParameters requested are different than current active one (requested -> active):
  custom:container-demuxer-ogg: 62fdf1f143b41e24485cea50d1cbac27 -> 
  custom:video-decoder-ogg-theora: a1e56fd34408186e4bbccfd4996cb3dc -> 
  custom:framework-win-MediaFoundation: 216162199b28c13a410421893ffa2e32 -> 
  custom:CustomObjectIndexerAttribute: 9a22284fe3817be447336de3de66b15e -> 
  custom:scripting/monoscript/fileName/GetEnvirData.cs: 606691644bdf7ecd10bb4ebc495c19c8 -> 
  custom:scripting/monoscript/fileName/EnvirData_build.cs: f736887ffe20da6261346a3c69102d4a -> 
  custom:scripting/monoscript/fileName/EnvirData_yg.cs: 3bb54dc4b67a3b540b92ca7af113e256 -> 
  custom:container-demuxer-webm: 4f35f7cbe854078d1ac9338744f61a02 -> 
  custom:container-muxer-webm: aa71ff27fc2769a1b78a27578f13a17b -> 
  custom:video-decoder-webm-vp8: 9c59270c3fd7afecdb556c50c9e8de78 -> 
  custom:SearchIndexIgnoredProperties: e643bd26f0fe6173181afceb89e7c659 -> 
  custom:AudioImporter_EditorPlatform: d09bf68614088b80899f8185d706f6e7 -> 
  custom:scripting/monoscript/fileName/KeyPressAnimation.cs: fc9b01ea31c12afb286dc2cd37a6e098 -> 
  custom:scripting/monoscript/fileName/EnvirData_interface.cs: 15db51baa12205348d10443220bc41a9 -> 
  custom:scripting/monoscript/fileName/EnvirData_yandexPlatform.cs: f24044aced27dadaa5f6f6a76e01f239 -> 
  custom:video-encoder-webm-vp8: eb34c28f22e8b96e1ab97ce403110664 -> 
  custom:audio-decoder-ogg-vorbis: bf7c407c2cedff20999df2af8eb42d56 -> 
  custom:audio-encoder-webm-vorbis: bf7c407c2cedff20999df2af8eb42d56 -> 
  custom:scripting/precompiled-assembly-types:Assembly-CSharp-Editor: 71f3420967b037f8ff02a018ff7ef66c -> ddefecc5e32c82550f9b70692fb0a631
  custom:scripting/precompiled-assembly-types:Assembly-CSharp: 9fb413334a5d09436282d6ae84b3c0fd -> 487e516f97377eda8305839caa2d70fb
========================================================================
Received Prepare
Caller must complete domain reload
Begin MonoManager ReloadAssembly
Symbol file LoadedFromMemory is not a mono symbol file
- Loaded All Assemblies, in  1.230 seconds
Native extension for WindowsStandalone target not found
Native extension for iOS target not found
Native extension for Android target not found
Native extension for WebGL target not found
Asset Pipeline Refresh (id=bea731a5e3ec03e4489a75869fdab7bc): Total: 0.000 seconds - Initiated by StopAssetImportingV2(NoUpdateAssetOptions)
[ScriptCompilation] NOT recompiling all scripts because this is an import worker process. Reason to compile was: Define symbols changed
[ScriptCompilation] NOT recompiling all scripts because this is an import worker process. Reason to compile was: Define symbols changed
Mono: successfully reloaded assembly
- Finished resetting the current domain, in  2.422 seconds
Domain Reload Profiling: 3648ms
	BeginReloadAssembly (663ms)
		ExecutionOrderSort (0ms)
		DisableScriptedObjects (11ms)
		BackupInstance (0ms)
		ReleaseScriptingObjects (0ms)
		CreateAndSetChildDomain (56ms)
	RebuildCommonClasses (53ms)
	RebuildNativeTypeToScriptingClass (22ms)
	initialDomainReloadingComplete (52ms)
	LoadAllAssembliesAndSetupDomain (435ms)
		LoadAssemblies (561ms)
		RebuildTransferFunctionScriptingTraits (0ms)
		AnalyzeDomain (27ms)
			TypeCache.Refresh (11ms)
				TypeCache.ScanAssembly (0ms)
			ScanForSourceGeneratedMonoScriptInfo (1ms)
			ResolveRequiredComponents (14ms)
	FinalizeReload (2423ms)
		ReleaseScriptCaches (0ms)
		RebuildScriptCaches (0ms)
		SetupLoadedEditorAssemblies (1486ms)
			LogAssemblyErrors (0ms)
			InitializePlatformSupportModulesInManaged (52ms)
			SetLoadedEditorAssemblies (5ms)
			RefreshPlugins (0ms)
			BeforeProcessingInitializeOnLoad (125ms)
			ProcessInitializeOnLoadAttributes (867ms)
			ProcessInitializeOnLoadMethodAttributes (422ms)
			AfterProcessingInitializeOnLoad (15ms)
			EditorAssembliesLoaded (1ms)
		ExecutionOrderSort2 (0ms)
		AwakeInstancesAfterBackupRestoration (22ms)
Refreshing native plugins compatible for Editor in 30.93 ms, found 2 plugins.
Preloading 0 native plugins for Editor in 0.00 ms.
Unloading 3840 Unused Serialized files (Serialized files now loaded: 0)
Unloading 16 unused Assets / (27.7 KB). Loaded Objects now: 4611.
Memory consumption went from 140.9 MB to 140.8 MB.
Total: 16.957200 ms (FindLiveObjects: 0.605700 ms CreateObjectMapping: 0.493100 ms MarkObjects: 15.794200 ms  DeleteObjects: 0.062700 ms)

Prepare: number of updated asset objects reloaded= 0
AssetImportParameters requested are different than current active one (requested -> active):
  custom:container-demuxer-ogg: 62fdf1f143b41e24485cea50d1cbac27 -> 
  custom:video-decoder-ogg-theora: a1e56fd34408186e4bbccfd4996cb3dc -> 
  custom:framework-win-MediaFoundation: 216162199b28c13a410421893ffa2e32 -> 
  custom:CustomObjectIndexerAttribute: 9a22284fe3817be447336de3de66b15e -> 
  custom:scripting/monoscript/fileName/GetEnvirData.cs: 606691644bdf7ecd10bb4ebc495c19c8 -> 
  custom:scripting/monoscript/fileName/EnvirData_build.cs: f736887ffe20da6261346a3c69102d4a -> 
  custom:scripting/monoscript/fileName/EnvirData_yg.cs: 3bb54dc4b67a3b540b92ca7af113e256 -> 
  custom:container-demuxer-webm: 4f35f7cbe854078d1ac9338744f61a02 -> 
  custom:container-muxer-webm: aa71ff27fc2769a1b78a27578f13a17b -> 
  custom:video-decoder-webm-vp8: 9c59270c3fd7afecdb556c50c9e8de78 -> 
  custom:SearchIndexIgnoredProperties: e643bd26f0fe6173181afceb89e7c659 -> 
  custom:AudioImporter_EditorPlatform: d09bf68614088b80899f8185d706f6e7 -> 
  custom:scripting/monoscript/fileName/KeyPressAnimation.cs: fc9b01ea31c12afb286dc2cd37a6e098 -> 
  custom:scripting/monoscript/fileName/EnvirData_interface.cs: 15db51baa12205348d10443220bc41a9 -> 
  custom:scripting/monoscript/fileName/EnvirData_yandexPlatform.cs: f24044aced27dadaa5f6f6a76e01f239 -> 
  custom:video-encoder-webm-vp8: eb34c28f22e8b96e1ab97ce403110664 -> 
  custom:audio-decoder-ogg-vorbis: bf7c407c2cedff20999df2af8eb42d56 -> 
  custom:audio-encoder-webm-vorbis: bf7c407c2cedff20999df2af8eb42d56 -> 
  custom:scripting/precompiled-assembly-types:Assembly-CSharp-Editor: 71f3420967b037f8ff02a018ff7ef66c -> ddefecc5e32c82550f9b70692fb0a631
  custom:scripting/precompiled-assembly-types:Assembly-CSharp: 9fb413334a5d09436282d6ae84b3c0fd -> 487e516f97377eda8305839caa2d70fb
========================================================================
Received Prepare
Caller must complete domain reload
Begin MonoManager ReloadAssembly
Symbol file LoadedFromMemory is not a mono symbol file
- Loaded All Assemblies, in  1.440 seconds
Native extension for WindowsStandalone target not found
Native extension for iOS target not found
Native extension for Android target not found
Native extension for WebGL target not found
Asset Pipeline Refresh (id=a2f18e5bb8a24fd4ca0fb2f94fc9b1d9): Total: 0.000 seconds - Initiated by StopAssetImportingV2(NoUpdateAssetOptions)
[ScriptCompilation] NOT recompiling all scripts because this is an import worker process. Reason to compile was: Define symbols changed
[ScriptCompilation] NOT recompiling all scripts because this is an import worker process. Reason to compile was: Define symbols changed
Mono: successfully reloaded assembly
- Finished resetting the current domain, in  2.376 seconds
Domain Reload Profiling: 3813ms
	BeginReloadAssembly (861ms)
		ExecutionOrderSort (0ms)
		DisableScriptedObjects (10ms)
		BackupInstance (0ms)
		ReleaseScriptingObjects (0ms)
		CreateAndSetChildDomain (69ms)
	RebuildCommonClasses (78ms)
	RebuildNativeTypeToScriptingClass (25ms)
	initialDomainReloadingComplete (61ms)
	LoadAllAssembliesAndSetupDomain (411ms)
		LoadAssemblies (539ms)
		RebuildTransferFunctionScriptingTraits (0ms)
		AnalyzeDomain (23ms)
			TypeCache.Refresh (9ms)
				TypeCache.ScanAssembly (0ms)
			ScanForSourceGeneratedMonoScriptInfo (0ms)
			ResolveRequiredComponents (12ms)
	FinalizeReload (2377ms)
		ReleaseScriptCaches (0ms)
		RebuildScriptCaches (0ms)
		SetupLoadedEditorAssemblies (1435ms)
			LogAssemblyErrors (0ms)
			InitializePlatformSupportModulesInManaged (62ms)
			SetLoadedEditorAssemblies (7ms)
			RefreshPlugins (0ms)
			BeforeProcessingInitializeOnLoad (152ms)
			ProcessInitializeOnLoadAttributes (736ms)
			ProcessInitializeOnLoadMethodAttributes (463ms)
			AfterProcessingInitializeOnLoad (15ms)
			EditorAssembliesLoaded (0ms)
		ExecutionOrderSort2 (0ms)
		AwakeInstancesAfterBackupRestoration (20ms)
Refreshing native plugins compatible for Editor in 17.78 ms, found 2 plugins.
Preloading 0 native plugins for Editor in 0.00 ms.
Unloading 3840 Unused Serialized files (Serialized files now loaded: 0)
Unloading 16 unused Assets / (27.7 KB). Loaded Objects now: 4614.
Memory consumption went from 140.9 MB to 140.8 MB.
Total: 14.083200 ms (FindLiveObjects: 0.424000 ms CreateObjectMapping: 0.364900 ms MarkObjects: 13.236600 ms  DeleteObjects: 0.056100 ms)

Prepare: number of updated asset objects reloaded= 0
AssetImportParameters requested are different than current active one (requested -> active):
  custom:container-demuxer-ogg: 62fdf1f143b41e24485cea50d1cbac27 -> 
  custom:video-decoder-ogg-theora: a1e56fd34408186e4bbccfd4996cb3dc -> 
  custom:framework-win-MediaFoundation: 216162199b28c13a410421893ffa2e32 -> 
  custom:CustomObjectIndexerAttribute: 9a22284fe3817be447336de3de66b15e -> 
  custom:scripting/monoscript/fileName/GetEnvirData.cs: 606691644bdf7ecd10bb4ebc495c19c8 -> 
  custom:scripting/monoscript/fileName/EnvirData_build.cs: f736887ffe20da6261346a3c69102d4a -> 
  custom:scripting/monoscript/fileName/EnvirData_yg.cs: 3bb54dc4b67a3b540b92ca7af113e256 -> 
  custom:container-demuxer-webm: 4f35f7cbe854078d1ac9338744f61a02 -> 
  custom:container-muxer-webm: aa71ff27fc2769a1b78a27578f13a17b -> 
  custom:video-decoder-webm-vp8: 9c59270c3fd7afecdb556c50c9e8de78 -> 
  custom:SearchIndexIgnoredProperties: e643bd26f0fe6173181afceb89e7c659 -> 
  custom:AudioImporter_EditorPlatform: d09bf68614088b80899f8185d706f6e7 -> 
  custom:scripting/monoscript/fileName/KeyPressAnimation.cs: fc9b01ea31c12afb286dc2cd37a6e098 -> 
  custom:scripting/monoscript/fileName/EnvirData_interface.cs: 15db51baa12205348d10443220bc41a9 -> 
  custom:scripting/monoscript/fileName/EnvirData_yandexPlatform.cs: f24044aced27dadaa5f6f6a76e01f239 -> 
  custom:video-encoder-webm-vp8: eb34c28f22e8b96e1ab97ce403110664 -> 
  custom:audio-decoder-ogg-vorbis: bf7c407c2cedff20999df2af8eb42d56 -> 
  custom:audio-encoder-webm-vorbis: bf7c407c2cedff20999df2af8eb42d56 -> 
  custom:scripting/precompiled-assembly-types:Assembly-CSharp-Editor: 71f3420967b037f8ff02a018ff7ef66c -> ddefecc5e32c82550f9b70692fb0a631
  custom:scripting/precompiled-assembly-types:Assembly-CSharp: 9fb413334a5d09436282d6ae84b3c0fd -> 487e516f97377eda8305839caa2d70fb
========================================================================
Received Prepare
Caller must complete domain reload
Begin MonoManager ReloadAssembly
Symbol file LoadedFromMemory is not a mono symbol file
- Loaded All Assemblies, in  1.693 seconds
Native extension for WindowsStandalone target not found
Native extension for iOS target not found
Native extension for Android target not found
Native extension for WebGL target not found
Asset Pipeline Refresh (id=ff41aead8083a5e469a13c4b6a3bc197): Total: 0.000 seconds - Initiated by StopAssetImportingV2(NoUpdateAssetOptions)
[ScriptCompilation] NOT recompiling all scripts because this is an import worker process. Reason to compile was: Define symbols changed
[ScriptCompilation] NOT recompiling all scripts because this is an import worker process. Reason to compile was: Define symbols changed
Mono: successfully reloaded assembly
- Finished resetting the current domain, in  2.601 seconds
Domain Reload Profiling: 4294ms
	BeginReloadAssembly (1167ms)
		ExecutionOrderSort (0ms)
		DisableScriptedObjects (8ms)
		BackupInstance (0ms)
		ReleaseScriptingObjects (0ms)
		CreateAndSetChildDomain (46ms)
	RebuildCommonClasses (42ms)
	RebuildNativeTypeToScriptingClass (16ms)
	initialDomainReloadingComplete (38ms)
	LoadAllAssembliesAndSetupDomain (429ms)
		LoadAssemblies (477ms)
		RebuildTransferFunctionScriptingTraits (0ms)
		AnalyzeDomain (53ms)
			TypeCache.Refresh (19ms)
				TypeCache.ScanAssembly (4ms)
			ScanForSourceGeneratedMonoScriptInfo (22ms)
			ResolveRequiredComponents (10ms)
	FinalizeReload (2602ms)
		ReleaseScriptCaches (0ms)
		RebuildScriptCaches (0ms)
		SetupLoadedEditorAssemblies (1183ms)
			LogAssemblyErrors (0ms)
			InitializePlatformSupportModulesInManaged (38ms)
			SetLoadedEditorAssemblies (4ms)
			RefreshPlugins (0ms)
			BeforeProcessingInitializeOnLoad (104ms)
			ProcessInitializeOnLoadAttributes (690ms)
			ProcessInitializeOnLoadMethodAttributes (336ms)
			AfterProcessingInitializeOnLoad (12ms)
			EditorAssembliesLoaded (1ms)
		ExecutionOrderSort2 (0ms)
		AwakeInstancesAfterBackupRestoration (18ms)
Refreshing native plugins compatible for Editor in 12.58 ms, found 2 plugins.
Preloading 0 native plugins for Editor in 0.00 ms.
Unloading 3840 Unused Serialized files (Serialized files now loaded: 0)
Unloading 16 unused Assets / (27.6 KB). Loaded Objects now: 4617.
Memory consumption went from 140.9 MB to 140.8 MB.
Total: 12.735400 ms (FindLiveObjects: 0.375200 ms CreateObjectMapping: 0.300700 ms MarkObjects: 11.988500 ms  DeleteObjects: 0.069600 ms)

Prepare: number of updated asset objects reloaded= 0
AssetImportParameters requested are different than current active one (requested -> active):
  custom:container-demuxer-ogg: 62fdf1f143b41e24485cea50d1cbac27 -> 
  custom:video-decoder-ogg-theora: a1e56fd34408186e4bbccfd4996cb3dc -> 
  custom:framework-win-MediaFoundation: 216162199b28c13a410421893ffa2e32 -> 
  custom:CustomObjectIndexerAttribute: 9a22284fe3817be447336de3de66b15e -> 
  custom:scripting/monoscript/fileName/GetEnvirData.cs: 606691644bdf7ecd10bb4ebc495c19c8 -> 
  custom:scripting/monoscript/fileName/EnvirData_build.cs: f736887ffe20da6261346a3c69102d4a -> 
  custom:scripting/monoscript/fileName/EnvirData_yg.cs: 3bb54dc4b67a3b540b92ca7af113e256 -> 
  custom:container-demuxer-webm: 4f35f7cbe854078d1ac9338744f61a02 -> 
  custom:container-muxer-webm: aa71ff27fc2769a1b78a27578f13a17b -> 
  custom:video-decoder-webm-vp8: 9c59270c3fd7afecdb556c50c9e8de78 -> 
  custom:SearchIndexIgnoredProperties: e643bd26f0fe6173181afceb89e7c659 -> 
  custom:AudioImporter_EditorPlatform: d09bf68614088b80899f8185d706f6e7 -> 
  custom:scripting/monoscript/fileName/KeyPressAnimation.cs: fc9b01ea31c12afb286dc2cd37a6e098 -> 
  custom:scripting/monoscript/fileName/EnvirData_interface.cs: 15db51baa12205348d10443220bc41a9 -> 
  custom:scripting/monoscript/fileName/EnvirData_yandexPlatform.cs: f24044aced27dadaa5f6f6a76e01f239 -> 
  custom:video-encoder-webm-vp8: eb34c28f22e8b96e1ab97ce403110664 -> 
  custom:audio-decoder-ogg-vorbis: bf7c407c2cedff20999df2af8eb42d56 -> 
  custom:audio-encoder-webm-vorbis: bf7c407c2cedff20999df2af8eb42d56 -> 
  custom:scripting/precompiled-assembly-types:Assembly-CSharp-Editor: 71f3420967b037f8ff02a018ff7ef66c -> ddefecc5e32c82550f9b70692fb0a631
  custom:scripting/precompiled-assembly-types:Assembly-CSharp: 9fb413334a5d09436282d6ae84b3c0fd -> 487e516f97377eda8305839caa2d70fb
========================================================================
Received Import Request.
  Time since last request: 5523.647619 seconds.
  path: Assets/Prefabs/Variant1YellowEnemy.prefab
  artifactKey: Guid(5288717d0ce17ff4fbb765f2a99edaf3) Importer(815301076,1909f56bfc062723c751e8b465ee728b)
Start importing Assets/Prefabs/Variant1YellowEnemy.prefab using Guid(5288717d0ce17ff4fbb765f2a99edaf3) Importer(815301076,1909f56bfc062723c751e8b465ee728b) [PhysX] Initialized MultithreadedTaskDispatcher with 8 workers.
 -> (artifact id: '493aeb23ef0914ce107b1fb583464b66') in 0.054139 seconds
Number of updated asset objects reloaded before import = 0
Number of asset objects unloaded after import = 30
========================================================================
Received Import Request.
  Time since last request: 0.000032 seconds.
  path: Assets/Prefabs/Variant1BlueEnemy 1.prefab
  artifactKey: Guid(d031d225bbef1a643a6801eeb4a74894) Importer(815301076,1909f56bfc062723c751e8b465ee728b)
Start importing Assets/Prefabs/Variant1BlueEnemy 1.prefab using Guid(d031d225bbef1a643a6801eeb4a74894) Importer(815301076,1909f56bfc062723c751e8b465ee728b) [PhysX] Initialized MultithreadedTaskDispatcher with 8 workers.
 -> (artifact id: '6bcbb637c79f1523be68fae9914b7977') in 0.003599 seconds
Number of updated asset objects reloaded before import = 0
Number of asset objects unloaded after import = 37
========================================================================
Received Import Request.
  Time since last request: 0.000018 seconds.
  path: Assets/Prefabs/Variant1YellowTeleportEnemySnow.prefab
  artifactKey: Guid(25175dcf43a70a948809e031bce71615) Importer(815301076,1909f56bfc062723c751e8b465ee728b)
Start importing Assets/Prefabs/Variant1YellowTeleportEnemySnow.prefab using Guid(25175dcf43a70a948809e031bce71615) Importer(815301076,1909f56bfc062723c751e8b465ee728b) [PhysX] Initialized MultithreadedTaskDispatcher with 8 workers.
 -> (artifact id: '25cf6f7406eca603ae4f833c3b6ff64f') in 0.006283 seconds
Number of updated asset objects reloaded before import = 0
Number of asset objects unloaded after import = 45
========================================================================
Received Import Request.
  Time since last request: 0.000019 seconds.
  path: Assets/Prefabs/Variant2Explosion 1.prefab
  artifactKey: Guid(7cfeabba5db725247af6b86eba11d555) Importer(815301076,1909f56bfc062723c751e8b465ee728b)
Start importing Assets/Prefabs/Variant2Explosion 1.prefab using Guid(7cfeabba5db725247af6b86eba11d555) Importer(815301076,1909f56bfc062723c751e8b465ee728b) [PhysX] Initialized MultithreadedTaskDispatcher with 8 workers.
 -> (artifact id: '5dd25ec56513f3212e9eb44560341110') in 0.007595 seconds
Number of updated asset objects reloaded before import = 0
Number of asset objects unloaded after import = 17
========================================================================
Received Import Request.
  Time since last request: 0.000023 seconds.
  path: Assets/Prefabs/Variant1Explosion Variant.prefab
  artifactKey: Guid(2ff9673dd8bc77a4d8114a0df1d6500f) Importer(815301076,1909f56bfc062723c751e8b465ee728b)
Start importing Assets/Prefabs/Variant1Explosion Variant.prefab using Guid(2ff9673dd8bc77a4d8114a0df1d6500f) Importer(815301076,1909f56bfc062723c751e8b465ee728b) [PhysX] Initialized MultithreadedTaskDispatcher with 8 workers.
 -> (artifact id: '50d9cdc3322efbd3c48d332fbf1fcddf') in 0.014684 seconds
Number of updated asset objects reloaded before import = 0
Number of asset objects unloaded after import = 52
========================================================================
Received Import Request.
  Time since last request: 0.000051 seconds.
  path: Assets/Prefabs/Variant2BlueEnemy 1.prefab
  artifactKey: Guid(ccab190188144fb4a85af99336a5aee7) Importer(815301076,1909f56bfc062723c751e8b465ee728b)
Start importing Assets/Prefabs/Variant2BlueEnemy 1.prefab using Guid(ccab190188144fb4a85af99336a5aee7) Importer(815301076,1909f56bfc062723c751e8b465ee728b) [PhysX] Initialized MultithreadedTaskDispatcher with 8 workers.
 -> (artifact id: 'b9eb9670cddb5f2dc11dafa7d3c85717') in 0.005092 seconds
Number of updated asset objects reloaded before import = 0
Number of asset objects unloaded after import = 37
========================================================================
Received Import Request.
  Time since last request: 0.000020 seconds.
  path: Assets/Prefabs/Variant1GhostEnemy.prefab
  artifactKey: Guid(c6732e1c6a08ef94ebfde34e415ffbcc) Importer(815301076,1909f56bfc062723c751e8b465ee728b)
Start importing Assets/Prefabs/Variant1GhostEnemy.prefab using Guid(c6732e1c6a08ef94ebfde34e415ffbcc) Importer(815301076,1909f56bfc062723c751e8b465ee728b) [PhysX] Initialized MultithreadedTaskDispatcher with 8 workers.
 -> (artifact id: '91a63f7b82a595b0c75ee5c1e48a1b41') in 0.006549 seconds
Number of updated asset objects reloaded before import = 0
Number of asset objects unloaded after import = 30
========================================================================
Received Import Request.
  Time since last request: 0.000065 seconds.
  path: Assets/Prefabs/Variant2BeeEnemy.prefab
  artifactKey: Guid(4cf1ddfbf3eed3345ac8ce4ad97aa526) Importer(815301076,1909f56bfc062723c751e8b465ee728b)
Start importing Assets/Prefabs/Variant2BeeEnemy.prefab using Guid(4cf1ddfbf3eed3345ac8ce4ad97aa526) Importer(815301076,1909f56bfc062723c751e8b465ee728b) [PhysX] Initialized MultithreadedTaskDispatcher with 8 workers.
 -> (artifact id: 'f3f35bce5fe0813b4e42cafbbc67ebd0') in 0.005774 seconds
Number of updated asset objects reloaded before import = 0
Number of asset objects unloaded after import = 33
========================================================================
Received Import Request.
  Time since last request: 0.000021 seconds.
  path: Assets/Prefabs/Variant1Green.prefab
  artifactKey: Guid(84f96ef3256613a419653eaba4d6ec82) Importer(815301076,1909f56bfc062723c751e8b465ee728b)
Start importing Assets/Prefabs/Variant1Green.prefab using Guid(84f96ef3256613a419653eaba4d6ec82) Importer(815301076,1909f56bfc062723c751e8b465ee728b) [PhysX] Initialized MultithreadedTaskDispatcher with 8 workers.
 -> (artifact id: 'bb5725ecd7e146f1d911967a20e3807f') in 0.006665 seconds
Number of updated asset objects reloaded before import = 0
Number of asset objects unloaded after import = 27
========================================================================
Received Prepare
Caller must complete domain reload
Begin MonoManager ReloadAssembly
Symbol file LoadedFromMemory is not a mono symbol file
- Loaded All Assemblies, in  1.773 seconds
Native extension for WindowsStandalone target not found
Native extension for iOS target not found
Native extension for Android target not found
Native extension for WebGL target not found
Asset Pipeline Refresh (id=7f07b46b8c7f6894194de7840f6b9842): Total: 0.000 seconds - Initiated by StopAssetImportingV2(NoUpdateAssetOptions)
[ScriptCompilation] NOT recompiling all scripts because this is an import worker process. Reason to compile was: Define symbols changed
[ScriptCompilation] NOT recompiling all scripts because this is an import worker process. Reason to compile was: Define symbols changed
Mono: successfully reloaded assembly
- Finished resetting the current domain, in  2.127 seconds
Domain Reload Profiling: 3899ms
	BeginReloadAssembly (1244ms)
		ExecutionOrderSort (0ms)
		DisableScriptedObjects (7ms)
		BackupInstance (0ms)
		ReleaseScriptingObjects (0ms)
		CreateAndSetChildDomain (57ms)
	RebuildCommonClasses (49ms)
	RebuildNativeTypeToScriptingClass (15ms)
	initialDomainReloadingComplete (37ms)
	LoadAllAssembliesAndSetupDomain (427ms)
		LoadAssemblies (561ms)
		RebuildTransferFunctionScriptingTraits (0ms)
		AnalyzeDomain (72ms)
			TypeCache.Refresh (25ms)
				TypeCache.ScanAssembly (6ms)
			ScanForSourceGeneratedMonoScriptInfo (33ms)
			ResolveRequiredComponents (12ms)
	FinalizeReload (2128ms)
		ReleaseScriptCaches (0ms)
		RebuildScriptCaches (0ms)
		SetupLoadedEditorAssemblies (854ms)
			LogAssemblyErrors (0ms)
			InitializePlatformSupportModulesInManaged (35ms)
			SetLoadedEditorAssemblies (4ms)
			RefreshPlugins (0ms)
			BeforeProcessingInitializeOnLoad (99ms)
			ProcessInitializeOnLoadAttributes (478ms)
			ProcessInitializeOnLoadMethodAttributes (228ms)
			AfterProcessingInitializeOnLoad (10ms)
			EditorAssembliesLoaded (0ms)
		ExecutionOrderSort2 (0ms)
		AwakeInstancesAfterBackupRestoration (13ms)
Refreshing native plugins compatible for Editor in 17.16 ms, found 2 plugins.
Preloading 0 native plugins for Editor in 0.00 ms.
Unloading 3839 Unused Serialized files (Serialized files now loaded: 0)
Unloading 16 unused Assets / (27.6 KB). Loaded Objects now: 4620.
Memory consumption went from 140.6 MB to 140.6 MB.
Total: 10.296900 ms (FindLiveObjects: 0.345400 ms CreateObjectMapping: 0.301300 ms MarkObjects: 9.598000 ms  DeleteObjects: 0.051000 ms)

Prepare: number of updated asset objects reloaded= 0
AssetImportParameters requested are different than current active one (requested -> active):
  custom:container-demuxer-ogg: 62fdf1f143b41e24485cea50d1cbac27 -> 
  custom:video-decoder-ogg-theora: a1e56fd34408186e4bbccfd4996cb3dc -> 
  custom:framework-win-MediaFoundation: 216162199b28c13a410421893ffa2e32 -> 
  custom:CustomObjectIndexerAttribute: 9a22284fe3817be447336de3de66b15e -> 
  custom:scripting/monoscript/fileName/GetEnvirData.cs: 606691644bdf7ecd10bb4ebc495c19c8 -> 
  custom:scripting/monoscript/fileName/EnvirData_build.cs: f736887ffe20da6261346a3c69102d4a -> 
  custom:scripting/monoscript/fileName/EnvirData_yg.cs: 3bb54dc4b67a3b540b92ca7af113e256 -> 
  custom:container-demuxer-webm: 4f35f7cbe854078d1ac9338744f61a02 -> 
  custom:container-muxer-webm: aa71ff27fc2769a1b78a27578f13a17b -> 
  custom:video-decoder-webm-vp8: 9c59270c3fd7afecdb556c50c9e8de78 -> 
  custom:SearchIndexIgnoredProperties: e643bd26f0fe6173181afceb89e7c659 -> 
  custom:AudioImporter_EditorPlatform: d09bf68614088b80899f8185d706f6e7 -> 
  custom:scripting/monoscript/fileName/KeyPressAnimation.cs: fc9b01ea31c12afb286dc2cd37a6e098 -> 
  custom:scripting/monoscript/fileName/EnvirData_interface.cs: 15db51baa12205348d10443220bc41a9 -> 
  custom:scripting/monoscript/fileName/EnvirData_yandexPlatform.cs: f24044aced27dadaa5f6f6a76e01f239 -> 
  custom:video-encoder-webm-vp8: eb34c28f22e8b96e1ab97ce403110664 -> 
  custom:audio-decoder-ogg-vorbis: bf7c407c2cedff20999df2af8eb42d56 -> 
  custom:audio-encoder-webm-vorbis: bf7c407c2cedff20999df2af8eb42d56 -> 
  custom:scripting/precompiled-assembly-types:Assembly-CSharp-Editor: 71f3420967b037f8ff02a018ff7ef66c -> ddefecc5e32c82550f9b70692fb0a631
  custom:scripting/precompiled-assembly-types:Assembly-CSharp: 9fb413334a5d09436282d6ae84b3c0fd -> 487e516f97377eda8305839caa2d70fb
========================================================================
Received Import Request.
  Time since last request: 102.134347 seconds.
  path: Assets/Prefabs/Variant1StoneSwamp.prefab
  artifactKey: Guid(c3b80be06e1efd34cb80fe812f2f68f7) Importer(815301076,1909f56bfc062723c751e8b465ee728b)
Start importing Assets/Prefabs/Variant1StoneSwamp.prefab using Guid(c3b80be06e1efd34cb80fe812f2f68f7) Importer(815301076,1909f56bfc062723c751e8b465ee728b) [PhysX] Initialized MultithreadedTaskDispatcher with 8 workers.
 -> (artifact id: 'c13bf1c0d669c163bd619290df15dcae') in 0.038477 seconds
Number of updated asset objects reloaded before import = 0
Number of asset objects unloaded after import = 28
========================================================================
Received Import Request.
  Time since last request: 0.000043 seconds.
  path: Assets/Prefabs/Variant2Shit.prefab
  artifactKey: Guid(6b402bb2eb5ed064f94bf1229870dd03) Importer(815301076,1909f56bfc062723c751e8b465ee728b)
Start importing Assets/Prefabs/Variant2Shit.prefab using Guid(6b402bb2eb5ed064f94bf1229870dd03) Importer(815301076,1909f56bfc062723c751e8b465ee728b) [PhysX] Initialized MultithreadedTaskDispatcher with 8 workers.
 -> (artifact id: '3c4d75e91d29cafe15cb9879a46665c0') in 0.005333 seconds
Number of updated asset objects reloaded before import = 0
Number of asset objects unloaded after import = 24
========================================================================
Received Import Request.
  Time since last request: 0.000017 seconds.
  path: Assets/Prefabs/Variant2Explosion.prefab
  artifactKey: Guid(1aeffba7d6c42c7438b12f70ce49a28f) Importer(815301076,1909f56bfc062723c751e8b465ee728b)
Start importing Assets/Prefabs/Variant2Explosion.prefab using Guid(1aeffba7d6c42c7438b12f70ce49a28f) Importer(815301076,1909f56bfc062723c751e8b465ee728b) [PhysX] Initialized MultithreadedTaskDispatcher with 8 workers.
 -> (artifact id: '6fd539312ddf942eebb1bb83a9a0bb6e') in 0.010393 seconds
Number of updated asset objects reloaded before import = 0
Number of asset objects unloaded after import = 29
========================================================================
Received Import Request.
  Time since last request: 0.000016 seconds.
  path: Assets/Prefabs/Variant2StoneSwamp.prefab
  artifactKey: Guid(50a604a5a50d46548abdb11274df436c) Importer(815301076,1909f56bfc062723c751e8b465ee728b)
Start importing Assets/Prefabs/Variant2StoneSwamp.prefab using Guid(50a604a5a50d46548abdb11274df436c) Importer(815301076,1909f56bfc062723c751e8b465ee728b) [PhysX] Initialized MultithreadedTaskDispatcher with 8 workers.
 -> (artifact id: 'b92ffeac595625c88975aaea722251a7') in 0.004690 seconds
Number of updated asset objects reloaded before import = 0
Number of asset objects unloaded after import = 28
========================================================================
Received Import Request.
  Time since last request: 0.000022 seconds.
  path: Assets/Prefabs/Variant2Money.prefab
  artifactKey: Guid(34e745c03a88a814e9f41344dc7b48ae) Importer(815301076,1909f56bfc062723c751e8b465ee728b)
Start importing Assets/Prefabs/Variant2Money.prefab using Guid(34e745c03a88a814e9f41344dc7b48ae) Importer(815301076,1909f56bfc062723c751e8b465ee728b) [PhysX] Initialized MultithreadedTaskDispatcher with 8 workers.
 -> (artifact id: '628caa46620314b744c2c7585bf95e54') in 0.003466 seconds
Number of updated asset objects reloaded before import = 0
Number of asset objects unloaded after import = 16
========================================================================
Received Import Request.
  Time since last request: 0.000019 seconds.
  path: Assets/Prefabs/Variant2StoneSnow.prefab
  artifactKey: Guid(33d4bd6e4cc488845b597d2031ed9e32) Importer(815301076,1909f56bfc062723c751e8b465ee728b)
Start importing Assets/Prefabs/Variant2StoneSnow.prefab using Guid(33d4bd6e4cc488845b597d2031ed9e32) Importer(815301076,1909f56bfc062723c751e8b465ee728b) [PhysX] Initialized MultithreadedTaskDispatcher with 8 workers.
 -> (artifact id: 'aac7ebd389255fc8344cf37043a875fb') in 0.003855 seconds
Number of updated asset objects reloaded before import = 0
Number of asset objects unloaded after import = 26
========================================================================
Received Import Request.
  Time since last request: 0.000018 seconds.
  path: Assets/Prefabs/Variant1StoneSnow.prefab
  artifactKey: Guid(70e9e4a47c1ea6e43831cfc0a34bf861) Importer(815301076,1909f56bfc062723c751e8b465ee728b)
Start importing Assets/Prefabs/Variant1StoneSnow.prefab using Guid(70e9e4a47c1ea6e43831cfc0a34bf861) Importer(815301076,1909f56bfc062723c751e8b465ee728b) [PhysX] Initialized MultithreadedTaskDispatcher with 8 workers.
 -> (artifact id: '6fdf0302df63b4d636a511c46553dc9a') in 0.003936 seconds
Number of updated asset objects reloaded before import = 0
Number of asset objects unloaded after import = 26
========================================================================
Received Import Request.
  Time since last request: 0.000020 seconds.
  path: Assets/Prefabs/Variant1SnowWhite3.prefab
  artifactKey: Guid(5bf2c262d8fd5fd44a653eeec49d71f9) Importer(815301076,1909f56bfc062723c751e8b465ee728b)
Start importing Assets/Prefabs/Variant1SnowWhite3.prefab using Guid(5bf2c262d8fd5fd44a653eeec49d71f9) Importer(815301076,1909f56bfc062723c751e8b465ee728b) [PhysX] Initialized MultithreadedTaskDispatcher with 8 workers.
 -> (artifact id: '6c73d9811bf3da3ef789dd1b1dd23958') in 0.006941 seconds
Number of updated asset objects reloaded before import = 0
Number of asset objects unloaded after import = 43
========================================================================
Received Import Request.
  Time since last request: 0.000024 seconds.
  path: Assets/Prefabs/Variant1.prefab
  artifactKey: Guid(45a339f5db433c94aab787cfb460b20d) Importer(815301076,1909f56bfc062723c751e8b465ee728b)
Start importing Assets/Prefabs/Variant1.prefab using Guid(45a339f5db433c94aab787cfb460b20d) Importer(815301076,1909f56bfc062723c751e8b465ee728b) [PhysX] Initialized MultithreadedTaskDispatcher with 8 workers.
 -> (artifact id: '21f885598dd64a77800839660d464ca6') in 0.006843 seconds
Number of updated asset objects reloaded before import = 0
Number of asset objects unloaded after import = 36
========================================================================
Received Import Request.
  Time since last request: 0.000020 seconds.
  path: Assets/Prefabs/Variant2Snow.prefab
  artifactKey: Guid(97a269fe72e0f1a41b3e04f280424260) Importer(815301076,1909f56bfc062723c751e8b465ee728b)
Start importing Assets/Prefabs/Variant2Snow.prefab using Guid(97a269fe72e0f1a41b3e04f280424260) Importer(815301076,1909f56bfc062723c751e8b465ee728b) [PhysX] Initialized MultithreadedTaskDispatcher with 8 workers.
 -> (artifact id: 'e355d55deb1e07ad2622b700adfa22a9') in 0.006232 seconds
Number of updated asset objects reloaded before import = 0
Number of asset objects unloaded after import = 43
========================================================================
Received Prepare
Caller must complete domain reload
Begin MonoManager ReloadAssembly
Symbol file LoadedFromMemory is not a mono symbol file
- Loaded All Assemblies, in  1.035 seconds
Native extension for WindowsStandalone target not found
Native extension for iOS target not found
Native extension for Android target not found
Native extension for WebGL target not found
Asset Pipeline Refresh (id=49f54ac9d4d98654dbb0ace9f9210207): Total: 0.000 seconds - Initiated by StopAssetImportingV2(NoUpdateAssetOptions)
[ScriptCompilation] NOT recompiling all scripts because this is an import worker process. Reason to compile was: Define symbols changed
[ScriptCompilation] NOT recompiling all scripts because this is an import worker process. Reason to compile was: Define symbols changed
Mono: successfully reloaded assembly
- Finished resetting the current domain, in  2.077 seconds
Domain Reload Profiling: 3111ms
	BeginReloadAssembly (634ms)
		ExecutionOrderSort (0ms)
		DisableScriptedObjects (8ms)
		BackupInstance (0ms)
		ReleaseScriptingObjects (0ms)
		CreateAndSetChildDomain (58ms)
	RebuildCommonClasses (61ms)
	RebuildNativeTypeToScriptingClass (13ms)
	initialDomainReloadingComplete (38ms)
	LoadAllAssembliesAndSetupDomain (287ms)
		LoadAssemblies (449ms)
		RebuildTransferFunctionScriptingTraits (0ms)
		AnalyzeDomain (16ms)
			TypeCache.Refresh (8ms)
				TypeCache.ScanAssembly (0ms)
			ScanForSourceGeneratedMonoScriptInfo (0ms)
			ResolveRequiredComponents (7ms)
	FinalizeReload (2077ms)
		ReleaseScriptCaches (0ms)
		RebuildScriptCaches (0ms)
		SetupLoadedEditorAssemblies (1354ms)
			LogAssemblyErrors (0ms)
			InitializePlatformSupportModulesInManaged (52ms)
			SetLoadedEditorAssemblies (7ms)
			RefreshPlugins (0ms)
			BeforeProcessingInitializeOnLoad (103ms)
			ProcessInitializeOnLoadAttributes (771ms)
			ProcessInitializeOnLoadMethodAttributes (407ms)
			AfterProcessingInitializeOnLoad (12ms)
			EditorAssembliesLoaded (2ms)
		ExecutionOrderSort2 (0ms)
		AwakeInstancesAfterBackupRestoration (22ms)
Refreshing native plugins compatible for Editor in 35.24 ms, found 2 plugins.
Preloading 0 native plugins for Editor in 0.00 ms.
Unloading 3839 Unused Serialized files (Serialized files now loaded: 0)
Unloading 16 unused Assets / (27.6 KB). Loaded Objects now: 4623.
Memory consumption went from 140.6 MB to 140.6 MB.
Total: 12.993100 ms (FindLiveObjects: 0.568000 ms CreateObjectMapping: 0.673400 ms MarkObjects: 11.699200 ms  DeleteObjects: 0.051200 ms)

Prepare: number of updated asset objects reloaded= 0
AssetImportParameters requested are different than current active one (requested -> active):
  custom:container-demuxer-ogg: 62fdf1f143b41e24485cea50d1cbac27 -> 
  custom:video-decoder-ogg-theora: a1e56fd34408186e4bbccfd4996cb3dc -> 
  custom:framework-win-MediaFoundation: 216162199b28c13a410421893ffa2e32 -> 
  custom:CustomObjectIndexerAttribute: 9a22284fe3817be447336de3de66b15e -> 
  custom:scripting/monoscript/fileName/GetEnvirData.cs: 606691644bdf7ecd10bb4ebc495c19c8 -> 
  custom:scripting/monoscript/fileName/EnvirData_build.cs: f736887ffe20da6261346a3c69102d4a -> 
  custom:scripting/monoscript/fileName/EnvirData_yg.cs: 3bb54dc4b67a3b540b92ca7af113e256 -> 
  custom:container-demuxer-webm: 4f35f7cbe854078d1ac9338744f61a02 -> 
  custom:container-muxer-webm: aa71ff27fc2769a1b78a27578f13a17b -> 
  custom:video-decoder-webm-vp8: 9c59270c3fd7afecdb556c50c9e8de78 -> 
  custom:SearchIndexIgnoredProperties: e643bd26f0fe6173181afceb89e7c659 -> 
  custom:AudioImporter_EditorPlatform: d09bf68614088b80899f8185d706f6e7 -> 
  custom:scripting/monoscript/fileName/KeyPressAnimation.cs: fc9b01ea31c12afb286dc2cd37a6e098 -> 
  custom:scripting/monoscript/fileName/EnvirData_interface.cs: 15db51baa12205348d10443220bc41a9 -> 
  custom:scripting/monoscript/fileName/EnvirData_yandexPlatform.cs: f24044aced27dadaa5f6f6a76e01f239 -> 
  custom:video-encoder-webm-vp8: eb34c28f22e8b96e1ab97ce403110664 -> 
  custom:audio-decoder-ogg-vorbis: bf7c407c2cedff20999df2af8eb42d56 -> 
  custom:audio-encoder-webm-vorbis: bf7c407c2cedff20999df2af8eb42d56 -> 
  custom:scripting/precompiled-assembly-types:Assembly-CSharp-Editor: 71f3420967b037f8ff02a018ff7ef66c -> ddefecc5e32c82550f9b70692fb0a631
  custom:scripting/precompiled-assembly-types:Assembly-CSharp: 9fb413334a5d09436282d6ae84b3c0fd -> 487e516f97377eda8305839caa2d70fb
========================================================================
Received Import Request.
  Time since last request: 56.367647 seconds.
  path: Assets/Prefabs/Variant2YellowEnemy.prefab
  artifactKey: Guid(aca53e7e6441a1e42ad6f76de44032f2) Importer(815301076,1909f56bfc062723c751e8b465ee728b)
Start importing Assets/Prefabs/Variant2YellowEnemy.prefab using Guid(aca53e7e6441a1e42ad6f76de44032f2) Importer(815301076,1909f56bfc062723c751e8b465ee728b) [PhysX] Initialized MultithreadedTaskDispatcher with 8 workers.
 -> (artifact id: 'b2016afb86f1a1c63f34d48582705f5f') in 0.057723 seconds
Number of updated asset objects reloaded before import = 0
Number of asset objects unloaded after import = 27
========================================================================
Received Import Request.
  Time since last request: 0.000027 seconds.
  path: Assets/Prefabs/Variant2YellowSnow.prefab
  artifactKey: Guid(9d1ab2b957b0f76418b3c157fce934fb) Importer(815301076,1909f56bfc062723c751e8b465ee728b)
Start importing Assets/Prefabs/Variant2YellowSnow.prefab using Guid(9d1ab2b957b0f76418b3c157fce934fb) Importer(815301076,1909f56bfc062723c751e8b465ee728b) [PhysX] Initialized MultithreadedTaskDispatcher with 8 workers.
 -> (artifact id: '126abd582fa5c577be5047264008d84c') in 0.004705 seconds
Number of updated asset objects reloaded before import = 0
Number of asset objects unloaded after import = 26
========================================================================
Received Import Request.
  Time since last request: 0.000043 seconds.
  path: Assets/Prefabs/Variant3White.prefab
  artifactKey: Guid(671419a7a2380cb43b4f655f01e05442) Importer(815301076,1909f56bfc062723c751e8b465ee728b)
Start importing Assets/Prefabs/Variant3White.prefab using Guid(671419a7a2380cb43b4f655f01e05442) Importer(815301076,1909f56bfc062723c751e8b465ee728b) [PhysX] Initialized MultithreadedTaskDispatcher with 8 workers.
 -> (artifact id: 'aa4e608e9aadf2401018651f052ed4cc') in 0.004936 seconds
Number of updated asset objects reloaded before import = 0
Number of asset objects unloaded after import = 30
========================================================================
Received Import Request.
  Time since last request: 11.943737 seconds.
  path: Assets/Prefabs/Variant3YellowTeleportEnemySnow.prefab
  artifactKey: Guid(e6088fd51b7857e46bd310eae707a416) Importer(815301076,1909f56bfc062723c751e8b465ee728b)
Start importing Assets/Prefabs/Variant3YellowTeleportEnemySnow.prefab using Guid(e6088fd51b7857e46bd310eae707a416) Importer(815301076,1909f56bfc062723c751e8b465ee728b) [PhysX] Initialized MultithreadedTaskDispatcher with 8 workers.
 -> (artifact id: '176ada88fec913acb2bf217d27c687e6') in 0.004730 seconds
Number of updated asset objects reloaded before import = 0
Number of asset objects unloaded after import = 45
========================================================================
Received Prepare
Caller must complete domain reload
Begin MonoManager ReloadAssembly
Symbol file LoadedFromMemory is not a mono symbol file
- Loaded All Assemblies, in  0.975 seconds
Native extension for WindowsStandalone target not found
Native extension for iOS target not found
Native extension for Android target not found
Native extension for WebGL target not found
Asset Pipeline Refresh (id=302f6fa871426e844825385eac835273): Total: 0.000 seconds - Initiated by StopAssetImportingV2(NoUpdateAssetOptions)
[ScriptCompilation] NOT recompiling all scripts because this is an import worker process. Reason to compile was: Define symbols changed
[ScriptCompilation] NOT recompiling all scripts because this is an import worker process. Reason to compile was: Define symbols changed
Mono: successfully reloaded assembly
- Finished resetting the current domain, in  1.781 seconds
Domain Reload Profiling: 2754ms
	BeginReloadAssembly (544ms)
		ExecutionOrderSort (0ms)
		DisableScriptedObjects (8ms)
		BackupInstance (0ms)
		ReleaseScriptingObjects (0ms)
		CreateAndSetChildDomain (40ms)
	RebuildCommonClasses (44ms)
	RebuildNativeTypeToScriptingClass (13ms)
	initialDomainReloadingComplete (31ms)
	LoadAllAssembliesAndSetupDomain (341ms)
		LoadAssemblies (444ms)
		RebuildTransferFunctionScriptingTraits (0ms)
		AnalyzeDomain (18ms)
			TypeCache.Refresh (9ms)
				TypeCache.ScanAssembly (0ms)
			ScanForSourceGeneratedMonoScriptInfo (0ms)
			ResolveRequiredComponents (7ms)
	FinalizeReload (1781ms)
		ReleaseScriptCaches (0ms)
		RebuildScriptCaches (0ms)
		SetupLoadedEditorAssemblies (986ms)
			LogAssemblyErrors (0ms)
			InitializePlatformSupportModulesInManaged (37ms)
			SetLoadedEditorAssemblies (4ms)
			RefreshPlugins (0ms)
			BeforeProcessingInitializeOnLoad (82ms)
			ProcessInitializeOnLoadAttributes (530ms)
			ProcessInitializeOnLoadMethodAttributes (320ms)
			AfterProcessingInitializeOnLoad (12ms)
			EditorAssembliesLoaded (1ms)
		ExecutionOrderSort2 (0ms)
		AwakeInstancesAfterBackupRestoration (16ms)
Refreshing native plugins compatible for Editor in 18.02 ms, found 2 plugins.
Preloading 0 native plugins for Editor in 0.00 ms.
Unloading 3839 Unused Serialized files (Serialized files now loaded: 0)
Unloading 16 unused Assets / (27.6 KB). Loaded Objects now: 4626.
Memory consumption went from 140.6 MB to 140.6 MB.
Total: 13.530900 ms (FindLiveObjects: 0.742600 ms CreateObjectMapping: 0.830100 ms MarkObjects: 11.877600 ms  DeleteObjects: 0.078600 ms)

Prepare: number of updated asset objects reloaded= 0
AssetImportParameters requested are different than current active one (requested -> active):
  custom:container-demuxer-ogg: 62fdf1f143b41e24485cea50d1cbac27 -> 
  custom:video-decoder-ogg-theora: a1e56fd34408186e4bbccfd4996cb3dc -> 
  custom:framework-win-MediaFoundation: 216162199b28c13a410421893ffa2e32 -> 
  custom:CustomObjectIndexerAttribute: 9a22284fe3817be447336de3de66b15e -> 
  custom:scripting/monoscript/fileName/GetEnvirData.cs: 606691644bdf7ecd10bb4ebc495c19c8 -> 
  custom:scripting/monoscript/fileName/EnvirData_build.cs: f736887ffe20da6261346a3c69102d4a -> 
  custom:scripting/monoscript/fileName/EnvirData_yg.cs: 3bb54dc4b67a3b540b92ca7af113e256 -> 
  custom:container-demuxer-webm: 4f35f7cbe854078d1ac9338744f61a02 -> 
  custom:container-muxer-webm: aa71ff27fc2769a1b78a27578f13a17b -> 
  custom:video-decoder-webm-vp8: 9c59270c3fd7afecdb556c50c9e8de78 -> 
  custom:SearchIndexIgnoredProperties: e643bd26f0fe6173181afceb89e7c659 -> 
  custom:AudioImporter_EditorPlatform: d09bf68614088b80899f8185d706f6e7 -> 
  custom:scripting/monoscript/fileName/KeyPressAnimation.cs: fc9b01ea31c12afb286dc2cd37a6e098 -> 
  custom:scripting/monoscript/fileName/EnvirData_interface.cs: 15db51baa12205348d10443220bc41a9 -> 
  custom:scripting/monoscript/fileName/EnvirData_yandexPlatform.cs: f24044aced27dadaa5f6f6a76e01f239 -> 
  custom:video-encoder-webm-vp8: eb34c28f22e8b96e1ab97ce403110664 -> 
  custom:audio-decoder-ogg-vorbis: bf7c407c2cedff20999df2af8eb42d56 -> 
  custom:audio-encoder-webm-vorbis: bf7c407c2cedff20999df2af8eb42d56 -> 
  custom:scripting/precompiled-assembly-types:Assembly-CSharp-Editor: 71f3420967b037f8ff02a018ff7ef66c -> ddefecc5e32c82550f9b70692fb0a631
  custom:scripting/precompiled-assembly-types:Assembly-CSharp: 9fb413334a5d09436282d6ae84b3c0fd -> 487e516f97377eda8305839caa2d70fb
========================================================================
Received Prepare
Caller must complete domain reload
Begin MonoManager ReloadAssembly
Symbol file LoadedFromMemory is not a mono symbol file
- Loaded All Assemblies, in  1.134 seconds
Native extension for WindowsStandalone target not found
Native extension for iOS target not found
Native extension for Android target not found
Native extension for WebGL target not found
Asset Pipeline Refresh (id=326b76844d31b5f40bd90fc20e2eaf90): Total: 0.000 seconds - Initiated by StopAssetImportingV2(NoUpdateAssetOptions)
[ScriptCompilation] NOT recompiling all scripts because this is an import worker process. Reason to compile was: Define symbols changed
[ScriptCompilation] NOT recompiling all scripts because this is an import worker process. Reason to compile was: Define symbols changed
Mono: successfully reloaded assembly
- Finished resetting the current domain, in  1.516 seconds
Domain Reload Profiling: 2649ms
	BeginReloadAssembly (649ms)
		ExecutionOrderSort (0ms)
		DisableScriptedObjects (12ms)
		BackupInstance (0ms)
		ReleaseScriptingObjects (0ms)
		CreateAndSetChildDomain (45ms)
	RebuildCommonClasses (51ms)
	RebuildNativeTypeToScriptingClass (18ms)
	initialDomainReloadingComplete (33ms)
	LoadAllAssembliesAndSetupDomain (382ms)
		LoadAssemblies (425ms)
		RebuildTransferFunctionScriptingTraits (0ms)
		AnalyzeDomain (49ms)
			TypeCache.Refresh (17ms)
				TypeCache.ScanAssembly (3ms)
			ScanForSourceGeneratedMonoScriptInfo (23ms)
			ResolveRequiredComponents (8ms)
	FinalizeReload (1516ms)
		ReleaseScriptCaches (0ms)
		RebuildScriptCaches (0ms)
		SetupLoadedEditorAssemblies (765ms)
			LogAssemblyErrors (0ms)
			InitializePlatformSupportModulesInManaged (44ms)
			SetLoadedEditorAssemblies (4ms)
			RefreshPlugins (0ms)
			BeforeProcessingInitializeOnLoad (98ms)
			ProcessInitializeOnLoadAttributes (428ms)
			ProcessInitializeOnLoadMethodAttributes (184ms)
			AfterProcessingInitializeOnLoad (7ms)
			EditorAssembliesLoaded (0ms)
		ExecutionOrderSort2 (0ms)
		AwakeInstancesAfterBackupRestoration (11ms)
Refreshing native plugins compatible for Editor in 14.57 ms, found 2 plugins.
Preloading 0 native plugins for Editor in 0.00 ms.
Unloading 3841 Unused Serialized files (Serialized files now loaded: 0)
Unloading 16 unused Assets / (27.6 KB). Loaded Objects now: 4630.
Memory consumption went from 140.9 MB to 140.9 MB.
Total: 12.769400 ms (FindLiveObjects: 0.358600 ms CreateObjectMapping: 0.325700 ms MarkObjects: 12.033800 ms  DeleteObjects: 0.050200 ms)

Prepare: number of updated asset objects reloaded= 0
AssetImportParameters requested are different than current active one (requested -> active):
  custom:container-demuxer-ogg: 62fdf1f143b41e24485cea50d1cbac27 -> 
  custom:video-decoder-ogg-theora: a1e56fd34408186e4bbccfd4996cb3dc -> 
  custom:framework-win-MediaFoundation: 216162199b28c13a410421893ffa2e32 -> 
  custom:scripting/monoscript/fileName/NewBehaviourScript.cs: b21687ddb03d73bd9f0c1daecb9714de -> 
  custom:CustomObjectIndexerAttribute: 9a22284fe3817be447336de3de66b15e -> 
  custom:scripting/monoscript/fileName/GetEnvirData.cs: 606691644bdf7ecd10bb4ebc495c19c8 -> 
  custom:scripting/monoscript/fileName/EnvirData_build.cs: f736887ffe20da6261346a3c69102d4a -> 
  custom:scripting/monoscript/fileName/EnvirData_yg.cs: 3bb54dc4b67a3b540b92ca7af113e256 -> 
  custom:container-demuxer-webm: 4f35f7cbe854078d1ac9338744f61a02 -> 
  custom:container-muxer-webm: aa71ff27fc2769a1b78a27578f13a17b -> 
  custom:video-decoder-webm-vp8: 9c59270c3fd7afecdb556c50c9e8de78 -> 
  custom:SearchIndexIgnoredProperties: e643bd26f0fe6173181afceb89e7c659 -> 
  custom:AudioImporter_EditorPlatform: d09bf68614088b80899f8185d706f6e7 -> 
  custom:scripting/monoscript/fileName/KeyPressAnimation.cs: fc9b01ea31c12afb286dc2cd37a6e098 -> 
  custom:scripting/monoscript/fileName/EnvirData_interface.cs: 15db51baa12205348d10443220bc41a9 -> 
  custom:scripting/monoscript/fileName/EnvirData_yandexPlatform.cs: f24044aced27dadaa5f6f6a76e01f239 -> 
  custom:video-encoder-webm-vp8: eb34c28f22e8b96e1ab97ce403110664 -> 
  custom:audio-decoder-ogg-vorbis: bf7c407c2cedff20999df2af8eb42d56 -> 
  custom:audio-encoder-webm-vorbis: bf7c407c2cedff20999df2af8eb42d56 -> 
  custom:scripting/precompiled-assembly-types:Assembly-CSharp-Editor: 71f3420967b037f8ff02a018ff7ef66c -> ddefecc5e32c82550f9b70692fb0a631
  custom:scripting/precompiled-assembly-types:Assembly-CSharp: bca721d6ee83fcd6e93d7cdc0a690e6f -> 487e516f97377eda8305839caa2d70fb
========================================================================
Received Prepare
Caller must complete domain reload
Begin MonoManager ReloadAssembly
Symbol file LoadedFromMemory is not a mono symbol file
- Loaded All Assemblies, in  0.916 seconds
Native extension for WindowsStandalone target not found
Native extension for iOS target not found
Native extension for Android target not found
Native extension for WebGL target not found
Asset Pipeline Refresh (id=63cf7fe3b50b2034c8172f3a561814c6): Total: 0.000 seconds - Initiated by StopAssetImportingV2(NoUpdateAssetOptions)
[ScriptCompilation] NOT recompiling all scripts because this is an import worker process. Reason to compile was: Define symbols changed
[ScriptCompilation] NOT recompiling all scripts because this is an import worker process. Reason to compile was: Define symbols changed
Mono: successfully reloaded assembly
- Finished resetting the current domain, in  1.342 seconds
Domain Reload Profiling: 2258ms
	BeginReloadAssembly (472ms)
		ExecutionOrderSort (0ms)
		DisableScriptedObjects (8ms)
		BackupInstance (0ms)
		ReleaseScriptingObjects (0ms)
		CreateAndSetChildDomain (45ms)
	RebuildCommonClasses (46ms)
	RebuildNativeTypeToScriptingClass (18ms)
	initialDomainReloadingComplete (34ms)
	LoadAllAssembliesAndSetupDomain (346ms)
		LoadAssemblies (388ms)
		RebuildTransferFunctionScriptingTraits (0ms)
		AnalyzeDomain (58ms)
			TypeCache.Refresh (15ms)
				TypeCache.ScanAssembly (3ms)
			ScanForSourceGeneratedMonoScriptInfo (29ms)
			ResolveRequiredComponents (11ms)
	FinalizeReload (1342ms)
		ReleaseScriptCaches (0ms)
		RebuildScriptCaches (0ms)
		SetupLoadedEditorAssemblies (762ms)
			LogAssemblyErrors (0ms)
			InitializePlatformSupportModulesInManaged (29ms)
			SetLoadedEditorAssemblies (3ms)
			RefreshPlugins (0ms)
			BeforeProcessingInitializeOnLoad (86ms)
			ProcessInitializeOnLoadAttributes (410ms)
			ProcessInitializeOnLoadMethodAttributes (227ms)
			AfterProcessingInitializeOnLoad (7ms)
			EditorAssembliesLoaded (0ms)
		ExecutionOrderSort2 (0ms)
		AwakeInstancesAfterBackupRestoration (9ms)
Refreshing native plugins compatible for Editor in 10.78 ms, found 2 plugins.
Preloading 0 native plugins for Editor in 0.00 ms.
Unloading 3840 Unused Serialized files (Serialized files now loaded: 0)
Unloading 16 unused Assets / (27.6 KB). Loaded Objects now: 4633.
Memory consumption went from 140.9 MB to 140.9 MB.
Total: 9.626300 ms (FindLiveObjects: 0.323200 ms CreateObjectMapping: 0.240800 ms MarkObjects: 9.012300 ms  DeleteObjects: 0.048700 ms)

Prepare: number of updated asset objects reloaded= 0
AssetImportParameters requested are different than current active one (requested -> active):
  custom:container-demuxer-ogg: 62fdf1f143b41e24485cea50d1cbac27 -> 
  custom:video-decoder-ogg-theora: a1e56fd34408186e4bbccfd4996cb3dc -> 
  custom:framework-win-MediaFoundation: 216162199b28c13a410421893ffa2e32 -> 
  custom:scripting/monoscript/fileName/NewBehaviourScript.cs: b21687ddb03d73bd9f0c1daecb9714de -> 
  custom:CustomObjectIndexerAttribute: 9a22284fe3817be447336de3de66b15e -> 
  custom:scripting/monoscript/fileName/GetEnvirData.cs: 606691644bdf7ecd10bb4ebc495c19c8 -> 
  custom:scripting/monoscript/fileName/EnvirData_build.cs: f736887ffe20da6261346a3c69102d4a -> 
  custom:scripting/monoscript/fileName/EnvirData_yg.cs: 3bb54dc4b67a3b540b92ca7af113e256 -> 
  custom:container-demuxer-webm: 4f35f7cbe854078d1ac9338744f61a02 -> 
  custom:container-muxer-webm: aa71ff27fc2769a1b78a27578f13a17b -> 
  custom:video-decoder-webm-vp8: 9c59270c3fd7afecdb556c50c9e8de78 -> 
  custom:SearchIndexIgnoredProperties: e643bd26f0fe6173181afceb89e7c659 -> 
  custom:AudioImporter_EditorPlatform: d09bf68614088b80899f8185d706f6e7 -> 
  custom:scripting/monoscript/fileName/KeyPressAnimation.cs: fc9b01ea31c12afb286dc2cd37a6e098 -> 
  custom:scripting/monoscript/fileName/EnvirData_interface.cs: 15db51baa12205348d10443220bc41a9 -> 
  custom:scripting/monoscript/fileName/EnvirData_yandexPlatform.cs: f24044aced27dadaa5f6f6a76e01f239 -> 
  custom:video-encoder-webm-vp8: eb34c28f22e8b96e1ab97ce403110664 -> 
  custom:audio-decoder-ogg-vorbis: bf7c407c2cedff20999df2af8eb42d56 -> 
  custom:audio-encoder-webm-vorbis: bf7c407c2cedff20999df2af8eb42d56 -> 
  custom:scripting/precompiled-assembly-types:Assembly-CSharp-Editor: 71f3420967b037f8ff02a018ff7ef66c -> ddefecc5e32c82550f9b70692fb0a631
  custom:scripting/precompiled-assembly-types:Assembly-CSharp: 9fb413334a5d09436282d6ae84b3c0fd -> 487e516f97377eda8305839caa2d70fb
========================================================================
Received Prepare
Caller must complete domain reload
Begin MonoManager ReloadAssembly
Symbol file LoadedFromMemory is not a mono symbol file
- Loaded All Assemblies, in  1.176 seconds
Native extension for WindowsStandalone target not found
Native extension for iOS target not found
Native extension for Android target not found
Native extension for WebGL target not found
Asset Pipeline Refresh (id=bc104c83d8bdae14ab832b72c3c26152): Total: 0.000 seconds - Initiated by StopAssetImportingV2(NoUpdateAssetOptions)
[ScriptCompilation] NOT recompiling all scripts because this is an import worker process. Reason to compile was: Define symbols changed
[ScriptCompilation] NOT recompiling all scripts because this is an import worker process. Reason to compile was: Define symbols changed
Mono: successfully reloaded assembly
- Finished resetting the current domain, in  1.690 seconds
Domain Reload Profiling: 2866ms
	BeginReloadAssembly (603ms)
		ExecutionOrderSort (0ms)
		DisableScriptedObjects (10ms)
		BackupInstance (0ms)
		ReleaseScriptingObjects (0ms)
		CreateAndSetChildDomain (53ms)
	RebuildCommonClasses (45ms)
	RebuildNativeTypeToScriptingClass (27ms)
	initialDomainReloadingComplete (60ms)
	LoadAllAssembliesAndSetupDomain (441ms)
		LoadAssemblies (537ms)
		RebuildTransferFunctionScriptingTraits (0ms)
		AnalyzeDomain (61ms)
			TypeCache.Refresh (27ms)
				TypeCache.ScanAssembly (7ms)
			ScanForSourceGeneratedMonoScriptInfo (25ms)
			ResolveRequiredComponents (8ms)
	FinalizeReload (1691ms)
		ReleaseScriptCaches (0ms)
		RebuildScriptCaches (0ms)
		SetupLoadedEditorAssemblies (885ms)
			LogAssemblyErrors (0ms)
			InitializePlatformSupportModulesInManaged (44ms)
			SetLoadedEditorAssemblies (6ms)
			RefreshPlugins (0ms)
			BeforeProcessingInitializeOnLoad (105ms)
			ProcessInitializeOnLoadAttributes (474ms)
			ProcessInitializeOnLoadMethodAttributes (245ms)
			AfterProcessingInitializeOnLoad (12ms)
			EditorAssembliesLoaded (1ms)
		ExecutionOrderSort2 (0ms)
		AwakeInstancesAfterBackupRestoration (17ms)
Refreshing native plugins compatible for Editor in 17.49 ms, found 2 plugins.
Preloading 0 native plugins for Editor in 0.00 ms.
Unloading 3841 Unused Serialized files (Serialized files now loaded: 0)
Unloading 16 unused Assets / (27.7 KB). Loaded Objects now: 4637.
Memory consumption went from 140.9 MB to 140.9 MB.
Total: 8.375200 ms (FindLiveObjects: 0.346700 ms CreateObjectMapping: 0.352200 ms MarkObjects: 7.621200 ms  DeleteObjects: 0.053900 ms)

Prepare: number of updated asset objects reloaded= 0
AssetImportParameters requested are different than current active one (requested -> active):
  custom:container-demuxer-ogg: 62fdf1f143b41e24485cea50d1cbac27 -> 
  custom:video-decoder-ogg-theora: a1e56fd34408186e4bbccfd4996cb3dc -> 
  custom:framework-win-MediaFoundation: 216162199b28c13a410421893ffa2e32 -> 
  custom:scripting/monoscript/fileName/NewBehaviourScript.cs: b21687ddb03d73bd9f0c1daecb9714de -> 
  custom:CustomObjectIndexerAttribute: 9a22284fe3817be447336de3de66b15e -> 
  custom:scripting/monoscript/fileName/GetEnvirData.cs: 606691644bdf7ecd10bb4ebc495c19c8 -> 
  custom:scripting/monoscript/fileName/EnvirData_build.cs: f736887ffe20da6261346a3c69102d4a -> 
  custom:scripting/monoscript/fileName/EnvirData_yg.cs: 3bb54dc4b67a3b540b92ca7af113e256 -> 
  custom:container-demuxer-webm: 4f35f7cbe854078d1ac9338744f61a02 -> 
  custom:container-muxer-webm: aa71ff27fc2769a1b78a27578f13a17b -> 
  custom:scripting/monoscript/fileName/ScreenBoundary.cs: 37f09f35de59e5f5dd82c9c02fb6e87b -> 
  custom:video-decoder-webm-vp8: 9c59270c3fd7afecdb556c50c9e8de78 -> 
  custom:SearchIndexIgnoredProperties: e643bd26f0fe6173181afceb89e7c659 -> 
  custom:AudioImporter_EditorPlatform: d09bf68614088b80899f8185d706f6e7 -> 
  custom:scripting/monoscript/fileName/KeyPressAnimation.cs: fc9b01ea31c12afb286dc2cd37a6e098 -> 
  custom:scripting/monoscript/fileName/EnvirData_interface.cs: 15db51baa12205348d10443220bc41a9 -> 
  custom:scripting/monoscript/fileName/EnvirData_yandexPlatform.cs: f24044aced27dadaa5f6f6a76e01f239 -> 
  custom:video-encoder-webm-vp8: eb34c28f22e8b96e1ab97ce403110664 -> 
  custom:audio-decoder-ogg-vorbis: bf7c407c2cedff20999df2af8eb42d56 -> 
  custom:audio-encoder-webm-vorbis: bf7c407c2cedff20999df2af8eb42d56 -> 
  custom:scripting/precompiled-assembly-types:Assembly-CSharp-Editor: 71f3420967b037f8ff02a018ff7ef66c -> ddefecc5e32c82550f9b70692fb0a631
  custom:scripting/precompiled-assembly-types:Assembly-CSharp: 3a88d240ba590341d4177e0d026f00cd -> 487e516f97377eda8305839caa2d70fb
========================================================================
Received Prepare
Caller must complete domain reload
Begin MonoManager ReloadAssembly
Symbol file LoadedFromMemory is not a mono symbol file
- Loaded All Assemblies, in  1.134 seconds
Native extension for WindowsStandalone target not found
Native extension for iOS target not found
Native extension for Android target not found
Native extension for WebGL target not found
Asset Pipeline Refresh (id=2b07d1892bbaef447887bba0e5cd676f): Total: 0.000 seconds - Initiated by StopAssetImportingV2(NoUpdateAssetOptions)
[ScriptCompilation] NOT recompiling all scripts because this is an import worker process. Reason to compile was: Define symbols changed
[ScriptCompilation] NOT recompiling all scripts because this is an import worker process. Reason to compile was: Define symbols changed
Mono: successfully reloaded assembly
- Finished resetting the current domain, in  1.638 seconds
Domain Reload Profiling: 2772ms
	BeginReloadAssembly (476ms)
		ExecutionOrderSort (0ms)
		DisableScriptedObjects (9ms)
		BackupInstance (0ms)
		ReleaseScriptingObjects (0ms)
		CreateAndSetChildDomain (37ms)
	RebuildCommonClasses (174ms)
	RebuildNativeTypeToScriptingClass (34ms)
	initialDomainReloadingComplete (45ms)
	LoadAllAssembliesAndSetupDomain (403ms)
		LoadAssemblies (437ms)
		RebuildTransferFunctionScriptingTraits (0ms)
		AnalyzeDomain (71ms)
			TypeCache.Refresh (32ms)
				TypeCache.ScanAssembly (10ms)
			ScanForSourceGeneratedMonoScriptInfo (26ms)
			ResolveRequiredComponents (11ms)
	FinalizeReload (1639ms)
		ReleaseScriptCaches (0ms)
		RebuildScriptCaches (0ms)
		SetupLoadedEditorAssemblies (834ms)
			LogAssemblyErrors (0ms)
			InitializePlatformSupportModulesInManaged (80ms)
			SetLoadedEditorAssemblies (5ms)
			RefreshPlugins (0ms)
			BeforeProcessingInitializeOnLoad (95ms)
			ProcessInitializeOnLoadAttributes (438ms)
			ProcessInitializeOnLoadMethodAttributes (209ms)
			AfterProcessingInitializeOnLoad (6ms)
			EditorAssembliesLoaded (0ms)
		ExecutionOrderSort2 (0ms)
		AwakeInstancesAfterBackupRestoration (10ms)
Refreshing native plugins compatible for Editor in 11.20 ms, found 2 plugins.
Preloading 0 native plugins for Editor in 0.00 ms.
Unloading 3841 Unused Serialized files (Serialized files now loaded: 0)
Unloading 16 unused Assets / (27.6 KB). Loaded Objects now: 4640.
Memory consumption went from 140.9 MB to 140.9 MB.
Total: 14.955500 ms (FindLiveObjects: 0.351100 ms CreateObjectMapping: 0.290100 ms MarkObjects: 14.247800 ms  DeleteObjects: 0.065500 ms)

Prepare: number of updated asset objects reloaded= 0
AssetImportParameters requested are different than current active one (requested -> active):
  custom:container-demuxer-ogg: 62fdf1f143b41e24485cea50d1cbac27 -> 
  custom:video-decoder-ogg-theora: a1e56fd34408186e4bbccfd4996cb3dc -> 
  custom:framework-win-MediaFoundation: 216162199b28c13a410421893ffa2e32 -> 
  custom:scripting/monoscript/fileName/NewBehaviourScript.cs: b21687ddb03d73bd9f0c1daecb9714de -> 
  custom:CustomObjectIndexerAttribute: 9a22284fe3817be447336de3de66b15e -> 
  custom:scripting/monoscript/fileName/GetEnvirData.cs: 606691644bdf7ecd10bb4ebc495c19c8 -> 
  custom:scripting/monoscript/fileName/EnvirData_build.cs: f736887ffe20da6261346a3c69102d4a -> 
  custom:scripting/monoscript/fileName/EnvirData_yg.cs: 3bb54dc4b67a3b540b92ca7af113e256 -> 
  custom:container-demuxer-webm: 4f35f7cbe854078d1ac9338744f61a02 -> 
  custom:container-muxer-webm: aa71ff27fc2769a1b78a27578f13a17b -> 
  custom:scripting/monoscript/fileName/ScreenBoundary.cs: 37f09f35de59e5f5dd82c9c02fb6e87b -> 
  custom:video-decoder-webm-vp8: 9c59270c3fd7afecdb556c50c9e8de78 -> 
  custom:SearchIndexIgnoredProperties: e643bd26f0fe6173181afceb89e7c659 -> 
  custom:AudioImporter_EditorPlatform: d09bf68614088b80899f8185d706f6e7 -> 
  custom:scripting/monoscript/fileName/KeyPressAnimation.cs: fc9b01ea31c12afb286dc2cd37a6e098 -> 
  custom:scripting/monoscript/fileName/EnvirData_interface.cs: 15db51baa12205348d10443220bc41a9 -> 
  custom:scripting/monoscript/fileName/EnvirData_yandexPlatform.cs: f24044aced27dadaa5f6f6a76e01f239 -> 
  custom:video-encoder-webm-vp8: eb34c28f22e8b96e1ab97ce403110664 -> 
  custom:audio-decoder-ogg-vorbis: bf7c407c2cedff20999df2af8eb42d56 -> 
  custom:audio-encoder-webm-vorbis: bf7c407c2cedff20999df2af8eb42d56 -> 
  custom:scripting/precompiled-assembly-types:Assembly-CSharp-Editor: 71f3420967b037f8ff02a018ff7ef66c -> ddefecc5e32c82550f9b70692fb0a631
  custom:scripting/precompiled-assembly-types:Assembly-CSharp: 19a26dcd1662e153944b82b9342db676 -> 487e516f97377eda8305839caa2d70fb
========================================================================
Received Prepare
Caller must complete domain reload
Begin MonoManager ReloadAssembly
Symbol file LoadedFromMemory is not a mono symbol file
- Loaded All Assemblies, in  0.947 seconds
Native extension for WindowsStandalone target not found
Native extension for iOS target not found
Native extension for Android target not found
Native extension for WebGL target not found
Asset Pipeline Refresh (id=e1db20ec990070a418d46729a99ba318): Total: 0.000 seconds - Initiated by StopAssetImportingV2(NoUpdateAssetOptions)
[ScriptCompilation] NOT recompiling all scripts because this is an import worker process. Reason to compile was: Define symbols changed
[ScriptCompilation] NOT recompiling all scripts because this is an import worker process. Reason to compile was: Define symbols changed
Mono: successfully reloaded assembly
- Finished resetting the current domain, in  1.904 seconds
Domain Reload Profiling: 2849ms
	BeginReloadAssembly (544ms)
		ExecutionOrderSort (0ms)
		DisableScriptedObjects (7ms)
		BackupInstance (0ms)
		ReleaseScriptingObjects (0ms)
		CreateAndSetChildDomain (40ms)
	RebuildCommonClasses (43ms)
	RebuildNativeTypeToScriptingClass (12ms)
	initialDomainReloadingComplete (39ms)
	LoadAllAssembliesAndSetupDomain (306ms)
		LoadAssemblies (386ms)
		RebuildTransferFunctionScriptingTraits (0ms)
		AnalyzeDomain (14ms)
			TypeCache.Refresh (6ms)
				TypeCache.ScanAssembly (0ms)
			ScanForSourceGeneratedMonoScriptInfo (0ms)
			ResolveRequiredComponents (6ms)
	FinalizeReload (1905ms)
		ReleaseScriptCaches (0ms)
		RebuildScriptCaches (0ms)
		SetupLoadedEditorAssemblies (1146ms)
			LogAssemblyErrors (0ms)
			InitializePlatformSupportModulesInManaged (46ms)
			SetLoadedEditorAssemblies (5ms)
			RefreshPlugins (0ms)
			BeforeProcessingInitializeOnLoad (94ms)
			ProcessInitializeOnLoadAttributes (718ms)
			ProcessInitializeOnLoadMethodAttributes (270ms)
			AfterProcessingInitializeOnLoad (13ms)
			EditorAssembliesLoaded (0ms)
		ExecutionOrderSort2 (0ms)
		AwakeInstancesAfterBackupRestoration (38ms)
Refreshing native plugins compatible for Editor in 18.26 ms, found 2 plugins.
Preloading 0 native plugins for Editor in 0.00 ms.
Unloading 3841 Unused Serialized files (Serialized files now loaded: 0)
Unloading 16 unused Assets / (27.6 KB). Loaded Objects now: 4643.
Memory consumption went from 140.9 MB to 140.9 MB.
Total: 14.539600 ms (FindLiveObjects: 0.603400 ms CreateObjectMapping: 0.354100 ms MarkObjects: 13.519800 ms  DeleteObjects: 0.060400 ms)

Prepare: number of updated asset objects reloaded= 0
AssetImportParameters requested are different than current active one (requested -> active):
  custom:container-demuxer-ogg: 62fdf1f143b41e24485cea50d1cbac27 -> 
  custom:video-decoder-ogg-theora: a1e56fd34408186e4bbccfd4996cb3dc -> 
  custom:framework-win-MediaFoundation: 216162199b28c13a410421893ffa2e32 -> 
  custom:scripting/monoscript/fileName/NewBehaviourScript.cs: b21687ddb03d73bd9f0c1daecb9714de -> 
  custom:CustomObjectIndexerAttribute: 9a22284fe3817be447336de3de66b15e -> 
  custom:scripting/monoscript/fileName/GetEnvirData.cs: 606691644bdf7ecd10bb4ebc495c19c8 -> 
  custom:scripting/monoscript/fileName/EnvirData_build.cs: f736887ffe20da6261346a3c69102d4a -> 
  custom:scripting/monoscript/fileName/EnvirData_yg.cs: 3bb54dc4b67a3b540b92ca7af113e256 -> 
  custom:container-demuxer-webm: 4f35f7cbe854078d1ac9338744f61a02 -> 
  custom:container-muxer-webm: aa71ff27fc2769a1b78a27578f13a17b -> 
  custom:scripting/monoscript/fileName/ScreenBoundary.cs: 37f09f35de59e5f5dd82c9c02fb6e87b -> 
  custom:video-decoder-webm-vp8: 9c59270c3fd7afecdb556c50c9e8de78 -> 
  custom:SearchIndexIgnoredProperties: e643bd26f0fe6173181afceb89e7c659 -> 
  custom:AudioImporter_EditorPlatform: d09bf68614088b80899f8185d706f6e7 -> 
  custom:scripting/monoscript/fileName/KeyPressAnimation.cs: fc9b01ea31c12afb286dc2cd37a6e098 -> 
  custom:scripting/monoscript/fileName/EnvirData_interface.cs: 15db51baa12205348d10443220bc41a9 -> 
  custom:scripting/monoscript/fileName/EnvirData_yandexPlatform.cs: f24044aced27dadaa5f6f6a76e01f239 -> 
  custom:video-encoder-webm-vp8: eb34c28f22e8b96e1ab97ce403110664 -> 
  custom:audio-decoder-ogg-vorbis: bf7c407c2cedff20999df2af8eb42d56 -> 
  custom:audio-encoder-webm-vorbis: bf7c407c2cedff20999df2af8eb42d56 -> 
  custom:scripting/precompiled-assembly-types:Assembly-CSharp-Editor: 71f3420967b037f8ff02a018ff7ef66c -> ddefecc5e32c82550f9b70692fb0a631
  custom:scripting/precompiled-assembly-types:Assembly-CSharp: 19a26dcd1662e153944b82b9342db676 -> 487e516f97377eda8305839caa2d70fb
========================================================================
Received Prepare
Caller must complete domain reload
Begin MonoManager ReloadAssembly
Symbol file LoadedFromMemory is not a mono symbol file
- Loaded All Assemblies, in  0.882 seconds
Native extension for WindowsStandalone target not found
Native extension for iOS target not found
Native extension for Android target not found
Native extension for WebGL target not found
Asset Pipeline Refresh (id=b8f94f73efa028b4d8aceb7e4953e069): Total: 0.000 seconds - Initiated by StopAssetImportingV2(NoUpdateAssetOptions)
[ScriptCompilation] NOT recompiling all scripts because this is an import worker process. Reason to compile was: Define symbols changed
[ScriptCompilation] NOT recompiling all scripts because this is an import worker process. Reason to compile was: Define symbols changed
Mono: successfully reloaded assembly
- Finished resetting the current domain, in  1.846 seconds
Domain Reload Profiling: 2725ms
	BeginReloadAssembly (488ms)
		ExecutionOrderSort (0ms)
		DisableScriptedObjects (11ms)
		BackupInstance (0ms)
		ReleaseScriptingObjects (0ms)
		CreateAndSetChildDomain (40ms)
	RebuildCommonClasses (56ms)
	RebuildNativeTypeToScriptingClass (16ms)
	initialDomainReloadingComplete (31ms)
	LoadAllAssembliesAndSetupDomain (287ms)
		LoadAssemblies (380ms)
		RebuildTransferFunctionScriptingTraits (0ms)
		AnalyzeDomain (16ms)
			TypeCache.Refresh (7ms)
				TypeCache.ScanAssembly (0ms)
			ScanForSourceGeneratedMonoScriptInfo (0ms)
			ResolveRequiredComponents (8ms)
	FinalizeReload (1846ms)
		ReleaseScriptCaches (0ms)
		RebuildScriptCaches (0ms)
		SetupLoadedEditorAssemblies (1179ms)
			LogAssemblyErrors (0ms)
			InitializePlatformSupportModulesInManaged (47ms)
			SetLoadedEditorAssemblies (8ms)
			RefreshPlugins (0ms)
			BeforeProcessingInitializeOnLoad (120ms)
			ProcessInitializeOnLoadAttributes (678ms)
			ProcessInitializeOnLoadMethodAttributes (316ms)
			AfterProcessingInitializeOnLoad (10ms)
			EditorAssembliesLoaded (1ms)
		ExecutionOrderSort2 (0ms)
		AwakeInstancesAfterBackupRestoration (16ms)
Refreshing native plugins compatible for Editor in 25.46 ms, found 2 plugins.
Preloading 0 native plugins for Editor in 0.00 ms.
Unloading 3841 Unused Serialized files (Serialized files now loaded: 0)
Unloading 16 unused Assets / (27.6 KB). Loaded Objects now: 4646.
Memory consumption went from 140.9 MB to 140.9 MB.
Total: 33.338400 ms (FindLiveObjects: 0.789800 ms CreateObjectMapping: 0.863000 ms MarkObjects: 31.624000 ms  DeleteObjects: 0.060300 ms)

Prepare: number of updated asset objects reloaded= 0
AssetImportParameters requested are different than current active one (requested -> active):
  custom:container-demuxer-ogg: 62fdf1f143b41e24485cea50d1cbac27 -> 
  custom:video-decoder-ogg-theora: a1e56fd34408186e4bbccfd4996cb3dc -> 
  custom:framework-win-MediaFoundation: 216162199b28c13a410421893ffa2e32 -> 
  custom:scripting/monoscript/fileName/NewBehaviourScript.cs: b21687ddb03d73bd9f0c1daecb9714de -> 
  custom:CustomObjectIndexerAttribute: 9a22284fe3817be447336de3de66b15e -> 
  custom:scripting/monoscript/fileName/GetEnvirData.cs: 606691644bdf7ecd10bb4ebc495c19c8 -> 
  custom:scripting/monoscript/fileName/EnvirData_build.cs: f736887ffe20da6261346a3c69102d4a -> 
  custom:scripting/monoscript/fileName/EnvirData_yg.cs: 3bb54dc4b67a3b540b92ca7af113e256 -> 
  custom:container-demuxer-webm: 4f35f7cbe854078d1ac9338744f61a02 -> 
  custom:container-muxer-webm: aa71ff27fc2769a1b78a27578f13a17b -> 
  custom:scripting/monoscript/fileName/ScreenBoundary.cs: 37f09f35de59e5f5dd82c9c02fb6e87b -> 
  custom:video-decoder-webm-vp8: 9c59270c3fd7afecdb556c50c9e8de78 -> 
  custom:SearchIndexIgnoredProperties: e643bd26f0fe6173181afceb89e7c659 -> 
  custom:AudioImporter_EditorPlatform: d09bf68614088b80899f8185d706f6e7 -> 
  custom:scripting/monoscript/fileName/KeyPressAnimation.cs: fc9b01ea31c12afb286dc2cd37a6e098 -> 
  custom:scripting/monoscript/fileName/EnvirData_interface.cs: 15db51baa12205348d10443220bc41a9 -> 
  custom:scripting/monoscript/fileName/EnvirData_yandexPlatform.cs: f24044aced27dadaa5f6f6a76e01f239 -> 
  custom:video-encoder-webm-vp8: eb34c28f22e8b96e1ab97ce403110664 -> 
  custom:audio-decoder-ogg-vorbis: bf7c407c2cedff20999df2af8eb42d56 -> 
  custom:audio-encoder-webm-vorbis: bf7c407c2cedff20999df2af8eb42d56 -> 
  custom:scripting/precompiled-assembly-types:Assembly-CSharp-Editor: 71f3420967b037f8ff02a018ff7ef66c -> ddefecc5e32c82550f9b70692fb0a631
  custom:scripting/precompiled-assembly-types:Assembly-CSharp: 19a26dcd1662e153944b82b9342db676 -> 487e516f97377eda8305839caa2d70fb
========================================================================
Received Prepare
Caller must complete domain reload
Begin MonoManager ReloadAssembly
Symbol file LoadedFromMemory is not a mono symbol file
- Loaded All Assemblies, in  0.991 seconds
Native extension for WindowsStandalone target not found
Native extension for iOS target not found
Native extension for Android target not found
Native extension for WebGL target not found
Asset Pipeline Refresh (id=2809892970f7fa747b3ac7b51ab14b82): Total: 0.000 seconds - Initiated by StopAssetImportingV2(NoUpdateAssetOptions)
[ScriptCompilation] NOT recompiling all scripts because this is an import worker process. Reason to compile was: Define symbols changed
[ScriptCompilation] NOT recompiling all scripts because this is an import worker process. Reason to compile was: Define symbols changed
Mono: successfully reloaded assembly
- Finished resetting the current domain, in  1.751 seconds
Domain Reload Profiling: 2742ms
	BeginReloadAssembly (528ms)
		ExecutionOrderSort (0ms)
		DisableScriptedObjects (10ms)
		BackupInstance (0ms)
		ReleaseScriptingObjects (0ms)
		CreateAndSetChildDomain (39ms)
	RebuildCommonClasses (37ms)
	RebuildNativeTypeToScriptingClass (13ms)
	initialDomainReloadingComplete (37ms)
	LoadAllAssembliesAndSetupDomain (374ms)
		LoadAssemblies (450ms)
		RebuildTransferFunctionScriptingTraits (0ms)
		AnalyzeDomain (21ms)
			TypeCache.Refresh (10ms)
				TypeCache.ScanAssembly (0ms)
			ScanForSourceGeneratedMonoScriptInfo (0ms)
			ResolveRequiredComponents (10ms)
	FinalizeReload (1752ms)
		ReleaseScriptCaches (0ms)
		RebuildScriptCaches (0ms)
		SetupLoadedEditorAssemblies (927ms)
			LogAssemblyErrors (0ms)
			InitializePlatformSupportModulesInManaged (48ms)
			SetLoadedEditorAssemblies (5ms)
			RefreshPlugins (0ms)
			BeforeProcessingInitializeOnLoad (103ms)
			ProcessInitializeOnLoadAttributes (520ms)
			ProcessInitializeOnLoadMethodAttributes (240ms)
			AfterProcessingInitializeOnLoad (9ms)
			EditorAssembliesLoaded (0ms)
		ExecutionOrderSort2 (0ms)
		AwakeInstancesAfterBackupRestoration (13ms)
Refreshing native plugins compatible for Editor in 21.63 ms, found 2 plugins.
Preloading 0 native plugins for Editor in 0.00 ms.
Unloading 3841 Unused Serialized files (Serialized files now loaded: 0)
Unloading 16 unused Assets / (27.7 KB). Loaded Objects now: 4649.
Memory consumption went from 140.9 MB to 140.9 MB.
Total: 11.658300 ms (FindLiveObjects: 0.344900 ms CreateObjectMapping: 0.297600 ms MarkObjects: 10.896700 ms  DeleteObjects: 0.117600 ms)

Prepare: number of updated asset objects reloaded= 0
AssetImportParameters requested are different than current active one (requested -> active):
  custom:container-demuxer-ogg: 62fdf1f143b41e24485cea50d1cbac27 -> 
  custom:video-decoder-ogg-theora: a1e56fd34408186e4bbccfd4996cb3dc -> 
  custom:framework-win-MediaFoundation: 216162199b28c13a410421893ffa2e32 -> 
  custom:scripting/monoscript/fileName/NewBehaviourScript.cs: b21687ddb03d73bd9f0c1daecb9714de -> 
  custom:CustomObjectIndexerAttribute: 9a22284fe3817be447336de3de66b15e -> 
  custom:scripting/monoscript/fileName/GetEnvirData.cs: 606691644bdf7ecd10bb4ebc495c19c8 -> 
  custom:scripting/monoscript/fileName/EnvirData_build.cs: f736887ffe20da6261346a3c69102d4a -> 
  custom:scripting/monoscript/fileName/EnvirData_yg.cs: 3bb54dc4b67a3b540b92ca7af113e256 -> 
  custom:container-demuxer-webm: 4f35f7cbe854078d1ac9338744f61a02 -> 
  custom:container-muxer-webm: aa71ff27fc2769a1b78a27578f13a17b -> 
  custom:scripting/monoscript/fileName/ScreenBoundary.cs: 37f09f35de59e5f5dd82c9c02fb6e87b -> 
  custom:video-decoder-webm-vp8: 9c59270c3fd7afecdb556c50c9e8de78 -> 
  custom:SearchIndexIgnoredProperties: e643bd26f0fe6173181afceb89e7c659 -> 
  custom:AudioImporter_EditorPlatform: d09bf68614088b80899f8185d706f6e7 -> 
  custom:scripting/monoscript/fileName/KeyPressAnimation.cs: fc9b01ea31c12afb286dc2cd37a6e098 -> 
  custom:scripting/monoscript/fileName/EnvirData_interface.cs: 15db51baa12205348d10443220bc41a9 -> 
  custom:scripting/monoscript/fileName/EnvirData_yandexPlatform.cs: f24044aced27dadaa5f6f6a76e01f239 -> 
  custom:video-encoder-webm-vp8: eb34c28f22e8b96e1ab97ce403110664 -> 
  custom:audio-decoder-ogg-vorbis: bf7c407c2cedff20999df2af8eb42d56 -> 
  custom:audio-encoder-webm-vorbis: bf7c407c2cedff20999df2af8eb42d56 -> 
  custom:scripting/precompiled-assembly-types:Assembly-CSharp-Editor: 71f3420967b037f8ff02a018ff7ef66c -> ddefecc5e32c82550f9b70692fb0a631
  custom:scripting/precompiled-assembly-types:Assembly-CSharp: 19a26dcd1662e153944b82b9342db676 -> 487e516f97377eda8305839caa2d70fb
========================================================================
Received Prepare
Caller must complete domain reload
Begin MonoManager ReloadAssembly
Symbol file LoadedFromMemory is not a mono symbol file
- Loaded All Assemblies, in  1.210 seconds
Native extension for WindowsStandalone target not found
Native extension for iOS target not found
Native extension for Android target not found
Native extension for WebGL target not found
Asset Pipeline Refresh (id=ba2108add18aabf4e80509d9c6459ec1): Total: 0.000 seconds - Initiated by StopAssetImportingV2(NoUpdateAssetOptions)
[ScriptCompilation] NOT recompiling all scripts because this is an import worker process. Reason to compile was: Define symbols changed
[ScriptCompilation] NOT recompiling all scripts because this is an import worker process. Reason to compile was: Define symbols changed
Mono: successfully reloaded assembly
- Finished resetting the current domain, in  1.973 seconds
Domain Reload Profiling: 3182ms
	BeginReloadAssembly (522ms)
		ExecutionOrderSort (0ms)
		DisableScriptedObjects (10ms)
		BackupInstance (0ms)
		ReleaseScriptingObjects (0ms)
		CreateAndSetChildDomain (46ms)
	RebuildCommonClasses (61ms)
	RebuildNativeTypeToScriptingClass (17ms)
	initialDomainReloadingComplete (50ms)
	LoadAllAssembliesAndSetupDomain (559ms)
		LoadAssemblies (675ms)
		RebuildTransferFunctionScriptingTraits (0ms)
		AnalyzeDomain (19ms)
			TypeCache.Refresh (7ms)
				TypeCache.ScanAssembly (0ms)
			ScanForSourceGeneratedMonoScriptInfo (0ms)
			ResolveRequiredComponents (10ms)
	FinalizeReload (1974ms)
		ReleaseScriptCaches (0ms)
		RebuildScriptCaches (0ms)
		SetupLoadedEditorAssemblies (1185ms)
			LogAssemblyErrors (0ms)
			InitializePlatformSupportModulesInManaged (43ms)
			SetLoadedEditorAssemblies (6ms)
			RefreshPlugins (0ms)
			BeforeProcessingInitializeOnLoad (104ms)
			ProcessInitializeOnLoadAttributes (676ms)
			ProcessInitializeOnLoadMethodAttributes (345ms)
			AfterProcessingInitializeOnLoad (10ms)
			EditorAssembliesLoaded (0ms)
		ExecutionOrderSort2 (0ms)
		AwakeInstancesAfterBackupRestoration (15ms)
Refreshing native plugins compatible for Editor in 29.54 ms, found 2 plugins.
Preloading 0 native plugins for Editor in 0.00 ms.
Unloading 3841 Unused Serialized files (Serialized files now loaded: 0)
Unloading 16 unused Assets / (27.7 KB). Loaded Objects now: 4652.
Memory consumption went from 140.9 MB to 140.9 MB.
Total: 10.455000 ms (FindLiveObjects: 0.374300 ms CreateObjectMapping: 0.331000 ms MarkObjects: 9.693000 ms  DeleteObjects: 0.055500 ms)

Prepare: number of updated asset objects reloaded= 0
AssetImportParameters requested are different than current active one (requested -> active):
  custom:container-demuxer-ogg: 62fdf1f143b41e24485cea50d1cbac27 -> 
  custom:video-decoder-ogg-theora: a1e56fd34408186e4bbccfd4996cb3dc -> 
  custom:framework-win-MediaFoundation: 216162199b28c13a410421893ffa2e32 -> 
  custom:scripting/monoscript/fileName/NewBehaviourScript.cs: b21687ddb03d73bd9f0c1daecb9714de -> 
  custom:CustomObjectIndexerAttribute: 9a22284fe3817be447336de3de66b15e -> 
  custom:scripting/monoscript/fileName/GetEnvirData.cs: 606691644bdf7ecd10bb4ebc495c19c8 -> 
  custom:scripting/monoscript/fileName/EnvirData_build.cs: f736887ffe20da6261346a3c69102d4a -> 
  custom:scripting/monoscript/fileName/EnvirData_yg.cs: 3bb54dc4b67a3b540b92ca7af113e256 -> 
  custom:container-demuxer-webm: 4f35f7cbe854078d1ac9338744f61a02 -> 
  custom:container-muxer-webm: aa71ff27fc2769a1b78a27578f13a17b -> 
  custom:scripting/monoscript/fileName/ScreenBoundary.cs: 37f09f35de59e5f5dd82c9c02fb6e87b -> 
  custom:video-decoder-webm-vp8: 9c59270c3fd7afecdb556c50c9e8de78 -> 
  custom:SearchIndexIgnoredProperties: e643bd26f0fe6173181afceb89e7c659 -> 
  custom:AudioImporter_EditorPlatform: d09bf68614088b80899f8185d706f6e7 -> 
  custom:scripting/monoscript/fileName/KeyPressAnimation.cs: fc9b01ea31c12afb286dc2cd37a6e098 -> 
  custom:scripting/monoscript/fileName/EnvirData_interface.cs: 15db51baa12205348d10443220bc41a9 -> 
  custom:scripting/monoscript/fileName/EnvirData_yandexPlatform.cs: f24044aced27dadaa5f6f6a76e01f239 -> 
  custom:video-encoder-webm-vp8: eb34c28f22e8b96e1ab97ce403110664 -> 
  custom:audio-decoder-ogg-vorbis: bf7c407c2cedff20999df2af8eb42d56 -> 
  custom:audio-encoder-webm-vorbis: bf7c407c2cedff20999df2af8eb42d56 -> 
  custom:scripting/precompiled-assembly-types:Assembly-CSharp-Editor: 71f3420967b037f8ff02a018ff7ef66c -> ddefecc5e32c82550f9b70692fb0a631
  custom:scripting/precompiled-assembly-types:Assembly-CSharp: 19a26dcd1662e153944b82b9342db676 -> 487e516f97377eda8305839caa2d70fb
========================================================================
Received Prepare
Caller must complete domain reload
Begin MonoManager ReloadAssembly
Symbol file LoadedFromMemory is not a mono symbol file
- Loaded All Assemblies, in  1.661 seconds
Native extension for WindowsStandalone target not found
Native extension for iOS target not found
Native extension for Android target not found
Native extension for WebGL target not found
Asset Pipeline Refresh (id=315057e2396493340afeb819b01a6c0f): Total: 0.000 seconds - Initiated by StopAssetImportingV2(NoUpdateAssetOptions)
[ScriptCompilation] NOT recompiling all scripts because this is an import worker process. Reason to compile was: Define symbols changed
[ScriptCompilation] NOT recompiling all scripts because this is an import worker process. Reason to compile was: Define symbols changed
Mono: successfully reloaded assembly
- Finished resetting the current domain, in  2.971 seconds
Domain Reload Profiling: 4629ms
	BeginReloadAssembly (1019ms)
		ExecutionOrderSort (0ms)
		DisableScriptedObjects (19ms)
		BackupInstance (0ms)
		ReleaseScriptingObjects (0ms)
		CreateAndSetChildDomain (74ms)
	RebuildCommonClasses (68ms)
	RebuildNativeTypeToScriptingClass (27ms)
	initialDomainReloadingComplete (58ms)
	LoadAllAssembliesAndSetupDomain (484ms)
		LoadAssemblies (650ms)
		RebuildTransferFunctionScriptingTraits (0ms)
		AnalyzeDomain (24ms)
			TypeCache.Refresh (9ms)
				TypeCache.ScanAssembly (0ms)
			ScanForSourceGeneratedMonoScriptInfo (0ms)
			ResolveRequiredComponents (13ms)
	FinalizeReload (2973ms)
		ReleaseScriptCaches (0ms)
		RebuildScriptCaches (0ms)
		SetupLoadedEditorAssemblies (1892ms)
			LogAssemblyErrors (0ms)
			InitializePlatformSupportModulesInManaged (61ms)
			SetLoadedEditorAssemblies (9ms)
			RefreshPlugins (0ms)
			BeforeProcessingInitializeOnLoad (213ms)
			ProcessInitializeOnLoadAttributes (1094ms)
			ProcessInitializeOnLoadMethodAttributes (492ms)
			AfterProcessingInitializeOnLoad (22ms)
			EditorAssembliesLoaded (1ms)
		ExecutionOrderSort2 (0ms)
		AwakeInstancesAfterBackupRestoration (26ms)
Refreshing native plugins compatible for Editor in 37.82 ms, found 2 plugins.
Preloading 0 native plugins for Editor in 0.00 ms.
Unloading 3841 Unused Serialized files (Serialized files now loaded: 0)
Unloading 16 unused Assets / (27.6 KB). Loaded Objects now: 4655.
Memory consumption went from 140.9 MB to 140.9 MB.
Total: 28.183800 ms (FindLiveObjects: 1.359700 ms CreateObjectMapping: 0.935800 ms MarkObjects: 25.774600 ms  DeleteObjects: 0.111600 ms)

Prepare: number of updated asset objects reloaded= 0
AssetImportParameters requested are different than current active one (requested -> active):
  custom:container-demuxer-ogg: 62fdf1f143b41e24485cea50d1cbac27 -> 
  custom:video-decoder-ogg-theora: a1e56fd34408186e4bbccfd4996cb3dc -> 
  custom:framework-win-MediaFoundation: 216162199b28c13a410421893ffa2e32 -> 
  custom:scripting/monoscript/fileName/NewBehaviourScript.cs: b21687ddb03d73bd9f0c1daecb9714de -> 
  custom:CustomObjectIndexerAttribute: 9a22284fe3817be447336de3de66b15e -> 
  custom:scripting/monoscript/fileName/GetEnvirData.cs: 606691644bdf7ecd10bb4ebc495c19c8 -> 
  custom:scripting/monoscript/fileName/EnvirData_build.cs: f736887ffe20da6261346a3c69102d4a -> 
  custom:scripting/monoscript/fileName/EnvirData_yg.cs: 3bb54dc4b67a3b540b92ca7af113e256 -> 
  custom:container-demuxer-webm: 4f35f7cbe854078d1ac9338744f61a02 -> 
  custom:container-muxer-webm: aa71ff27fc2769a1b78a27578f13a17b -> 
  custom:scripting/monoscript/fileName/ScreenBoundary.cs: 37f09f35de59e5f5dd82c9c02fb6e87b -> 
  custom:video-decoder-webm-vp8: 9c59270c3fd7afecdb556c50c9e8de78 -> 
  custom:SearchIndexIgnoredProperties: e643bd26f0fe6173181afceb89e7c659 -> 
  custom:AudioImporter_EditorPlatform: d09bf68614088b80899f8185d706f6e7 -> 
  custom:scripting/monoscript/fileName/KeyPressAnimation.cs: fc9b01ea31c12afb286dc2cd37a6e098 -> 
  custom:scripting/monoscript/fileName/EnvirData_interface.cs: 15db51baa12205348d10443220bc41a9 -> 
  custom:scripting/monoscript/fileName/EnvirData_yandexPlatform.cs: f24044aced27dadaa5f6f6a76e01f239 -> 
  custom:video-encoder-webm-vp8: eb34c28f22e8b96e1ab97ce403110664 -> 
  custom:audio-decoder-ogg-vorbis: bf7c407c2cedff20999df2af8eb42d56 -> 
  custom:audio-encoder-webm-vorbis: bf7c407c2cedff20999df2af8eb42d56 -> 
  custom:scripting/precompiled-assembly-types:Assembly-CSharp-Editor: 71f3420967b037f8ff02a018ff7ef66c -> ddefecc5e32c82550f9b70692fb0a631
  custom:scripting/precompiled-assembly-types:Assembly-CSharp: 19a26dcd1662e153944b82b9342db676 -> 487e516f97377eda8305839caa2d70fb
========================================================================
Received Prepare
Caller must complete domain reload
Begin MonoManager ReloadAssembly
Symbol file LoadedFromMemory is not a mono symbol file
- Loaded All Assemblies, in  1.147 seconds
Native extension for WindowsStandalone target not found
Native extension for iOS target not found
Native extension for Android target not found
Native extension for WebGL target not found
Asset Pipeline Refresh (id=010905c69d5f8db488990624ee21f7f4): Total: 0.000 seconds - Initiated by StopAssetImportingV2(NoUpdateAssetOptions)
[ScriptCompilation] NOT recompiling all scripts because this is an import worker process. Reason to compile was: Define symbols changed
[ScriptCompilation] NOT recompiling all scripts because this is an import worker process. Reason to compile was: Define symbols changed
Mono: successfully reloaded assembly
- Finished resetting the current domain, in  2.749 seconds
Domain Reload Profiling: 3894ms
	BeginReloadAssembly (546ms)
		ExecutionOrderSort (0ms)
		DisableScriptedObjects (7ms)
		BackupInstance (0ms)
		ReleaseScriptingObjects (0ms)
		CreateAndSetChildDomain (56ms)
	RebuildCommonClasses (45ms)
	RebuildNativeTypeToScriptingClass (30ms)
	initialDomainReloadingComplete (65ms)
	LoadAllAssembliesAndSetupDomain (458ms)
		LoadAssemblies (572ms)
		RebuildTransferFunctionScriptingTraits (0ms)
		AnalyzeDomain (21ms)
			TypeCache.Refresh (9ms)
				TypeCache.ScanAssembly (0ms)
			ScanForSourceGeneratedMonoScriptInfo (0ms)
			ResolveRequiredComponents (11ms)
	FinalizeReload (2750ms)
		ReleaseScriptCaches (0ms)
		RebuildScriptCaches (0ms)
		SetupLoadedEditorAssemblies (1597ms)
			LogAssemblyErrors (0ms)
			InitializePlatformSupportModulesInManaged (54ms)
			SetLoadedEditorAssemblies (6ms)
			RefreshPlugins (0ms)
			BeforeProcessingInitializeOnLoad (199ms)
			ProcessInitializeOnLoadAttributes (866ms)
			ProcessInitializeOnLoadMethodAttributes (456ms)
			AfterProcessingInitializeOnLoad (16ms)
			EditorAssembliesLoaded (1ms)
		ExecutionOrderSort2 (0ms)
		AwakeInstancesAfterBackupRestoration (28ms)
Refreshing native plugins compatible for Editor in 36.95 ms, found 2 plugins.
Preloading 0 native plugins for Editor in 0.00 ms.
Unloading 3841 Unused Serialized files (Serialized files now loaded: 0)
Unloading 16 unused Assets / (27.6 KB). Loaded Objects now: 4658.
Memory consumption went from 140.9 MB to 140.9 MB.
Total: 27.779000 ms (FindLiveObjects: 1.270300 ms CreateObjectMapping: 0.785600 ms MarkObjects: 25.655700 ms  DeleteObjects: 0.065300 ms)

Prepare: number of updated asset objects reloaded= 0
AssetImportParameters requested are different than current active one (requested -> active):
  custom:container-demuxer-ogg: 62fdf1f143b41e24485cea50d1cbac27 -> 
  custom:video-decoder-ogg-theora: a1e56fd34408186e4bbccfd4996cb3dc -> 
  custom:framework-win-MediaFoundation: 216162199b28c13a410421893ffa2e32 -> 
  custom:scripting/monoscript/fileName/NewBehaviourScript.cs: b21687ddb03d73bd9f0c1daecb9714de -> 
  custom:CustomObjectIndexerAttribute: 9a22284fe3817be447336de3de66b15e -> 
  custom:scripting/monoscript/fileName/GetEnvirData.cs: 606691644bdf7ecd10bb4ebc495c19c8 -> 
  custom:scripting/monoscript/fileName/EnvirData_build.cs: f736887ffe20da6261346a3c69102d4a -> 
  custom:scripting/monoscript/fileName/EnvirData_yg.cs: 3bb54dc4b67a3b540b92ca7af113e256 -> 
  custom:container-demuxer-webm: 4f35f7cbe854078d1ac9338744f61a02 -> 
  custom:container-muxer-webm: aa71ff27fc2769a1b78a27578f13a17b -> 
  custom:scripting/monoscript/fileName/ScreenBoundary.cs: 37f09f35de59e5f5dd82c9c02fb6e87b -> 
  custom:video-decoder-webm-vp8: 9c59270c3fd7afecdb556c50c9e8de78 -> 
  custom:SearchIndexIgnoredProperties: e643bd26f0fe6173181afceb89e7c659 -> 
  custom:AudioImporter_EditorPlatform: d09bf68614088b80899f8185d706f6e7 -> 
  custom:scripting/monoscript/fileName/KeyPressAnimation.cs: fc9b01ea31c12afb286dc2cd37a6e098 -> 
  custom:scripting/monoscript/fileName/EnvirData_interface.cs: 15db51baa12205348d10443220bc41a9 -> 
  custom:scripting/monoscript/fileName/EnvirData_yandexPlatform.cs: f24044aced27dadaa5f6f6a76e01f239 -> 
  custom:video-encoder-webm-vp8: eb34c28f22e8b96e1ab97ce403110664 -> 
  custom:audio-decoder-ogg-vorbis: bf7c407c2cedff20999df2af8eb42d56 -> 
  custom:audio-encoder-webm-vorbis: bf7c407c2cedff20999df2af8eb42d56 -> 
  custom:scripting/precompiled-assembly-types:Assembly-CSharp-Editor: 71f3420967b037f8ff02a018ff7ef66c -> ddefecc5e32c82550f9b70692fb0a631
  custom:scripting/precompiled-assembly-types:Assembly-CSharp: 19a26dcd1662e153944b82b9342db676 -> 487e516f97377eda8305839caa2d70fb
========================================================================
Received Prepare
Caller must complete domain reload
Begin MonoManager ReloadAssembly
Symbol file LoadedFromMemory is not a mono symbol file
- Loaded All Assemblies, in  1.295 seconds
Native extension for WindowsStandalone target not found
Native extension for iOS target not found
Native extension for Android target not found
Native extension for WebGL target not found
Asset Pipeline Refresh (id=9e05f1b9c723dc948a65993c4fb00856): Total: 0.000 seconds - Initiated by StopAssetImportingV2(NoUpdateAssetOptions)
[ScriptCompilation] NOT recompiling all scripts because this is an import worker process. Reason to compile was: Define symbols changed
[ScriptCompilation] NOT recompiling all scripts because this is an import worker process. Reason to compile was: Define symbols changed
Mono: successfully reloaded assembly
- Finished resetting the current domain, in  2.685 seconds
Domain Reload Profiling: 3975ms
	BeginReloadAssembly (724ms)
		ExecutionOrderSort (0ms)
		DisableScriptedObjects (12ms)
		BackupInstance (0ms)
		ReleaseScriptingObjects (0ms)
		CreateAndSetChildDomain (62ms)
	RebuildCommonClasses (80ms)
	RebuildNativeTypeToScriptingClass (25ms)
	initialDomainReloadingComplete (51ms)
	LoadAllAssembliesAndSetupDomain (408ms)
		LoadAssemblies (562ms)
		RebuildTransferFunctionScriptingTraits (0ms)
		AnalyzeDomain (19ms)
			TypeCache.Refresh (8ms)
				TypeCache.ScanAssembly (0ms)
			ScanForSourceGeneratedMonoScriptInfo (0ms)
			ResolveRequiredComponents (9ms)
	FinalizeReload (2686ms)
		ReleaseScriptCaches (0ms)
		RebuildScriptCaches (0ms)
		SetupLoadedEditorAssemblies (1790ms)
			LogAssemblyErrors (0ms)
			InitializePlatformSupportModulesInManaged (57ms)
			SetLoadedEditorAssemblies (5ms)
			RefreshPlugins (0ms)
			BeforeProcessingInitializeOnLoad (130ms)
			ProcessInitializeOnLoadAttributes (1097ms)
			ProcessInitializeOnLoadMethodAttributes (489ms)
			AfterProcessingInitializeOnLoad (11ms)
			EditorAssembliesLoaded (0ms)
		ExecutionOrderSort2 (0ms)
		AwakeInstancesAfterBackupRestoration (21ms)
Refreshing native plugins compatible for Editor in 47.05 ms, found 2 plugins.
Preloading 0 native plugins for Editor in 0.00 ms.
Unloading 3841 Unused Serialized files (Serialized files now loaded: 0)
Unloading 16 unused Assets / (27.7 KB). Loaded Objects now: 4661.
Memory consumption went from 140.9 MB to 140.9 MB.
Total: 27.389900 ms (FindLiveObjects: 0.559800 ms CreateObjectMapping: 0.520000 ms MarkObjects: 26.153600 ms  DeleteObjects: 0.154600 ms)

Prepare: number of updated asset objects reloaded= 0
AssetImportParameters requested are different than current active one (requested -> active):
  custom:container-demuxer-ogg: 62fdf1f143b41e24485cea50d1cbac27 -> 
  custom:video-decoder-ogg-theora: a1e56fd34408186e4bbccfd4996cb3dc -> 
  custom:framework-win-MediaFoundation: 216162199b28c13a410421893ffa2e32 -> 
  custom:scripting/monoscript/fileName/NewBehaviourScript.cs: b21687ddb03d73bd9f0c1daecb9714de -> 
  custom:CustomObjectIndexerAttribute: 9a22284fe3817be447336de3de66b15e -> 
  custom:scripting/monoscript/fileName/GetEnvirData.cs: 606691644bdf7ecd10bb4ebc495c19c8 -> 
  custom:scripting/monoscript/fileName/EnvirData_build.cs: f736887ffe20da6261346a3c69102d4a -> 
  custom:scripting/monoscript/fileName/EnvirData_yg.cs: 3bb54dc4b67a3b540b92ca7af113e256 -> 
  custom:container-demuxer-webm: 4f35f7cbe854078d1ac9338744f61a02 -> 
  custom:container-muxer-webm: aa71ff27fc2769a1b78a27578f13a17b -> 
  custom:scripting/monoscript/fileName/ScreenBoundary.cs: 37f09f35de59e5f5dd82c9c02fb6e87b -> 
  custom:video-decoder-webm-vp8: 9c59270c3fd7afecdb556c50c9e8de78 -> 
  custom:SearchIndexIgnoredProperties: e643bd26f0fe6173181afceb89e7c659 -> 
  custom:AudioImporter_EditorPlatform: d09bf68614088b80899f8185d706f6e7 -> 
  custom:scripting/monoscript/fileName/KeyPressAnimation.cs: fc9b01ea31c12afb286dc2cd37a6e098 -> 
  custom:scripting/monoscript/fileName/EnvirData_interface.cs: 15db51baa12205348d10443220bc41a9 -> 
  custom:scripting/monoscript/fileName/EnvirData_yandexPlatform.cs: f24044aced27dadaa5f6f6a76e01f239 -> 
  custom:video-encoder-webm-vp8: eb34c28f22e8b96e1ab97ce403110664 -> 
  custom:audio-decoder-ogg-vorbis: bf7c407c2cedff20999df2af8eb42d56 -> 
  custom:audio-encoder-webm-vorbis: bf7c407c2cedff20999df2af8eb42d56 -> 
  custom:scripting/precompiled-assembly-types:Assembly-CSharp-Editor: 71f3420967b037f8ff02a018ff7ef66c -> ddefecc5e32c82550f9b70692fb0a631
  custom:scripting/precompiled-assembly-types:Assembly-CSharp: 19a26dcd1662e153944b82b9342db676 -> 487e516f97377eda8305839caa2d70fb
========================================================================
Received Prepare
Caller must complete domain reload
Begin MonoManager ReloadAssembly
Symbol file LoadedFromMemory is not a mono symbol file
- Loaded All Assemblies, in  1.715 seconds
Native extension for WindowsStandalone target not found
Native extension for iOS target not found
Native extension for Android target not found
Native extension for WebGL target not found
Asset Pipeline Refresh (id=d235bf6a6bd1e094f9a9e699691c0fa0): Total: 0.000 seconds - Initiated by StopAssetImportingV2(NoUpdateAssetOptions)
[ScriptCompilation] NOT recompiling all scripts because this is an import worker process. Reason to compile was: Define symbols changed
[ScriptCompilation] NOT recompiling all scripts because this is an import worker process. Reason to compile was: Define symbols changed
Mono: successfully reloaded assembly
- Finished resetting the current domain, in  3.300 seconds
Domain Reload Profiling: 5013ms
	BeginReloadAssembly (924ms)
		ExecutionOrderSort (0ms)
		DisableScriptedObjects (15ms)
		BackupInstance (0ms)
		ReleaseScriptingObjects (0ms)
		CreateAndSetChildDomain (103ms)
	RebuildCommonClasses (81ms)
	RebuildNativeTypeToScriptingClass (39ms)
	initialDomainReloadingComplete (54ms)
	LoadAllAssembliesAndSetupDomain (613ms)
		LoadAssemblies (807ms)
		RebuildTransferFunctionScriptingTraits (0ms)
		AnalyzeDomain (21ms)
			TypeCache.Refresh (10ms)
				TypeCache.ScanAssembly (0ms)
			ScanForSourceGeneratedMonoScriptInfo (0ms)
			ResolveRequiredComponents (10ms)
	FinalizeReload (3301ms)
		ReleaseScriptCaches (0ms)
		RebuildScriptCaches (0ms)
		SetupLoadedEditorAssemblies (2038ms)
			LogAssemblyErrors (0ms)
			InitializePlatformSupportModulesInManaged (63ms)
			SetLoadedEditorAssemblies (11ms)
			RefreshPlugins (0ms)
			BeforeProcessingInitializeOnLoad (160ms)
			ProcessInitializeOnLoadAttributes (911ms)
			ProcessInitializeOnLoadMethodAttributes (866ms)
			AfterProcessingInitializeOnLoad (27ms)
			EditorAssembliesLoaded (1ms)
		ExecutionOrderSort2 (0ms)
		AwakeInstancesAfterBackupRestoration (26ms)
Refreshing native plugins compatible for Editor in 51.28 ms, found 2 plugins.
Preloading 0 native plugins for Editor in 0.00 ms.
Unloading 3841 Unused Serialized files (Serialized files now loaded: 0)
Unloading 16 unused Assets / (27.7 KB). Loaded Objects now: 4664.
Memory consumption went from 140.9 MB to 140.9 MB.
Total: 28.630400 ms (FindLiveObjects: 1.081700 ms CreateObjectMapping: 1.045400 ms MarkObjects: 26.381600 ms  DeleteObjects: 0.119600 ms)

Prepare: number of updated asset objects reloaded= 0
AssetImportParameters requested are different than current active one (requested -> active):
  custom:container-demuxer-ogg: 62fdf1f143b41e24485cea50d1cbac27 -> 
  custom:video-decoder-ogg-theora: a1e56fd34408186e4bbccfd4996cb3dc -> 
  custom:framework-win-MediaFoundation: 216162199b28c13a410421893ffa2e32 -> 
  custom:scripting/monoscript/fileName/NewBehaviourScript.cs: b21687ddb03d73bd9f0c1daecb9714de -> 
  custom:CustomObjectIndexerAttribute: 9a22284fe3817be447336de3de66b15e -> 
  custom:scripting/monoscript/fileName/GetEnvirData.cs: 606691644bdf7ecd10bb4ebc495c19c8 -> 
  custom:scripting/monoscript/fileName/EnvirData_build.cs: f736887ffe20da6261346a3c69102d4a -> 
  custom:scripting/monoscript/fileName/EnvirData_yg.cs: 3bb54dc4b67a3b540b92ca7af113e256 -> 
  custom:container-demuxer-webm: 4f35f7cbe854078d1ac9338744f61a02 -> 
  custom:container-muxer-webm: aa71ff27fc2769a1b78a27578f13a17b -> 
  custom:scripting/monoscript/fileName/ScreenBoundary.cs: 37f09f35de59e5f5dd82c9c02fb6e87b -> 
  custom:video-decoder-webm-vp8: 9c59270c3fd7afecdb556c50c9e8de78 -> 
  custom:SearchIndexIgnoredProperties: e643bd26f0fe6173181afceb89e7c659 -> 
  custom:AudioImporter_EditorPlatform: d09bf68614088b80899f8185d706f6e7 -> 
  custom:scripting/monoscript/fileName/KeyPressAnimation.cs: fc9b01ea31c12afb286dc2cd37a6e098 -> 
  custom:scripting/monoscript/fileName/EnvirData_interface.cs: 15db51baa12205348d10443220bc41a9 -> 
  custom:scripting/monoscript/fileName/EnvirData_yandexPlatform.cs: f24044aced27dadaa5f6f6a76e01f239 -> 
  custom:video-encoder-webm-vp8: eb34c28f22e8b96e1ab97ce403110664 -> 
  custom:audio-decoder-ogg-vorbis: bf7c407c2cedff20999df2af8eb42d56 -> 
  custom:audio-encoder-webm-vorbis: bf7c407c2cedff20999df2af8eb42d56 -> 
  custom:scripting/precompiled-assembly-types:Assembly-CSharp-Editor: 71f3420967b037f8ff02a018ff7ef66c -> ddefecc5e32c82550f9b70692fb0a631
  custom:scripting/precompiled-assembly-types:Assembly-CSharp: 19a26dcd1662e153944b82b9342db676 -> 487e516f97377eda8305839caa2d70fb
========================================================================
Received Prepare
Caller must complete domain reload
Begin MonoManager ReloadAssembly
Symbol file LoadedFromMemory is not a mono symbol file
- Loaded All Assemblies, in  3.112 seconds
Native extension for WindowsStandalone target not found
Native extension for iOS target not found
Native extension for Android target not found
Native extension for WebGL target not found
Asset Pipeline Refresh (id=4c0e8ea841bb27d47849cffe974b0872): Total: 0.000 seconds - Initiated by StopAssetImportingV2(NoUpdateAssetOptions)
[ScriptCompilation] NOT recompiling all scripts because this is an import worker process. Reason to compile was: Define symbols changed
[ScriptCompilation] NOT recompiling all scripts because this is an import worker process. Reason to compile was: Define symbols changed
Mono: successfully reloaded assembly
- Finished resetting the current domain, in  5.240 seconds
Domain Reload Profiling: 8343ms
	BeginReloadAssembly (1269ms)
		ExecutionOrderSort (0ms)
		DisableScriptedObjects (25ms)
		BackupInstance (0ms)
		ReleaseScriptingObjects (0ms)
		CreateAndSetChildDomain (97ms)
	RebuildCommonClasses (190ms)
	RebuildNativeTypeToScriptingClass (90ms)
	initialDomainReloadingComplete (144ms)
	LoadAllAssembliesAndSetupDomain (1409ms)
		LoadAssemblies (1418ms)
		RebuildTransferFunctionScriptingTraits (0ms)
		AnalyzeDomain (254ms)
			TypeCache.Refresh (121ms)
				TypeCache.ScanAssembly (38ms)
			ScanForSourceGeneratedMonoScriptInfo (96ms)
			ResolveRequiredComponents (34ms)
	FinalizeReload (5241ms)
		ReleaseScriptCaches (0ms)
		RebuildScriptCaches (0ms)
		SetupLoadedEditorAssemblies (2597ms)
			LogAssemblyErrors (0ms)
			InitializePlatformSupportModulesInManaged (132ms)
			SetLoadedEditorAssemblies (21ms)
			RefreshPlugins (0ms)
			BeforeProcessingInitializeOnLoad (345ms)
			ProcessInitializeOnLoadAttributes (1396ms)
			ProcessInitializeOnLoadMethodAttributes (681ms)
			AfterProcessingInitializeOnLoad (21ms)
			EditorAssembliesLoaded (1ms)
		ExecutionOrderSort2 (0ms)
		AwakeInstancesAfterBackupRestoration (25ms)
Refreshing native plugins compatible for Editor in 36.24 ms, found 2 plugins.
Preloading 0 native plugins for Editor in 0.00 ms.
Unloading 3842 Unused Serialized files (Serialized files now loaded: 0)
Unloading 16 unused Assets / (27.6 KB). Loaded Objects now: 4668.
Memory consumption went from 141.0 MB to 140.9 MB.
Total: 17.745200 ms (FindLiveObjects: 0.480100 ms CreateObjectMapping: 0.415600 ms MarkObjects: 16.783700 ms  DeleteObjects: 0.064100 ms)

Prepare: number of updated asset objects reloaded= 0
AssetImportParameters requested are different than current active one (requested -> active):
  custom:container-demuxer-ogg: 62fdf1f143b41e24485cea50d1cbac27 -> 
  custom:video-decoder-ogg-theora: a1e56fd34408186e4bbccfd4996cb3dc -> 
  custom:framework-win-MediaFoundation: 216162199b28c13a410421893ffa2e32 -> 
  custom:scripting/monoscript/fileName/NewBehaviourScript.cs: b21687ddb03d73bd9f0c1daecb9714de -> 
  custom:CustomObjectIndexerAttribute: 9a22284fe3817be447336de3de66b15e -> 
  custom:scripting/monoscript/fileName/GetEnvirData.cs: 606691644bdf7ecd10bb4ebc495c19c8 -> 
  custom:scripting/monoscript/fileName/EnvirData_build.cs: f736887ffe20da6261346a3c69102d4a -> 
  custom:scripting/monoscript/fileName/KeepPlayerInBounds.cs: b8a84f0d14f1993be9a27071ca2d74fc -> 
  custom:scripting/monoscript/fileName/EnvirData_yg.cs: 3bb54dc4b67a3b540b92ca7af113e256 -> 
  custom:container-demuxer-webm: 4f35f7cbe854078d1ac9338744f61a02 -> 
  custom:container-muxer-webm: aa71ff27fc2769a1b78a27578f13a17b -> 
  custom:scripting/monoscript/fileName/ScreenBoundary.cs: 37f09f35de59e5f5dd82c9c02fb6e87b -> 
  custom:video-decoder-webm-vp8: 9c59270c3fd7afecdb556c50c9e8de78 -> 
  custom:SearchIndexIgnoredProperties: e643bd26f0fe6173181afceb89e7c659 -> 
  custom:AudioImporter_EditorPlatform: d09bf68614088b80899f8185d706f6e7 -> 
  custom:scripting/monoscript/fileName/KeyPressAnimation.cs: fc9b01ea31c12afb286dc2cd37a6e098 -> 
  custom:scripting/monoscript/fileName/EnvirData_interface.cs: 15db51baa12205348d10443220bc41a9 -> 
  custom:scripting/monoscript/fileName/EnvirData_yandexPlatform.cs: f24044aced27dadaa5f6f6a76e01f239 -> 
  custom:video-encoder-webm-vp8: eb34c28f22e8b96e1ab97ce403110664 -> 
  custom:audio-decoder-ogg-vorbis: bf7c407c2cedff20999df2af8eb42d56 -> 
  custom:audio-encoder-webm-vorbis: bf7c407c2cedff20999df2af8eb42d56 -> 
  custom:scripting/precompiled-assembly-types:Assembly-CSharp-Editor: 71f3420967b037f8ff02a018ff7ef66c -> ddefecc5e32c82550f9b70692fb0a631
  custom:scripting/precompiled-assembly-types:Assembly-CSharp: 43ecdbafddba64a21eedcd9f7ed43417 -> 487e516f97377eda8305839caa2d70fb
========================================================================
Received Prepare
Caller must complete domain reload
Begin MonoManager ReloadAssembly
Symbol file LoadedFromMemory is not a mono symbol file
- Loaded All Assemblies, in  1.414 seconds
Native extension for WindowsStandalone target not found
Native extension for iOS target not found
Native extension for Android target not found
Native extension for WebGL target not found
Asset Pipeline Refresh (id=f5dc8e11597961b42abbbf9ac87d7476): Total: 0.000 seconds - Initiated by StopAssetImportingV2(NoUpdateAssetOptions)
[ScriptCompilation] NOT recompiling all scripts because this is an import worker process. Reason to compile was: Define symbols changed
[ScriptCompilation] NOT recompiling all scripts because this is an import worker process. Reason to compile was: Define symbols changed
Mono: successfully reloaded assembly
- Finished resetting the current domain, in  3.188 seconds
Domain Reload Profiling: 4597ms
	BeginReloadAssembly (776ms)
		ExecutionOrderSort (0ms)
		DisableScriptedObjects (18ms)
		BackupInstance (0ms)
		ReleaseScriptingObjects (0ms)
		CreateAndSetChildDomain (53ms)
	RebuildCommonClasses (60ms)
	RebuildNativeTypeToScriptingClass (21ms)
	initialDomainReloadingComplete (51ms)
	LoadAllAssembliesAndSetupDomain (501ms)
		LoadAssemblies (620ms)
		RebuildTransferFunctionScriptingTraits (0ms)
		AnalyzeDomain (25ms)
			TypeCache.Refresh (11ms)
				TypeCache.ScanAssembly (0ms)
			ScanForSourceGeneratedMonoScriptInfo (1ms)
			ResolveRequiredComponents (12ms)
	FinalizeReload (3189ms)
		ReleaseScriptCaches (0ms)
		RebuildScriptCaches (0ms)
		SetupLoadedEditorAssemblies (2170ms)
			LogAssemblyErrors (0ms)
			InitializePlatformSupportModulesInManaged (82ms)
			SetLoadedEditorAssemblies (7ms)
			RefreshPlugins (0ms)
			BeforeProcessingInitializeOnLoad (129ms)
			ProcessInitializeOnLoadAttributes (1496ms)
			ProcessInitializeOnLoadMethodAttributes (433ms)
			AfterProcessingInitializeOnLoad (23ms)
			EditorAssembliesLoaded (1ms)
		ExecutionOrderSort2 (0ms)
		AwakeInstancesAfterBackupRestoration (26ms)
Refreshing native plugins compatible for Editor in 39.84 ms, found 2 plugins.
Preloading 0 native plugins for Editor in 0.00 ms.
Unloading 3842 Unused Serialized files (Serialized files now loaded: 0)
Unloading 16 unused Assets / (27.7 KB). Loaded Objects now: 4671.
Memory consumption went from 141.0 MB to 140.9 MB.
Total: 24.158600 ms (FindLiveObjects: 1.042800 ms CreateObjectMapping: 0.715500 ms MarkObjects: 22.281800 ms  DeleteObjects: 0.116500 ms)

Prepare: number of updated asset objects reloaded= 0
AssetImportParameters requested are different than current active one (requested -> active):
  custom:container-demuxer-ogg: 62fdf1f143b41e24485cea50d1cbac27 -> 
  custom:video-decoder-ogg-theora: a1e56fd34408186e4bbccfd4996cb3dc -> 
  custom:framework-win-MediaFoundation: 216162199b28c13a410421893ffa2e32 -> 
  custom:scripting/monoscript/fileName/NewBehaviourScript.cs: b21687ddb03d73bd9f0c1daecb9714de -> 
  custom:CustomObjectIndexerAttribute: 9a22284fe3817be447336de3de66b15e -> 
  custom:scripting/monoscript/fileName/GetEnvirData.cs: 606691644bdf7ecd10bb4ebc495c19c8 -> 
  custom:scripting/monoscript/fileName/EnvirData_build.cs: f736887ffe20da6261346a3c69102d4a -> 
  custom:scripting/monoscript/fileName/KeepPlayerInBounds.cs: b8a84f0d14f1993be9a27071ca2d74fc -> 
  custom:scripting/monoscript/fileName/EnvirData_yg.cs: 3bb54dc4b67a3b540b92ca7af113e256 -> 
  custom:container-demuxer-webm: 4f35f7cbe854078d1ac9338744f61a02 -> 
  custom:container-muxer-webm: aa71ff27fc2769a1b78a27578f13a17b -> 
  custom:scripting/monoscript/fileName/ScreenBoundary.cs: 37f09f35de59e5f5dd82c9c02fb6e87b -> 
  custom:video-decoder-webm-vp8: 9c59270c3fd7afecdb556c50c9e8de78 -> 
  custom:SearchIndexIgnoredProperties: e643bd26f0fe6173181afceb89e7c659 -> 
  custom:AudioImporter_EditorPlatform: d09bf68614088b80899f8185d706f6e7 -> 
  custom:scripting/monoscript/fileName/KeyPressAnimation.cs: fc9b01ea31c12afb286dc2cd37a6e098 -> 
  custom:scripting/monoscript/fileName/EnvirData_interface.cs: 15db51baa12205348d10443220bc41a9 -> 
  custom:scripting/monoscript/fileName/EnvirData_yandexPlatform.cs: f24044aced27dadaa5f6f6a76e01f239 -> 
  custom:video-encoder-webm-vp8: eb34c28f22e8b96e1ab97ce403110664 -> 
  custom:audio-decoder-ogg-vorbis: bf7c407c2cedff20999df2af8eb42d56 -> 
  custom:audio-encoder-webm-vorbis: bf7c407c2cedff20999df2af8eb42d56 -> 
  custom:scripting/precompiled-assembly-types:Assembly-CSharp-Editor: 71f3420967b037f8ff02a018ff7ef66c -> ddefecc5e32c82550f9b70692fb0a631
  custom:scripting/precompiled-assembly-types:Assembly-CSharp: 43ecdbafddba64a21eedcd9f7ed43417 -> 487e516f97377eda8305839caa2d70fb
========================================================================
Received Prepare
Caller must complete domain reload
Begin MonoManager ReloadAssembly
Symbol file LoadedFromMemory is not a mono symbol file
- Loaded All Assemblies, in  2.775 seconds
Native extension for WindowsStandalone target not found
Native extension for iOS target not found
Native extension for Android target not found
Native extension for WebGL target not found
Asset Pipeline Refresh (id=22f7f0fec21b95244828b181a462dc0b): Total: 0.000 seconds - Initiated by StopAssetImportingV2(NoUpdateAssetOptions)
[ScriptCompilation] NOT recompiling all scripts because this is an import worker process. Reason to compile was: Define symbols changed
[ScriptCompilation] NOT recompiling all scripts because this is an import worker process. Reason to compile was: Define symbols changed
Mono: successfully reloaded assembly
- Finished resetting the current domain, in  5.373 seconds
Domain Reload Profiling: 8147ms
	BeginReloadAssembly (1621ms)
		ExecutionOrderSort (0ms)
		DisableScriptedObjects (21ms)
		BackupInstance (0ms)
		ReleaseScriptingObjects (0ms)
		CreateAndSetChildDomain (119ms)
	RebuildCommonClasses (155ms)
	RebuildNativeTypeToScriptingClass (48ms)
	initialDomainReloadingComplete (99ms)
	LoadAllAssembliesAndSetupDomain (849ms)
		LoadAssemblies (1088ms)
		RebuildTransferFunctionScriptingTraits (0ms)
		AnalyzeDomain (44ms)
			TypeCache.Refresh (16ms)
				TypeCache.ScanAssembly (0ms)
			ScanForSourceGeneratedMonoScriptInfo (1ms)
			ResolveRequiredComponents (26ms)
	FinalizeReload (5375ms)
		ReleaseScriptCaches (0ms)
		RebuildScriptCaches (0ms)
		SetupLoadedEditorAssemblies (3308ms)
			LogAssemblyErrors (0ms)
			InitializePlatformSupportModulesInManaged (121ms)
			SetLoadedEditorAssemblies (11ms)
			RefreshPlugins (0ms)
			BeforeProcessingInitializeOnLoad (428ms)
			ProcessInitializeOnLoadAttributes (1983ms)
			ProcessInitializeOnLoadMethodAttributes (731ms)
			AfterProcessingInitializeOnLoad (33ms)
			EditorAssembliesLoaded (1ms)
		ExecutionOrderSort2 (0ms)
		AwakeInstancesAfterBackupRestoration (42ms)
Refreshing native plugins compatible for Editor in 49.47 ms, found 2 plugins.
Preloading 0 native plugins for Editor in 0.00 ms.
Unloading 3842 Unused Serialized files (Serialized files now loaded: 0)
Unloading 16 unused Assets / (27.7 KB). Loaded Objects now: 4674.
Memory consumption went from 141.0 MB to 140.9 MB.
Total: 26.844100 ms (FindLiveObjects: 0.711200 ms CreateObjectMapping: 0.819300 ms MarkObjects: 25.207300 ms  DeleteObjects: 0.104100 ms)

Prepare: number of updated asset objects reloaded= 0
AssetImportParameters requested are different than current active one (requested -> active):
  custom:container-demuxer-ogg: 62fdf1f143b41e24485cea50d1cbac27 -> 
  custom:video-decoder-ogg-theora: a1e56fd34408186e4bbccfd4996cb3dc -> 
  custom:framework-win-MediaFoundation: 216162199b28c13a410421893ffa2e32 -> 
  custom:scripting/monoscript/fileName/NewBehaviourScript.cs: b21687ddb03d73bd9f0c1daecb9714de -> 
  custom:CustomObjectIndexerAttribute: 9a22284fe3817be447336de3de66b15e -> 
  custom:scripting/monoscript/fileName/GetEnvirData.cs: 606691644bdf7ecd10bb4ebc495c19c8 -> 
  custom:scripting/monoscript/fileName/EnvirData_build.cs: f736887ffe20da6261346a3c69102d4a -> 
  custom:scripting/monoscript/fileName/KeepPlayerInBounds.cs: b8a84f0d14f1993be9a27071ca2d74fc -> 
  custom:scripting/monoscript/fileName/EnvirData_yg.cs: 3bb54dc4b67a3b540b92ca7af113e256 -> 
  custom:container-demuxer-webm: 4f35f7cbe854078d1ac9338744f61a02 -> 
  custom:container-muxer-webm: aa71ff27fc2769a1b78a27578f13a17b -> 
  custom:scripting/monoscript/fileName/ScreenBoundary.cs: 37f09f35de59e5f5dd82c9c02fb6e87b -> 
  custom:video-decoder-webm-vp8: 9c59270c3fd7afecdb556c50c9e8de78 -> 
  custom:SearchIndexIgnoredProperties: e643bd26f0fe6173181afceb89e7c659 -> 
  custom:AudioImporter_EditorPlatform: d09bf68614088b80899f8185d706f6e7 -> 
  custom:scripting/monoscript/fileName/KeyPressAnimation.cs: fc9b01ea31c12afb286dc2cd37a6e098 -> 
  custom:scripting/monoscript/fileName/EnvirData_interface.cs: 15db51baa12205348d10443220bc41a9 -> 
  custom:scripting/monoscript/fileName/EnvirData_yandexPlatform.cs: f24044aced27dadaa5f6f6a76e01f239 -> 
  custom:video-encoder-webm-vp8: eb34c28f22e8b96e1ab97ce403110664 -> 
  custom:audio-decoder-ogg-vorbis: bf7c407c2cedff20999df2af8eb42d56 -> 
  custom:audio-encoder-webm-vorbis: bf7c407c2cedff20999df2af8eb42d56 -> 
  custom:scripting/precompiled-assembly-types:Assembly-CSharp-Editor: 71f3420967b037f8ff02a018ff7ef66c -> ddefecc5e32c82550f9b70692fb0a631
  custom:scripting/precompiled-assembly-types:Assembly-CSharp: 43ecdbafddba64a21eedcd9f7ed43417 -> 487e516f97377eda8305839caa2d70fb
========================================================================
Received Prepare
Caller must complete domain reload
Begin MonoManager ReloadAssembly
Symbol file LoadedFromMemory is not a mono symbol file
- Loaded All Assemblies, in  1.554 seconds
Native extension for WindowsStandalone target not found
Native extension for iOS target not found
Native extension for Android target not found
Native extension for WebGL target not found
Asset Pipeline Refresh (id=bca05e272691d9c4b886d6c7991b0a5c): Total: 0.000 seconds - Initiated by StopAssetImportingV2(NoUpdateAssetOptions)
[ScriptCompilation] NOT recompiling all scripts because this is an import worker process. Reason to compile was: Define symbols changed
[ScriptCompilation] NOT recompiling all scripts because this is an import worker process. Reason to compile was: Define symbols changed
Mono: successfully reloaded assembly
- Finished resetting the current domain, in  3.199 seconds
Domain Reload Profiling: 4751ms
	BeginReloadAssembly (854ms)
		ExecutionOrderSort (0ms)
		DisableScriptedObjects (12ms)
		BackupInstance (0ms)
		ReleaseScriptingObjects (0ms)
		CreateAndSetChildDomain (63ms)
	RebuildCommonClasses (71ms)
	RebuildNativeTypeToScriptingClass (22ms)
	initialDomainReloadingComplete (69ms)
	LoadAllAssembliesAndSetupDomain (536ms)
		LoadAssemblies (706ms)
		RebuildTransferFunctionScriptingTraits (0ms)
		AnalyzeDomain (25ms)
			TypeCache.Refresh (13ms)
				TypeCache.ScanAssembly (0ms)
			ScanForSourceGeneratedMonoScriptInfo (1ms)
			ResolveRequiredComponents (10ms)
	FinalizeReload (3200ms)
		ReleaseScriptCaches (0ms)
		RebuildScriptCaches (0ms)
		SetupLoadedEditorAssemblies (1969ms)
			LogAssemblyErrors (0ms)
			InitializePlatformSupportModulesInManaged (56ms)
			SetLoadedEditorAssemblies (9ms)
			RefreshPlugins (0ms)
			BeforeProcessingInitializeOnLoad (185ms)
			ProcessInitializeOnLoadAttributes (1006ms)
			ProcessInitializeOnLoadMethodAttributes (693ms)
			AfterProcessingInitializeOnLoad (20ms)
			EditorAssembliesLoaded (1ms)
		ExecutionOrderSort2 (0ms)
		AwakeInstancesAfterBackupRestoration (33ms)
Refreshing native plugins compatible for Editor in 44.69 ms, found 2 plugins.
Preloading 0 native plugins for Editor in 0.00 ms.
Unloading 3842 Unused Serialized files (Serialized files now loaded: 0)
Unloading 16 unused Assets / (27.7 KB). Loaded Objects now: 4677.
Memory consumption went from 141.0 MB to 140.9 MB.
Total: 18.708600 ms (FindLiveObjects: 0.702700 ms CreateObjectMapping: 0.531100 ms MarkObjects: 17.364200 ms  DeleteObjects: 0.108600 ms)

Prepare: number of updated asset objects reloaded= 0
AssetImportParameters requested are different than current active one (requested -> active):
  custom:container-demuxer-ogg: 62fdf1f143b41e24485cea50d1cbac27 -> 
  custom:video-decoder-ogg-theora: a1e56fd34408186e4bbccfd4996cb3dc -> 
  custom:framework-win-MediaFoundation: 216162199b28c13a410421893ffa2e32 -> 
  custom:scripting/monoscript/fileName/NewBehaviourScript.cs: b21687ddb03d73bd9f0c1daecb9714de -> 
  custom:CustomObjectIndexerAttribute: 9a22284fe3817be447336de3de66b15e -> 
  custom:scripting/monoscript/fileName/GetEnvirData.cs: 606691644bdf7ecd10bb4ebc495c19c8 -> 
  custom:scripting/monoscript/fileName/EnvirData_build.cs: f736887ffe20da6261346a3c69102d4a -> 
  custom:scripting/monoscript/fileName/KeepPlayerInBounds.cs: b8a84f0d14f1993be9a27071ca2d74fc -> 
  custom:scripting/monoscript/fileName/EnvirData_yg.cs: 3bb54dc4b67a3b540b92ca7af113e256 -> 
  custom:container-demuxer-webm: 4f35f7cbe854078d1ac9338744f61a02 -> 
  custom:container-muxer-webm: aa71ff27fc2769a1b78a27578f13a17b -> 
  custom:scripting/monoscript/fileName/ScreenBoundary.cs: 37f09f35de59e5f5dd82c9c02fb6e87b -> 
  custom:video-decoder-webm-vp8: 9c59270c3fd7afecdb556c50c9e8de78 -> 
  custom:SearchIndexIgnoredProperties: e643bd26f0fe6173181afceb89e7c659 -> 
  custom:AudioImporter_EditorPlatform: d09bf68614088b80899f8185d706f6e7 -> 
  custom:scripting/monoscript/fileName/KeyPressAnimation.cs: fc9b01ea31c12afb286dc2cd37a6e098 -> 
  custom:scripting/monoscript/fileName/EnvirData_interface.cs: 15db51baa12205348d10443220bc41a9 -> 
  custom:scripting/monoscript/fileName/EnvirData_yandexPlatform.cs: f24044aced27dadaa5f6f6a76e01f239 -> 
  custom:video-encoder-webm-vp8: eb34c28f22e8b96e1ab97ce403110664 -> 
  custom:audio-decoder-ogg-vorbis: bf7c407c2cedff20999df2af8eb42d56 -> 
  custom:audio-encoder-webm-vorbis: bf7c407c2cedff20999df2af8eb42d56 -> 
  custom:scripting/precompiled-assembly-types:Assembly-CSharp-Editor: 71f3420967b037f8ff02a018ff7ef66c -> ddefecc5e32c82550f9b70692fb0a631
  custom:scripting/precompiled-assembly-types:Assembly-CSharp: 43ecdbafddba64a21eedcd9f7ed43417 -> 487e516f97377eda8305839caa2d70fb
